+ /home/gowrav/Development/qllm2/.venv/bin/python -m v12.train --preset v12_grammar_dyn --stage pretrain --dataset pretrain_mix --pretrain_sources dclm,fineweb --pretrain_weights 70,30 --blend_warmup_tokens 300000000 --head_gate --write_phase_address --stage_loss ce --batch_size 2 --seq_len 1024 --lr 1e-4 --weight_decay 0.01 --token_budget 200000000 --checkpoint_dir checkpoints_v12_curriculum/base --save_every_steps 5000
[Discord] Webhook configured -- notifications enabled
Token indices sequence length is longer than the specified maximum sequence length for this model (2518 > 1024). Running this sequence through the model will result in indexing errors
Token indices sequence length is longer than the specified maximum sequence length for this model (248461 > 1024). Running this sequence through the model will result in indexing errors
Wall clock start: 2026-07-17 19:03:49
============================================================
  V12: PAM with new memory dynamics
  Preset: v12_grammar_dyn | Stage: pretrain | Dataset: pretrain_mix
============================================================

Stage loss: ce — Next-token cross-entropy (trainer default).

Config: {'vocab_size': 50261, 'dim': 384, 'n_heads': 16, 'head_dim': 64, 'n_layers': 4, 'expand': 3, 'dropout': 0.1, 'max_seq_len': 1024, 'use_learned_pos': False, 'use_rope': True, 'use_gsp': True, 'fused_qkv': True, 'qk_norm': False, 'tie_weights': True, 'gradient_checkpointing': True, 'activation': 'swish', 'chunk_size': 256, 'decay_mode': 'head', 'write_mode': 'additive', 'n_states': 3, 'delta_chunk': 64, 'state_dt_spread': 2.0, 'base_dt_bias': -4.0, 'gate_content_aware': True, 'protect_gate_bias': -3.0, 'routing_content_aware': False, 'state_compete': False, 'phase_init': 'zero', 'route_balance_lambda': 0.0, 'aux_loss_weight': 1.0, 'fused_e3': True, 'recompute_pam_chunks': False, 'gamma_floor': 0.0, 'gate_surprisal_lambda': 0.0, 'gate_surprisal_tau': 1.0, 'gate_surprisal_sign': 1.0, 'fact_contrastive_lambda': 0.0, 'fact_contrastive_tau': 1.0, 'vault_state': False, 'vault_state_idx': 0, 'write_phase_address': True, 'head_gate': True, 'head_gate_l0_lambda': 0.001, 'head_gate_init_logalpha': 3.0, 'layer_specs': None}
Memory dynamics: decay_mode=head, write_mode=additive, n_states=3, chunk_size=256
Batch size: 2, Epochs: 10, LR: 0.0001
Token budget: 200,000,000

Loading pretrain_mix (seq_len=1024)...
Streaming pretrain blend: sources=['dclm', 'fineweb'] weights=[70.0, 30.0] edu>=3 budget=200000000 vocab=50257 holdout_pct=5 exclude_holdout=True mix_seed=42 warmup=300,000,000 skips={'dclm': 0, 'fineweb': 0}
Building pretrain holdout val (~5% hash bucket, edu>=3, target>=500,000 tokens)...
  holdout val: 359 docs, 500,000 tokens -> .cache/v7_tokens/pretrain_holdout_v1_v50257_t500000_e3_p5.pt
Loading WikiText-103 validation...
Val chunks: 242
Adjusting vocab_size: 50261 -> 50257 (tokenizer)
Val: in-distro holdout (244 batches), WikiText secondary (121 batches)
Train batches: streaming, Val batches: 244

Model parameters: {'embedding (tied)': 38597376, 'blocks': 23388692, 'norms': 768, 'lm_head': 296064, 'total': 62282900}
Total: 62,282,900 (62.3M)
Param groups: 56 tensors (62,264,064) with wd, 61 tensors (18,836) without

Training on cuda
Parameters: {'embedding (tied)': 38597376, 'blocks': 23388692, 'norms': 768, 'lm_head': 296064, 'total': 62282900}
Total: 62,282,900 (62.3M)
Epochs: 1..9999, Batches/epoch: stream
Periodic checkpoint: every 5000 steps -> latest.pt


============================================================
Epoch 1/9999
============================================================
  [1] 0 loss=10.8965 ppl=53986.2 lr=1.00e-07 | 14 tok/s (avg 14) ETA n/a | GPU 1.3/1.8GB | gtok=2048
  [1] 50 loss=10.8135 ppl=49688.9 lr=5.10e-06 | 16485 tok/s (avg 703) ETA n/a | GPU 1.3/2.3GB | gtok=104448
  [1] 100 loss=10.6536 ppl=42343.3 lr=1.01e-05 | 16748 tok/s (avg 1338) ETA n/a | GPU 1.3/2.3GB | gtok=206848
  [1] 150 loss=10.2571 ppl=28483.9 lr=1.51e-05 | 16789 tok/s (avg 1924) ETA n/a | GPU 1.3/2.3GB | gtok=309248
  [1] 200 loss=9.9879 ppl=21761.9 lr=2.01e-05 | 16826 tok/s (avg 2468) ETA n/a | GPU 1.3/2.3GB | gtok=411648
  [1] 250 loss=9.6046 ppl=14833.4 lr=2.51e-05 | 16971 tok/s (avg 2974) ETA n/a | GPU 1.3/2.3GB | gtok=514048
  [1] 300 loss=8.9506 ppl=7712.8 lr=3.01e-05 | 16734 tok/s (avg 3444) ETA n/a | GPU 1.3/2.3GB | gtok=616448
  [1] 350 loss=8.7637 ppl=6398.0 lr=3.51e-05 | 16786 tok/s (avg 3884) ETA n/a | GPU 1.3/2.3GB | gtok=718848
  [1] 400 loss=8.0741 ppl=3210.1 lr=4.01e-05 | 16732 tok/s (avg 4296) ETA n/a | GPU 1.3/2.3GB | gtok=821248
  [1] 450 loss=7.6559 ppl=2113.2 lr=4.51e-05 | 16815 tok/s (avg 4682) ETA n/a | GPU 1.3/2.3GB | gtok=923648
  [1] 500 loss=7.4045 ppl=1643.4 lr=5.01e-05 | 16738 tok/s (avg 5045) ETA n/a | GPU 1.3/2.3GB | gtok=1026048
  [1] 550 loss=7.1959 ppl=1333.9 lr=5.51e-05 | 16634 tok/s (avg 5385) ETA n/a | GPU 1.3/2.3GB | gtok=1128448
  [1] 600 loss=7.3009 ppl=1481.7 lr=6.01e-05 | 16735 tok/s (avg 5707) ETA n/a | GPU 1.3/2.3GB | gtok=1230848
  [1] 650 loss=6.6738 ppl=791.4 lr=6.51e-05 | 16597 tok/s (avg 6010) ETA n/a | GPU 1.3/2.3GB | gtok=1333248
  [1] 700 loss=7.1946 ppl=1332.2 lr=7.01e-05 | 16878 tok/s (avg 6299) ETA n/a | GPU 1.3/2.3GB | gtok=1435648
  [1] 750 loss=6.8790 ppl=971.6 lr=7.51e-05 | 16575 tok/s (avg 6570) ETA n/a | GPU 1.3/2.3GB | gtok=1538048
  [1] 800 loss=6.7060 ppl=817.3 lr=8.01e-05 | 16653 tok/s (avg 6829) ETA n/a | GPU 1.3/2.3GB | gtok=1640448
  [1] 850 loss=6.7666 ppl=868.3 lr=8.51e-05 | 16581 tok/s (avg 7073) ETA n/a | GPU 1.3/2.3GB | gtok=1742848
  [1] 900 loss=6.7632 ppl=865.4 lr=9.01e-05 | 16831 tok/s (avg 7308) ETA n/a | GPU 1.3/2.3GB | gtok=1845248
  [1] 950 loss=6.6608 ppl=781.2 lr=9.51e-05 | 16745 tok/s (avg 7531) ETA n/a | GPU 1.3/2.3GB | gtok=1947648
  [1] 1000 loss=6.6883 ppl=803.0 lr=1.00e-04 | 16642 tok/s (avg 7743) ETA n/a | GPU 1.3/2.3GB | gtok=2050048
  [1] 1050 loss=6.8327 ppl=927.7 lr=1.00e-04 | 16832 tok/s (avg 7947) ETA n/a | GPU 1.3/2.3GB | gtok=2152448
  [1] 1100 loss=6.5871 ppl=725.7 lr=1.00e-04 | 16737 tok/s (avg 8141) ETA n/a | GPU 1.3/2.3GB | gtok=2254848
  [1] 1150 loss=6.7063 ppl=817.6 lr=1.00e-04 | 16738 tok/s (avg 8327) ETA n/a | GPU 1.3/2.3GB | gtok=2357248
  [1] 1200 loss=6.4337 ppl=622.5 lr=1.00e-04 | 16836 tok/s (avg 8506) ETA n/a | GPU 1.3/2.3GB | gtok=2459648
  [1] 1250 loss=6.5567 ppl=703.9 lr=1.00e-04 | 16223 tok/s (avg 8671) ETA n/a | GPU 1.3/2.3GB | gtok=2562048
  [1] 1300 loss=6.9054 ppl=997.6 lr=1.00e-04 | 17098 tok/s (avg 8838) ETA n/a | GPU 1.3/2.3GB | gtok=2664448
  [1] 1350 loss=6.4546 ppl=635.6 lr=1.00e-04 | 16648 tok/s (avg 8994) ETA n/a | GPU 1.3/2.3GB | gtok=2766848
  [1] 1400 loss=6.6713 ppl=789.4 lr=1.00e-04 | 16786 tok/s (avg 9146) ETA n/a | GPU 1.3/2.3GB | gtok=2869248
  [1] 1450 loss=6.2316 ppl=508.6 lr=1.00e-04 | 16587 tok/s (avg 9290) ETA n/a | GPU 1.3/2.3GB | gtok=2971648
  [1] 1500 loss=6.3043 ppl=546.9 lr=1.00e-04 | 16583 tok/s (avg 9428) ETA n/a | GPU 1.3/2.3GB | gtok=3074048
  [1] 1550 loss=6.7690 ppl=870.4 lr=1.00e-04 | 16762 tok/s (avg 9562) ETA n/a | GPU 1.3/2.3GB | gtok=3176448
  [1] 1600 loss=6.1593 ppl=473.1 lr=1.00e-04 | 16687 tok/s (avg 9692) ETA n/a | GPU 1.3/2.3GB | gtok=3278848
  [1] 1650 loss=6.6276 ppl=755.6 lr=1.00e-04 | 16659 tok/s (avg 9816) ETA n/a | GPU 1.3/2.3GB | gtok=3381248
  [1] 1700 loss=6.2207 ppl=503.0 lr=1.00e-04 | 16419 tok/s (avg 9933) ETA n/a | GPU 1.3/2.3GB | gtok=3483648
  [1] 1750 loss=6.5952 ppl=731.6 lr=1.00e-04 | 16636 tok/s (avg 10049) ETA n/a | GPU 1.3/2.3GB | gtok=3586048
  [1] 1800 loss=6.5182 ppl=677.3 lr=1.00e-04 | 16474 tok/s (avg 10159) ETA n/a | GPU 1.3/2.3GB | gtok=3688448
  [1] 1850 loss=5.7426 ppl=311.9 lr=1.00e-04 | 16437 tok/s (avg 10265) ETA n/a | GPU 1.3/2.3GB | gtok=3790848
  [1] 1900 loss=6.4470 ppl=630.8 lr=1.00e-04 | 16605 tok/s (avg 10369) ETA n/a | GPU 1.3/2.3GB | gtok=3893248
  [1] 1950 loss=6.6395 ppl=764.7 lr=1.00e-04 | 16499 tok/s (avg 10469) ETA n/a | GPU 1.3/2.3GB | gtok=3995648
  [1] 2000 loss=5.9718 ppl=392.2 lr=1.00e-04 | 16605 tok/s (avg 10566) ETA n/a | GPU 1.3/2.3GB | gtok=4098048
  [1] 2050 loss=6.2497 ppl=517.9 lr=1.00e-04 | 16401 tok/s (avg 10659) ETA n/a | GPU 1.3/2.3GB | gtok=4200448
  [1] 2100 loss=6.6655 ppl=784.9 lr=1.00e-04 | 16596 tok/s (avg 10750) ETA n/a | GPU 1.3/2.3GB | gtok=4302848
  [1] 2150 loss=6.6949 ppl=808.3 lr=1.00e-04 | 16788 tok/s (avg 10841) ETA n/a | GPU 1.3/2.3GB | gtok=4405248
  [1] 2200 loss=6.2560 ppl=521.1 lr=1.00e-04 | 16559 tok/s (avg 10927) ETA n/a | GPU 1.3/2.3GB | gtok=4507648
  [1] 2250 loss=6.3426 ppl=568.3 lr=1.00e-04 | 16724 tok/s (avg 11011) ETA n/a | GPU 1.3/2.3GB | gtok=4610048
  [1] 2300 loss=6.1203 ppl=455.0 lr=1.00e-04 | 16470 tok/s (avg 11091) ETA n/a | GPU 1.3/2.3GB | gtok=4712448
  [1] 2350 loss=6.5076 ppl=670.2 lr=1.00e-04 | 16497 tok/s (avg 11169) ETA n/a | GPU 1.3/2.3GB | gtok=4814848
  [1] 2400 loss=6.7543 ppl=857.8 lr=9.99e-05 | 16527 tok/s (avg 11245) ETA n/a | GPU 1.3/2.3GB | gtok=4917248
  [1] 2450 loss=5.8759 ppl=356.3 lr=9.99e-05 | 16557 tok/s (avg 11319) ETA n/a | GPU 1.3/2.3GB | gtok=5019648
  [1] 2500 loss=6.4361 ppl=624.0 lr=9.99e-05 | 16734 tok/s (avg 11393) ETA n/a | GPU 1.3/2.3GB | gtok=5122048
  [1] 2550 loss=6.2229 ppl=504.2 lr=9.99e-05 | 16489 tok/s (avg 11462) ETA n/a | GPU 1.3/2.3GB | gtok=5224448
  [1] 2600 loss=6.1634 ppl=475.0 lr=9.99e-05 | 16651 tok/s (avg 11531) ETA n/a | GPU 1.3/2.3GB | gtok=5326848
  [1] 2650 loss=5.9111 ppl=369.1 lr=9.99e-05 | 16428 tok/s (avg 11596) ETA n/a | GPU 1.3/2.3GB | gtok=5429248
  [1] 2700 loss=6.2304 ppl=507.9 lr=9.99e-05 | 16616 tok/s (avg 11662) ETA n/a | GPU 1.3/2.3GB | gtok=5531648
  [1] 2750 loss=6.4282 ppl=619.1 lr=9.99e-05 | 16370 tok/s (avg 11723) ETA n/a | GPU 1.3/2.3GB | gtok=5634048
  [1] 2800 loss=6.7488 ppl=853.1 lr=9.99e-05 | 16428 tok/s (avg 11783) ETA n/a | GPU 1.3/2.3GB | gtok=5736448
  [1] 2850 loss=5.8004 ppl=330.4 lr=9.99e-05 | 16566 tok/s (avg 11843) ETA n/a | GPU 1.3/2.3GB | gtok=5838848
  [1] 2900 loss=5.9794 ppl=395.2 lr=9.99e-05 | 16324 tok/s (avg 11899) ETA n/a | GPU 1.3/2.3GB | gtok=5941248
  [1] 2950 loss=6.2151 ppl=500.3 lr=9.99e-05 | 16546 tok/s (avg 11956) ETA n/a | GPU 1.3/2.3GB | gtok=6043648
  [1] 3000 loss=6.1877 ppl=486.7 lr=9.99e-05 | 16361 tok/s (avg 12010) ETA n/a | GPU 1.3/2.3GB | gtok=6146048
  [1] 3050 loss=6.1405 ppl=464.3 lr=9.99e-05 | 16452 tok/s (avg 12064) ETA n/a | GPU 1.3/2.3GB | gtok=6248448
  [1] 3100 loss=5.6172 ppl=275.1 lr=9.99e-05 | 16675 tok/s (avg 12118) ETA n/a | GPU 1.3/2.3GB | gtok=6350848
  [1] 3150 loss=6.0231 ppl=412.8 lr=9.99e-05 | 16509 tok/s (avg 12169) ETA n/a | GPU 1.3/2.3GB | gtok=6453248
  [1] 3200 loss=5.9960 ppl=401.8 lr=9.99e-05 | 16719 tok/s (avg 12221) ETA n/a | GPU 1.3/2.3GB | gtok=6555648
  [1] 3250 loss=6.0568 ppl=427.0 lr=9.99e-05 | 16428 tok/s (avg 12269) ETA n/a | GPU 1.3/2.3GB | gtok=6658048
  [1] 3300 loss=6.0701 ppl=432.7 lr=9.99e-05 | 16466 tok/s (avg 12317) ETA n/a | GPU 1.3/2.3GB | gtok=6760448
  [1] 3350 loss=6.3062 ppl=548.0 lr=9.99e-05 | 16641 tok/s (avg 12365) ETA n/a | GPU 1.3/2.3GB | gtok=6862848
  [1] 3400 loss=6.0775 ppl=435.9 lr=9.99e-05 | 16385 tok/s (avg 12409) ETA n/a | GPU 1.3/2.3GB | gtok=6965248
  [1] 3450 loss=6.1513 ppl=469.3 lr=9.98e-05 | 16640 tok/s (avg 12455) ETA n/a | GPU 1.3/2.3GB | gtok=7067648
  [1] 3500 loss=5.9945 ppl=401.2 lr=9.98e-05 | 16400 tok/s (avg 12498) ETA n/a | GPU 1.3/2.3GB | gtok=7170048
  [1] 3550 loss=6.0249 ppl=413.6 lr=9.98e-05 | 16435 tok/s (avg 12541) ETA n/a | GPU 1.3/2.3GB | gtok=7272448
  [1] 3600 loss=6.1515 ppl=469.4 lr=9.98e-05 | 16376 tok/s (avg 12581) ETA n/a | GPU 1.3/2.3GB | gtok=7374848
  [1] 3650 loss=5.5955 ppl=269.2 lr=9.98e-05 | 16394 tok/s (avg 12622) ETA n/a | GPU 1.3/2.3GB | gtok=7477248
  [1] 3700 loss=6.2174 ppl=501.4 lr=9.98e-05 | 16520 tok/s (avg 12662) ETA n/a | GPU 1.3/2.3GB | gtok=7579648
  [1] 3750 loss=6.2037 ppl=494.6 lr=9.98e-05 | 16390 tok/s (avg 12701) ETA n/a | GPU 1.3/2.3GB | gtok=7682048
  [1] 3800 loss=5.5477 ppl=256.7 lr=9.98e-05 | 16625 tok/s (avg 12740) ETA n/a | GPU 1.3/2.3GB | gtok=7784448
  [1] 3850 loss=6.1917 ppl=488.7 lr=9.98e-05 | 16336 tok/s (avg 12777) ETA n/a | GPU 1.3/2.3GB | gtok=7886848
  [1] 3900 loss=6.0023 ppl=404.4 lr=9.98e-05 | 16456 tok/s (avg 12813) ETA n/a | GPU 1.3/2.3GB | gtok=7989248
  [1] 3950 loss=5.6715 ppl=290.5 lr=9.98e-05 | 16344 tok/s (avg 12848) ETA n/a | GPU 1.3/2.3GB | gtok=8091648
  [1] 4000 loss=6.3208 ppl=556.0 lr=9.98e-05 | 16310 tok/s (avg 12883) ETA n/a | GPU 1.3/2.3GB | gtok=8194048
  [1] 4050 loss=5.6285 ppl=278.2 lr=9.98e-05 | 16403 tok/s (avg 12917) ETA n/a | GPU 1.3/2.3GB | gtok=8296448
  [1] 4100 loss=6.0753 ppl=435.0 lr=9.98e-05 | 16354 tok/s (avg 12950) ETA n/a | GPU 1.3/2.3GB | gtok=8398848
  [1] 4150 loss=5.8453 ppl=345.6 lr=9.97e-05 | 16505 tok/s (avg 12984) ETA n/a | GPU 1.3/2.3GB | gtok=8501248
  [1] 4200 loss=6.2081 ppl=496.7 lr=9.97e-05 | 16270 tok/s (avg 13015) ETA n/a | GPU 1.3/2.3GB | gtok=8603648
  [1] 4250 loss=6.0563 ppl=426.8 lr=9.97e-05 | 16249 tok/s (avg 13045) ETA n/a | GPU 1.3/2.3GB | gtok=8706048
  [1] 4300 loss=6.5489 ppl=698.5 lr=9.97e-05 | 16253 tok/s (avg 13075) ETA n/a | GPU 1.3/2.3GB | gtok=8808448
  [1] 4350 loss=5.8197 ppl=336.9 lr=9.97e-05 | 15839 tok/s (avg 13102) ETA n/a | GPU 1.3/2.3GB | gtok=8910848
  [1] 4400 loss=6.4323 ppl=621.6 lr=9.97e-05 | 16022 tok/s (avg 13129) ETA n/a | GPU 1.3/2.3GB | gtok=9013248
  [1] 4450 loss=5.8396 ppl=343.6 lr=9.97e-05 | 15877 tok/s (avg 13154) ETA n/a | GPU 1.3/2.3GB | gtok=9115648
  [1] 4500 loss=5.5331 ppl=252.9 lr=9.97e-05 | 16216 tok/s (avg 13182) ETA n/a | GPU 1.3/2.3GB | gtok=9218048
  [1] 4550 loss=5.9241 ppl=373.9 lr=9.97e-05 | 16109 tok/s (avg 13208) ETA n/a | GPU 1.3/2.3GB | gtok=9320448
  [1] 4600 loss=6.3049 ppl=547.2 lr=9.97e-05 | 16365 tok/s (avg 13236) ETA n/a | GPU 1.3/2.3GB | gtok=9422848
  [1] 4650 loss=5.6628 ppl=287.9 lr=9.97e-05 | 16264 tok/s (avg 13263) ETA n/a | GPU 1.3/2.3GB | gtok=9525248
  [1] 4700 loss=5.8662 ppl=352.9 lr=9.96e-05 | 16179 tok/s (avg 13288) ETA n/a | GPU 1.3/2.3GB | gtok=9627648
  [1] 4750 loss=6.2408 ppl=513.3 lr=9.96e-05 | 16314 tok/s (avg 13314) ETA n/a | GPU 1.3/2.3GB | gtok=9730048
  [1] 4800 loss=5.6965 ppl=297.8 lr=9.96e-05 | 16092 tok/s (avg 13338) ETA n/a | GPU 1.3/2.3GB | gtok=9832448
  [1] 4850 loss=6.1324 ppl=460.5 lr=9.96e-05 | 16273 tok/s (avg 13363) ETA n/a | GPU 1.3/2.3GB | gtok=9934848
  [1] 4900 loss=5.6752 ppl=291.6 lr=9.96e-05 | 15938 tok/s (avg 13385) ETA n/a | GPU 1.3/2.3GB | gtok=10037248
  [1] 4950 loss=5.9858 ppl=397.7 lr=9.96e-05 | 16262 tok/s (avg 13409) ETA n/a | GPU 1.3/2.3GB | gtok=10139648
Saved checkpoint: checkpoints_v12_curriculum/base/latest.pt
  [checkpoint @ step 5000, 10,240,000 tok]
  [1] 5000 loss=5.9558 ppl=386.0 lr=9.96e-05 | 15291 tok/s (avg 13426) ETA n/a | GPU 1.3/2.3GB | gtok=10242048
  [mid-epoch sample @ batch 5000, 10,242,048 tok]
  Prompt: In 1923 , the University of
  Generated: In 1923 , the University of World War II (19. 14-6).

There is no reason for an example:

The following study was not a particular "b], as the first "b". The word “a.” This will be, and then we have to be very simple. You can understand a person who has one or more. In other words, there may be no way to get a given system. When I’re trying to find a new, if you know what
  [1] 5050 loss=5.7149 ppl=303.3 lr=9.96e-05 | 12761 tok/s (avg 13419) ETA n/a | GPU 1.3/2.3GB | gtok=10344448
  [1] 5100 loss=6.3323 ppl=562.4 lr=9.96e-05 | 16463 tok/s (avg 13443) ETA n/a | GPU 1.3/2.3GB | gtok=10446848
  [1] 5150 loss=5.8545 ppl=348.8 lr=9.96e-05 | 16363 tok/s (avg 13466) ETA n/a | GPU 1.3/2.3GB | gtok=10549248
  [1] 5200 loss=5.7197 ppl=304.8 lr=9.95e-05 | 16325 tok/s (avg 13489) ETA n/a | GPU 1.3/2.3GB | gtok=10651648
  [1] 5250 loss=5.2342 ppl=187.6 lr=9.95e-05 | 16581 tok/s (avg 13513) ETA n/a | GPU 1.3/2.3GB | gtok=10754048
  [1] 5300 loss=6.2479 ppl=516.9 lr=9.95e-05 | 16314 tok/s (avg 13535) ETA n/a | GPU 1.3/2.3GB | gtok=10856448
  [1] 5350 loss=5.5913 ppl=268.1 lr=9.95e-05 | 16485 tok/s (avg 13558) ETA n/a | GPU 1.3/2.3GB | gtok=10958848
  [1] 5400 loss=5.8750 ppl=356.0 lr=9.95e-05 | 16442 tok/s (avg 13580) ETA n/a | GPU 1.3/2.3GB | gtok=11061248
  [1] 5450 loss=5.7546 ppl=315.6 lr=9.95e-05 | 16526 tok/s (avg 13602) ETA n/a | GPU 1.3/2.3GB | gtok=11163648
  [1] 5500 loss=5.7568 ppl=316.3 lr=9.95e-05 | 16135 tok/s (avg 13621) ETA n/a | GPU 1.3/2.3GB | gtok=11266048
  [1] 5550 loss=5.5667 ppl=261.6 lr=9.95e-05 | 15860 tok/s (avg 13639) ETA n/a | GPU 1.3/2.3GB | gtok=11368448
  [1] 5600 loss=5.5957 ppl=269.3 lr=9.95e-05 | 15727 tok/s (avg 13655) ETA n/a | GPU 1.3/2.3GB | gtok=11470848
  [1] 5650 loss=6.1522 ppl=469.7 lr=9.94e-05 | 16096 tok/s (avg 13673) ETA n/a | GPU 1.3/2.3GB | gtok=11573248
  [1] 5700 loss=5.5851 ppl=266.4 lr=9.94e-05 | 16443 tok/s (avg 13693) ETA n/a | GPU 1.3/2.3GB | gtok=11675648
  [1] 5750 loss=6.0423 ppl=420.8 lr=9.94e-05 | 16324 tok/s (avg 13713) ETA n/a | GPU 1.3/2.3GB | gtok=11778048
  [1] 5800 loss=5.4391 ppl=230.2 lr=9.94e-05 | 16423 tok/s (avg 13732) ETA n/a | GPU 1.3/2.3GB | gtok=11880448
  [1] 5850 loss=5.8131 ppl=334.7 lr=9.94e-05 | 16380 tok/s (avg 13751) ETA n/a | GPU 1.3/2.3GB | gtok=11982848
  [1] 5900 loss=5.5228 ppl=250.3 lr=9.94e-05 | 16235 tok/s (avg 13769) ETA n/a | GPU 1.3/2.3GB | gtok=12085248
  [1] 5950 loss=5.6678 ppl=289.4 lr=9.94e-05 | 16491 tok/s (avg 13788) ETA n/a | GPU 1.3/2.3GB | gtok=12187648
  [1] 6000 loss=5.9090 ppl=368.3 lr=9.94e-05 | 16244 tok/s (avg 13806) ETA n/a | GPU 1.3/2.3GB | gtok=12290048
  [1] 6050 loss=5.6142 ppl=274.3 lr=9.93e-05 | 16387 tok/s (avg 13824) ETA n/a | GPU 1.3/2.3GB | gtok=12392448
  [1] 6100 loss=5.5406 ppl=254.8 lr=9.93e-05 | 16302 tok/s (avg 13841) ETA n/a | GPU 1.3/2.3GB | gtok=12494848
  [1] 6150 loss=5.7318 ppl=308.5 lr=9.93e-05 | 16522 tok/s (avg 13859) ETA n/a | GPU 1.3/2.3GB | gtok=12597248
  [1] 6200 loss=5.4181 ppl=225.4 lr=9.93e-05 | 16123 tok/s (avg 13875) ETA n/a | GPU 1.3/2.3GB | gtok=12699648
  [1] 6250 loss=5.8589 ppl=350.4 lr=9.93e-05 | 16296 tok/s (avg 13891) ETA n/a | GPU 1.3/2.3GB | gtok=12802048
  [1] 6300 loss=5.3592 ppl=212.6 lr=9.93e-05 | 16212 tok/s (avg 13907) ETA n/a | GPU 1.3/2.3GB | gtok=12904448
  [1] 6350 loss=5.6403 ppl=281.5 lr=9.93e-05 | 16228 tok/s (avg 13923) ETA n/a | GPU 1.3/2.3GB | gtok=13006848
  [1] 6400 loss=5.9530 ppl=384.9 lr=9.92e-05 | 16484 tok/s (avg 13940) ETA n/a | GPU 1.3/2.3GB | gtok=13109248
  [1] 6450 loss=6.0795 ppl=436.8 lr=9.92e-05 | 16257 tok/s (avg 13955) ETA n/a | GPU 1.3/2.3GB | gtok=13211648
  [1] 6500 loss=5.4175 ppl=225.3 lr=9.92e-05 | 16007 tok/s (avg 13969) ETA n/a | GPU 1.3/2.3GB | gtok=13314048
  [1] 6550 loss=5.4688 ppl=237.2 lr=9.92e-05 | 16172 tok/s (avg 13983) ETA n/a | GPU 1.3/2.3GB | gtok=13416448
  [1] 6600 loss=6.0188 ppl=411.1 lr=9.92e-05 | 16085 tok/s (avg 13997) ETA n/a | GPU 1.3/2.3GB | gtok=13518848
  [1] 6650 loss=6.0942 ppl=443.3 lr=9.92e-05 | 16258 tok/s (avg 14012) ETA n/a | GPU 1.3/2.3GB | gtok=13621248
  [1] 6700 loss=5.6121 ppl=273.7 lr=9.92e-05 | 13618 tok/s (avg 14009) ETA n/a | GPU 1.3/2.3GB | gtok=13723648
  [1] 6750 loss=5.6296 ppl=278.6 lr=9.91e-05 | 14841 tok/s (avg 14015) ETA n/a | GPU 1.3/2.3GB | gtok=13826048
  [1] 6800 loss=5.9639 ppl=389.1 lr=9.91e-05 | 14580 tok/s (avg 14019) ETA n/a | GPU 1.3/2.3GB | gtok=13928448
  [1] 6850 loss=5.8483 ppl=346.7 lr=9.91e-05 | 15881 tok/s (avg 14031) ETA n/a | GPU 1.3/2.3GB | gtok=14030848
  [1] 6900 loss=6.2628 ppl=524.7 lr=9.91e-05 | 16220 tok/s (avg 14044) ETA n/a | GPU 1.3/2.3GB | gtok=14133248
  [1] 6950 loss=5.8553 ppl=349.1 lr=9.91e-05 | 16224 tok/s (avg 14058) ETA n/a | GPU 1.3/2.3GB | gtok=14235648
  [1] 7000 loss=5.5185 ppl=249.3 lr=9.91e-05 | 16450 tok/s (avg 14073) ETA n/a | GPU 1.3/2.3GB | gtok=14338048
  [1] 7050 loss=5.3486 ppl=210.3 lr=9.91e-05 | 16220 tok/s (avg 14086) ETA n/a | GPU 1.3/2.3GB | gtok=14440448
  [1] 7100 loss=6.5491 ppl=698.6 lr=9.90e-05 | 16473 tok/s (avg 14100) ETA n/a | GPU 1.3/2.3GB | gtok=14542848
  [1] 7150 loss=5.1986 ppl=181.0 lr=9.90e-05 | 16152 tok/s (avg 14113) ETA n/a | GPU 1.3/2.3GB | gtok=14645248
  [1] 7200 loss=6.1226 ppl=456.0 lr=9.90e-05 | 16069 tok/s (avg 14125) ETA n/a | GPU 1.3/2.3GB | gtok=14747648
  [1] 7250 loss=5.7278 ppl=307.3 lr=9.90e-05 | 16335 tok/s (avg 14138) ETA n/a | GPU 1.3/2.3GB | gtok=14850048
  [1] 7300 loss=5.4402 ppl=230.5 lr=9.90e-05 | 16211 tok/s (avg 14150) ETA n/a | GPU 1.3/2.3GB | gtok=14952448
  [1] 7350 loss=6.3304 ppl=561.4 lr=9.90e-05 | 16406 tok/s (avg 14163) ETA n/a | GPU 1.3/2.3GB | gtok=15054848
  [1] 7400 loss=6.0169 ppl=410.3 lr=9.89e-05 | 16141 tok/s (avg 14175) ETA n/a | GPU 1.3/2.3GB | gtok=15157248
  [1] 7450 loss=5.6244 ppl=277.1 lr=9.89e-05 | 15973 tok/s (avg 14186) ETA n/a | GPU 1.3/2.3GB | gtok=15259648
  [1] 7500 loss=5.8316 ppl=340.9 lr=9.89e-05 | 16442 tok/s (avg 14199) ETA n/a | GPU 1.3/2.3GB | gtok=15362048
  [1] 7550 loss=5.7451 ppl=312.7 lr=9.89e-05 | 16146 tok/s (avg 14210) ETA n/a | GPU 1.3/2.3GB | gtok=15464448
  [1] 7600 loss=5.4874 ppl=241.6 lr=9.89e-05 | 16507 tok/s (avg 14223) ETA n/a | GPU 1.3/2.3GB | gtok=15566848
  [1] 7650 loss=5.5807 ppl=265.3 lr=9.89e-05 | 16229 tok/s (avg 14235) ETA n/a | GPU 1.3/2.3GB | gtok=15669248
  [1] 7700 loss=5.7599 ppl=317.3 lr=9.88e-05 | 16477 tok/s (avg 14247) ETA n/a | GPU 1.3/2.3GB | gtok=15771648
  [1] 7750 loss=5.7285 ppl=307.5 lr=9.88e-05 | 16191 tok/s (avg 14258) ETA n/a | GPU 1.3/2.3GB | gtok=15874048
  [1] 7800 loss=5.2486 ppl=190.3 lr=9.88e-05 | 16162 tok/s (avg 14269) ETA n/a | GPU 1.3/2.3GB | gtok=15976448
  [1] 7850 loss=5.4386 ppl=230.1 lr=9.88e-05 | 16380 tok/s (avg 14281) ETA n/a | GPU 1.3/2.3GB | gtok=16078848
  [1] 7900 loss=5.6206 ppl=276.1 lr=9.88e-05 | 15935 tok/s (avg 14290) ETA n/a | GPU 1.3/2.3GB | gtok=16181248
  [1] 7950 loss=5.8587 ppl=350.3 lr=9.88e-05 | 15734 tok/s (avg 14298) ETA n/a | GPU 1.3/2.3GB | gtok=16283648
  [1] 8000 loss=5.5011 ppl=245.0 lr=9.87e-05 | 16258 tok/s (avg 14309) ETA n/a | GPU 1.3/2.3GB | gtok=16386048
  [1] 8050 loss=5.9693 ppl=391.2 lr=9.87e-05 | 16416 tok/s (avg 14321) ETA n/a | GPU 1.3/2.3GB | gtok=16488448
  [1] 8100 loss=5.9300 ppl=376.1 lr=9.87e-05 | 16349 tok/s (avg 14332) ETA n/a | GPU 1.3/2.3GB | gtok=16590848
  [1] 8150 loss=5.7309 ppl=308.3 lr=9.87e-05 | 16177 tok/s (avg 14342) ETA n/a | GPU 1.3/2.3GB | gtok=16693248
  [1] 8200 loss=5.6264 ppl=277.7 lr=9.87e-05 | 16382 tok/s (avg 14353) ETA n/a | GPU 1.3/2.3GB | gtok=16795648
  [1] 8250 loss=5.1204 ppl=167.4 lr=9.86e-05 | 16177 tok/s (avg 14362) ETA n/a | GPU 1.3/2.3GB | gtok=16898048
  [1] 8300 loss=6.3194 ppl=555.2 lr=9.86e-05 | 16393 tok/s (avg 14373) ETA n/a | GPU 1.3/2.3GB | gtok=17000448
  [1] 8350 loss=5.5019 ppl=245.2 lr=9.86e-05 | 16131 tok/s (avg 14382) ETA n/a | GPU 1.3/2.3GB | gtok=17102848
  [1] 8400 loss=5.5384 ppl=254.3 lr=9.86e-05 | 16108 tok/s (avg 14392) ETA n/a | GPU 1.3/2.3GB | gtok=17205248
  [1] 8450 loss=5.8918 ppl=362.0 lr=9.86e-05 | 16136 tok/s (avg 14401) ETA n/a | GPU 1.3/2.3GB | gtok=17307648
  [1] 8500 loss=5.4486 ppl=232.4 lr=9.86e-05 | 16138 tok/s (avg 14410) ETA n/a | GPU 1.3/2.3GB | gtok=17410048
  [1] 8550 loss=6.0812 ppl=437.5 lr=9.85e-05 | 16150 tok/s (avg 14419) ETA n/a | GPU 1.3/2.3GB | gtok=17512448
  [1] 8600 loss=4.6303 ppl=102.5 lr=9.85e-05 | 13046 tok/s (avg 14410) ETA n/a | GPU 1.3/2.3GB | gtok=17614848
  [1] 8650 loss=5.6121 ppl=273.7 lr=9.85e-05 | 16431 tok/s (avg 14420) ETA n/a | GPU 1.3/2.3GB | gtok=17717248
  [1] 8700 loss=5.8428 ppl=344.8 lr=9.85e-05 | 16695 tok/s (avg 14432) ETA n/a | GPU 1.3/2.3GB | gtok=17819648
  [1] 8750 loss=5.9580 ppl=386.8 lr=9.85e-05 | 16734 tok/s (avg 14443) ETA n/a | GPU 1.3/2.3GB | gtok=17922048
  [1] 8800 loss=5.9724 ppl=392.5 lr=9.84e-05 | 16624 tok/s (avg 14454) ETA n/a | GPU 1.3/2.3GB | gtok=18024448
  [1] 8850 loss=5.1547 ppl=173.2 lr=9.84e-05 | 16624 tok/s (avg 14465) ETA n/a | GPU 1.3/2.3GB | gtok=18126848
  [1] 8900 loss=5.6331 ppl=279.5 lr=9.84e-05 | 16760 tok/s (avg 14476) ETA n/a | GPU 1.3/2.3GB | gtok=18229248
  [1] 8950 loss=6.0089 ppl=407.0 lr=9.84e-05 | 16605 tok/s (avg 14486) ETA n/a | GPU 1.3/2.3GB | gtok=18331648
  [1] 9000 loss=5.3030 ppl=200.9 lr=9.84e-05 | 16805 tok/s (avg 14497) ETA n/a | GPU 1.3/2.3GB | gtok=18434048
  [1] 9050 loss=5.5262 ppl=251.2 lr=9.83e-05 | 16150 tok/s (avg 14505) ETA n/a | GPU 1.3/2.3GB | gtok=18536448
  [1] 9100 loss=5.6302 ppl=278.7 lr=9.83e-05 | 16216 tok/s (avg 14514) ETA n/a | GPU 1.3/2.3GB | gtok=18638848
  [1] 9150 loss=5.8261 ppl=339.0 lr=9.83e-05 | 16807 tok/s (avg 14525) ETA n/a | GPU 1.3/2.3GB | gtok=18741248
  [1] 9200 loss=5.7738 ppl=321.8 lr=9.83e-05 | 16654 tok/s (avg 14535) ETA n/a | GPU 1.3/2.3GB | gtok=18843648
  [1] 9250 loss=6.2994 ppl=544.3 lr=9.82e-05 | 16915 tok/s (avg 14546) ETA n/a | GPU 1.3/2.3GB | gtok=18946048
  [1] 9300 loss=5.1006 ppl=164.1 lr=9.82e-05 | 16627 tok/s (avg 14556) ETA n/a | GPU 1.3/2.3GB | gtok=19048448
  [1] 9350 loss=5.5805 ppl=265.2 lr=9.82e-05 | 16873 tok/s (avg 14566) ETA n/a | GPU 1.3/2.3GB | gtok=19150848
  [1] 9400 loss=5.4522 ppl=233.3 lr=9.82e-05 | 16502 tok/s (avg 14575) ETA n/a | GPU 1.3/2.3GB | gtok=19253248
  [1] 9450 loss=6.0841 ppl=438.8 lr=9.82e-05 | 16636 tok/s (avg 14585) ETA n/a | GPU 1.3/2.3GB | gtok=19355648
  [1] 9500 loss=5.9200 ppl=372.4 lr=9.81e-05 | 16729 tok/s (avg 14595) ETA n/a | GPU 1.3/2.3GB | gtok=19458048
  [1] 9550 loss=5.5991 ppl=270.2 lr=9.81e-05 | 16437 tok/s (avg 14603) ETA n/a | GPU 1.3/2.3GB | gtok=19560448
  [1] 9600 loss=5.9965 ppl=402.0 lr=9.81e-05 | 16807 tok/s (avg 14613) ETA n/a | GPU 1.3/2.3GB | gtok=19662848
  [1] 9650 loss=5.4152 ppl=224.8 lr=9.81e-05 | 16481 tok/s (avg 14622) ETA n/a | GPU 1.3/2.3GB | gtok=19765248
  [1] 9700 loss=5.4543 ppl=233.8 lr=9.81e-05 | 16566 tok/s (avg 14631) ETA n/a | GPU 1.3/2.3GB | gtok=19867648
  [1] 9750 loss=5.0856 ppl=161.7 lr=9.80e-05 | 16558 tok/s (avg 14639) ETA n/a | GPU 1.3/2.3GB | gtok=19970048
  [1] 9800 loss=5.8535 ppl=348.5 lr=9.80e-05 | 16591 tok/s (avg 14648) ETA n/a | GPU 1.3/2.3GB | gtok=20072448
  [1] 9850 loss=5.5516 ppl=257.6 lr=9.80e-05 | 16789 tok/s (avg 14658) ETA n/a | GPU 1.3/2.3GB | gtok=20174848
  [1] 9900 loss=5.6045 ppl=271.6 lr=9.80e-05 | 16695 tok/s (avg 14667) ETA n/a | GPU 1.3/2.3GB | gtok=20277248
  [1] 9950 loss=5.4653 ppl=236.4 lr=9.79e-05 | 16853 tok/s (avg 14676) ETA n/a | GPU 1.3/2.3GB | gtok=20379648
Saved checkpoint: checkpoints_v12_curriculum/base/latest.pt
  [checkpoint @ step 10000, 20,480,000 tok]
  [1] 10000 loss=5.7084 ppl=301.4 lr=9.79e-05 | 15301 tok/s (avg 14679) ETA n/a | GPU 1.3/2.3GB | gtok=20482048
  [mid-epoch sample @ batch 10000, 20,482,048 tok]
  Prompt: In 1923 , the University of
  Generated: In 1923 , the University of England, in 1877, was a part of the French language. It was a very difficult or good.

The most important problem with this is that the system does not mean any other way to do something in some cases? The same is called an un-st century ago (the term is the "bondous" model. These are not "Sibular" (in fact), but it is a similar source of "dia" and "l" for a 'v
  [1] 10050 loss=6.0949 ppl=443.6 lr=9.79e-05 | 13735 tok/s (avg 14674) ETA n/a | GPU 1.3/2.3GB | gtok=20584448
  [1] 10100 loss=5.3570 ppl=212.1 lr=9.79e-05 | 16547 tok/s (avg 14683) ETA n/a | GPU 1.3/2.3GB | gtok=20686848
  [1] 10150 loss=5.8359 ppl=342.4 lr=9.78e-05 | 16619 tok/s (avg 14691) ETA n/a | GPU 1.3/2.3GB | gtok=20789248
  [1] 10200 loss=5.2701 ppl=194.4 lr=9.78e-05 | 16844 tok/s (avg 14700) ETA n/a | GPU 1.3/2.3GB | gtok=20891648
  [1] 10250 loss=5.5081 ppl=246.7 lr=9.78e-05 | 16545 tok/s (avg 14708) ETA n/a | GPU 1.3/2.3GB | gtok=20994048
  [1] 10300 loss=5.5248 ppl=250.8 lr=9.78e-05 | 16724 tok/s (avg 14717) ETA n/a | GPU 1.3/2.3GB | gtok=21096448
  [1] 10350 loss=4.6924 ppl=109.1 lr=9.78e-05 | 16621 tok/s (avg 14725) ETA n/a | GPU 1.3/2.3GB | gtok=21198848
  [1] 10400 loss=5.4024 ppl=221.9 lr=9.77e-05 | 16794 tok/s (avg 14734) ETA n/a | GPU 1.3/2.3GB | gtok=21301248
  [1] 10450 loss=5.8287 ppl=339.9 lr=9.77e-05 | 16627 tok/s (avg 14742) ETA n/a | GPU 1.3/2.3GB | gtok=21403648
  [1] 10500 loss=5.6877 ppl=295.2 lr=9.77e-05 | 16586 tok/s (avg 14749) ETA n/a | GPU 1.3/2.3GB | gtok=21506048
  [1] 10550 loss=4.9655 ppl=143.4 lr=9.77e-05 | 16853 tok/s (avg 14758) ETA n/a | GPU 1.3/2.3GB | gtok=21608448
  [1] 10600 loss=5.6383 ppl=281.0 lr=9.76e-05 | 16527 tok/s (avg 14766) ETA n/a | GPU 1.3/2.3GB | gtok=21710848
  [1] 10650 loss=5.9286 ppl=375.6 lr=9.76e-05 | 16836 tok/s (avg 14774) ETA n/a | GPU 1.3/2.3GB | gtok=21813248
  [1] 10700 loss=5.2291 ppl=186.6 lr=9.76e-05 | 16633 tok/s (avg 14782) ETA n/a | GPU 1.3/2.3GB | gtok=21915648
  [1] 10750 loss=5.4717 ppl=237.9 lr=9.76e-05 | 16553 tok/s (avg 14789) ETA n/a | GPU 1.3/2.3GB | gtok=22018048
  [1] 10800 loss=5.3612 ppl=213.0 lr=9.75e-05 | 16786 tok/s (avg 14797) ETA n/a | GPU 1.3/2.3GB | gtok=22120448
  [1] 10850 loss=5.2649 ppl=193.4 lr=9.75e-05 | 16516 tok/s (avg 14804) ETA n/a | GPU 1.3/2.3GB | gtok=22222848
  [1] 10900 loss=5.6743 ppl=291.3 lr=9.75e-05 | 16836 tok/s (avg 14813) ETA n/a | GPU 1.3/2.3GB | gtok=22325248
  [1] 10950 loss=5.8458 ppl=345.8 lr=9.75e-05 | 16579 tok/s (avg 14820) ETA n/a | GPU 1.3/2.3GB | gtok=22427648
  [1] 11000 loss=5.3698 ppl=214.8 lr=9.74e-05 | 16661 tok/s (avg 14827) ETA n/a | GPU 1.3/2.3GB | gtok=22530048
  [1] 11050 loss=5.1785 ppl=177.4 lr=9.74e-05 | 16603 tok/s (avg 14835) ETA n/a | GPU 1.3/2.3GB | gtok=22632448
  [1] 11100 loss=5.5135 ppl=248.0 lr=9.74e-05 | 16480 tok/s (avg 14841) ETA n/a | GPU 1.3/2.3GB | gtok=22734848
  [1] 11150 loss=5.1225 ppl=167.8 lr=9.74e-05 | 16654 tok/s (avg 14848) ETA n/a | GPU 1.3/2.3GB | gtok=22837248
  [1] 11200 loss=5.5999 ppl=270.4 lr=9.73e-05 | 16602 tok/s (avg 14855) ETA n/a | GPU 1.3/2.3GB | gtok=22939648
  [1] 11250 loss=5.5759 ppl=264.0 lr=9.73e-05 | 16805 tok/s (avg 14863) ETA n/a | GPU 1.3/2.3GB | gtok=23042048
  [1] 11300 loss=5.3205 ppl=204.5 lr=9.73e-05 | 16707 tok/s (avg 14870) ETA n/a | GPU 1.3/2.3GB | gtok=23144448
  [1] 11350 loss=5.6212 ppl=276.2 lr=9.73e-05 | 16889 tok/s (avg 14878) ETA n/a | GPU 1.3/2.3GB | gtok=23246848
  [1] 11400 loss=5.8639 ppl=352.1 lr=9.72e-05 | 16653 tok/s (avg 14885) ETA n/a | GPU 1.3/2.3GB | gtok=23349248
  [1] 11450 loss=5.3917 ppl=219.6 lr=9.72e-05 | 16639 tok/s (avg 14892) ETA n/a | GPU 1.3/2.3GB | gtok=23451648
  [1] 11500 loss=5.7221 ppl=305.5 lr=9.72e-05 | 16800 tok/s (avg 14899) ETA n/a | GPU 1.3/2.3GB | gtok=23554048
  [1] 11550 loss=4.0689 ppl=58.5 lr=9.71e-05 | 16515 tok/s (avg 14906) ETA n/a | GPU 1.3/2.3GB | gtok=23656448
  [1] 11600 loss=5.8683 ppl=353.6 lr=9.71e-05 | 16781 tok/s (avg 14913) ETA n/a | GPU 1.3/2.3GB | gtok=23758848
  [1] 11650 loss=5.3549 ppl=211.6 lr=9.71e-05 | 16569 tok/s (avg 14919) ETA n/a | GPU 1.3/2.3GB | gtok=23861248
  [1] 11700 loss=5.4549 ppl=233.9 lr=9.71e-05 | 16765 tok/s (avg 14926) ETA n/a | GPU 1.3/2.3GB | gtok=23963648
  [1] 11750 loss=5.1647 ppl=175.0 lr=9.70e-05 | 16489 tok/s (avg 14932) ETA n/a | GPU 1.3/2.3GB | gtok=24066048
  [1] 11800 loss=5.3052 ppl=201.4 lr=9.70e-05 | 16615 tok/s (avg 14939) ETA n/a | GPU 1.3/2.3GB | gtok=24168448
  [1] 11850 loss=5.3451 ppl=209.6 lr=9.70e-05 | 16723 tok/s (avg 14945) ETA n/a | GPU 1.3/2.3GB | gtok=24270848
  [1] 11900 loss=5.5197 ppl=249.6 lr=9.70e-05 | 16274 tok/s (avg 14951) ETA n/a | GPU 1.3/2.3GB | gtok=24373248
  [1] 11950 loss=5.5746 ppl=263.6 lr=9.69e-05 | 16227 tok/s (avg 14955) ETA n/a | GPU 1.3/2.3GB | gtok=24475648
  [1] 12000 loss=5.8688 ppl=353.8 lr=9.69e-05 | 16138 tok/s (avg 14960) ETA n/a | GPU 1.3/2.3GB | gtok=24578048
  [1] 12050 loss=5.6308 ppl=278.9 lr=9.69e-05 | 16308 tok/s (avg 14965) ETA n/a | GPU 1.3/2.3GB | gtok=24680448
  [1] 12100 loss=5.6610 ppl=287.4 lr=9.68e-05 | 16138 tok/s (avg 14970) ETA n/a | GPU 1.3/2.3GB | gtok=24782848
  [1] 12150 loss=5.6180 ppl=275.3 lr=9.68e-05 | 16145 tok/s (avg 14974) ETA n/a | GPU 1.3/2.3GB | gtok=24885248
  [1] 12200 loss=5.2049 ppl=182.2 lr=9.68e-05 | 16445 tok/s (avg 14980) ETA n/a | GPU 1.3/2.3GB | gtok=24987648
  [1] 12250 loss=5.3659 ppl=214.0 lr=9.68e-05 | 16165 tok/s (avg 14984) ETA n/a | GPU 1.3/2.3GB | gtok=25090048
  [1] 12300 loss=5.5182 ppl=249.2 lr=9.67e-05 | 16518 tok/s (avg 14990) ETA n/a | GPU 1.3/2.3GB | gtok=25192448
  [1] 12350 loss=5.4551 ppl=233.9 lr=9.67e-05 | 16296 tok/s (avg 14995) ETA n/a | GPU 1.3/2.3GB | gtok=25294848
  [1] 12400 loss=5.3027 ppl=200.9 lr=9.67e-05 | 16271 tok/s (avg 14999) ETA n/a | GPU 1.3/2.3GB | gtok=25397248
  [1] 12450 loss=5.4700 ppl=237.5 lr=9.66e-05 | 16446 tok/s (avg 15005) ETA n/a | GPU 1.3/2.3GB | gtok=25499648
  [1] 12500 loss=5.1005 ppl=164.1 lr=9.66e-05 | 16217 tok/s (avg 15009) ETA n/a | GPU 1.3/2.3GB | gtok=25602048
  [1] 12550 loss=5.7082 ppl=301.3 lr=9.66e-05 | 16367 tok/s (avg 15014) ETA n/a | GPU 1.3/2.3GB | gtok=25704448
  [1] 12600 loss=5.6222 ppl=276.5 lr=9.66e-05 | 15882 tok/s (avg 15017) ETA n/a | GPU 1.3/2.3GB | gtok=25806848
  [1] 12650 loss=5.3278 ppl=206.0 lr=9.65e-05 | 16383 tok/s (avg 15022) ETA n/a | GPU 1.3/2.3GB | gtok=25909248
  [1] 12700 loss=5.7831 ppl=324.8 lr=9.65e-05 | 16243 tok/s (avg 15027) ETA n/a | GPU 1.3/2.3GB | gtok=26011648
  [1] 12750 loss=5.7240 ppl=306.1 lr=9.65e-05 | 16254 tok/s (avg 15031) ETA n/a | GPU 1.3/2.3GB | gtok=26114048
  [1] 12800 loss=5.1867 ppl=178.9 lr=9.64e-05 | 16189 tok/s (avg 15035) ETA n/a | GPU 1.3/2.3GB | gtok=26216448
  [1] 12850 loss=5.8605 ppl=350.9 lr=9.64e-05 | 16142 tok/s (avg 15039) ETA n/a | GPU 1.3/2.3GB | gtok=26318848
  [1] 12900 loss=5.4857 ppl=241.2 lr=9.64e-05 | 16404 tok/s (avg 15044) ETA n/a | GPU 1.3/2.3GB | gtok=26421248
  [1] 12950 loss=5.2956 ppl=199.5 lr=9.63e-05 | 16238 tok/s (avg 15049) ETA n/a | GPU 1.3/2.3GB | gtok=26523648
  [1] 13000 loss=5.3942 ppl=220.1 lr=9.63e-05 | 16073 tok/s (avg 15052) ETA n/a | GPU 1.3/2.3GB | gtok=26626048
  [1] 13050 loss=5.2782 ppl=196.0 lr=9.63e-05 | 16316 tok/s (avg 15057) ETA n/a | GPU 1.3/2.3GB | gtok=26728448
  [1] 13100 loss=5.4723 ppl=238.0 lr=9.63e-05 | 16224 tok/s (avg 15061) ETA n/a | GPU 1.3/2.3GB | gtok=26830848
  [1] 13150 loss=5.5507 ppl=257.4 lr=9.62e-05 | 16428 tok/s (avg 15066) ETA n/a | GPU 1.3/2.3GB | gtok=26933248
  [1] 13200 loss=5.4726 ppl=238.1 lr=9.62e-05 | 16167 tok/s (avg 15069) ETA n/a | GPU 1.3/2.3GB | gtok=27035648
  [1] 13250 loss=5.7066 ppl=300.9 lr=9.62e-05 | 16266 tok/s (avg 15074) ETA n/a | GPU 1.3/2.3GB | gtok=27138048
  [1] 13300 loss=5.5328 ppl=252.9 lr=9.61e-05 | 17232 tok/s (avg 15081) ETA n/a | GPU 1.3/2.3GB | gtok=27240448
  [1] 13350 loss=5.2873 ppl=197.8 lr=9.61e-05 | 17344 tok/s (avg 15088) ETA n/a | GPU 1.3/2.3GB | gtok=27342848
  [1] 13400 loss=5.5093 ppl=247.0 lr=9.61e-05 | 17482 tok/s (avg 15096) ETA n/a | GPU 1.3/2.3GB | gtok=27445248
  [1] 13450 loss=5.3784 ppl=216.7 lr=9.60e-05 | 17250 tok/s (avg 15103) ETA n/a | GPU 1.3/2.3GB | gtok=27547648
  [1] 13500 loss=5.1385 ppl=170.5 lr=9.60e-05 | 17505 tok/s (avg 15111) ETA n/a | GPU 1.3/2.3GB | gtok=27650048
  [1] 13550 loss=5.2161 ppl=184.2 lr=9.60e-05 | 17256 tok/s (avg 15117) ETA n/a | GPU 1.3/2.3GB | gtok=27752448
  [1] 13600 loss=5.4983 ppl=244.3 lr=9.59e-05 | 17563 tok/s (avg 15125) ETA n/a | GPU 1.3/2.3GB | gtok=27854848
  [1] 13650 loss=4.9800 ppl=145.5 lr=9.59e-05 | 17304 tok/s (avg 15132) ETA n/a | GPU 1.3/2.3GB | gtok=27957248
  [1] 13700 loss=5.6317 ppl=279.1 lr=9.59e-05 | 17327 tok/s (avg 15139) ETA n/a | GPU 1.3/2.3GB | gtok=28059648
  [1] 13750 loss=5.4177 ppl=225.4 lr=9.59e-05 | 17571 tok/s (avg 15147) ETA n/a | GPU 1.3/2.3GB | gtok=28162048
  [1] 13800 loss=5.0459 ppl=155.4 lr=9.58e-05 | 17381 tok/s (avg 15154) ETA n/a | GPU 1.3/2.3GB | gtok=28264448
  [1] 13850 loss=5.1960 ppl=180.6 lr=9.58e-05 | 17580 tok/s (avg 15161) ETA n/a | GPU 1.3/2.3GB | gtok=28366848
  [1] 13900 loss=5.2774 ppl=195.9 lr=9.58e-05 | 17350 tok/s (avg 15168) ETA n/a | GPU 1.3/2.3GB | gtok=28469248
  [1] 13950 loss=5.2974 ppl=199.8 lr=9.57e-05 | 17492 tok/s (avg 15175) ETA n/a | GPU 1.3/2.3GB | gtok=28571648
  [1] 14000 loss=5.6468 ppl=283.4 lr=9.57e-05 | 17270 tok/s (avg 15182) ETA n/a | GPU 1.3/2.3GB | gtok=28674048
  [1] 14050 loss=5.4230 ppl=226.6 lr=9.57e-05 | 17298 tok/s (avg 15189) ETA n/a | GPU 1.3/2.3GB | gtok=28776448
  [1] 14100 loss=5.4240 ppl=226.8 lr=9.56e-05 | 17527 tok/s (avg 15196) ETA n/a | GPU 1.3/2.3GB | gtok=28878848
  [1] 14150 loss=5.7174 ppl=304.1 lr=9.56e-05 | 17269 tok/s (avg 15202) ETA n/a | GPU 1.3/2.3GB | gtok=28981248
  [1] 14200 loss=5.3297 ppl=206.4 lr=9.56e-05 | 17424 tok/s (avg 15209) ETA n/a | GPU 1.3/2.3GB | gtok=29083648
  [1] 14250 loss=5.3241 ppl=205.2 lr=9.55e-05 | 17307 tok/s (avg 15216) ETA n/a | GPU 1.3/2.3GB | gtok=29186048
  [1] 14300 loss=5.0178 ppl=151.1 lr=9.55e-05 | 17433 tok/s (avg 15222) ETA n/a | GPU 1.3/2.3GB | gtok=29288448
  [1] 14350 loss=5.3768 ppl=216.3 lr=9.55e-05 | 17032 tok/s (avg 15228) ETA n/a | GPU 1.3/2.3GB | gtok=29390848
  [1] 14400 loss=5.6088 ppl=272.8 lr=9.54e-05 | 17199 tok/s (avg 15234) ETA n/a | GPU 1.3/2.3GB | gtok=29493248
  [1] 14450 loss=5.5612 ppl=260.1 lr=9.54e-05 | 17303 tok/s (avg 15240) ETA n/a | GPU 1.3/2.3GB | gtok=29595648
  [1] 14500 loss=5.6345 ppl=279.9 lr=9.54e-05 | 17077 tok/s (avg 15246) ETA n/a | GPU 1.3/2.3GB | gtok=29698048
  [1] 14550 loss=5.2761 ppl=195.6 lr=9.53e-05 | 17462 tok/s (avg 15253) ETA n/a | GPU 1.3/2.3GB | gtok=29800448
  [1] 14600 loss=5.6290 ppl=278.4 lr=9.53e-05 | 17228 tok/s (avg 15259) ETA n/a | GPU 1.3/2.3GB | gtok=29902848
  [1] 14650 loss=5.2713 ppl=194.7 lr=9.53e-05 | 17388 tok/s (avg 15265) ETA n/a | GPU 1.3/2.3GB | gtok=30005248
  [1] 14700 loss=5.3950 ppl=220.3 lr=9.52e-05 | 16971 tok/s (avg 15270) ETA n/a | GPU 1.3/2.3GB | gtok=30107648
  [1] 14750 loss=4.7067 ppl=110.7 lr=9.52e-05 | 17221 tok/s (avg 15276) ETA n/a | GPU 1.3/2.3GB | gtok=30210048
  [1] 14800 loss=5.1310 ppl=169.2 lr=9.52e-05 | 17275 tok/s (avg 15282) ETA n/a | GPU 1.3/2.3GB | gtok=30312448
  [1] 14850 loss=5.6104 ppl=273.3 lr=9.51e-05 | 17152 tok/s (avg 15288) ETA n/a | GPU 1.3/2.3GB | gtok=30414848
  [1] 14900 loss=5.4703 ppl=237.5 lr=9.51e-05 | 17396 tok/s (avg 15294) ETA n/a | GPU 1.3/2.3GB | gtok=30517248
  [1] 14950 loss=5.7024 ppl=299.6 lr=9.50e-05 | 17127 tok/s (avg 15299) ETA n/a | GPU 1.3/2.3GB | gtok=30619648
Saved checkpoint: checkpoints_v12_curriculum/base/latest.pt
  [checkpoint @ step 15000, 30,720,000 tok]
  [1] 15000 loss=5.4607 ppl=235.3 lr=9.50e-05 | 15651 tok/s (avg 15301) ETA n/a | GPU 1.3/2.3GB | gtok=30722048
  [mid-epoch sample @ batch 15000, 30,722,048 tok]
  Prompt: In 1923 , the University of
  Generated: In 1923 , the University of Texas at least one or more of a group on the world, one that is where the two groups have gone and this region should be as well.


  1. The group of people in all the people will be able to get the people from their bodies in their families. It is the group for the children to create their own family and live them in their lives. A few years later, it may be very difficult to bring the students into a person's body and will not understand what
  [1] 15050 loss=5.3005 ppl=200.4 lr=9.50e-05 | 14277 tok/s (avg 15297) ETA n/a | GPU 1.3/2.3GB | gtok=30824448
  [1] 15100 loss=5.2795 ppl=196.3 lr=9.49e-05 | 17290 tok/s (avg 15303) ETA n/a | GPU 1.3/2.3GB | gtok=30926848
  [1] 15150 loss=4.9869 ppl=146.5 lr=9.49e-05 | 17395 tok/s (avg 15309) ETA n/a | GPU 1.3/2.3GB | gtok=31029248
  [1] 15200 loss=4.9211 ppl=137.2 lr=9.49e-05 | 17240 tok/s (avg 15314) ETA n/a | GPU 1.3/2.3GB | gtok=31131648
  [1] 15250 loss=5.1178 ppl=167.0 lr=9.48e-05 | 17373 tok/s (avg 15320) ETA n/a | GPU 1.3/2.3GB | gtok=31234048
  [1] 15300 loss=5.7451 ppl=312.6 lr=9.48e-05 | 17147 tok/s (avg 15326) ETA n/a | GPU 1.3/2.3GB | gtok=31336448
  [1] 15350 loss=5.4337 ppl=229.0 lr=9.48e-05 | 17219 tok/s (avg 15331) ETA n/a | GPU 1.3/2.3GB | gtok=31438848
  [1] 15400 loss=5.2521 ppl=191.0 lr=9.47e-05 | 17530 tok/s (avg 15337) ETA n/a | GPU 1.3/2.3GB | gtok=31541248
  [1] 15450 loss=5.1257 ppl=168.3 lr=9.47e-05 | 17214 tok/s (avg 15343) ETA n/a | GPU 1.3/2.3GB | gtok=31643648
  [1] 15500 loss=5.1125 ppl=166.1 lr=9.47e-05 | 17388 tok/s (avg 15349) ETA n/a | GPU 1.3/2.3GB | gtok=31746048
  [1] 15550 loss=5.5185 ppl=249.3 lr=9.46e-05 | 17269 tok/s (avg 15354) ETA n/a | GPU 1.3/2.3GB | gtok=31848448
  [1] 15600 loss=5.2046 ppl=182.1 lr=9.46e-05 | 17429 tok/s (avg 15360) ETA n/a | GPU 1.3/2.3GB | gtok=31950848
  [1] 15650 loss=5.4188 ppl=225.6 lr=9.45e-05 | 17107 tok/s (avg 15365) ETA n/a | GPU 1.3/2.3GB | gtok=32053248
  [1] 15700 loss=5.4516 ppl=233.1 lr=9.45e-05 | 17208 tok/s (avg 15370) ETA n/a | GPU 1.3/2.3GB | gtok=32155648
  [1] 15750 loss=5.8000 ppl=330.3 lr=9.45e-05 | 17252 tok/s (avg 15376) ETA n/a | GPU 1.3/2.3GB | gtok=32258048
  [1] 15800 loss=6.2736 ppl=530.4 lr=9.44e-05 | 17147 tok/s (avg 15381) ETA n/a | GPU 1.3/2.3GB | gtok=32360448
  [1] 15850 loss=5.5718 ppl=262.9 lr=9.44e-05 | 17480 tok/s (avg 15386) ETA n/a | GPU 1.3/2.3GB | gtok=32462848
  [1] 15900 loss=5.4202 ppl=225.9 lr=9.44e-05 | 17210 tok/s (avg 15392) ETA n/a | GPU 1.3/2.3GB | gtok=32565248
  [1] 15950 loss=5.5056 ppl=246.1 lr=9.43e-05 | 17558 tok/s (avg 15398) ETA n/a | GPU 1.3/2.3GB | gtok=32667648
  [1] 16000 loss=5.1494 ppl=172.3 lr=9.43e-05 | 17267 tok/s (avg 15403) ETA n/a | GPU 1.3/2.3GB | gtok=32770048
  [1] 16050 loss=5.5784 ppl=264.6 lr=9.43e-05 | 17361 tok/s (avg 15408) ETA n/a | GPU 1.3/2.3GB | gtok=32872448
  [1] 16100 loss=5.2239 ppl=185.7 lr=9.42e-05 | 17496 tok/s (avg 15414) ETA n/a | GPU 1.3/2.3GB | gtok=32974848
  [1] 16150 loss=5.5497 ppl=257.2 lr=9.42e-05 | 17099 tok/s (avg 15419) ETA n/a | GPU 1.3/2.3GB | gtok=33077248
  [1] 16200 loss=5.4182 ppl=225.5 lr=9.41e-05 | 17162 tok/s (avg 15423) ETA n/a | GPU 1.3/2.3GB | gtok=33179648
  [1] 16250 loss=5.3989 ppl=221.2 lr=9.41e-05 | 17294 tok/s (avg 15429) ETA n/a | GPU 1.3/2.3GB | gtok=33282048
  [1] 16300 loss=5.3247 ppl=205.4 lr=9.41e-05 | 17225 tok/s (avg 15433) ETA n/a | GPU 1.3/2.3GB | gtok=33384448
  [1] 16350 loss=5.5138 ppl=248.1 lr=9.40e-05 | 17498 tok/s (avg 15439) ETA n/a | GPU 1.3/2.3GB | gtok=33486848
  [1] 16400 loss=5.5965 ppl=269.5 lr=9.40e-05 | 17242 tok/s (avg 15444) ETA n/a | GPU 1.3/2.3GB | gtok=33589248
  [1] 16450 loss=5.2214 ppl=185.2 lr=9.39e-05 | 17509 tok/s (avg 15450) ETA n/a | GPU 1.3/2.3GB | gtok=33691648
  [1] 16500 loss=5.0022 ppl=148.7 lr=9.39e-05 | 17309 tok/s (avg 15455) ETA n/a | GPU 1.3/2.3GB | gtok=33794048
  [1] 16550 loss=5.3111 ppl=202.6 lr=9.39e-05 | 17548 tok/s (avg 15460) ETA n/a | GPU 1.3/2.3GB | gtok=33896448
  [1] 16600 loss=5.5223 ppl=250.2 lr=9.38e-05 | 17241 tok/s (avg 15465) ETA n/a | GPU 1.3/2.3GB | gtok=33998848
  [1] 16650 loss=5.4460 ppl=231.8 lr=9.38e-05 | 17326 tok/s (avg 15470) ETA n/a | GPU 1.3/2.3GB | gtok=34101248
  [1] 16700 loss=5.3487 ppl=210.3 lr=9.38e-05 | 17547 tok/s (avg 15475) ETA n/a | GPU 1.3/2.3GB | gtok=34203648
  [1] 16750 loss=5.2652 ppl=193.5 lr=9.37e-05 | 17268 tok/s (avg 15480) ETA n/a | GPU 1.3/2.3GB | gtok=34306048
  [1] 16800 loss=5.4131 ppl=224.3 lr=9.37e-05 | 17463 tok/s (avg 15485) ETA n/a | GPU 1.3/2.3GB | gtok=34408448
  [1] 16850 loss=5.5826 ppl=265.8 lr=9.36e-05 | 17289 tok/s (avg 15490) ETA n/a | GPU 1.3/2.3GB | gtok=34510848
  [1] 16900 loss=5.8024 ppl=331.1 lr=9.36e-05 | 17507 tok/s (avg 15495) ETA n/a | GPU 1.3/2.3GB | gtok=34613248
  [1] 16950 loss=5.0777 ppl=160.4 lr=9.36e-05 | 17306 tok/s (avg 15500) ETA n/a | GPU 1.3/2.3GB | gtok=34715648
  [1] 17000 loss=5.3695 ppl=214.8 lr=9.35e-05 | 17166 tok/s (avg 15505) ETA n/a | GPU 1.3/2.3GB | gtok=34818048
  [1] 17050 loss=5.0333 ppl=153.4 lr=9.35e-05 | 17500 tok/s (avg 15510) ETA n/a | GPU 1.3/2.3GB | gtok=34920448
  [1] 17100 loss=5.4309 ppl=228.4 lr=9.34e-05 | 17080 tok/s (avg 15514) ETA n/a | GPU 1.3/2.3GB | gtok=35022848
  [1] 17150 loss=5.4853 ppl=241.1 lr=9.34e-05 | 17423 tok/s (avg 15519) ETA n/a | GPU 1.3/2.3GB | gtok=35125248
  [1] 17200 loss=5.4286 ppl=227.8 lr=9.34e-05 | 17102 tok/s (avg 15523) ETA n/a | GPU 1.3/2.3GB | gtok=35227648
  [1] 17250 loss=5.2390 ppl=188.5 lr=9.33e-05 | 17229 tok/s (avg 15528) ETA n/a | GPU 1.3/2.3GB | gtok=35330048
  [1] 17300 loss=5.5491 ppl=257.0 lr=9.33e-05 | 17350 tok/s (avg 15532) ETA n/a | GPU 1.3/2.3GB | gtok=35432448
  [1] 17350 loss=5.4407 ppl=230.6 lr=9.32e-05 | 17247 tok/s (avg 15537) ETA n/a | GPU 1.3/2.3GB | gtok=35534848
  [1] 17400 loss=4.9411 ppl=139.9 lr=9.32e-05 | 17599 tok/s (avg 15542) ETA n/a | GPU 1.3/2.3GB | gtok=35637248
  [1] 17450 loss=5.4216 ppl=226.2 lr=9.32e-05 | 17231 tok/s (avg 15546) ETA n/a | GPU 1.3/2.3GB | gtok=35739648
  [1] 17500 loss=5.4226 ppl=226.5 lr=9.31e-05 | 17484 tok/s (avg 15551) ETA n/a | GPU 1.3/2.3GB | gtok=35842048
  [1] 17550 loss=5.4872 ppl=241.6 lr=9.31e-05 | 17256 tok/s (avg 15556) ETA n/a | GPU 1.3/2.3GB | gtok=35944448
  [1] 17600 loss=5.3568 ppl=212.0 lr=9.30e-05 | 17267 tok/s (avg 15560) ETA n/a | GPU 1.3/2.3GB | gtok=36046848
  [1] 17650 loss=5.2438 ppl=189.4 lr=9.30e-05 | 17497 tok/s (avg 15565) ETA n/a | GPU 1.3/2.3GB | gtok=36149248
  [1] 17700 loss=5.4206 ppl=226.0 lr=9.30e-05 | 17200 tok/s (avg 15569) ETA n/a | GPU 1.3/2.3GB | gtok=36251648
  [1] 17750 loss=5.4712 ppl=237.7 lr=9.29e-05 | 17548 tok/s (avg 15574) ETA n/a | GPU 1.3/2.3GB | gtok=36354048
  [1] 17800 loss=5.0967 ppl=163.5 lr=9.29e-05 | 17340 tok/s (avg 15579) ETA n/a | GPU 1.3/2.3GB | gtok=36456448
  [1] 17850 loss=4.9413 ppl=140.0 lr=9.28e-05 | 17600 tok/s (avg 15584) ETA n/a | GPU 1.3/2.3GB | gtok=36558848
  [1] 17900 loss=5.6191 ppl=275.6 lr=9.28e-05 | 17284 tok/s (avg 15588) ETA n/a | GPU 1.3/2.3GB | gtok=36661248
  [1] 17950 loss=5.1787 ppl=177.5 lr=9.27e-05 | 17177 tok/s (avg 15592) ETA n/a | GPU 1.3/2.3GB | gtok=36763648
  [1] 18000 loss=5.0737 ppl=159.8 lr=9.27e-05 | 17509 tok/s (avg 15597) ETA n/a | GPU 1.3/2.3GB | gtok=36866048
  [1] 18050 loss=5.0977 ppl=163.6 lr=9.27e-05 | 17192 tok/s (avg 15601) ETA n/a | GPU 1.3/2.3GB | gtok=36968448
  [1] 18100 loss=5.9097 ppl=368.6 lr=9.26e-05 | 17537 tok/s (avg 15605) ETA n/a | GPU 1.3/2.3GB | gtok=37070848
  [1] 18150 loss=5.0666 ppl=158.6 lr=9.26e-05 | 17241 tok/s (avg 15609) ETA n/a | GPU 1.3/2.3GB | gtok=37173248
  [1] 18200 loss=5.1764 ppl=177.0 lr=9.25e-05 | 17553 tok/s (avg 15614) ETA n/a | GPU 1.3/2.3GB | gtok=37275648
  [1] 18250 loss=5.5739 ppl=263.5 lr=9.25e-05 | 17010 tok/s (avg 15618) ETA n/a | GPU 1.3/2.3GB | gtok=37378048
  [1] 18300 loss=5.1879 ppl=179.1 lr=9.25e-05 | 17427 tok/s (avg 15622) ETA n/a | GPU 1.3/2.3GB | gtok=37480448
  [1] 18350 loss=5.6163 ppl=274.9 lr=9.24e-05 | 17585 tok/s (avg 15627) ETA n/a | GPU 1.3/2.3GB | gtok=37582848
  [1] 18400 loss=5.8958 ppl=363.5 lr=9.24e-05 | 17278 tok/s (avg 15631) ETA n/a | GPU 1.3/2.3GB | gtok=37685248
  [1] 18450 loss=5.6502 ppl=284.3 lr=9.23e-05 | 17535 tok/s (avg 15636) ETA n/a | GPU 1.3/2.3GB | gtok=37787648
  [1] 18500 loss=4.9043 ppl=134.9 lr=9.23e-05 | 17254 tok/s (avg 15639) ETA n/a | GPU 1.3/2.3GB | gtok=37890048
  [1] 18550 loss=4.6538 ppl=105.0 lr=9.22e-05 | 17589 tok/s (avg 15644) ETA n/a | GPU 1.3/2.3GB | gtok=37992448
  [1] 18600 loss=5.1089 ppl=165.5 lr=9.22e-05 | 17384 tok/s (avg 15648) ETA n/a | GPU 1.3/2.3GB | gtok=38094848
  [1] 18650 loss=4.9777 ppl=145.1 lr=9.22e-05 | 17349 tok/s (avg 15652) ETA n/a | GPU 1.3/2.3GB | gtok=38197248
  [1] 18700 loss=5.4826 ppl=240.5 lr=9.21e-05 | 17438 tok/s (avg 15657) ETA n/a | GPU 1.3/2.3GB | gtok=38299648
  [1] 18750 loss=5.1192 ppl=167.2 lr=9.21e-05 | 17331 tok/s (avg 15661) ETA n/a | GPU 1.3/2.3GB | gtok=38402048
  [1] 18800 loss=5.8860 ppl=360.0 lr=9.20e-05 | 17549 tok/s (avg 15665) ETA n/a | GPU 1.3/2.3GB | gtok=38504448
  [1] 18850 loss=4.9273 ppl=138.0 lr=9.20e-05 | 17353 tok/s (avg 15669) ETA n/a | GPU 1.3/2.3GB | gtok=38606848
  [1] 18900 loss=4.7442 ppl=114.9 lr=9.19e-05 | 17327 tok/s (avg 15673) ETA n/a | GPU 1.3/2.3GB | gtok=38709248
  [1] 18950 loss=5.5358 ppl=253.6 lr=9.19e-05 | 17512 tok/s (avg 15678) ETA n/a | GPU 1.3/2.3GB | gtok=38811648
  [1] 19000 loss=5.6449 ppl=282.9 lr=9.18e-05 | 17337 tok/s (avg 15682) ETA n/a | GPU 1.3/2.3GB | gtok=38914048
  [1] 19050 loss=5.4190 ppl=225.7 lr=9.18e-05 | 17527 tok/s (avg 15686) ETA n/a | GPU 1.3/2.3GB | gtok=39016448
  [1] 19100 loss=5.6765 ppl=291.9 lr=9.18e-05 | 17302 tok/s (avg 15690) ETA n/a | GPU 1.3/2.3GB | gtok=39118848
  [1] 19150 loss=5.4887 ppl=241.9 lr=9.17e-05 | 17506 tok/s (avg 15694) ETA n/a | GPU 1.3/2.3GB | gtok=39221248
  [1] 19200 loss=5.3999 ppl=221.4 lr=9.17e-05 | 17374 tok/s (avg 15698) ETA n/a | GPU 1.3/2.3GB | gtok=39323648
  [1] 19250 loss=5.2895 ppl=198.2 lr=9.16e-05 | 17258 tok/s (avg 15702) ETA n/a | GPU 1.3/2.3GB | gtok=39426048
  [1] 19300 loss=4.9101 ppl=135.6 lr=9.16e-05 | 17541 tok/s (avg 15706) ETA n/a | GPU 1.3/2.3GB | gtok=39528448
  [1] 19350 loss=5.1378 ppl=170.3 lr=9.15e-05 | 17206 tok/s (avg 15709) ETA n/a | GPU 1.3/2.3GB | gtok=39630848
  [1] 19400 loss=4.6492 ppl=104.5 lr=9.15e-05 | 17527 tok/s (avg 15714) ETA n/a | GPU 1.3/2.3GB | gtok=39733248
  [1] 19450 loss=4.7664 ppl=117.5 lr=9.14e-05 | 17330 tok/s (avg 15717) ETA n/a | GPU 1.3/2.3GB | gtok=39835648
  [1] 19500 loss=5.2090 ppl=182.9 lr=9.14e-05 | 17492 tok/s (avg 15721) ETA n/a | GPU 1.3/2.3GB | gtok=39938048
  [1] 19550 loss=5.5086 ppl=246.8 lr=9.14e-05 | 17322 tok/s (avg 15725) ETA n/a | GPU 1.3/2.3GB | gtok=40040448
  [1] 19600 loss=5.3382 ppl=208.1 lr=9.13e-05 | 17334 tok/s (avg 15729) ETA n/a | GPU 1.3/2.3GB | gtok=40142848
  [1] 19650 loss=5.0459 ppl=155.4 lr=9.13e-05 | 17501 tok/s (avg 15733) ETA n/a | GPU 1.3/2.3GB | gtok=40245248
  [1] 19700 loss=4.9548 ppl=141.9 lr=9.12e-05 | 17366 tok/s (avg 15737) ETA n/a | GPU 1.3/2.3GB | gtok=40347648
  [1] 19750 loss=5.3844 ppl=218.0 lr=9.12e-05 | 17531 tok/s (avg 15741) ETA n/a | GPU 1.3/2.3GB | gtok=40450048
  [1] 19800 loss=5.5583 ppl=259.4 lr=9.11e-05 | 17347 tok/s (avg 15744) ETA n/a | GPU 1.3/2.3GB | gtok=40552448
  [1] 19850 loss=5.3649 ppl=213.8 lr=9.11e-05 | 17434 tok/s (avg 15748) ETA n/a | GPU 1.3/2.3GB | gtok=40654848
  [1] 19900 loss=5.3621 ppl=213.2 lr=9.10e-05 | 17327 tok/s (avg 15752) ETA n/a | GPU 1.3/2.3GB | gtok=40757248
  [1] 19950 loss=5.1514 ppl=172.7 lr=9.10e-05 | 17353 tok/s (avg 15756) ETA n/a | GPU 1.3/2.3GB | gtok=40859648
Saved checkpoint: checkpoints_v12_curriculum/base/latest.pt
  [checkpoint @ step 20000, 40,960,000 tok]
  [1] 20000 loss=5.2370 ppl=188.1 lr=9.09e-05 | 15861 tok/s (avg 15756) ETA n/a | GPU 1.3/2.3GB | gtok=40962048
  [mid-epoch sample @ batch 20000, 40,962,048 tok]
  Prompt: In 1923 , the University of
  Generated: In 1923 , the University of New York City, and in the early 20th century, the New York Times and his colleagues have said that the United States had been exposed to a new study. The report told her that the New World was now the first week of American history in 1856, she found that in the years of its last year, he used the first two thousand years after the war was over the end of England. In an attempt to create more than one million Americans, he believed that his wife was born on
  [1] 20050 loss=5.3964 ppl=220.6 lr=9.09e-05 | 14128 tok/s (avg 15751) ETA n/a | GPU 1.3/2.3GB | gtok=41064448
  [1] 20100 loss=5.4165 ppl=225.1 lr=9.09e-05 | 17458 tok/s (avg 15755) ETA n/a | GPU 1.3/2.3GB | gtok=41166848
  [1] 20150 loss=5.5432 ppl=255.5 lr=9.08e-05 | 17297 tok/s (avg 15759) ETA n/a | GPU 1.3/2.3GB | gtok=41269248
  [1] 20200 loss=5.2598 ppl=192.4 lr=9.08e-05 | 17255 tok/s (avg 15762) ETA n/a | GPU 1.3/2.3GB | gtok=41371648
  [1] 20250 loss=5.1295 ppl=168.9 lr=9.07e-05 | 17441 tok/s (avg 15766) ETA n/a | GPU 1.3/2.3GB | gtok=41474048
  [1] 20300 loss=5.5852 ppl=266.5 lr=9.07e-05 | 17302 tok/s (avg 15769) ETA n/a | GPU 1.3/2.3GB | gtok=41576448
  [1] 20350 loss=5.0350 ppl=153.7 lr=9.06e-05 | 17490 tok/s (avg 15773) ETA n/a | GPU 1.3/2.3GB | gtok=41678848
  [1] 20400 loss=5.3197 ppl=204.3 lr=9.06e-05 | 17266 tok/s (avg 15776) ETA n/a | GPU 1.3/2.3GB | gtok=41781248
  [1] 20450 loss=4.5946 ppl=99.0 lr=9.05e-05 | 17566 tok/s (avg 15780) ETA n/a | GPU 1.3/2.3GB | gtok=41883648
  [1] 20500 loss=5.0928 ppl=162.8 lr=9.05e-05 | 17215 tok/s (avg 15783) ETA n/a | GPU 1.3/2.3GB | gtok=41986048
  [1] 20550 loss=5.4418 ppl=230.8 lr=9.04e-05 | 17309 tok/s (avg 15787) ETA n/a | GPU 1.3/2.3GB | gtok=42088448
  [1] 20600 loss=5.6169 ppl=275.0 lr=9.04e-05 | 17465 tok/s (avg 15791) ETA n/a | GPU 1.3/2.3GB | gtok=42190848
  [1] 20650 loss=5.3508 ppl=210.8 lr=9.03e-05 | 17021 tok/s (avg 15793) ETA n/a | GPU 1.3/2.3GB | gtok=42293248
  [1] 20700 loss=5.2230 ppl=185.5 lr=9.03e-05 | 17600 tok/s (avg 15797) ETA n/a | GPU 1.3/2.3GB | gtok=42395648
  [1] 20750 loss=5.4393 ppl=230.3 lr=9.02e-05 | 17355 tok/s (avg 15801) ETA n/a | GPU 1.3/2.3GB | gtok=42498048
  [1] 20800 loss=5.2109 ppl=183.3 lr=9.02e-05 | 17184 tok/s (avg 15804) ETA n/a | GPU 1.3/2.3GB | gtok=42600448
  [1] 20850 loss=5.5886 ppl=267.4 lr=9.01e-05 | 17512 tok/s (avg 15807) ETA n/a | GPU 1.3/2.3GB | gtok=42702848
  [1] 20900 loss=5.2526 ppl=191.1 lr=9.01e-05 | 17223 tok/s (avg 15811) ETA n/a | GPU 1.3/2.3GB | gtok=42805248
  [1] 20950 loss=5.4202 ppl=225.9 lr=9.01e-05 | 17596 tok/s (avg 15814) ETA n/a | GPU 1.3/2.3GB | gtok=42907648
  [1] 21000 loss=5.4955 ppl=243.6 lr=9.00e-05 | 17306 tok/s (avg 15818) ETA n/a | GPU 1.3/2.3GB | gtok=43010048
  [1] 21050 loss=5.2473 ppl=190.0 lr=9.00e-05 | 17588 tok/s (avg 15821) ETA n/a | GPU 1.3/2.3GB | gtok=43112448
  [1] 21100 loss=5.2457 ppl=189.7 lr=8.99e-05 | 17241 tok/s (avg 15824) ETA n/a | GPU 1.3/2.3GB | gtok=43214848
  [1] 21150 loss=5.5434 ppl=255.6 lr=8.99e-05 | 17337 tok/s (avg 15828) ETA n/a | GPU 1.3/2.3GB | gtok=43317248
  [1] 21200 loss=5.4698 ppl=237.4 lr=8.98e-05 | 17538 tok/s (avg 15831) ETA n/a | GPU 1.3/2.3GB | gtok=43419648
  [1] 21250 loss=5.2589 ppl=192.3 lr=8.98e-05 | 17275 tok/s (avg 15834) ETA n/a | GPU 1.3/2.3GB | gtok=43522048
  [1] 21300 loss=5.3869 ppl=218.5 lr=8.97e-05 | 17518 tok/s (avg 15838) ETA n/a | GPU 1.3/2.3GB | gtok=43624448
  [1] 21350 loss=5.4888 ppl=242.0 lr=8.97e-05 | 17283 tok/s (avg 15841) ETA n/a | GPU 1.3/2.3GB | gtok=43726848
  [1] 21400 loss=5.2462 ppl=189.9 lr=8.96e-05 | 17432 tok/s (avg 15845) ETA n/a | GPU 1.3/2.3GB | gtok=43829248
  [1] 21450 loss=5.3357 ppl=207.6 lr=8.96e-05 | 17207 tok/s (avg 15847) ETA n/a | GPU 1.3/2.3GB | gtok=43931648
  [1] 21500 loss=5.0334 ppl=153.5 lr=8.95e-05 | 17268 tok/s (avg 15850) ETA n/a | GPU 1.3/2.3GB | gtok=44034048
  [1] 21550 loss=5.5483 ppl=256.8 lr=8.95e-05 | 17495 tok/s (avg 15854) ETA n/a | GPU 1.3/2.3GB | gtok=44136448
  [1] 21600 loss=4.8105 ppl=122.8 lr=8.94e-05 | 17229 tok/s (avg 15857) ETA n/a | GPU 1.3/2.3GB | gtok=44238848
  [1] 21650 loss=5.2031 ppl=181.8 lr=8.94e-05 | 17494 tok/s (avg 15860) ETA n/a | GPU 1.3/2.3GB | gtok=44341248
  [1] 21700 loss=5.5061 ppl=246.2 lr=8.93e-05 | 17163 tok/s (avg 15863) ETA n/a | GPU 1.3/2.3GB | gtok=44443648
  [1] 21750 loss=5.3951 ppl=220.3 lr=8.93e-05 | 17175 tok/s (avg 15866) ETA n/a | GPU 1.3/2.3GB | gtok=44546048
  [1] 21800 loss=5.3829 ppl=217.7 lr=8.92e-05 | 17420 tok/s (avg 15869) ETA n/a | GPU 1.3/2.3GB | gtok=44648448
  [1] 21850 loss=5.3603 ppl=212.8 lr=8.92e-05 | 17367 tok/s (avg 15872) ETA n/a | GPU 1.3/2.3GB | gtok=44750848
  [1] 21900 loss=5.3298 ppl=206.4 lr=8.91e-05 | 17506 tok/s (avg 15876) ETA n/a | GPU 1.3/2.3GB | gtok=44853248
  [1] 21950 loss=5.3031 ppl=201.0 lr=8.91e-05 | 17178 tok/s (avg 15878) ETA n/a | GPU 1.3/2.3GB | gtok=44955648
  [1] 22000 loss=5.1282 ppl=168.7 lr=8.90e-05 | 17330 tok/s (avg 15881) ETA n/a | GPU 1.3/2.3GB | gtok=45058048
  [1] 22050 loss=5.4502 ppl=232.8 lr=8.90e-05 | 17543 tok/s (avg 15885) ETA n/a | GPU 1.3/2.3GB | gtok=45160448
  [1] 22100 loss=5.4745 ppl=238.5 lr=8.89e-05 | 17376 tok/s (avg 15888) ETA n/a | GPU 1.3/2.3GB | gtok=45262848
  [1] 22150 loss=5.4001 ppl=221.4 lr=8.89e-05 | 17482 tok/s (avg 15891) ETA n/a | GPU 1.3/2.3GB | gtok=45365248
  [1] 22200 loss=4.2758 ppl=71.9 lr=8.88e-05 | 17346 tok/s (avg 15894) ETA n/a | GPU 1.3/2.3GB | gtok=45467648
  [1] 22250 loss=5.3908 ppl=219.4 lr=8.88e-05 | 17427 tok/s (avg 15897) ETA n/a | GPU 1.3/2.3GB | gtok=45570048
  [1] 22300 loss=5.1305 ppl=169.1 lr=8.87e-05 | 17268 tok/s (avg 15900) ETA n/a | GPU 1.3/2.3GB | gtok=45672448
  [1] 22350 loss=5.1873 ppl=179.0 lr=8.87e-05 | 17319 tok/s (avg 15903) ETA n/a | GPU 1.3/2.3GB | gtok=45774848
  [1] 22400 loss=5.4638 ppl=236.0 lr=8.86e-05 | 17440 tok/s (avg 15906) ETA n/a | GPU 1.3/2.3GB | gtok=45877248
  [1] 22450 loss=4.9360 ppl=139.2 lr=8.86e-05 | 17285 tok/s (avg 15909) ETA n/a | GPU 1.3/2.3GB | gtok=45979648
  [1] 22500 loss=5.4255 ppl=227.1 lr=8.85e-05 | 17515 tok/s (avg 15912) ETA n/a | GPU 1.3/2.3GB | gtok=46082048
  [1] 22550 loss=5.6066 ppl=272.2 lr=8.85e-05 | 17285 tok/s (avg 15915) ETA n/a | GPU 1.3/2.3GB | gtok=46184448
  [1] 22600 loss=5.5088 ppl=246.9 lr=8.84e-05 | 17529 tok/s (avg 15918) ETA n/a | GPU 1.3/2.3GB | gtok=46286848
  [1] 22650 loss=4.9565 ppl=142.1 lr=8.84e-05 | 17360 tok/s (avg 15921) ETA n/a | GPU 1.3/2.3GB | gtok=46389248
  [1] 22700 loss=5.5312 ppl=252.4 lr=8.83e-05 | 17329 tok/s (avg 15924) ETA n/a | GPU 1.3/2.3GB | gtok=46491648
  [1] 22750 loss=5.0511 ppl=156.2 lr=8.83e-05 | 17530 tok/s (avg 15927) ETA n/a | GPU 1.3/2.3GB | gtok=46594048
  [1] 22800 loss=5.0957 ppl=163.3 lr=8.82e-05 | 17271 tok/s (avg 15930) ETA n/a | GPU 1.3/2.3GB | gtok=46696448
  [1] 22850 loss=4.8667 ppl=129.9 lr=8.81e-05 | 17452 tok/s (avg 15933) ETA n/a | GPU 1.3/2.3GB | gtok=46798848
  [1] 22900 loss=5.2492 ppl=190.4 lr=8.81e-05 | 17241 tok/s (avg 15936) ETA n/a | GPU 1.3/2.3GB | gtok=46901248
  [1] 22950 loss=5.3705 ppl=215.0 lr=8.80e-05 | 17519 tok/s (avg 15939) ETA n/a | GPU 1.3/2.3GB | gtok=47003648
  [1] 23000 loss=5.1152 ppl=166.5 lr=8.80e-05 | 17269 tok/s (avg 15941) ETA n/a | GPU 1.3/2.3GB | gtok=47106048
  [1] 23050 loss=5.2230 ppl=185.5 lr=8.79e-05 | 17361 tok/s (avg 15944) ETA n/a | GPU 1.3/2.3GB | gtok=47208448
  [1] 23100 loss=5.4354 ppl=229.4 lr=8.79e-05 | 17553 tok/s (avg 15947) ETA n/a | GPU 1.3/2.3GB | gtok=47310848
  [1] 23150 loss=5.1231 ppl=167.9 lr=8.78e-05 | 17404 tok/s (avg 15950) ETA n/a | GPU 1.3/2.3GB | gtok=47413248
  [1] 23200 loss=5.0448 ppl=155.2 lr=8.78e-05 | 17584 tok/s (avg 15953) ETA n/a | GPU 1.3/2.3GB | gtok=47515648
  [1] 23250 loss=4.6473 ppl=104.3 lr=8.77e-05 | 17336 tok/s (avg 15956) ETA n/a | GPU 1.3/2.3GB | gtok=47618048
  [1] 23300 loss=5.2476 ppl=190.1 lr=8.77e-05 | 17530 tok/s (avg 15959) ETA n/a | GPU 1.3/2.3GB | gtok=47720448
  [1] 23350 loss=5.1529 ppl=172.9 lr=8.76e-05 | 17210 tok/s (avg 15962) ETA n/a | GPU 1.3/2.3GB | gtok=47822848
  [1] 23400 loss=5.1049 ppl=164.8 lr=8.76e-05 | 17272 tok/s (avg 15964) ETA n/a | GPU 1.3/2.3GB | gtok=47925248
  [1] 23450 loss=4.9636 ppl=143.1 lr=8.75e-05 | 17422 tok/s (avg 15967) ETA n/a | GPU 1.3/2.3GB | gtok=48027648
  [1] 23500 loss=5.2993 ppl=200.2 lr=8.75e-05 | 17361 tok/s (avg 15970) ETA n/a | GPU 1.3/2.3GB | gtok=48130048
  [1] 23550 loss=5.4712 ppl=237.8 lr=8.74e-05 | 17449 tok/s (avg 15973) ETA n/a | GPU 1.3/2.3GB | gtok=48232448
  [1] 23600 loss=5.1640 ppl=174.9 lr=8.74e-05 | 17309 tok/s (avg 15975) ETA n/a | GPU 1.3/2.3GB | gtok=48334848
  [1] 23650 loss=5.0387 ppl=154.3 lr=8.73e-05 | 17417 tok/s (avg 15978) ETA n/a | GPU 1.3/2.3GB | gtok=48437248
  [1] 23700 loss=5.3806 ppl=217.1 lr=8.72e-05 | 17322 tok/s (avg 15981) ETA n/a | GPU 1.3/2.3GB | gtok=48539648
  [1] 23750 loss=5.2860 ppl=197.5 lr=8.72e-05 | 17272 tok/s (avg 15983) ETA n/a | GPU 1.3/2.3GB | gtok=48642048
  [1] 23800 loss=5.0255 ppl=152.2 lr=8.71e-05 | 17477 tok/s (avg 15986) ETA n/a | GPU 1.3/2.3GB | gtok=48744448
  [1] 23850 loss=5.0368 ppl=154.0 lr=8.71e-05 | 17160 tok/s (avg 15989) ETA n/a | GPU 1.3/2.3GB | gtok=48846848
  [1] 23900 loss=4.6785 ppl=107.6 lr=8.70e-05 | 17331 tok/s (avg 15991) ETA n/a | GPU 1.3/2.3GB | gtok=48949248
  [1] 23950 loss=5.5361 ppl=253.7 lr=8.70e-05 | 17243 tok/s (avg 15994) ETA n/a | GPU 1.3/2.3GB | gtok=49051648
  [1] 24000 loss=5.2964 ppl=199.6 lr=8.69e-05 | 17466 tok/s (avg 15996) ETA n/a | GPU 1.3/2.3GB | gtok=49154048
  [1] 24050 loss=4.9363 ppl=139.3 lr=8.69e-05 | 17206 tok/s (avg 15999) ETA n/a | GPU 1.3/2.3GB | gtok=49256448
  [1] 24100 loss=4.9741 ppl=144.6 lr=8.68e-05 | 17177 tok/s (avg 16001) ETA n/a | GPU 1.3/2.3GB | gtok=49358848
  [1] 24150 loss=5.1472 ppl=171.9 lr=8.68e-05 | 17407 tok/s (avg 16004) ETA n/a | GPU 1.3/2.3GB | gtok=49461248
  [1] 24200 loss=5.6666 ppl=289.1 lr=8.67e-05 | 17241 tok/s (avg 16006) ETA n/a | GPU 1.3/2.3GB | gtok=49563648
  [1] 24250 loss=4.7184 ppl=112.0 lr=8.67e-05 | 17411 tok/s (avg 16009) ETA n/a | GPU 1.3/2.3GB | gtok=49666048
  [1] 24300 loss=5.3885 ppl=218.9 lr=8.66e-05 | 17331 tok/s (avg 16011) ETA n/a | GPU 1.3/2.3GB | gtok=49768448
  [1] 24350 loss=5.4726 ppl=238.1 lr=8.65e-05 | 17539 tok/s (avg 16014) ETA n/a | GPU 1.3/2.3GB | gtok=49870848
  [1] 24400 loss=5.4941 ppl=243.3 lr=8.65e-05 | 17239 tok/s (avg 16016) ETA n/a | GPU 1.3/2.3GB | gtok=49973248
  [1] 24450 loss=5.1832 ppl=178.3 lr=8.64e-05 | 17233 tok/s (avg 16019) ETA n/a | GPU 1.3/2.3GB | gtok=50075648
  [1] 24500 loss=5.7437 ppl=312.2 lr=8.64e-05 | 17495 tok/s (avg 16021) ETA n/a | GPU 1.3/2.3GB | gtok=50178048
  [1] 24550 loss=5.3796 ppl=216.9 lr=8.63e-05 | 17311 tok/s (avg 16024) ETA n/a | GPU 1.3/2.3GB | gtok=50280448
  [1] 24600 loss=5.1475 ppl=172.0 lr=8.63e-05 | 17505 tok/s (avg 16027) ETA n/a | GPU 1.3/2.3GB | gtok=50382848
  [1] 24650 loss=5.5050 ppl=245.9 lr=8.62e-05 | 17289 tok/s (avg 16029) ETA n/a | GPU 1.3/2.3GB | gtok=50485248
  [1] 24700 loss=5.2596 ppl=192.4 lr=8.62e-05 | 17472 tok/s (avg 16032) ETA n/a | GPU 1.3/2.3GB | gtok=50587648
  [1] 24750 loss=4.8368 ppl=126.1 lr=8.61e-05 | 17229 tok/s (avg 16034) ETA n/a | GPU 1.3/2.3GB | gtok=50690048
  [1] 24800 loss=4.9218 ppl=137.2 lr=8.60e-05 | 17215 tok/s (avg 16036) ETA n/a | GPU 1.3/2.3GB | gtok=50792448
  [1] 24850 loss=5.4432 ppl=231.2 lr=8.60e-05 | 17472 tok/s (avg 16039) ETA n/a | GPU 1.3/2.3GB | gtok=50894848
  [1] 24900 loss=5.1631 ppl=174.7 lr=8.59e-05 | 17257 tok/s (avg 16041) ETA n/a | GPU 1.3/2.3GB | gtok=50997248
  [1] 24950 loss=5.0083 ppl=149.7 lr=8.59e-05 | 17329 tok/s (avg 16043) ETA n/a | GPU 1.3/2.3GB | gtok=51099648
Saved checkpoint: checkpoints_v12_curriculum/base/latest.pt
  [checkpoint @ step 25000, 51,200,000 tok]
  [1] 25000 loss=5.2190 ppl=184.7 lr=8.58e-05 | 15632 tok/s (avg 16043) ETA n/a | GPU 1.3/2.3GB | gtok=51202048
  [mid-epoch sample @ batch 25000, 51,202,048 tok]
  Prompt: In 1923 , the University of
  Generated: In 1923 , the University of London, the University of Michigan and his colleagues have published a paper on his paper at the University of Chicago in South America, where he was born in the New York Times, “The University’s work is not one of the most important parts of Europe in India.”
The study revealed that all human beings were born about in the U.S., and that this, because they had to be the first to make their own living in Canada, in the United States, they
  [1] 25050 loss=5.1531 ppl=173.0 lr=8.58e-05 | 14260 tok/s (avg 16039) ETA n/a | GPU 1.3/2.3GB | gtok=51304448
  [1] 25100 loss=5.1351 ppl=169.9 lr=8.57e-05 | 17489 tok/s (avg 16041) ETA n/a | GPU 1.3/2.3GB | gtok=51406848
  [1] 25150 loss=5.2891 ppl=198.2 lr=8.57e-05 | 17191 tok/s (avg 16043) ETA n/a | GPU 1.3/2.3GB | gtok=51509248
  [1] 25200 loss=5.1297 ppl=169.0 lr=8.56e-05 | 17594 tok/s (avg 16046) ETA n/a | GPU 1.3/2.3GB | gtok=51611648
  [1] 25250 loss=5.0806 ppl=160.9 lr=8.55e-05 | 17327 tok/s (avg 16049) ETA n/a | GPU 1.3/2.3GB | gtok=51714048
  [1] 25300 loss=5.0471 ppl=155.6 lr=8.55e-05 | 17448 tok/s (avg 16051) ETA n/a | GPU 1.3/2.3GB | gtok=51816448
  [1] 25350 loss=4.8438 ppl=127.0 lr=8.54e-05 | 17157 tok/s (avg 16053) ETA n/a | GPU 1.3/2.3GB | gtok=51918848
  [1] 25400 loss=5.1657 ppl=175.2 lr=8.54e-05 | 17403 tok/s (avg 16056) ETA n/a | GPU 1.3/2.3GB | gtok=52021248
  [1] 25450 loss=4.8079 ppl=122.5 lr=8.53e-05 | 17409 tok/s (avg 16058) ETA n/a | GPU 1.3/2.3GB | gtok=52123648
  [1] 25500 loss=4.8972 ppl=133.9 lr=8.53e-05 | 17276 tok/s (avg 16060) ETA n/a | GPU 1.3/2.3GB | gtok=52226048
  [1] 25550 loss=5.0540 ppl=156.6 lr=8.52e-05 | 17430 tok/s (avg 16063) ETA n/a | GPU 1.3/2.3GB | gtok=52328448
  [1] 25600 loss=5.1652 ppl=175.1 lr=8.51e-05 | 17324 tok/s (avg 16065) ETA n/a | GPU 1.3/2.3GB | gtok=52430848
  [1] 25650 loss=5.3974 ppl=220.8 lr=8.51e-05 | 17457 tok/s (avg 16067) ETA n/a | GPU 1.3/2.3GB | gtok=52533248
  [1] 25700 loss=5.3868 ppl=218.5 lr=8.50e-05 | 17314 tok/s (avg 16070) ETA n/a | GPU 1.3/2.3GB | gtok=52635648
  [1] 25750 loss=4.8864 ppl=132.5 lr=8.50e-05 | 17249 tok/s (avg 16072) ETA n/a | GPU 1.3/2.3GB | gtok=52738048
  [1] 25800 loss=5.4045 ppl=222.4 lr=8.49e-05 | 17536 tok/s (avg 16074) ETA n/a | GPU 1.3/2.3GB | gtok=52840448
  [1] 25850 loss=5.2351 ppl=187.8 lr=8.49e-05 | 17162 tok/s (avg 16076) ETA n/a | GPU 1.3/2.3GB | gtok=52942848
  [1] 25900 loss=5.2655 ppl=193.5 lr=8.48e-05 | 17457 tok/s (avg 16079) ETA n/a | GPU 1.3/2.3GB | gtok=53045248
  [1] 25950 loss=4.9013 ppl=134.5 lr=8.47e-05 | 17331 tok/s (avg 16081) ETA n/a | GPU 1.3/2.3GB | gtok=53147648
  [1] 26000 loss=5.2838 ppl=197.1 lr=8.47e-05 | 17307 tok/s (avg 16083) ETA n/a | GPU 1.3/2.3GB | gtok=53250048
  [1] 26050 loss=4.9209 ppl=137.1 lr=8.46e-05 | 17245 tok/s (avg 16085) ETA n/a | GPU 1.3/2.3GB | gtok=53352448
  [1] 26100 loss=5.4046 ppl=222.4 lr=8.46e-05 | 17260 tok/s (avg 16087) ETA n/a | GPU 1.3/2.3GB | gtok=53454848
  [1] 26150 loss=5.4121 ppl=224.1 lr=8.45e-05 | 17511 tok/s (avg 16090) ETA n/a | GPU 1.3/2.3GB | gtok=53557248
  [1] 26200 loss=5.3539 ppl=211.4 lr=8.44e-05 | 17214 tok/s (avg 16092) ETA n/a | GPU 1.3/2.3GB | gtok=53659648
  [1] 26250 loss=5.3409 ppl=208.7 lr=8.44e-05 | 17518 tok/s (avg 16094) ETA n/a | GPU 1.3/2.3GB | gtok=53762048
  [1] 26300 loss=5.3769 ppl=216.3 lr=8.43e-05 | 17240 tok/s (avg 16097) ETA n/a | GPU 1.3/2.3GB | gtok=53864448
  [1] 26350 loss=5.4840 ppl=240.8 lr=8.43e-05 | 17271 tok/s (avg 16099) ETA n/a | GPU 1.3/2.3GB | gtok=53966848
  [1] 26400 loss=4.5221 ppl=92.0 lr=8.42e-05 | 17500 tok/s (avg 16101) ETA n/a | GPU 1.3/2.3GB | gtok=54069248
  [1] 26450 loss=4.9318 ppl=138.6 lr=8.42e-05 | 17314 tok/s (avg 16103) ETA n/a | GPU 1.3/2.3GB | gtok=54171648
  [1] 26500 loss=5.5205 ppl=249.8 lr=8.41e-05 | 17523 tok/s (avg 16106) ETA n/a | GPU 1.3/2.3GB | gtok=54274048
  [1] 26550 loss=5.3499 ppl=210.6 lr=8.40e-05 | 17244 tok/s (avg 16108) ETA n/a | GPU 1.3/2.3GB | gtok=54376448
  [1] 26600 loss=4.9606 ppl=142.7 lr=8.40e-05 | 17418 tok/s (avg 16110) ETA n/a | GPU 1.3/2.3GB | gtok=54478848
  [1] 26650 loss=4.8989 ppl=134.1 lr=8.39e-05 | 17238 tok/s (avg 16112) ETA n/a | GPU 1.3/2.3GB | gtok=54581248
  [1] 26700 loss=5.1245 ppl=168.1 lr=8.39e-05 | 17206 tok/s (avg 16114) ETA n/a | GPU 1.3/2.3GB | gtok=54683648
  [1] 26750 loss=5.5663 ppl=261.5 lr=8.38e-05 | 17551 tok/s (avg 16116) ETA n/a | GPU 1.3/2.3GB | gtok=54786048
  [1] 26800 loss=5.4163 ppl=225.0 lr=8.37e-05 | 17281 tok/s (avg 16118) ETA n/a | GPU 1.3/2.3GB | gtok=54888448
  [1] 26850 loss=5.3640 ppl=213.6 lr=8.37e-05 | 17272 tok/s (avg 16120) ETA n/a | GPU 1.3/2.3GB | gtok=54990848
  [1] 26900 loss=5.1817 ppl=178.0 lr=8.36e-05 | 17235 tok/s (avg 16122) ETA n/a | GPU 1.3/2.3GB | gtok=55093248
  [1] 26950 loss=5.2393 ppl=188.5 lr=8.36e-05 | 17466 tok/s (avg 16125) ETA n/a | GPU 1.3/2.3GB | gtok=55195648
  [1] 27000 loss=5.3416 ppl=208.9 lr=8.35e-05 | 17311 tok/s (avg 16127) ETA n/a | GPU 1.3/2.3GB | gtok=55298048
  [1] 27050 loss=4.7160 ppl=111.7 lr=8.34e-05 | 17253 tok/s (avg 16129) ETA n/a | GPU 1.3/2.3GB | gtok=55400448
  [1] 27100 loss=5.3225 ppl=204.9 lr=8.34e-05 | 17292 tok/s (avg 16131) ETA n/a | GPU 1.3/2.3GB | gtok=55502848
  [1] 27150 loss=5.2976 ppl=199.9 lr=8.33e-05 | 17266 tok/s (avg 16132) ETA n/a | GPU 1.3/2.3GB | gtok=55605248
  [1] 27200 loss=4.4626 ppl=86.7 lr=8.33e-05 | 17506 tok/s (avg 16135) ETA n/a | GPU 1.3/2.3GB | gtok=55707648
  [1] 27250 loss=5.0960 ppl=163.4 lr=8.32e-05 | 17267 tok/s (avg 16137) ETA n/a | GPU 1.3/2.3GB | gtok=55810048
  [1] 27300 loss=5.0852 ppl=161.6 lr=8.31e-05 | 17245 tok/s (avg 16139) ETA n/a | GPU 1.3/2.3GB | gtok=55912448
  [1] 27350 loss=4.7826 ppl=119.4 lr=8.31e-05 | 17407 tok/s (avg 16141) ETA n/a | GPU 1.3/2.3GB | gtok=56014848
  [1] 27400 loss=4.5390 ppl=93.6 lr=8.30e-05 | 17222 tok/s (avg 16143) ETA n/a | GPU 1.3/2.3GB | gtok=56117248
  [1] 27450 loss=5.2580 ppl=192.1 lr=8.30e-05 | 17357 tok/s (avg 16145) ETA n/a | GPU 1.3/2.3GB | gtok=56219648
  [1] 27500 loss=4.9484 ppl=141.0 lr=8.29e-05 | 17209 tok/s (avg 16147) ETA n/a | GPU 1.3/2.3GB | gtok=56322048
  [1] 27550 loss=5.3408 ppl=208.7 lr=8.28e-05 | 17523 tok/s (avg 16149) ETA n/a | GPU 1.3/2.3GB | gtok=56424448
  [1] 27600 loss=4.9327 ppl=138.8 lr=8.28e-05 | 17265 tok/s (avg 16151) ETA n/a | GPU 1.3/2.3GB | gtok=56526848
  [1] 27650 loss=5.1949 ppl=180.3 lr=8.27e-05 | 17264 tok/s (avg 16153) ETA n/a | GPU 1.3/2.3GB | gtok=56629248
  [1] 27700 loss=5.0307 ppl=153.0 lr=8.27e-05 | 17372 tok/s (avg 16155) ETA n/a | GPU 1.3/2.3GB | gtok=56731648
  [1] 27750 loss=5.2734 ppl=195.1 lr=8.26e-05 | 17274 tok/s (avg 16157) ETA n/a | GPU 1.3/2.3GB | gtok=56834048
  [1] 27800 loss=4.8322 ppl=125.5 lr=8.25e-05 | 17438 tok/s (avg 16159) ETA n/a | GPU 1.3/2.3GB | gtok=56936448
  [1] 27850 loss=5.1184 ppl=167.1 lr=8.25e-05 | 17253 tok/s (avg 16160) ETA n/a | GPU 1.3/2.3GB | gtok=57038848
  [1] 27900 loss=5.0233 ppl=151.9 lr=8.24e-05 | 17502 tok/s (avg 16163) ETA n/a | GPU 1.3/2.3GB | gtok=57141248
  [1] 27950 loss=5.2428 ppl=189.2 lr=8.24e-05 | 17257 tok/s (avg 16165) ETA n/a | GPU 1.3/2.3GB | gtok=57243648
  [1] 28000 loss=4.8638 ppl=129.5 lr=8.23e-05 | 17273 tok/s (avg 16166) ETA n/a | GPU 1.3/2.3GB | gtok=57346048
  [1] 28050 loss=4.8461 ppl=127.2 lr=8.22e-05 | 17516 tok/s (avg 16169) ETA n/a | GPU 1.3/2.3GB | gtok=57448448
  [1] 28100 loss=5.2250 ppl=185.9 lr=8.22e-05 | 17307 tok/s (avg 16171) ETA n/a | GPU 1.3/2.3GB | gtok=57550848
  [1] 28150 loss=4.9711 ppl=144.2 lr=8.21e-05 | 17523 tok/s (avg 16173) ETA n/a | GPU 1.3/2.3GB | gtok=57653248
  [1] 28200 loss=5.5633 ppl=260.7 lr=8.20e-05 | 17324 tok/s (avg 16175) ETA n/a | GPU 1.3/2.3GB | gtok=57755648
  [1] 28250 loss=5.3190 ppl=204.2 lr=8.20e-05 | 17308 tok/s (avg 16177) ETA n/a | GPU 1.3/2.3GB | gtok=57858048
  [1] 28300 loss=5.5000 ppl=244.7 lr=8.19e-05 | 17547 tok/s (avg 16179) ETA n/a | GPU 1.3/2.3GB | gtok=57960448
  [1] 28350 loss=5.1737 ppl=176.6 lr=8.19e-05 | 17252 tok/s (avg 16181) ETA n/a | GPU 1.3/2.3GB | gtok=58062848
  [1] 28400 loss=5.4885 ppl=241.9 lr=8.18e-05 | 17488 tok/s (avg 16183) ETA n/a | GPU 1.3/2.3GB | gtok=58165248
  [1] 28450 loss=5.1031 ppl=164.5 lr=8.17e-05 | 17144 tok/s (avg 16184) ETA n/a | GPU 1.3/2.3GB | gtok=58267648
  [1] 28500 loss=5.2943 ppl=199.2 lr=8.17e-05 | 17476 tok/s (avg 16186) ETA n/a | GPU 1.3/2.3GB | gtok=58370048
  [1] 28550 loss=5.1000 ppl=164.0 lr=8.16e-05 | 17328 tok/s (avg 16188) ETA n/a | GPU 1.3/2.3GB | gtok=58472448
  [1] 28600 loss=4.9866 ppl=146.4 lr=8.16e-05 | 17461 tok/s (avg 16190) ETA n/a | GPU 1.3/2.3GB | gtok=58574848
  [1] 28650 loss=5.2857 ppl=197.5 lr=8.15e-05 | 17258 tok/s (avg 16192) ETA n/a | GPU 1.3/2.3GB | gtok=58677248
  [1] 28700 loss=5.5487 ppl=256.9 lr=8.14e-05 | 17290 tok/s (avg 16194) ETA n/a | GPU 1.3/2.3GB | gtok=58779648
  [1] 28750 loss=5.4278 ppl=227.6 lr=8.14e-05 | 17433 tok/s (avg 16196) ETA n/a | GPU 1.3/2.3GB | gtok=58882048
  [1] 28800 loss=5.0547 ppl=156.8 lr=8.13e-05 | 17262 tok/s (avg 16198) ETA n/a | GPU 1.3/2.3GB | gtok=58984448
  [1] 28850 loss=5.3234 ppl=205.1 lr=8.12e-05 | 17505 tok/s (avg 16200) ETA n/a | GPU 1.3/2.3GB | gtok=59086848
  [1] 28900 loss=5.3990 ppl=221.2 lr=8.12e-05 | 17205 tok/s (avg 16201) ETA n/a | GPU 1.3/2.3GB | gtok=59189248
  [1] 28950 loss=4.9747 ppl=144.7 lr=8.11e-05 | 17223 tok/s (avg 16203) ETA n/a | GPU 1.3/2.3GB | gtok=59291648
  [1] 29000 loss=5.3192 ppl=204.2 lr=8.10e-05 | 17420 tok/s (avg 16205) ETA n/a | GPU 1.3/2.3GB | gtok=59394048
  [1] 29050 loss=4.9130 ppl=136.1 lr=8.10e-05 | 17301 tok/s (avg 16207) ETA n/a | GPU 1.3/2.3GB | gtok=59496448
  [1] 29100 loss=5.5408 ppl=254.9 lr=8.09e-05 | 17472 tok/s (avg 16209) ETA n/a | GPU 1.3/2.3GB | gtok=59598848
  [1] 29150 loss=5.5524 ppl=257.9 lr=8.09e-05 | 17253 tok/s (avg 16210) ETA n/a | GPU 1.3/2.3GB | gtok=59701248
  [1] 29200 loss=5.8286 ppl=339.9 lr=8.08e-05 | 17524 tok/s (avg 16212) ETA n/a | GPU 1.3/2.3GB | gtok=59803648
  [1] 29250 loss=5.3079 ppl=201.9 lr=8.07e-05 | 17033 tok/s (avg 16214) ETA n/a | GPU 1.3/2.3GB | gtok=59906048
  [1] 29300 loss=4.9344 ppl=139.0 lr=8.07e-05 | 17253 tok/s (avg 16215) ETA n/a | GPU 1.3/2.3GB | gtok=60008448
  [1] 29350 loss=5.1128 ppl=166.1 lr=8.06e-05 | 17399 tok/s (avg 16217) ETA n/a | GPU 1.3/2.3GB | gtok=60110848
  [1] 29400 loss=5.1824 ppl=178.1 lr=8.05e-05 | 17146 tok/s (avg 16219) ETA n/a | GPU 1.3/2.3GB | gtok=60213248
  [1] 29450 loss=5.5094 ppl=247.0 lr=8.05e-05 | 17542 tok/s (avg 16221) ETA n/a | GPU 1.3/2.3GB | gtok=60315648
  [1] 29500 loss=5.2050 ppl=182.2 lr=8.04e-05 | 17263 tok/s (avg 16223) ETA n/a | GPU 1.3/2.3GB | gtok=60418048
  [1] 29550 loss=4.8674 ppl=130.0 lr=8.04e-05 | 17480 tok/s (avg 16225) ETA n/a | GPU 1.3/2.3GB | gtok=60520448
  [1] 29600 loss=5.1307 ppl=169.1 lr=8.03e-05 | 17205 tok/s (avg 16226) ETA n/a | GPU 1.3/2.3GB | gtok=60622848
  [1] 29650 loss=5.5897 ppl=267.7 lr=8.02e-05 | 17231 tok/s (avg 16228) ETA n/a | GPU 1.3/2.3GB | gtok=60725248
  [1] 29700 loss=4.9021 ppl=134.6 lr=8.02e-05 | 17476 tok/s (avg 16230) ETA n/a | GPU 1.3/2.3GB | gtok=60827648
  [1] 29750 loss=5.1964 ppl=180.6 lr=8.01e-05 | 17320 tok/s (avg 16231) ETA n/a | GPU 1.3/2.3GB | gtok=60930048
  [1] 29800 loss=5.1675 ppl=175.5 lr=8.00e-05 | 17524 tok/s (avg 16233) ETA n/a | GPU 1.3/2.3GB | gtok=61032448
  [1] 29850 loss=5.2737 ppl=195.1 lr=8.00e-05 | 17323 tok/s (avg 16235) ETA n/a | GPU 1.3/2.3GB | gtok=61134848
  [1] 29900 loss=5.1937 ppl=180.1 lr=7.99e-05 | 17433 tok/s (avg 16237) ETA n/a | GPU 1.3/2.3GB | gtok=61237248
  [1] 29950 loss=4.7392 ppl=114.3 lr=7.98e-05 | 17265 tok/s (avg 16239) ETA n/a | GPU 1.3/2.3GB | gtok=61339648
Saved checkpoint: checkpoints_v12_curriculum/base/latest.pt
  [checkpoint @ step 30000, 61,440,000 tok]
  [1] 30000 loss=5.1623 ppl=174.6 lr=7.98e-05 | 15623 tok/s (avg 16237) ETA n/a | GPU 1.3/2.3GB | gtok=61442048
  [mid-epoch sample @ batch 30000, 61,442,048 tok]
  Prompt: In 1923 , the University of
  Generated: In 1923 , the University of Illinois has been the first to identify what the country is being able to know exactly what is known about, and why it will be possible that the U.S. government is currently working on a new approach.

“These findings are important in our field research and the new study has not been published at the beginning. We can show our understanding of how many states in the world and what we do.”

A new study found that there was only one-year-old
  [1] 30050 loss=4.8949 ppl=133.6 lr=7.97e-05 | 14268 tok/s (avg 16234) ETA n/a | GPU 1.3/2.3GB | gtok=61544448
  [1] 30100 loss=5.1668 ppl=175.3 lr=7.96e-05 | 17317 tok/s (avg 16235) ETA n/a | GPU 1.3/2.3GB | gtok=61646848
  [1] 30150 loss=4.9952 ppl=147.7 lr=7.96e-05 | 17379 tok/s (avg 16237) ETA n/a | GPU 1.3/2.3GB | gtok=61749248
  [1] 30200 loss=5.6401 ppl=281.5 lr=7.95e-05 | 17165 tok/s (avg 16239) ETA n/a | GPU 1.3/2.3GB | gtok=61851648
  [1] 30250 loss=5.1785 ppl=177.4 lr=7.94e-05 | 17328 tok/s (avg 16240) ETA n/a | GPU 1.3/2.3GB | gtok=61954048
  [1] 30300 loss=5.2762 ppl=195.6 lr=7.94e-05 | 17530 tok/s (avg 16242) ETA n/a | GPU 1.3/2.3GB | gtok=62056448
  [1] 30350 loss=5.3997 ppl=221.3 lr=7.93e-05 | 17267 tok/s (avg 16244) ETA n/a | GPU 1.3/2.3GB | gtok=62158848
  [1] 30400 loss=4.8876 ppl=132.6 lr=7.93e-05 | 17464 tok/s (avg 16246) ETA n/a | GPU 1.3/2.3GB | gtok=62261248
  [1] 30450 loss=4.8845 ppl=132.2 lr=7.92e-05 | 17318 tok/s (avg 16247) ETA n/a | GPU 1.3/2.3GB | gtok=62363648
  [1] 30500 loss=5.4677 ppl=236.9 lr=7.91e-05 | 17292 tok/s (avg 16249) ETA n/a | GPU 1.3/2.3GB | gtok=62466048
  [1] 30550 loss=5.0347 ppl=153.7 lr=7.91e-05 | 17495 tok/s (avg 16251) ETA n/a | GPU 1.3/2.3GB | gtok=62568448
  [1] 30600 loss=5.2107 ppl=183.2 lr=7.90e-05 | 17316 tok/s (avg 16253) ETA n/a | GPU 1.3/2.3GB | gtok=62670848
  [1] 30650 loss=4.8040 ppl=122.0 lr=7.89e-05 | 17488 tok/s (avg 16254) ETA n/a | GPU 1.3/2.3GB | gtok=62773248
  [1] 30700 loss=5.1621 ppl=174.5 lr=7.89e-05 | 17257 tok/s (avg 16256) ETA n/a | GPU 1.3/2.3GB | gtok=62875648
  [1] 30750 loss=5.3768 ppl=216.3 lr=7.88e-05 | 17502 tok/s (avg 16258) ETA n/a | GPU 1.3/2.3GB | gtok=62978048
  [1] 30800 loss=4.9302 ppl=138.4 lr=7.87e-05 | 17222 tok/s (avg 16259) ETA n/a | GPU 1.3/2.3GB | gtok=63080448
  [1] 30850 loss=5.1214 ppl=167.6 lr=7.87e-05 | 17341 tok/s (avg 16261) ETA n/a | GPU 1.3/2.3GB | gtok=63182848
  [1] 30900 loss=5.1124 ppl=166.1 lr=7.86e-05 | 17563 tok/s (avg 16263) ETA n/a | GPU 1.3/2.3GB | gtok=63285248
  [1] 30950 loss=5.1159 ppl=166.7 lr=7.85e-05 | 17231 tok/s (avg 16264) ETA n/a | GPU 1.3/2.3GB | gtok=63387648
  [1] 31000 loss=4.6996 ppl=109.9 lr=7.85e-05 | 17488 tok/s (avg 16266) ETA n/a | GPU 1.3/2.3GB | gtok=63490048
  [1] 31050 loss=5.4192 ppl=225.7 lr=7.84e-05 | 17336 tok/s (avg 16268) ETA n/a | GPU 1.3/2.3GB | gtok=63592448
  [1] 31100 loss=4.5805 ppl=97.6 lr=7.83e-05 | 17488 tok/s (avg 16270) ETA n/a | GPU 1.3/2.3GB | gtok=63694848
  [1] 31150 loss=5.1016 ppl=164.3 lr=7.83e-05 | 17349 tok/s (avg 16271) ETA n/a | GPU 1.3/2.3GB | gtok=63797248
  [1] 31200 loss=5.2858 ppl=197.5 lr=7.82e-05 | 17279 tok/s (avg 16273) ETA n/a | GPU 1.3/2.3GB | gtok=63899648
  [1] 31250 loss=4.8632 ppl=129.4 lr=7.81e-05 | 17468 tok/s (avg 16275) ETA n/a | GPU 1.3/2.3GB | gtok=64002048
  [1] 31300 loss=5.2044 ppl=182.1 lr=7.81e-05 | 17271 tok/s (avg 16276) ETA n/a | GPU 1.3/2.3GB | gtok=64104448
  [1] 31350 loss=4.9025 ppl=134.6 lr=7.80e-05 | 17427 tok/s (avg 16278) ETA n/a | GPU 1.3/2.3GB | gtok=64206848
  [1] 31400 loss=4.9939 ppl=147.5 lr=7.79e-05 | 17196 tok/s (avg 16279) ETA n/a | GPU 1.3/2.3GB | gtok=64309248
  [1] 31450 loss=4.9592 ppl=142.5 lr=7.79e-05 | 17499 tok/s (avg 16281) ETA n/a | GPU 1.3/2.3GB | gtok=64411648
  [1] 31500 loss=5.0924 ppl=162.8 lr=7.78e-05 | 17226 tok/s (avg 16282) ETA n/a | GPU 1.3/2.3GB | gtok=64514048
  [1] 31550 loss=5.0978 ppl=163.7 lr=7.77e-05 | 17326 tok/s (avg 16284) ETA n/a | GPU 1.3/2.3GB | gtok=64616448
  [1] 31600 loss=4.8396 ppl=126.4 lr=7.77e-05 | 17571 tok/s (avg 16286) ETA n/a | GPU 1.3/2.3GB | gtok=64718848
  [1] 31650 loss=5.2995 ppl=200.2 lr=7.76e-05 | 17361 tok/s (avg 16287) ETA n/a | GPU 1.3/2.3GB | gtok=64821248
  [1] 31700 loss=5.0336 ppl=153.5 lr=7.75e-05 | 17441 tok/s (avg 16289) ETA n/a | GPU 1.3/2.3GB | gtok=64923648
  [1] 31750 loss=5.3007 ppl=200.5 lr=7.75e-05 | 17198 tok/s (avg 16290) ETA n/a | GPU 1.3/2.3GB | gtok=65026048
  [1] 31800 loss=4.8179 ppl=123.7 lr=7.74e-05 | 17488 tok/s (avg 16292) ETA n/a | GPU 1.3/2.3GB | gtok=65128448
  [1] 31850 loss=5.0027 ppl=148.8 lr=7.73e-05 | 17251 tok/s (avg 16294) ETA n/a | GPU 1.3/2.3GB | gtok=65230848
  [1] 31900 loss=5.5390 ppl=254.4 lr=7.73e-05 | 17120 tok/s (avg 16295) ETA n/a | GPU 1.3/2.3GB | gtok=65333248
  [1] 31950 loss=5.1543 ppl=173.2 lr=7.72e-05 | 17518 tok/s (avg 16297) ETA n/a | GPU 1.3/2.3GB | gtok=65435648
  [1] 32000 loss=4.7574 ppl=116.4 lr=7.71e-05 | 17289 tok/s (avg 16298) ETA n/a | GPU 1.3/2.3GB | gtok=65538048
  [1] 32050 loss=5.0997 ppl=164.0 lr=7.71e-05 | 17419 tok/s (avg 16300) ETA n/a | GPU 1.3/2.3GB | gtok=65640448
  [1] 32100 loss=5.0606 ppl=157.7 lr=7.70e-05 | 17166 tok/s (avg 16301) ETA n/a | GPU 1.3/2.3GB | gtok=65742848
  [1] 32150 loss=5.0103 ppl=150.0 lr=7.69e-05 | 17215 tok/s (avg 16302) ETA n/a | GPU 1.3/2.3GB | gtok=65845248
  [1] 32200 loss=4.8442 ppl=127.0 lr=7.69e-05 | 17468 tok/s (avg 16304) ETA n/a | GPU 1.3/2.3GB | gtok=65947648
  [1] 32250 loss=5.0944 ppl=163.1 lr=7.68e-05 | 17323 tok/s (avg 16306) ETA n/a | GPU 1.3/2.3GB | gtok=66050048
  [1] 32300 loss=4.9639 ppl=143.2 lr=7.67e-05 | 17532 tok/s (avg 16307) ETA n/a | GPU 1.3/2.3GB | gtok=66152448
  [1] 32350 loss=5.1957 ppl=180.5 lr=7.67e-05 | 17236 tok/s (avg 16309) ETA n/a | GPU 1.3/2.3GB | gtok=66254848
  [1] 32400 loss=5.0998 ppl=164.0 lr=7.66e-05 | 17473 tok/s (avg 16310) ETA n/a | GPU 1.3/2.3GB | gtok=66357248
  [1] 32450 loss=4.9268 ppl=137.9 lr=7.65e-05 | 17241 tok/s (avg 16312) ETA n/a | GPU 1.3/2.3GB | gtok=66459648
  [1] 32500 loss=5.1615 ppl=174.4 lr=7.64e-05 | 17248 tok/s (avg 16313) ETA n/a | GPU 1.3/2.3GB | gtok=66562048
  [1] 32550 loss=5.2932 ppl=199.0 lr=7.64e-05 | 17406 tok/s (avg 16315) ETA n/a | GPU 1.3/2.3GB | gtok=66664448
  [1] 32600 loss=5.3811 ppl=217.3 lr=7.63e-05 | 17214 tok/s (avg 16316) ETA n/a | GPU 1.3/2.3GB | gtok=66766848
  [1] 32650 loss=5.0220 ppl=151.7 lr=7.62e-05 | 17329 tok/s (avg 16317) ETA n/a | GPU 1.3/2.3GB | gtok=66869248
  [1] 32700 loss=5.1754 ppl=176.9 lr=7.62e-05 | 17271 tok/s (avg 16319) ETA n/a | GPU 1.3/2.3GB | gtok=66971648
  [1] 32750 loss=5.2271 ppl=186.2 lr=7.61e-05 | 17308 tok/s (avg 16320) ETA n/a | GPU 1.3/2.3GB | gtok=67074048
  [1] 32800 loss=4.9893 ppl=146.8 lr=7.60e-05 | 17242 tok/s (avg 16322) ETA n/a | GPU 1.3/2.3GB | gtok=67176448
  [1] 32850 loss=5.1568 ppl=173.6 lr=7.60e-05 | 17351 tok/s (avg 16323) ETA n/a | GPU 1.3/2.3GB | gtok=67278848
  [1] 32900 loss=5.1048 ppl=164.8 lr=7.59e-05 | 17436 tok/s (avg 16325) ETA n/a | GPU 1.3/2.3GB | gtok=67381248
  [1] 32950 loss=5.2522 ppl=191.0 lr=7.58e-05 | 17165 tok/s (avg 16326) ETA n/a | GPU 1.3/2.3GB | gtok=67483648
  [1] 33000 loss=5.4189 ppl=225.6 lr=7.58e-05 | 17350 tok/s (avg 16327) ETA n/a | GPU 1.3/2.3GB | gtok=67586048
  [1] 33050 loss=4.8829 ppl=132.0 lr=7.57e-05 | 17230 tok/s (avg 16329) ETA n/a | GPU 1.3/2.3GB | gtok=67688448
  [1] 33100 loss=4.7334 ppl=113.7 lr=7.56e-05 | 17139 tok/s (avg 16330) ETA n/a | GPU 1.3/2.3GB | gtok=67790848
  [1] 33150 loss=5.2398 ppl=188.6 lr=7.56e-05 | 17247 tok/s (avg 16331) ETA n/a | GPU 1.3/2.3GB | gtok=67893248
  [1] 33200 loss=4.8139 ppl=123.2 lr=7.55e-05 | 17211 tok/s (avg 16332) ETA n/a | GPU 1.3/2.3GB | gtok=67995648
  [1] 33250 loss=5.0265 ppl=152.4 lr=7.54e-05 | 17435 tok/s (avg 16334) ETA n/a | GPU 1.3/2.3GB | gtok=68098048
  [1] 33300 loss=5.1862 ppl=178.8 lr=7.53e-05 | 17264 tok/s (avg 16335) ETA n/a | GPU 1.3/2.3GB | gtok=68200448
  [1] 33350 loss=4.6930 ppl=109.2 lr=7.53e-05 | 17501 tok/s (avg 16337) ETA n/a | GPU 1.3/2.3GB | gtok=68302848
  [1] 33400 loss=4.9762 ppl=144.9 lr=7.52e-05 | 17363 tok/s (avg 16338) ETA n/a | GPU 1.3/2.3GB | gtok=68405248
  [1] 33450 loss=5.3867 ppl=218.5 lr=7.51e-05 | 17435 tok/s (avg 16340) ETA n/a | GPU 1.3/2.3GB | gtok=68507648
  [1] 33500 loss=5.3388 ppl=208.3 lr=7.51e-05 | 17263 tok/s (avg 16341) ETA n/a | GPU 1.3/2.3GB | gtok=68610048
  [1] 33550 loss=4.8179 ppl=123.7 lr=7.50e-05 | 17334 tok/s (avg 16342) ETA n/a | GPU 1.3/2.3GB | gtok=68712448
  [1] 33600 loss=5.2245 ppl=185.8 lr=7.49e-05 | 17487 tok/s (avg 16344) ETA n/a | GPU 1.3/2.3GB | gtok=68814848
  [1] 33650 loss=5.1060 ppl=165.0 lr=7.49e-05 | 17265 tok/s (avg 16345) ETA n/a | GPU 1.3/2.3GB | gtok=68917248
  [1] 33700 loss=4.7820 ppl=119.3 lr=7.48e-05 | 17465 tok/s (avg 16347) ETA n/a | GPU 1.3/2.3GB | gtok=69019648
  [1] 33750 loss=5.8095 ppl=333.5 lr=7.47e-05 | 17182 tok/s (avg 16348) ETA n/a | GPU 1.3/2.3GB | gtok=69122048
  [1] 33800 loss=4.8082 ppl=122.5 lr=7.47e-05 | 17291 tok/s (avg 16349) ETA n/a | GPU 1.3/2.3GB | gtok=69224448
  [1] 33850 loss=4.8552 ppl=128.4 lr=7.46e-05 | 17459 tok/s (avg 16351) ETA n/a | GPU 1.3/2.3GB | gtok=69326848
  [1] 33900 loss=5.0141 ppl=150.5 lr=7.45e-05 | 17265 tok/s (avg 16352) ETA n/a | GPU 1.3/2.3GB | gtok=69429248
  [1] 33950 loss=4.7016 ppl=110.1 lr=7.44e-05 | 17549 tok/s (avg 16354) ETA n/a | GPU 1.3/2.3GB | gtok=69531648
  [1] 34000 loss=4.7617 ppl=116.9 lr=7.44e-05 | 17128 tok/s (avg 16355) ETA n/a | GPU 1.3/2.3GB | gtok=69634048
  [1] 34050 loss=4.9820 ppl=145.8 lr=7.43e-05 | 17543 tok/s (avg 16357) ETA n/a | GPU 1.3/2.3GB | gtok=69736448
  [1] 34100 loss=4.7492 ppl=115.5 lr=7.42e-05 | 17241 tok/s (avg 16358) ETA n/a | GPU 1.3/2.3GB | gtok=69838848
  [1] 34150 loss=5.2897 ppl=198.3 lr=7.42e-05 | 17251 tok/s (avg 16359) ETA n/a | GPU 1.3/2.3GB | gtok=69941248
  [1] 34200 loss=4.8345 ppl=125.8 lr=7.41e-05 | 17283 tok/s (avg 16360) ETA n/a | GPU 1.3/2.3GB | gtok=70043648
  [1] 34250 loss=4.9471 ppl=140.8 lr=7.40e-05 | 17260 tok/s (avg 16362) ETA n/a | GPU 1.3/2.3GB | gtok=70146048
  [1] 34300 loss=4.8874 ppl=132.6 lr=7.39e-05 | 17456 tok/s (avg 16363) ETA n/a | GPU 1.3/2.3GB | gtok=70248448
  [1] 34350 loss=5.2598 ppl=192.4 lr=7.39e-05 | 17251 tok/s (avg 16364) ETA n/a | GPU 1.3/2.3GB | gtok=70350848
  [1] 34400 loss=5.3627 ppl=213.3 lr=7.38e-05 | 17412 tok/s (avg 16366) ETA n/a | GPU 1.3/2.3GB | gtok=70453248
  [1] 34450 loss=5.0880 ppl=162.1 lr=7.37e-05 | 17270 tok/s (avg 16367) ETA n/a | GPU 1.3/2.3GB | gtok=70555648
  [1] 34500 loss=5.0057 ppl=149.3 lr=7.37e-05 | 17259 tok/s (avg 16368) ETA n/a | GPU 1.3/2.3GB | gtok=70658048
  [1] 34550 loss=4.9626 ppl=143.0 lr=7.36e-05 | 17438 tok/s (avg 16370) ETA n/a | GPU 1.3/2.3GB | gtok=70760448
  [1] 34600 loss=4.9109 ppl=135.8 lr=7.35e-05 | 17326 tok/s (avg 16371) ETA n/a | GPU 1.3/2.3GB | gtok=70862848
  [1] 34650 loss=5.3975 ppl=220.9 lr=7.35e-05 | 17489 tok/s (avg 16372) ETA n/a | GPU 1.3/2.3GB | gtok=70965248
  [1] 34700 loss=5.1100 ppl=165.7 lr=7.34e-05 | 17212 tok/s (avg 16374) ETA n/a | GPU 1.3/2.3GB | gtok=71067648
  [1] 34750 loss=5.2003 ppl=181.3 lr=7.33e-05 | 17501 tok/s (avg 16375) ETA n/a | GPU 1.3/2.3GB | gtok=71170048
  [1] 34800 loss=5.1132 ppl=166.2 lr=7.32e-05 | 17227 tok/s (avg 16376) ETA n/a | GPU 1.3/2.3GB | gtok=71272448
  [1] 34850 loss=4.8787 ppl=131.5 lr=7.32e-05 | 17347 tok/s (avg 16378) ETA n/a | GPU 1.3/2.3GB | gtok=71374848
  [1] 34900 loss=4.9447 ppl=140.4 lr=7.31e-05 | 17482 tok/s (avg 16379) ETA n/a | GPU 1.3/2.3GB | gtok=71477248
  [1] 34950 loss=5.3354 ppl=207.5 lr=7.30e-05 | 17309 tok/s (avg 16380) ETA n/a | GPU 1.3/2.3GB | gtok=71579648
Saved checkpoint: checkpoints_v12_curriculum/base/latest.pt
  [checkpoint @ step 35000, 71,680,000 tok]
  [1] 35000 loss=4.6651 ppl=106.2 lr=7.30e-05 | 15928 tok/s (avg 16380) ETA n/a | GPU 1.3/2.3GB | gtok=71682048
  [mid-epoch sample @ batch 35000, 71,682,048 tok]
  Prompt: In 1923 , the University of
  Generated: In 1923 , the University of California, Canada and the U.S., has also been able to identify both the state and local level, with more than two-year-old children in Australia.

The American Society of Education (A) was first published by the New York Times.

To know what a child can have, I'm reading the story. The New York Times, which was a young boy who was in love with them, was a young woman who was born into the West, had her children
  [1] 35050 loss=5.2116 ppl=183.4 lr=7.29e-05 | 14097 tok/s (avg 16376) ETA n/a | GPU 1.3/2.3GB | gtok=71784448
  [1] 35100 loss=5.0746 ppl=159.9 lr=7.28e-05 | 17307 tok/s (avg 16377) ETA n/a | GPU 1.3/2.3GB | gtok=71886848
  [1] 35150 loss=4.9368 ppl=139.3 lr=7.27e-05 | 17420 tok/s (avg 16379) ETA n/a | GPU 1.3/2.3GB | gtok=71989248
  [1] 35200 loss=4.9054 ppl=135.0 lr=7.27e-05 | 17354 tok/s (avg 16380) ETA n/a | GPU 1.3/2.3GB | gtok=72091648
  [1] 35250 loss=4.6319 ppl=102.7 lr=7.26e-05 | 17492 tok/s (avg 16381) ETA n/a | GPU 1.3/2.3GB | gtok=72194048
  [1] 35300 loss=5.1187 ppl=167.1 lr=7.25e-05 | 17349 tok/s (avg 16383) ETA n/a | GPU 1.3/2.3GB | gtok=72296448
  [1] 35350 loss=5.2381 ppl=188.3 lr=7.25e-05 | 17387 tok/s (avg 16384) ETA n/a | GPU 1.3/2.3GB | gtok=72398848
  [1] 35400 loss=4.8680 ppl=130.1 lr=7.24e-05 | 17304 tok/s (avg 16385) ETA n/a | GPU 1.3/2.3GB | gtok=72501248
  [1] 35450 loss=4.9934 ppl=147.4 lr=7.23e-05 | 17298 tok/s (avg 16386) ETA n/a | GPU 1.3/2.3GB | gtok=72603648
  [1] 35500 loss=4.4059 ppl=81.9 lr=7.22e-05 | 17509 tok/s (avg 16388) ETA n/a | GPU 1.3/2.3GB | gtok=72706048
  [1] 35550 loss=5.0290 ppl=152.8 lr=7.22e-05 | 17323 tok/s (avg 16389) ETA n/a | GPU 1.3/2.3GB | gtok=72808448
  [1] 35600 loss=4.7753 ppl=118.5 lr=7.21e-05 | 17418 tok/s (avg 16390) ETA n/a | GPU 1.3/2.3GB | gtok=72910848
  [1] 35650 loss=5.3927 ppl=219.8 lr=7.20e-05 | 17200 tok/s (avg 16392) ETA n/a | GPU 1.3/2.3GB | gtok=73013248
  [1] 35700 loss=4.6159 ppl=101.1 lr=7.19e-05 | 17493 tok/s (avg 16393) ETA n/a | GPU 1.3/2.3GB | gtok=73115648
  [1] 35750 loss=4.5555 ppl=95.2 lr=7.19e-05 | 17204 tok/s (avg 16394) ETA n/a | GPU 1.3/2.3GB | gtok=73218048
  [1] 35800 loss=5.1984 ppl=181.0 lr=7.18e-05 | 17107 tok/s (avg 16395) ETA n/a | GPU 1.3/2.3GB | gtok=73320448
  [1] 35850 loss=4.6541 ppl=105.0 lr=7.17e-05 | 17293 tok/s (avg 16396) ETA n/a | GPU 1.3/2.3GB | gtok=73422848
  [1] 35900 loss=4.9489 ppl=141.0 lr=7.17e-05 | 17136 tok/s (avg 16397) ETA n/a | GPU 1.3/2.3GB | gtok=73525248
  [1] 35950 loss=5.6868 ppl=295.0 lr=7.16e-05 | 17442 tok/s (avg 16399) ETA n/a | GPU 1.3/2.3GB | gtok=73627648
  [1] 36000 loss=4.6346 ppl=103.0 lr=7.15e-05 | 17227 tok/s (avg 16400) ETA n/a | GPU 1.3/2.3GB | gtok=73730048
  [1] 36050 loss=4.7550 ppl=116.2 lr=7.14e-05 | 17239 tok/s (avg 16401) ETA n/a | GPU 1.3/2.3GB | gtok=73832448
  [1] 36100 loss=5.3207 ppl=204.5 lr=7.14e-05 | 17581 tok/s (avg 16402) ETA n/a | GPU 1.3/2.3GB | gtok=73934848
  [1] 36150 loss=4.8707 ppl=130.4 lr=7.13e-05 | 17298 tok/s (avg 16403) ETA n/a | GPU 1.3/2.3GB | gtok=74037248
  [1] 36200 loss=4.3205 ppl=75.2 lr=7.12e-05 | 17437 tok/s (avg 16405) ETA n/a | GPU 1.3/2.3GB | gtok=74139648
  [1] 36250 loss=4.7068 ppl=110.7 lr=7.12e-05 | 17256 tok/s (avg 16406) ETA n/a | GPU 1.3/2.3GB | gtok=74242048
  [1] 36300 loss=5.4048 ppl=222.5 lr=7.11e-05 | 17352 tok/s (avg 16407) ETA n/a | GPU 1.3/2.3GB | gtok=74344448
  [1] 36350 loss=5.0477 ppl=155.7 lr=7.10e-05 | 17276 tok/s (avg 16408) ETA n/a | GPU 1.3/2.3GB | gtok=74446848
  [1] 36400 loss=4.7263 ppl=112.9 lr=7.09e-05 | 17248 tok/s (avg 16409) ETA n/a | GPU 1.3/2.3GB | gtok=74549248
  [1] 36450 loss=5.1097 ppl=165.6 lr=7.09e-05 | 17337 tok/s (avg 16411) ETA n/a | GPU 1.3/2.3GB | gtok=74651648
  [1] 36500 loss=5.5916 ppl=268.2 lr=7.08e-05 | 17146 tok/s (avg 16412) ETA n/a | GPU 1.3/2.3GB | gtok=74754048
  [1] 36550 loss=5.0044 ppl=149.1 lr=7.07e-05 | 17341 tok/s (avg 16413) ETA n/a | GPU 1.3/2.3GB | gtok=74856448
  [1] 36600 loss=4.6789 ppl=107.7 lr=7.06e-05 | 17228 tok/s (avg 16414) ETA n/a | GPU 1.3/2.3GB | gtok=74958848
  [1] 36650 loss=4.6946 ppl=109.4 lr=7.06e-05 | 17513 tok/s (avg 16415) ETA n/a | GPU 1.3/2.3GB | gtok=75061248
  [1] 36700 loss=5.1718 ppl=176.2 lr=7.05e-05 | 17190 tok/s (avg 16416) ETA n/a | GPU 1.3/2.3GB | gtok=75163648
  [1] 36750 loss=4.8822 ppl=131.9 lr=7.04e-05 | 17275 tok/s (avg 16417) ETA n/a | GPU 1.3/2.3GB | gtok=75266048
  [1] 36800 loss=4.7304 ppl=113.3 lr=7.03e-05 | 17432 tok/s (avg 16419) ETA n/a | GPU 1.3/2.3GB | gtok=75368448
  [1] 36850 loss=5.3186 ppl=204.1 lr=7.03e-05 | 17329 tok/s (avg 16420) ETA n/a | GPU 1.3/2.3GB | gtok=75470848
  [1] 36900 loss=4.8184 ppl=123.8 lr=7.02e-05 | 17479 tok/s (avg 16421) ETA n/a | GPU 1.3/2.3GB | gtok=75573248
  [1] 36950 loss=4.7181 ppl=112.0 lr=7.01e-05 | 17282 tok/s (avg 16422) ETA n/a | GPU 1.3/2.3GB | gtok=75675648
  [1] 37000 loss=4.8389 ppl=126.3 lr=7.01e-05 | 17424 tok/s (avg 16424) ETA n/a | GPU 1.3/2.3GB | gtok=75778048
  [1] 37050 loss=5.0247 ppl=152.1 lr=7.00e-05 | 17229 tok/s (avg 16425) ETA n/a | GPU 1.3/2.3GB | gtok=75880448
  [1] 37100 loss=4.8370 ppl=126.1 lr=6.99e-05 | 17207 tok/s (avg 16426) ETA n/a | GPU 1.3/2.3GB | gtok=75982848
  [1] 37150 loss=4.4500 ppl=85.6 lr=6.98e-05 | 17391 tok/s (avg 16427) ETA n/a | GPU 1.3/2.3GB | gtok=76085248
  [1] 37200 loss=5.2042 ppl=182.0 lr=6.98e-05 | 17295 tok/s (avg 16428) ETA n/a | GPU 1.3/2.3GB | gtok=76187648
  [1] 37250 loss=4.9224 ppl=137.3 lr=6.97e-05 | 17370 tok/s (avg 16429) ETA n/a | GPU 1.3/2.3GB | gtok=76290048
  [1] 37300 loss=4.9036 ppl=134.8 lr=6.96e-05 | 17274 tok/s (avg 16430) ETA n/a | GPU 1.3/2.3GB | gtok=76392448
  [1] 37350 loss=4.7763 ppl=118.7 lr=6.95e-05 | 17269 tok/s (avg 16431) ETA n/a | GPU 1.3/2.3GB | gtok=76494848
  [1] 37400 loss=4.5098 ppl=90.9 lr=6.95e-05 | 17438 tok/s (avg 16433) ETA n/a | GPU 1.3/2.3GB | gtok=76597248
  [1] 37450 loss=5.3933 ppl=219.9 lr=6.94e-05 | 17280 tok/s (avg 16434) ETA n/a | GPU 1.3/2.3GB | gtok=76699648
  [1] 37500 loss=5.0519 ppl=156.3 lr=6.93e-05 | 17414 tok/s (avg 16435) ETA n/a | GPU 1.3/2.3GB | gtok=76802048
  [1] 37550 loss=5.0135 ppl=150.4 lr=6.92e-05 | 17377 tok/s (avg 16436) ETA n/a | GPU 1.3/2.3GB | gtok=76904448
  [1] 37600 loss=4.9828 ppl=145.9 lr=6.92e-05 | 17414 tok/s (avg 16437) ETA n/a | GPU 1.3/2.3GB | gtok=77006848
  [1] 37650 loss=5.5854 ppl=266.5 lr=6.91e-05 | 17247 tok/s (avg 16438) ETA n/a | GPU 1.3/2.3GB | gtok=77109248
  [1] 37700 loss=4.9405 ppl=139.8 lr=6.90e-05 | 17216 tok/s (avg 16439) ETA n/a | GPU 1.3/2.3GB | gtok=77211648
  [1] 37750 loss=4.6863 ppl=108.4 lr=6.89e-05 | 17421 tok/s (avg 16440) ETA n/a | GPU 1.3/2.3GB | gtok=77314048
  [1] 37800 loss=5.3217 ppl=204.7 lr=6.89e-05 | 17273 tok/s (avg 16442) ETA n/a | GPU 1.3/2.3GB | gtok=77416448
  [1] 37850 loss=5.0216 ppl=151.6 lr=6.88e-05 | 17477 tok/s (avg 16443) ETA n/a | GPU 1.3/2.3GB | gtok=77518848
  [1] 37900 loss=4.6240 ppl=101.9 lr=6.87e-05 | 17292 tok/s (avg 16444) ETA n/a | GPU 1.3/2.3GB | gtok=77621248
  [1] 37950 loss=4.8288 ppl=125.1 lr=6.86e-05 | 17530 tok/s (avg 16445) ETA n/a | GPU 1.3/2.3GB | gtok=77723648
  [1] 38000 loss=4.4399 ppl=84.8 lr=6.86e-05 | 17238 tok/s (avg 16446) ETA n/a | GPU 1.3/2.3GB | gtok=77826048
  [1] 38050 loss=4.8796 ppl=131.6 lr=6.85e-05 | 17269 tok/s (avg 16447) ETA n/a | GPU 1.3/2.3GB | gtok=77928448
  [1] 38100 loss=4.5789 ppl=97.4 lr=6.84e-05 | 17487 tok/s (avg 16449) ETA n/a | GPU 1.3/2.3GB | gtok=78030848
  [1] 38150 loss=4.8075 ppl=122.4 lr=6.83e-05 | 17225 tok/s (avg 16450) ETA n/a | GPU 1.3/2.3GB | gtok=78133248
  [1] 38200 loss=5.0717 ppl=159.4 lr=6.83e-05 | 17445 tok/s (avg 16451) ETA n/a | GPU 1.3/2.3GB | gtok=78235648
  [1] 38250 loss=5.4960 ppl=243.7 lr=6.82e-05 | 17272 tok/s (avg 16452) ETA n/a | GPU 1.3/2.3GB | gtok=78338048
  [1] 38300 loss=5.1107 ppl=165.8 lr=6.81e-05 | 17487 tok/s (avg 16453) ETA n/a | GPU 1.3/2.3GB | gtok=78440448
  [1] 38350 loss=5.1998 ppl=181.2 lr=6.80e-05 | 17259 tok/s (avg 16454) ETA n/a | GPU 1.3/2.3GB | gtok=78542848
  [1] 38400 loss=4.8922 ppl=133.2 lr=6.80e-05 | 17334 tok/s (avg 16455) ETA n/a | GPU 1.3/2.3GB | gtok=78645248
  [1] 38450 loss=5.0807 ppl=160.9 lr=6.79e-05 | 17545 tok/s (avg 16456) ETA n/a | GPU 1.3/2.3GB | gtok=78747648
  [1] 38500 loss=5.0333 ppl=153.4 lr=6.78e-05 | 17296 tok/s (avg 16457) ETA n/a | GPU 1.3/2.3GB | gtok=78850048
  [1] 38550 loss=4.9428 ppl=140.2 lr=6.77e-05 | 17403 tok/s (avg 16459) ETA n/a | GPU 1.3/2.3GB | gtok=78952448
  [1] 38600 loss=4.8356 ppl=125.9 lr=6.77e-05 | 17252 tok/s (avg 16460) ETA n/a | GPU 1.3/2.3GB | gtok=79054848
  [1] 38650 loss=4.7947 ppl=120.9 lr=6.76e-05 | 17349 tok/s (avg 16461) ETA n/a | GPU 1.3/2.3GB | gtok=79157248
  [1] 38700 loss=4.5477 ppl=94.4 lr=6.75e-05 | 17500 tok/s (avg 16462) ETA n/a | GPU 1.3/2.3GB | gtok=79259648
  [1] 38750 loss=4.7056 ppl=110.6 lr=6.74e-05 | 17276 tok/s (avg 16463) ETA n/a | GPU 1.3/2.3GB | gtok=79362048
  [1] 38800 loss=4.8055 ppl=122.2 lr=6.74e-05 | 17626 tok/s (avg 16464) ETA n/a | GPU 1.3/2.3GB | gtok=79464448
  [1] 38850 loss=5.2033 ppl=181.9 lr=6.73e-05 | 17210 tok/s (avg 16465) ETA n/a | GPU 1.3/2.3GB | gtok=79566848
  [1] 38900 loss=5.2424 ppl=189.1 lr=6.72e-05 | 17456 tok/s (avg 16466) ETA n/a | GPU 1.3/2.3GB | gtok=79669248
  [1] 38950 loss=5.0322 ppl=153.3 lr=6.71e-05 | 17308 tok/s (avg 16468) ETA n/a | GPU 1.3/2.3GB | gtok=79771648
  [1] 39000 loss=5.1083 ppl=165.4 lr=6.71e-05 | 17255 tok/s (avg 16468) ETA n/a | GPU 1.3/2.3GB | gtok=79874048
  [1] 39050 loss=5.0142 ppl=150.5 lr=6.70e-05 | 17246 tok/s (avg 16469) ETA n/a | GPU 1.3/2.3GB | gtok=79976448
  [1] 39100 loss=5.0220 ppl=151.7 lr=6.69e-05 | 17289 tok/s (avg 16470) ETA n/a | GPU 1.3/2.3GB | gtok=80078848
  [1] 39150 loss=4.4201 ppl=83.1 lr=6.68e-05 | 17438 tok/s (avg 16472) ETA n/a | GPU 1.3/2.3GB | gtok=80181248
  [1] 39200 loss=5.1333 ppl=169.6 lr=6.68e-05 | 17080 tok/s (avg 16472) ETA n/a | GPU 1.3/2.3GB | gtok=80283648
  [1] 39250 loss=4.7616 ppl=116.9 lr=6.67e-05 | 17413 tok/s (avg 16473) ETA n/a | GPU 1.3/2.3GB | gtok=80386048
  [1] 39300 loss=5.2338 ppl=187.5 lr=6.66e-05 | 17272 tok/s (avg 16474) ETA n/a | GPU 1.3/2.3GB | gtok=80488448
  [1] 39350 loss=4.8744 ppl=130.9 lr=6.65e-05 | 17252 tok/s (avg 16475) ETA n/a | GPU 1.3/2.3GB | gtok=80590848
  [1] 39400 loss=4.8956 ppl=133.7 lr=6.65e-05 | 17510 tok/s (avg 16477) ETA n/a | GPU 1.3/2.3GB | gtok=80693248
  [1] 39450 loss=5.1073 ppl=165.2 lr=6.64e-05 | 17359 tok/s (avg 16478) ETA n/a | GPU 1.3/2.3GB | gtok=80795648
  [1] 39500 loss=5.2330 ppl=187.4 lr=6.63e-05 | 17547 tok/s (avg 16479) ETA n/a | GPU 1.3/2.3GB | gtok=80898048
  [1] 39550 loss=4.9236 ppl=137.5 lr=6.62e-05 | 17261 tok/s (avg 16480) ETA n/a | GPU 1.3/2.3GB | gtok=81000448
  [1] 39600 loss=4.6045 ppl=99.9 lr=6.62e-05 | 17484 tok/s (avg 16481) ETA n/a | GPU 1.3/2.3GB | gtok=81102848
  [1] 39650 loss=4.7309 ppl=113.4 lr=6.61e-05 | 17286 tok/s (avg 16482) ETA n/a | GPU 1.3/2.3GB | gtok=81205248
  [1] 39700 loss=4.8339 ppl=125.7 lr=6.60e-05 | 17278 tok/s (avg 16483) ETA n/a | GPU 1.3/2.3GB | gtok=81307648
  [1] 39750 loss=5.4320 ppl=228.6 lr=6.59e-05 | 17448 tok/s (avg 16484) ETA n/a | GPU 1.3/2.3GB | gtok=81410048
  [1] 39800 loss=4.7263 ppl=112.9 lr=6.59e-05 | 17289 tok/s (avg 16485) ETA n/a | GPU 1.3/2.3GB | gtok=81512448
  [1] 39850 loss=5.3271 ppl=205.8 lr=6.58e-05 | 17392 tok/s (avg 16486) ETA n/a | GPU 1.3/2.3GB | gtok=81614848
  [1] 39900 loss=4.7509 ppl=115.7 lr=6.57e-05 | 17177 tok/s (avg 16487) ETA n/a | GPU 1.3/2.3GB | gtok=81717248
  [1] 39950 loss=5.1575 ppl=173.7 lr=6.56e-05 | 17246 tok/s (avg 16488) ETA n/a | GPU 1.3/2.3GB | gtok=81819648
Saved checkpoint: checkpoints_v12_curriculum/base/latest.pt
  [checkpoint @ step 40000, 81,920,000 tok]
  [1] 40000 loss=4.3700 ppl=79.0 lr=6.55e-05 | 15921 tok/s (avg 16487) ETA n/a | GPU 1.3/2.3GB | gtok=81922048
  [mid-epoch sample @ batch 40000, 81,922,048 tok]
  Prompt: In 1923 , the University of
  Generated: In 1923 , the University of York City found that he had a high degree of interest in the field. The student was at the center of his life, and it became the first to use his own knowledge in the form of one of his or her works.

The work is made by the University of Texas who was at the beginning of his time and now he got to use it as a kind of skill for the school’s to be able to create an ability to create a new language.<|endoftext|>Ezler
  [1] 40050 loss=5.1783 ppl=177.4 lr=6.55e-05 | 13679 tok/s (avg 16483) ETA n/a | GPU 1.3/2.3GB | gtok=82024448
  [1] 40100 loss=5.1570 ppl=173.6 lr=6.54e-05 | 17325 tok/s (avg 16484) ETA n/a | GPU 1.3/2.3GB | gtok=82126848
  [1] 40150 loss=5.6714 ppl=290.5 lr=6.53e-05 | 17097 tok/s (avg 16485) ETA n/a | GPU 1.3/2.3GB | gtok=82229248
  [1] 40200 loss=4.8816 ppl=131.8 lr=6.52e-05 | 17321 tok/s (avg 16486) ETA n/a | GPU 1.3/2.3GB | gtok=82331648
  [1] 40250 loss=4.7677 ppl=117.6 lr=6.52e-05 | 17210 tok/s (avg 16487) ETA n/a | GPU 1.3/2.3GB | gtok=82434048
  [1] 40300 loss=4.8865 ppl=132.5 lr=6.51e-05 | 17057 tok/s (avg 16487) ETA n/a | GPU 1.3/2.3GB | gtok=82536448
  [1] 40350 loss=5.0711 ppl=159.4 lr=6.50e-05 | 17477 tok/s (avg 16488) ETA n/a | GPU 1.3/2.3GB | gtok=82638848
  [1] 40400 loss=4.9788 ppl=145.3 lr=6.49e-05 | 17179 tok/s (avg 16489) ETA n/a | GPU 1.3/2.3GB | gtok=82741248
  [1] 40450 loss=5.1539 ppl=173.1 lr=6.49e-05 | 17529 tok/s (avg 16490) ETA n/a | GPU 1.3/2.3GB | gtok=82843648
  [1] 40500 loss=4.9527 ppl=141.6 lr=6.48e-05 | 17226 tok/s (avg 16491) ETA n/a | GPU 1.3/2.3GB | gtok=82946048
  [1] 40550 loss=4.7715 ppl=118.1 lr=6.47e-05 | 17304 tok/s (avg 16492) ETA n/a | GPU 1.3/2.3GB | gtok=83048448
  [1] 40600 loss=4.4989 ppl=89.9 lr=6.46e-05 | 17257 tok/s (avg 16493) ETA n/a | GPU 1.3/2.3GB | gtok=83150848
  [1] 40650 loss=5.1740 ppl=176.6 lr=6.45e-05 | 17432 tok/s (avg 16494) ETA n/a | GPU 1.3/2.3GB | gtok=83253248
  [1] 40700 loss=3.7016 ppl=40.5 lr=6.45e-05 | 17515 tok/s (avg 16495) ETA n/a | GPU 1.3/2.3GB | gtok=83355648
  [1] 40750 loss=5.1952 ppl=180.4 lr=6.44e-05 | 17243 tok/s (avg 16496) ETA n/a | GPU 1.3/2.3GB | gtok=83458048
  [1] 40800 loss=4.7845 ppl=119.6 lr=6.43e-05 | 17405 tok/s (avg 16497) ETA n/a | GPU 1.3/2.3GB | gtok=83560448
  [1] 40850 loss=4.6599 ppl=105.6 lr=6.42e-05 | 17162 tok/s (avg 16498) ETA n/a | GPU 1.3/2.3GB | gtok=83662848
  [1] 40900 loss=5.3438 ppl=209.3 lr=6.42e-05 | 17072 tok/s (avg 16499) ETA n/a | GPU 1.3/2.3GB | gtok=83765248
  [1] 40950 loss=4.7465 ppl=115.2 lr=6.41e-05 | 17456 tok/s (avg 16500) ETA n/a | GPU 1.3/2.3GB | gtok=83867648
  [1] 41000 loss=5.6494 ppl=284.1 lr=6.40e-05 | 17228 tok/s (avg 16501) ETA n/a | GPU 1.3/2.3GB | gtok=83970048
  [1] 41050 loss=4.8619 ppl=129.3 lr=6.39e-05 | 17266 tok/s (avg 16502) ETA n/a | GPU 1.3/2.3GB | gtok=84072448
  [1] 41100 loss=4.8779 ppl=131.4 lr=6.39e-05 | 17097 tok/s (avg 16502) ETA n/a | GPU 1.3/2.3GB | gtok=84174848
  [1] 41150 loss=5.1693 ppl=175.8 lr=6.38e-05 | 17377 tok/s (avg 16503) ETA n/a | GPU 1.3/2.3GB | gtok=84277248
  [1] 41200 loss=4.8024 ppl=121.8 lr=6.37e-05 | 17161 tok/s (avg 16504) ETA n/a | GPU 1.3/2.3GB | gtok=84379648
  [1] 41250 loss=5.0989 ppl=163.8 lr=6.36e-05 | 16934 tok/s (avg 16505) ETA n/a | GPU 1.3/2.3GB | gtok=84482048
  [1] 41300 loss=5.4918 ppl=242.7 lr=6.35e-05 | 17455 tok/s (avg 16506) ETA n/a | GPU 1.3/2.3GB | gtok=84584448
  [1] 41350 loss=5.0201 ppl=151.4 lr=6.35e-05 | 17273 tok/s (avg 16507) ETA n/a | GPU 1.3/2.3GB | gtok=84686848
  [1] 41400 loss=5.3522 ppl=211.1 lr=6.34e-05 | 17434 tok/s (avg 16508) ETA n/a | GPU 1.3/2.3GB | gtok=84789248
  [1] 41450 loss=5.3164 ppl=203.6 lr=6.33e-05 | 17158 tok/s (avg 16508) ETA n/a | GPU 1.3/2.3GB | gtok=84891648
  [1] 41500 loss=4.5288 ppl=92.7 lr=6.32e-05 | 17333 tok/s (avg 16509) ETA n/a | GPU 1.3/2.3GB | gtok=84994048
  [1] 41550 loss=5.4156 ppl=224.9 lr=6.32e-05 | 17210 tok/s (avg 16510) ETA n/a | GPU 1.3/2.3GB | gtok=85096448
  [1] 41600 loss=4.8733 ppl=130.7 lr=6.31e-05 | 17274 tok/s (avg 16511) ETA n/a | GPU 1.3/2.3GB | gtok=85198848
  [1] 41650 loss=4.7250 ppl=112.7 lr=6.30e-05 | 17395 tok/s (avg 16512) ETA n/a | GPU 1.3/2.3GB | gtok=85301248
  [1] 41700 loss=5.1716 ppl=176.2 lr=6.29e-05 | 17313 tok/s (avg 16513) ETA n/a | GPU 1.3/2.3GB | gtok=85403648
  [1] 41750 loss=4.8096 ppl=122.7 lr=6.28e-05 | 17514 tok/s (avg 16514) ETA n/a | GPU 1.3/2.3GB | gtok=85506048
  [1] 41800 loss=5.0907 ppl=162.5 lr=6.28e-05 | 17223 tok/s (avg 16515) ETA n/a | GPU 1.3/2.3GB | gtok=85608448
  [1] 41850 loss=4.5060 ppl=90.6 lr=6.27e-05 | 17495 tok/s (avg 16516) ETA n/a | GPU 1.3/2.3GB | gtok=85710848
  [1] 41900 loss=4.9370 ppl=139.4 lr=6.26e-05 | 17346 tok/s (avg 16517) ETA n/a | GPU 1.3/2.3GB | gtok=85813248
  [1] 41950 loss=5.0564 ppl=157.0 lr=6.25e-05 | 17342 tok/s (avg 16518) ETA n/a | GPU 1.3/2.3GB | gtok=85915648
  [1] 42000 loss=4.7771 ppl=118.8 lr=6.25e-05 | 17553 tok/s (avg 16519) ETA n/a | GPU 1.3/2.3GB | gtok=86018048
  [1] 42050 loss=4.8103 ppl=122.8 lr=6.24e-05 | 17206 tok/s (avg 16520) ETA n/a | GPU 1.3/2.3GB | gtok=86120448
  [1] 42100 loss=5.0341 ppl=153.6 lr=6.23e-05 | 17382 tok/s (avg 16521) ETA n/a | GPU 1.3/2.3GB | gtok=86222848
  [1] 42150 loss=5.3855 ppl=218.2 lr=6.22e-05 | 17311 tok/s (avg 16522) ETA n/a | GPU 1.3/2.3GB | gtok=86325248
  [1] 42200 loss=4.6675 ppl=106.4 lr=6.21e-05 | 17542 tok/s (avg 16523) ETA n/a | GPU 1.3/2.3GB | gtok=86427648
  [1] 42250 loss=5.2036 ppl=181.9 lr=6.21e-05 | 17279 tok/s (avg 16524) ETA n/a | GPU 1.3/2.3GB | gtok=86530048
  [1] 42300 loss=5.4435 ppl=231.2 lr=6.20e-05 | 17297 tok/s (avg 16525) ETA n/a | GPU 1.3/2.3GB | gtok=86632448
  [1] 42350 loss=4.7469 ppl=115.2 lr=6.19e-05 | 17503 tok/s (avg 16526) ETA n/a | GPU 1.3/2.3GB | gtok=86734848
  [1] 42400 loss=5.6057 ppl=272.0 lr=6.18e-05 | 17316 tok/s (avg 16527) ETA n/a | GPU 1.3/2.3GB | gtok=86837248
  [1] 42450 loss=4.8587 ppl=128.9 lr=6.18e-05 | 17527 tok/s (avg 16528) ETA n/a | GPU 1.3/2.3GB | gtok=86939648
  [1] 42500 loss=4.9464 ppl=140.7 lr=6.17e-05 | 17347 tok/s (avg 16529) ETA n/a | GPU 1.3/2.3GB | gtok=87042048
  [1] 42550 loss=5.0893 ppl=162.3 lr=6.16e-05 | 17435 tok/s (avg 16530) ETA n/a | GPU 1.3/2.3GB | gtok=87144448
  [1] 42600 loss=4.6249 ppl=102.0 lr=6.15e-05 | 17279 tok/s (avg 16530) ETA n/a | GPU 1.3/2.3GB | gtok=87246848
  [1] 42650 loss=5.0197 ppl=151.4 lr=6.14e-05 | 17300 tok/s (avg 16531) ETA n/a | GPU 1.3/2.3GB | gtok=87349248
  [1] 42700 loss=4.8388 ppl=126.3 lr=6.14e-05 | 17470 tok/s (avg 16532) ETA n/a | GPU 1.3/2.3GB | gtok=87451648
  [1] 42750 loss=4.6150 ppl=101.0 lr=6.13e-05 | 17293 tok/s (avg 16533) ETA n/a | GPU 1.3/2.3GB | gtok=87554048
  [1] 42800 loss=5.3834 ppl=217.8 lr=6.12e-05 | 17555 tok/s (avg 16534) ETA n/a | GPU 1.3/2.3GB | gtok=87656448
  [1] 42850 loss=4.8156 ppl=123.4 lr=6.11e-05 | 17239 tok/s (avg 16535) ETA n/a | GPU 1.3/2.3GB | gtok=87758848
  [1] 42900 loss=5.0859 ppl=161.7 lr=6.11e-05 | 17292 tok/s (avg 16536) ETA n/a | GPU 1.3/2.3GB | gtok=87861248
  [1] 42950 loss=5.1694 ppl=175.8 lr=6.10e-05 | 17424 tok/s (avg 16537) ETA n/a | GPU 1.3/2.3GB | gtok=87963648
  [1] 43000 loss=4.3506 ppl=77.5 lr=6.09e-05 | 17251 tok/s (avg 16538) ETA n/a | GPU 1.3/2.3GB | gtok=88066048
  [1] 43050 loss=5.0993 ppl=163.9 lr=6.08e-05 | 17425 tok/s (avg 16539) ETA n/a | GPU 1.3/2.3GB | gtok=88168448
  [1] 43100 loss=4.7649 ppl=117.3 lr=6.07e-05 | 17301 tok/s (avg 16540) ETA n/a | GPU 1.3/2.3GB | gtok=88270848
  [1] 43150 loss=5.0229 ppl=151.8 lr=6.07e-05 | 17487 tok/s (avg 16541) ETA n/a | GPU 1.3/2.3GB | gtok=88373248
  [1] 43200 loss=5.0526 ppl=156.4 lr=6.06e-05 | 17250 tok/s (avg 16541) ETA n/a | GPU 1.3/2.3GB | gtok=88475648
  [1] 43250 loss=5.2782 ppl=196.0 lr=6.05e-05 | 17388 tok/s (avg 16542) ETA n/a | GPU 1.3/2.3GB | gtok=88578048
  [1] 43300 loss=5.0451 ppl=155.3 lr=6.04e-05 | 17520 tok/s (avg 16543) ETA n/a | GPU 1.3/2.3GB | gtok=88680448
  [1] 43350 loss=4.8673 ppl=130.0 lr=6.03e-05 | 17166 tok/s (avg 16544) ETA n/a | GPU 1.3/2.3GB | gtok=88782848
  [1] 43400 loss=5.4276 ppl=227.6 lr=6.03e-05 | 17454 tok/s (avg 16545) ETA n/a | GPU 1.3/2.3GB | gtok=88885248
  [1] 43450 loss=5.4855 ppl=241.2 lr=6.02e-05 | 17235 tok/s (avg 16546) ETA n/a | GPU 1.3/2.3GB | gtok=88987648
  [1] 43500 loss=5.1837 ppl=178.3 lr=6.01e-05 | 17521 tok/s (avg 16547) ETA n/a | GPU 1.3/2.3GB | gtok=89090048
  [1] 43550 loss=4.8597 ppl=129.0 lr=6.00e-05 | 17213 tok/s (avg 16548) ETA n/a | GPU 1.3/2.3GB | gtok=89192448
  [1] 43600 loss=5.2878 ppl=197.9 lr=5.99e-05 | 17194 tok/s (avg 16548) ETA n/a | GPU 1.3/2.3GB | gtok=89294848
  [1] 43650 loss=5.0050 ppl=149.2 lr=5.99e-05 | 17488 tok/s (avg 16549) ETA n/a | GPU 1.3/2.3GB | gtok=89397248
  [1] 43700 loss=5.2221 ppl=185.3 lr=5.98e-05 | 17271 tok/s (avg 16550) ETA n/a | GPU 1.3/2.3GB | gtok=89499648
  [1] 43750 loss=5.2109 ppl=183.3 lr=5.97e-05 | 17402 tok/s (avg 16551) ETA n/a | GPU 1.3/2.3GB | gtok=89602048
  [1] 43800 loss=4.3444 ppl=77.0 lr=5.96e-05 | 17226 tok/s (avg 16552) ETA n/a | GPU 1.3/2.3GB | gtok=89704448
  [1] 43850 loss=4.7781 ppl=118.9 lr=5.96e-05 | 17521 tok/s (avg 16553) ETA n/a | GPU 1.3/2.3GB | gtok=89806848
  [1] 43900 loss=5.4443 ppl=231.4 lr=5.95e-05 | 17197 tok/s (avg 16554) ETA n/a | GPU 1.3/2.3GB | gtok=89909248
  [1] 43950 loss=5.0519 ppl=156.3 lr=5.94e-05 | 17353 tok/s (avg 16554) ETA n/a | GPU 1.3/2.3GB | gtok=90011648
  [1] 44000 loss=5.4689 ppl=237.2 lr=5.93e-05 | 17368 tok/s (avg 16555) ETA n/a | GPU 1.3/2.3GB | gtok=90114048
  [1] 44050 loss=4.9921 ppl=147.2 lr=5.92e-05 | 17173 tok/s (avg 16556) ETA n/a | GPU 1.3/2.3GB | gtok=90216448
  [1] 44100 loss=5.0183 ppl=151.2 lr=5.92e-05 | 17499 tok/s (avg 16557) ETA n/a | GPU 1.3/2.3GB | gtok=90318848
  [1] 44150 loss=5.8572 ppl=349.8 lr=5.91e-05 | 17186 tok/s (avg 16558) ETA n/a | GPU 1.3/2.3GB | gtok=90421248
  [1] 44200 loss=5.1741 ppl=176.6 lr=5.90e-05 | 17340 tok/s (avg 16559) ETA n/a | GPU 1.3/2.3GB | gtok=90523648
  [1] 44250 loss=4.5707 ppl=96.6 lr=5.89e-05 | 17195 tok/s (avg 16559) ETA n/a | GPU 1.3/2.3GB | gtok=90626048
  [1] 44300 loss=4.9541 ppl=141.8 lr=5.88e-05 | 17320 tok/s (avg 16560) ETA n/a | GPU 1.3/2.3GB | gtok=90728448
  [1] 44350 loss=4.9842 ppl=146.1 lr=5.88e-05 | 17452 tok/s (avg 16561) ETA n/a | GPU 1.3/2.3GB | gtok=90830848
  [1] 44400 loss=5.0546 ppl=156.7 lr=5.87e-05 | 17268 tok/s (avg 16562) ETA n/a | GPU 1.3/2.3GB | gtok=90933248
  [1] 44450 loss=5.0877 ppl=162.0 lr=5.86e-05 | 17367 tok/s (avg 16563) ETA n/a | GPU 1.3/2.3GB | gtok=91035648
  [1] 44500 loss=4.8047 ppl=122.1 lr=5.85e-05 | 17116 tok/s (avg 16563) ETA n/a | GPU 1.3/2.3GB | gtok=91138048
  [1] 44550 loss=5.0633 ppl=158.1 lr=5.84e-05 | 17229 tok/s (avg 16564) ETA n/a | GPU 1.3/2.3GB | gtok=91240448
  [1] 44600 loss=5.1478 ppl=172.0 lr=5.84e-05 | 17468 tok/s (avg 16565) ETA n/a | GPU 1.3/2.3GB | gtok=91342848
  [1] 44650 loss=4.9409 ppl=139.9 lr=5.83e-05 | 17061 tok/s (avg 16565) ETA n/a | GPU 1.3/2.3GB | gtok=91445248
  [1] 44700 loss=5.2216 ppl=185.2 lr=5.82e-05 | 17493 tok/s (avg 16566) ETA n/a | GPU 1.3/2.3GB | gtok=91547648
  [1] 44750 loss=5.6797 ppl=292.9 lr=5.81e-05 | 17252 tok/s (avg 16567) ETA n/a | GPU 1.3/2.3GB | gtok=91650048
  [1] 44800 loss=5.0251 ppl=152.2 lr=5.81e-05 | 17007 tok/s (avg 16568) ETA n/a | GPU 1.3/2.3GB | gtok=91752448
  [1] 44850 loss=4.5154 ppl=91.4 lr=5.80e-05 | 17016 tok/s (avg 16568) ETA n/a | GPU 1.3/2.3GB | gtok=91854848
  [1] 44900 loss=4.6201 ppl=101.5 lr=5.79e-05 | 17125 tok/s (avg 16569) ETA n/a | GPU 1.3/2.3GB | gtok=91957248
  [1] 44950 loss=5.8921 ppl=362.2 lr=5.78e-05 | 17436 tok/s (avg 16570) ETA n/a | GPU 1.3/2.3GB | gtok=92059648
Saved checkpoint: checkpoints_v12_curriculum/base/latest.pt
  [checkpoint @ step 45000, 92,160,000 tok]
  [1] 45000 loss=5.2444 ppl=189.5 lr=5.77e-05 | 15605 tok/s (avg 16568) ETA n/a | GPU 1.3/2.3GB | gtok=92162048
  [mid-epoch sample @ batch 45000, 92,162,048 tok]
  Prompt: In 1923 , the University of
  Generated: In 1923 , the University of Texas (A): a young man named William V. In his own words, "The people who are going to stay in life" (A.B., & A.D.)

In the year 2000, a new research paper presented the study of man and women in our community's social sciences, a new study found that a person's brain can find out how to communicate with one another. The researchers also found that a person's body has been able to detect and share the same feelings
  [1] 45050 loss=5.0519 ppl=156.3 lr=5.77e-05 | 14168 tok/s (avg 16565) ETA n/a | GPU 1.3/2.3GB | gtok=92264448
  [1] 45100 loss=5.0722 ppl=159.5 lr=5.76e-05 | 17204 tok/s (avg 16566) ETA n/a | GPU 1.3/2.3GB | gtok=92366848
  [1] 45150 loss=4.8061 ppl=122.3 lr=5.75e-05 | 17155 tok/s (avg 16567) ETA n/a | GPU 1.3/2.3GB | gtok=92469248
  [1] 45200 loss=5.3134 ppl=203.0 lr=5.74e-05 | 17467 tok/s (avg 16568) ETA n/a | GPU 1.3/2.3GB | gtok=92571648
  [1] 45250 loss=4.5070 ppl=90.6 lr=5.73e-05 | 17287 tok/s (avg 16568) ETA n/a | GPU 1.3/2.3GB | gtok=92674048
  [1] 45300 loss=4.9343 ppl=139.0 lr=5.73e-05 | 17490 tok/s (avg 16569) ETA n/a | GPU 1.3/2.3GB | gtok=92776448
  [1] 45350 loss=4.8516 ppl=127.9 lr=5.72e-05 | 17246 tok/s (avg 16570) ETA n/a | GPU 1.3/2.3GB | gtok=92878848
  [1] 45400 loss=5.0854 ppl=161.6 lr=5.71e-05 | 17442 tok/s (avg 16571) ETA n/a | GPU 1.3/2.3GB | gtok=92981248
  [1] 45450 loss=5.3263 ppl=205.7 lr=5.70e-05 | 17290 tok/s (avg 16572) ETA n/a | GPU 1.3/2.3GB | gtok=93083648
  [1] 45500 loss=4.9194 ppl=136.9 lr=5.69e-05 | 17278 tok/s (avg 16572) ETA n/a | GPU 1.3/2.3GB | gtok=93186048
  [1] 45550 loss=4.2511 ppl=70.2 lr=5.69e-05 | 17409 tok/s (avg 16573) ETA n/a | GPU 1.3/2.3GB | gtok=93288448
  [1] 45600 loss=4.3361 ppl=76.4 lr=5.68e-05 | 17194 tok/s (avg 16574) ETA n/a | GPU 1.3/2.3GB | gtok=93390848
  [1] 45650 loss=4.7264 ppl=112.9 lr=5.67e-05 | 17312 tok/s (avg 16575) ETA n/a | GPU 1.3/2.3GB | gtok=93493248
  [1] 45700 loss=5.2778 ppl=195.9 lr=5.66e-05 | 17182 tok/s (avg 16575) ETA n/a | GPU 1.3/2.3GB | gtok=93595648
  [1] 45750 loss=4.6399 ppl=103.5 lr=5.65e-05 | 17427 tok/s (avg 16576) ETA n/a | GPU 1.3/2.3GB | gtok=93698048
  [1] 45800 loss=4.9247 ppl=137.6 lr=5.65e-05 | 17087 tok/s (avg 16577) ETA n/a | GPU 1.3/2.3GB | gtok=93800448
  [1] 45850 loss=4.8599 ppl=129.0 lr=5.64e-05 | 17165 tok/s (avg 16577) ETA n/a | GPU 1.3/2.3GB | gtok=93902848
  [1] 45900 loss=4.8436 ppl=126.9 lr=5.63e-05 | 17453 tok/s (avg 16578) ETA n/a | GPU 1.3/2.3GB | gtok=94005248
  [1] 45950 loss=5.1131 ppl=166.2 lr=5.62e-05 | 17197 tok/s (avg 16579) ETA n/a | GPU 1.3/2.3GB | gtok=94107648
  [1] 46000 loss=4.7897 ppl=120.3 lr=5.61e-05 | 17607 tok/s (avg 16580) ETA n/a | GPU 1.3/2.3GB | gtok=94210048
  [1] 46050 loss=4.9832 ppl=145.9 lr=5.61e-05 | 17271 tok/s (avg 16581) ETA n/a | GPU 1.3/2.3GB | gtok=94312448
  [1] 46100 loss=5.3269 ppl=205.8 lr=5.60e-05 | 17442 tok/s (avg 16582) ETA n/a | GPU 1.3/2.3GB | gtok=94414848
  [1] 46150 loss=5.2980 ppl=199.9 lr=5.59e-05 | 17205 tok/s (avg 16582) ETA n/a | GPU 1.3/2.3GB | gtok=94517248
  [1] 46200 loss=5.2020 ppl=181.6 lr=5.58e-05 | 17266 tok/s (avg 16583) ETA n/a | GPU 1.3/2.3GB | gtok=94619648
  [1] 46250 loss=4.8372 ppl=126.1 lr=5.57e-05 | 17418 tok/s (avg 16584) ETA n/a | GPU 1.3/2.3GB | gtok=94722048
  [1] 46300 loss=4.7494 ppl=115.5 lr=5.57e-05 | 17239 tok/s (avg 16585) ETA n/a | GPU 1.3/2.3GB | gtok=94824448
  [1] 46350 loss=5.1055 ppl=164.9 lr=5.56e-05 | 17413 tok/s (avg 16585) ETA n/a | GPU 1.3/2.3GB | gtok=94926848
  [1] 46400 loss=4.5957 ppl=99.1 lr=5.55e-05 | 17253 tok/s (avg 16586) ETA n/a | GPU 1.3/2.3GB | gtok=95029248
  [1] 46450 loss=5.2290 ppl=186.6 lr=5.54e-05 | 17254 tok/s (avg 16587) ETA n/a | GPU 1.3/2.3GB | gtok=95131648
  [1] 46500 loss=4.7389 ppl=114.3 lr=5.53e-05 | 17507 tok/s (avg 16588) ETA n/a | GPU 1.3/2.3GB | gtok=95234048
  [1] 46550 loss=4.6276 ppl=102.3 lr=5.53e-05 | 17316 tok/s (avg 16588) ETA n/a | GPU 1.3/2.3GB | gtok=95336448
  [1] 46600 loss=4.8605 ppl=129.1 lr=5.52e-05 | 17477 tok/s (avg 16589) ETA n/a | GPU 1.3/2.3GB | gtok=95438848
  [1] 46650 loss=4.7855 ppl=119.8 lr=5.51e-05 | 17313 tok/s (avg 16590) ETA n/a | GPU 1.3/2.3GB | gtok=95541248
  [1] 46700 loss=4.9799 ppl=145.5 lr=5.50e-05 | 17552 tok/s (avg 16591) ETA n/a | GPU 1.3/2.3GB | gtok=95643648
  [1] 46750 loss=5.0194 ppl=151.3 lr=5.49e-05 | 17235 tok/s (avg 16592) ETA n/a | GPU 1.3/2.3GB | gtok=95746048
  [1] 46800 loss=4.8426 ppl=126.8 lr=5.49e-05 | 17112 tok/s (avg 16592) ETA n/a | GPU 1.3/2.3GB | gtok=95848448
  [1] 46850 loss=4.7873 ppl=120.0 lr=5.48e-05 | 17445 tok/s (avg 16593) ETA n/a | GPU 1.3/2.3GB | gtok=95950848
  [1] 46900 loss=5.3596 ppl=212.6 lr=5.47e-05 | 17231 tok/s (avg 16594) ETA n/a | GPU 1.3/2.3GB | gtok=96053248
  [1] 46950 loss=5.2177 ppl=184.5 lr=5.46e-05 | 17466 tok/s (avg 16595) ETA n/a | GPU 1.3/2.3GB | gtok=96155648
  [1] 47000 loss=5.1727 ppl=176.4 lr=5.45e-05 | 17187 tok/s (avg 16595) ETA n/a | GPU 1.3/2.3GB | gtok=96258048
  [1] 47050 loss=4.9883 ppl=146.7 lr=5.45e-05 | 17420 tok/s (avg 16596) ETA n/a | GPU 1.3/2.3GB | gtok=96360448
  [1] 47100 loss=4.8761 ppl=131.1 lr=5.44e-05 | 16858 tok/s (avg 16596) ETA n/a | GPU 1.3/2.3GB | gtok=96462848
  [1] 47150 loss=4.4826 ppl=88.5 lr=5.43e-05 | 16980 tok/s (avg 16597) ETA n/a | GPU 1.3/2.3GB | gtok=96565248
  [1] 47200 loss=5.0874 ppl=162.0 lr=5.42e-05 | 17469 tok/s (avg 16598) ETA n/a | GPU 1.3/2.3GB | gtok=96667648
  [1] 47250 loss=5.3540 ppl=211.5 lr=5.41e-05 | 17160 tok/s (avg 16598) ETA n/a | GPU 1.3/2.3GB | gtok=96770048
  [1] 47300 loss=5.4250 ppl=227.0 lr=5.41e-05 | 17447 tok/s (avg 16599) ETA n/a | GPU 1.3/2.3GB | gtok=96872448
  [1] 47350 loss=4.7761 ppl=118.6 lr=5.40e-05 | 17202 tok/s (avg 16600) ETA n/a | GPU 1.3/2.3GB | gtok=96974848
  [1] 47400 loss=5.0887 ppl=162.2 lr=5.39e-05 | 17263 tok/s (avg 16600) ETA n/a | GPU 1.3/2.3GB | gtok=97077248
  [1] 47450 loss=4.7227 ppl=112.5 lr=5.38e-05 | 17147 tok/s (avg 16601) ETA n/a | GPU 1.3/2.3GB | gtok=97179648
  [1] 47500 loss=4.9486 ppl=141.0 lr=5.37e-05 | 17259 tok/s (avg 16602) ETA n/a | GPU 1.3/2.3GB | gtok=97282048
  [1] 47550 loss=6.3892 ppl=595.4 lr=5.37e-05 | 17468 tok/s (avg 16602) ETA n/a | GPU 1.3/2.3GB | gtok=97384448
  [1] 47600 loss=4.7094 ppl=111.0 lr=5.36e-05 | 17250 tok/s (avg 16603) ETA n/a | GPU 1.3/2.3GB | gtok=97486848
  [1] 47650 loss=5.2125 ppl=183.6 lr=5.35e-05 | 17474 tok/s (avg 16604) ETA n/a | GPU 1.3/2.3GB | gtok=97589248
  [1] 47700 loss=4.6640 ppl=106.1 lr=5.34e-05 | 17125 tok/s (avg 16604) ETA n/a | GPU 1.3/2.3GB | gtok=97691648
  [1] 47750 loss=5.0991 ppl=163.9 lr=5.33e-05 | 17421 tok/s (avg 16605) ETA n/a | GPU 1.3/2.3GB | gtok=97794048
  [1] 47800 loss=4.8023 ppl=121.8 lr=5.33e-05 | 17097 tok/s (avg 16606) ETA n/a | GPU 1.3/2.3GB | gtok=97896448
  [1] 47850 loss=4.9323 ppl=138.7 lr=5.32e-05 | 17234 tok/s (avg 16606) ETA n/a | GPU 1.3/2.3GB | gtok=97998848
  [1] 47900 loss=4.9740 ppl=144.6 lr=5.31e-05 | 17357 tok/s (avg 16607) ETA n/a | GPU 1.3/2.3GB | gtok=98101248
  [1] 47950 loss=4.8558 ppl=128.5 lr=5.30e-05 | 17080 tok/s (avg 16608) ETA n/a | GPU 1.3/2.3GB | gtok=98203648
  [1] 48000 loss=5.0663 ppl=158.6 lr=5.29e-05 | 17469 tok/s (avg 16609) ETA n/a | GPU 1.3/2.3GB | gtok=98306048
  [1] 48050 loss=5.4126 ppl=224.2 lr=5.29e-05 | 17188 tok/s (avg 16609) ETA n/a | GPU 1.3/2.3GB | gtok=98408448
  [1] 48100 loss=4.5401 ppl=93.7 lr=5.28e-05 | 17332 tok/s (avg 16610) ETA n/a | GPU 1.3/2.3GB | gtok=98510848
  [1] 48150 loss=4.8907 ppl=133.1 lr=5.27e-05 | 16926 tok/s (avg 16610) ETA n/a | GPU 1.3/2.3GB | gtok=98613248
  [1] 48200 loss=4.7103 ppl=111.1 lr=5.26e-05 | 17211 tok/s (avg 16611) ETA n/a | GPU 1.3/2.3GB | gtok=98715648
  [1] 48250 loss=5.5483 ppl=256.8 lr=5.25e-05 | 17492 tok/s (avg 16612) ETA n/a | GPU 1.3/2.3GB | gtok=98818048
  [1] 48300 loss=4.9895 ppl=146.9 lr=5.25e-05 | 17278 tok/s (avg 16612) ETA n/a | GPU 1.3/2.3GB | gtok=98920448
  [1] 48350 loss=5.2907 ppl=198.5 lr=5.24e-05 | 17408 tok/s (avg 16613) ETA n/a | GPU 1.3/2.3GB | gtok=99022848
  [1] 48400 loss=4.9862 ppl=146.4 lr=5.23e-05 | 17197 tok/s (avg 16614) ETA n/a | GPU 1.3/2.3GB | gtok=99125248
  [1] 48450 loss=4.8318 ppl=125.4 lr=5.22e-05 | 17266 tok/s (avg 16614) ETA n/a | GPU 1.3/2.3GB | gtok=99227648
  [1] 48500 loss=4.6240 ppl=101.9 lr=5.21e-05 | 17413 tok/s (avg 16615) ETA n/a | GPU 1.3/2.3GB | gtok=99330048
  [1] 48550 loss=5.1428 ppl=171.2 lr=5.21e-05 | 17214 tok/s (avg 16616) ETA n/a | GPU 1.3/2.3GB | gtok=99432448
  [1] 48600 loss=4.7758 ppl=118.6 lr=5.20e-05 | 17384 tok/s (avg 16616) ETA n/a | GPU 1.3/2.3GB | gtok=99534848
  [1] 48650 loss=4.8154 ppl=123.4 lr=5.19e-05 | 17202 tok/s (avg 16617) ETA n/a | GPU 1.3/2.3GB | gtok=99637248
  [1] 48700 loss=5.5162 ppl=248.7 lr=5.18e-05 | 17556 tok/s (avg 16618) ETA n/a | GPU 1.3/2.3GB | gtok=99739648
  [1] 48750 loss=4.9849 ppl=146.2 lr=5.17e-05 | 17245 tok/s (avg 16619) ETA n/a | GPU 1.3/2.3GB | gtok=99842048
  [1] 48800 loss=5.1071 ppl=165.2 lr=5.17e-05 | 17174 tok/s (avg 16619) ETA n/a | GPU 1.3/2.3GB | gtok=99944448
  [1] 48850 loss=5.0839 ppl=161.4 lr=5.16e-05 | 17529 tok/s (avg 16620) ETA n/a | GPU 1.3/2.3GB | gtok=100046848
  [1] 48900 loss=5.0004 ppl=148.5 lr=5.15e-05 | 17306 tok/s (avg 16621) ETA n/a | GPU 1.3/2.3GB | gtok=100149248
  [1] 48950 loss=4.5803 ppl=97.5 lr=5.14e-05 | 17441 tok/s (avg 16621) ETA n/a | GPU 1.3/2.3GB | gtok=100251648
  [1] 49000 loss=4.9112 ppl=135.8 lr=5.13e-05 | 17313 tok/s (avg 16622) ETA n/a | GPU 1.3/2.3GB | gtok=100354048
  [1] 49050 loss=4.8901 ppl=133.0 lr=5.12e-05 | 17239 tok/s (avg 16623) ETA n/a | GPU 1.3/2.3GB | gtok=100456448
  [1] 49100 loss=5.1976 ppl=180.8 lr=5.12e-05 | 17531 tok/s (avg 16624) ETA n/a | GPU 1.3/2.3GB | gtok=100558848
  [1] 49150 loss=4.5886 ppl=98.4 lr=5.11e-05 | 17289 tok/s (avg 16624) ETA n/a | GPU 1.3/2.3GB | gtok=100661248
  [1] 49200 loss=4.9257 ppl=137.8 lr=5.10e-05 | 17584 tok/s (avg 16625) ETA n/a | GPU 1.3/2.3GB | gtok=100763648
  [1] 49250 loss=4.8602 ppl=129.0 lr=5.09e-05 | 17254 tok/s (avg 16626) ETA n/a | GPU 1.3/2.3GB | gtok=100866048
  [1] 49300 loss=5.0662 ppl=158.6 lr=5.08e-05 | 17421 tok/s (avg 16627) ETA n/a | GPU 1.3/2.3GB | gtok=100968448
  [1] 49350 loss=4.7319 ppl=113.5 lr=5.08e-05 | 17292 tok/s (avg 16627) ETA n/a | GPU 1.3/2.3GB | gtok=101070848
  [1] 49400 loss=4.7167 ppl=111.8 lr=5.07e-05 | 17282 tok/s (avg 16628) ETA n/a | GPU 1.3/2.3GB | gtok=101173248
  [1] 49450 loss=4.9716 ppl=144.3 lr=5.06e-05 | 17494 tok/s (avg 16629) ETA n/a | GPU 1.3/2.3GB | gtok=101275648
  [1] 49500 loss=4.7911 ppl=120.4 lr=5.05e-05 | 17285 tok/s (avg 16629) ETA n/a | GPU 1.3/2.3GB | gtok=101378048
  [1] 49550 loss=4.3358 ppl=76.4 lr=5.04e-05 | 17427 tok/s (avg 16630) ETA n/a | GPU 1.3/2.3GB | gtok=101480448
  [1] 49600 loss=4.7304 ppl=113.3 lr=5.04e-05 | 17277 tok/s (avg 16631) ETA n/a | GPU 1.3/2.3GB | gtok=101582848
  [1] 49650 loss=4.7700 ppl=117.9 lr=5.03e-05 | 17492 tok/s (avg 16632) ETA n/a | GPU 1.3/2.3GB | gtok=101685248
  [1] 49700 loss=4.3960 ppl=81.1 lr=5.02e-05 | 17214 tok/s (avg 16632) ETA n/a | GPU 1.3/2.3GB | gtok=101787648
  [1] 49750 loss=3.6515 ppl=38.5 lr=5.01e-05 | 17157 tok/s (avg 16633) ETA n/a | GPU 1.3/2.3GB | gtok=101890048
  [1] 49800 loss=5.0324 ppl=153.3 lr=5.00e-05 | 17471 tok/s (avg 16633) ETA n/a | GPU 1.3/2.3GB | gtok=101992448
  [1] 49850 loss=4.7530 ppl=115.9 lr=5.00e-05 | 17242 tok/s (avg 16634) ETA n/a | GPU 1.3/2.3GB | gtok=102094848
  [1] 49900 loss=5.1815 ppl=177.9 lr=4.99e-05 | 17469 tok/s (avg 16635) ETA n/a | GPU 1.3/2.3GB | gtok=102197248
  [1] 49950 loss=4.9790 ppl=145.3 lr=4.98e-05 | 17221 tok/s (avg 16635) ETA n/a | GPU 1.3/2.3GB | gtok=102299648
Saved checkpoint: checkpoints_v12_curriculum/base/latest.pt
  [checkpoint @ step 50000, 102,400,000 tok]
  [1] 50000 loss=4.7306 ppl=113.4 lr=4.97e-05 | 15777 tok/s (avg 16634) ETA n/a | GPU 1.3/2.3GB | gtok=102402048
  [mid-epoch sample @ batch 50000, 102,402,048 tok]
  Prompt: In 1923 , the University of
  Generated: In 1923 , the University of Washington Post is now working to create a new model for developing new-level skills that could make the brain work more efficiently.
The team's new research has created an important role in developing brain-based learning, which is to help it develop a new method of treatment in order to improve your cognitive function.
This study was published in the journal Nature Medicine, the team led by Dr. William L. B., Ph.D. in the National Institute for Sciences and Technology at the University of
  [1] 50050 loss=5.0541 ppl=156.7 lr=4.96e-05 | 14216 tok/s (avg 16632) ETA n/a | GPU 1.3/2.3GB | gtok=102504448
  [1] 50100 loss=4.5735 ppl=96.9 lr=4.96e-05 | 17236 tok/s (avg 16632) ETA n/a | GPU 1.3/2.3GB | gtok=102606848
  [1] 50150 loss=4.7502 ppl=115.6 lr=4.95e-05 | 17456 tok/s (avg 16633) ETA n/a | GPU 1.3/2.3GB | gtok=102709248
  [1] 50200 loss=5.4633 ppl=235.9 lr=4.94e-05 | 17182 tok/s (avg 16634) ETA n/a | GPU 1.3/2.3GB | gtok=102811648
  [1] 50250 loss=4.9461 ppl=140.6 lr=4.93e-05 | 17469 tok/s (avg 16634) ETA n/a | GPU 1.3/2.3GB | gtok=102914048
  [1] 50300 loss=5.1097 ppl=165.6 lr=4.92e-05 | 17384 tok/s (avg 16635) ETA n/a | GPU 1.3/2.3GB | gtok=103016448
  [1] 50350 loss=4.3828 ppl=80.1 lr=4.92e-05 | 17342 tok/s (avg 16636) ETA n/a | GPU 1.3/2.3GB | gtok=103118848
  [1] 50400 loss=5.0955 ppl=163.3 lr=4.91e-05 | 17460 tok/s (avg 16636) ETA n/a | GPU 1.3/2.3GB | gtok=103221248
  [1] 50450 loss=4.6862 ppl=108.4 lr=4.90e-05 | 17321 tok/s (avg 16637) ETA n/a | GPU 1.3/2.3GB | gtok=103323648
  [1] 50500 loss=5.0220 ppl=151.7 lr=4.89e-05 | 17479 tok/s (avg 16638) ETA n/a | GPU 1.3/2.3GB | gtok=103426048
  [1] 50550 loss=4.8128 ppl=123.1 lr=4.88e-05 | 17148 tok/s (avg 16638) ETA n/a | GPU 1.3/2.3GB | gtok=103528448
  [1] 50600 loss=5.0359 ppl=153.8 lr=4.88e-05 | 17477 tok/s (avg 16639) ETA n/a | GPU 1.3/2.3GB | gtok=103630848
  [1] 50650 loss=5.2364 ppl=188.0 lr=4.87e-05 | 17246 tok/s (avg 16640) ETA n/a | GPU 1.3/2.3GB | gtok=103733248
  [1] 50700 loss=4.7899 ppl=120.3 lr=4.86e-05 | 17305 tok/s (avg 16640) ETA n/a | GPU 1.3/2.3GB | gtok=103835648
  [1] 50750 loss=4.6954 ppl=109.4 lr=4.85e-05 | 17459 tok/s (avg 16641) ETA n/a | GPU 1.3/2.3GB | gtok=103938048
  [1] 50800 loss=4.8522 ppl=128.0 lr=4.84e-05 | 17311 tok/s (avg 16642) ETA n/a | GPU 1.3/2.3GB | gtok=104040448
  [1] 50850 loss=4.8918 ppl=133.2 lr=4.84e-05 | 17252 tok/s (avg 16642) ETA n/a | GPU 1.3/2.3GB | gtok=104142848
  [1] 50900 loss=5.0922 ppl=162.8 lr=4.83e-05 | 17226 tok/s (avg 16643) ETA n/a | GPU 1.3/2.3GB | gtok=104245248
  [1] 50950 loss=4.6797 ppl=107.7 lr=4.82e-05 | 17461 tok/s (avg 16644) ETA n/a | GPU 1.3/2.3GB | gtok=104347648
  [1] 51000 loss=5.0480 ppl=155.7 lr=4.81e-05 | 17205 tok/s (avg 16644) ETA n/a | GPU 1.3/2.3GB | gtok=104450048
  [1] 51050 loss=4.9310 ppl=138.5 lr=4.80e-05 | 17279 tok/s (avg 16645) ETA n/a | GPU 1.3/2.3GB | gtok=104552448
  [1] 51100 loss=5.2061 ppl=182.4 lr=4.80e-05 | 17458 tok/s (avg 16646) ETA n/a | GPU 1.3/2.3GB | gtok=104654848
  [1] 51150 loss=5.0044 ppl=149.1 lr=4.79e-05 | 17277 tok/s (avg 16646) ETA n/a | GPU 1.3/2.3GB | gtok=104757248
  [1] 51200 loss=5.1529 ppl=172.9 lr=4.78e-05 | 17321 tok/s (avg 16647) ETA n/a | GPU 1.3/2.3GB | gtok=104859648
  [1] 51250 loss=4.6558 ppl=105.2 lr=4.77e-05 | 17220 tok/s (avg 16647) ETA n/a | GPU 1.3/2.3GB | gtok=104962048
  [1] 51300 loss=4.9347 ppl=139.0 lr=4.76e-05 | 17372 tok/s (avg 16648) ETA n/a | GPU 1.3/2.3GB | gtok=105064448
  [1] 51350 loss=4.8792 ppl=131.5 lr=4.76e-05 | 17232 tok/s (avg 16649) ETA n/a | GPU 1.3/2.3GB | gtok=105166848
  [1] 51400 loss=5.2556 ppl=191.6 lr=4.75e-05 | 17178 tok/s (avg 16649) ETA n/a | GPU 1.3/2.3GB | gtok=105269248
  [1] 51450 loss=4.8826 ppl=132.0 lr=4.74e-05 | 17160 tok/s (avg 16650) ETA n/a | GPU 1.3/2.3GB | gtok=105371648
  [1] 51500 loss=5.2498 ppl=190.5 lr=4.73e-05 | 17315 tok/s (avg 16650) ETA n/a | GPU 1.3/2.3GB | gtok=105474048
  [1] 51550 loss=4.8456 ppl=127.2 lr=4.72e-05 | 17430 tok/s (avg 16651) ETA n/a | GPU 1.3/2.3GB | gtok=105576448
  [1] 51600 loss=5.1795 ppl=177.6 lr=4.71e-05 | 17033 tok/s (avg 16651) ETA n/a | GPU 1.3/2.3GB | gtok=105678848
  [1] 51650 loss=5.2099 ppl=183.1 lr=4.71e-05 | 17461 tok/s (avg 16652) ETA n/a | GPU 1.3/2.3GB | gtok=105781248
  [1] 51700 loss=4.8789 ppl=131.5 lr=4.70e-05 | 17025 tok/s (avg 16652) ETA n/a | GPU 1.3/2.3GB | gtok=105883648
  [1] 51750 loss=4.9861 ppl=146.4 lr=4.69e-05 | 17199 tok/s (avg 16653) ETA n/a | GPU 1.3/2.3GB | gtok=105986048
  [1] 51800 loss=5.1129 ppl=166.2 lr=4.68e-05 | 17358 tok/s (avg 16654) ETA n/a | GPU 1.3/2.3GB | gtok=106088448
  [1] 51850 loss=5.1076 ppl=165.3 lr=4.67e-05 | 17094 tok/s (avg 16654) ETA n/a | GPU 1.3/2.3GB | gtok=106190848
  [1] 51900 loss=4.7356 ppl=113.9 lr=4.67e-05 | 17315 tok/s (avg 16655) ETA n/a | GPU 1.3/2.3GB | gtok=106293248
  [1] 51950 loss=4.9801 ppl=145.5 lr=4.66e-05 | 16982 tok/s (avg 16655) ETA n/a | GPU 1.3/2.3GB | gtok=106395648
  [1] 52000 loss=5.1809 ppl=177.9 lr=4.65e-05 | 17405 tok/s (avg 16656) ETA n/a | GPU 1.3/2.3GB | gtok=106498048
  [1] 52050 loss=4.6693 ppl=106.6 lr=4.64e-05 | 17153 tok/s (avg 16656) ETA n/a | GPU 1.3/2.3GB | gtok=106600448
  [1] 52100 loss=5.4281 ppl=227.7 lr=4.63e-05 | 17179 tok/s (avg 16656) ETA n/a | GPU 1.3/2.3GB | gtok=106702848
  [1] 52150 loss=5.1356 ppl=170.0 lr=4.63e-05 | 17390 tok/s (avg 16657) ETA n/a | GPU 1.3/2.3GB | gtok=106805248
  [1] 52200 loss=5.5947 ppl=269.0 lr=4.62e-05 | 17277 tok/s (avg 16658) ETA n/a | GPU 1.3/2.3GB | gtok=106907648
  [1] 52250 loss=4.8980 ppl=134.0 lr=4.61e-05 | 17503 tok/s (avg 16659) ETA n/a | GPU 1.3/2.3GB | gtok=107010048
  [1] 52300 loss=5.0046 ppl=149.1 lr=4.60e-05 | 16874 tok/s (avg 16659) ETA n/a | GPU 1.3/2.3GB | gtok=107112448
  [1] 52350 loss=4.8572 ppl=128.7 lr=4.59e-05 | 17157 tok/s (avg 16659) ETA n/a | GPU 1.3/2.3GB | gtok=107214848
  [1] 52400 loss=4.8273 ppl=124.9 lr=4.59e-05 | 17369 tok/s (avg 16660) ETA n/a | GPU 1.3/2.3GB | gtok=107317248
  [1] 52450 loss=4.8954 ppl=133.7 lr=4.58e-05 | 17211 tok/s (avg 16660) ETA n/a | GPU 1.3/2.3GB | gtok=107419648
  [1] 52500 loss=4.9460 ppl=140.6 lr=4.57e-05 | 17502 tok/s (avg 16661) ETA n/a | GPU 1.3/2.3GB | gtok=107522048
  [1] 52550 loss=4.9944 ppl=147.6 lr=4.56e-05 | 17004 tok/s (avg 16661) ETA n/a | GPU 1.3/2.3GB | gtok=107624448
  [1] 52600 loss=5.1418 ppl=171.0 lr=4.55e-05 | 17494 tok/s (avg 16662) ETA n/a | GPU 1.3/2.3GB | gtok=107726848
  [1] 52650 loss=4.0474 ppl=57.3 lr=4.55e-05 | 17259 tok/s (avg 16663) ETA n/a | GPU 1.3/2.3GB | gtok=107829248
  [1] 52700 loss=4.7703 ppl=118.0 lr=4.54e-05 | 17282 tok/s (avg 16663) ETA n/a | GPU 1.3/2.3GB | gtok=107931648
  [1] 52750 loss=4.9706 ppl=144.1 lr=4.53e-05 | 17350 tok/s (avg 16664) ETA n/a | GPU 1.3/2.3GB | gtok=108034048
  [1] 52800 loss=5.2017 ppl=181.6 lr=4.52e-05 | 17347 tok/s (avg 16665) ETA n/a | GPU 1.3/2.3GB | gtok=108136448
  [1] 52850 loss=5.3506 ppl=210.7 lr=4.51e-05 | 17530 tok/s (avg 16665) ETA n/a | GPU 1.3/2.3GB | gtok=108238848
  [1] 52900 loss=5.1648 ppl=175.0 lr=4.51e-05 | 17218 tok/s (avg 16666) ETA n/a | GPU 1.3/2.3GB | gtok=108341248
  [1] 52950 loss=5.0733 ppl=159.7 lr=4.50e-05 | 17421 tok/s (avg 16666) ETA n/a | GPU 1.3/2.3GB | gtok=108443648
  [1] 53000 loss=5.5427 ppl=255.4 lr=4.49e-05 | 17279 tok/s (avg 16667) ETA n/a | GPU 1.3/2.3GB | gtok=108546048
  [1] 53050 loss=5.1591 ppl=174.0 lr=4.48e-05 | 17293 tok/s (avg 16668) ETA n/a | GPU 1.3/2.3GB | gtok=108648448
  [1] 53100 loss=5.3356 ppl=207.6 lr=4.47e-05 | 17428 tok/s (avg 16668) ETA n/a | GPU 1.3/2.3GB | gtok=108750848
  [1] 53150 loss=4.6816 ppl=107.9 lr=4.47e-05 | 17203 tok/s (avg 16669) ETA n/a | GPU 1.3/2.3GB | gtok=108853248
  [1] 53200 loss=4.9599 ppl=142.6 lr=4.46e-05 | 17484 tok/s (avg 16670) ETA n/a | GPU 1.3/2.3GB | gtok=108955648
  [1] 53250 loss=4.7452 ppl=115.0 lr=4.45e-05 | 17372 tok/s (avg 16670) ETA n/a | GPU 1.3/2.3GB | gtok=109058048
  [1] 53300 loss=4.6935 ppl=109.2 lr=4.44e-05 | 17232 tok/s (avg 16671) ETA n/a | GPU 1.3/2.3GB | gtok=109160448
  [1] 53350 loss=5.0533 ppl=156.5 lr=4.43e-05 | 17487 tok/s (avg 16671) ETA n/a | GPU 1.3/2.3GB | gtok=109262848
  [1] 53400 loss=4.4319 ppl=84.1 lr=4.43e-05 | 17282 tok/s (avg 16672) ETA n/a | GPU 1.3/2.3GB | gtok=109365248
  [1] 53450 loss=5.1569 ppl=173.6 lr=4.42e-05 | 17511 tok/s (avg 16673) ETA n/a | GPU 1.3/2.3GB | gtok=109467648
  [1] 53500 loss=4.9261 ppl=137.8 lr=4.41e-05 | 17253 tok/s (avg 16673) ETA n/a | GPU 1.3/2.3GB | gtok=109570048
  [1] 53550 loss=5.0821 ppl=161.1 lr=4.40e-05 | 17465 tok/s (avg 16674) ETA n/a | GPU 1.3/2.3GB | gtok=109672448
  [1] 53600 loss=4.9626 ppl=143.0 lr=4.39e-05 | 17268 tok/s (avg 16674) ETA n/a | GPU 1.3/2.3GB | gtok=109774848
  [1] 53650 loss=5.4196 ppl=225.8 lr=4.39e-05 | 17333 tok/s (avg 16675) ETA n/a | GPU 1.3/2.3GB | gtok=109877248
  [1] 53700 loss=5.1177 ppl=166.9 lr=4.38e-05 | 17436 tok/s (avg 16676) ETA n/a | GPU 1.3/2.3GB | gtok=109979648
  [1] 53750 loss=4.4583 ppl=86.3 lr=4.37e-05 | 17194 tok/s (avg 16676) ETA n/a | GPU 1.3/2.3GB | gtok=110082048
  [1] 53800 loss=5.1106 ppl=165.8 lr=4.36e-05 | 17497 tok/s (avg 16677) ETA n/a | GPU 1.3/2.3GB | gtok=110184448
  [1] 53850 loss=4.9483 ppl=140.9 lr=4.35e-05 | 17227 tok/s (avg 16677) ETA n/a | GPU 1.3/2.3GB | gtok=110286848
  [1] 53900 loss=4.9830 ppl=145.9 lr=4.35e-05 | 17459 tok/s (avg 16678) ETA n/a | GPU 1.3/2.3GB | gtok=110389248
  [1] 53950 loss=4.7017 ppl=110.1 lr=4.34e-05 | 17242 tok/s (avg 16679) ETA n/a | GPU 1.3/2.3GB | gtok=110491648
  [1] 54000 loss=5.0155 ppl=150.7 lr=4.33e-05 | 17097 tok/s (avg 16679) ETA n/a | GPU 1.3/2.3GB | gtok=110594048
  [1] 54050 loss=4.9345 ppl=139.0 lr=4.32e-05 | 17338 tok/s (avg 16680) ETA n/a | GPU 1.3/2.3GB | gtok=110696448
  [1] 54100 loss=4.9997 ppl=148.4 lr=4.31e-05 | 17282 tok/s (avg 16680) ETA n/a | GPU 1.3/2.3GB | gtok=110798848
  [1] 54150 loss=4.9971 ppl=148.0 lr=4.31e-05 | 17500 tok/s (avg 16681) ETA n/a | GPU 1.3/2.3GB | gtok=110901248
  [1] 54200 loss=5.3069 ppl=201.7 lr=4.30e-05 | 17348 tok/s (avg 16681) ETA n/a | GPU 1.3/2.3GB | gtok=111003648
  [1] 54250 loss=4.4081 ppl=82.1 lr=4.29e-05 | 17433 tok/s (avg 16682) ETA n/a | GPU 1.3/2.3GB | gtok=111106048
  [1] 54300 loss=5.1853 ppl=178.6 lr=4.28e-05 | 17263 tok/s (avg 16683) ETA n/a | GPU 1.3/2.3GB | gtok=111208448
  [1] 54350 loss=4.6264 ppl=102.1 lr=4.28e-05 | 17195 tok/s (avg 16683) ETA n/a | GPU 1.3/2.3GB | gtok=111310848
  [1] 54400 loss=5.2755 ppl=195.5 lr=4.27e-05 | 17420 tok/s (avg 16684) ETA n/a | GPU 1.3/2.3GB | gtok=111413248
  [1] 54450 loss=5.0534 ppl=156.5 lr=4.26e-05 | 17244 tok/s (avg 16684) ETA n/a | GPU 1.3/2.3GB | gtok=111515648
  [1] 54500 loss=5.3776 ppl=216.5 lr=4.25e-05 | 17512 tok/s (avg 16685) ETA n/a | GPU 1.3/2.3GB | gtok=111618048
  [1] 54550 loss=4.8512 ppl=127.9 lr=4.24e-05 | 17295 tok/s (avg 16685) ETA n/a | GPU 1.3/2.3GB | gtok=111720448
  [1] 54600 loss=5.0713 ppl=159.4 lr=4.24e-05 | 17161 tok/s (avg 16686) ETA n/a | GPU 1.3/2.3GB | gtok=111822848
  [1] 54650 loss=5.0192 ppl=151.3 lr=4.23e-05 | 17498 tok/s (avg 16687) ETA n/a | GPU 1.3/2.3GB | gtok=111925248
  [1] 54700 loss=4.5051 ppl=90.5 lr=4.22e-05 | 17248 tok/s (avg 16687) ETA n/a | GPU 1.3/2.3GB | gtok=112027648
  [1] 54750 loss=4.6616 ppl=105.8 lr=4.21e-05 | 17491 tok/s (avg 16688) ETA n/a | GPU 1.3/2.3GB | gtok=112130048
  [1] 54800 loss=4.6408 ppl=103.6 lr=4.20e-05 | 17339 tok/s (avg 16688) ETA n/a | GPU 1.3/2.3GB | gtok=112232448
  [1] 54850 loss=5.2048 ppl=182.1 lr=4.20e-05 | 17403 tok/s (avg 16689) ETA n/a | GPU 1.3/2.3GB | gtok=112334848
  [1] 54900 loss=4.8860 ppl=132.4 lr=4.19e-05 | 17297 tok/s (avg 16690) ETA n/a | GPU 1.3/2.3GB | gtok=112437248
  [1] 54950 loss=5.1946 ppl=180.3 lr=4.18e-05 | 17249 tok/s (avg 16690) ETA n/a | GPU 1.3/2.3GB | gtok=112539648
Saved checkpoint: checkpoints_v12_curriculum/base/latest.pt
  [checkpoint @ step 55000, 112,640,000 tok]
  [1] 55000 loss=5.2483 ppl=190.3 lr=4.17e-05 | 15874 tok/s (avg 16689) ETA n/a | GPU 1.3/2.3GB | gtok=112642048
  [mid-epoch sample @ batch 55000, 112,642,048 tok]
  Prompt: In 1923 , the University of
  Generated: In 1923 , the University of California and the University of California in North Carolina have found that the population of California is "died" (a population that is less than 1 percent) and is more than 4,000 years old.

The researchers' results indicate that the population of California will be more likely to get a less healthy and more effective population of California. The team found that people who are more sensitive to the situation at high school have increased from 8 to 9 percent to 10% after this period.


  [1] 55050 loss=4.8697 ppl=130.3 lr=4.16e-05 | 14055 tok/s (avg 16686) ETA n/a | GPU 1.3/2.3GB | gtok=112744448
  [1] 55100 loss=4.9957 ppl=147.8 lr=4.16e-05 | 17516 tok/s (avg 16687) ETA n/a | GPU 1.3/2.3GB | gtok=112846848
  [1] 55150 loss=4.8067 ppl=122.3 lr=4.15e-05 | 17285 tok/s (avg 16688) ETA n/a | GPU 1.3/2.3GB | gtok=112949248
  [1] 55200 loss=5.0105 ppl=150.0 lr=4.14e-05 | 17537 tok/s (avg 16688) ETA n/a | GPU 1.3/2.3GB | gtok=113051648
  [1] 55250 loss=5.4742 ppl=238.5 lr=4.13e-05 | 17279 tok/s (avg 16689) ETA n/a | GPU 1.3/2.3GB | gtok=113154048
  [1] 55300 loss=5.2198 ppl=184.9 lr=4.12e-05 | 16903 tok/s (avg 16689) ETA n/a | GPU 1.3/2.3GB | gtok=113256448
  [1] 55350 loss=4.9534 ppl=141.7 lr=4.12e-05 | 17500 tok/s (avg 16690) ETA n/a | GPU 1.3/2.3GB | gtok=113358848
  [1] 55400 loss=5.0873 ppl=161.9 lr=4.11e-05 | 17247 tok/s (avg 16690) ETA n/a | GPU 1.3/2.3GB | gtok=113461248
  [1] 55450 loss=4.6932 ppl=109.2 lr=4.10e-05 | 17454 tok/s (avg 16691) ETA n/a | GPU 1.3/2.3GB | gtok=113563648
  [1] 55500 loss=4.9405 ppl=139.8 lr=4.09e-05 | 17312 tok/s (avg 16691) ETA n/a | GPU 1.3/2.3GB | gtok=113666048
  [1] 55550 loss=4.8967 ppl=133.8 lr=4.08e-05 | 17339 tok/s (avg 16692) ETA n/a | GPU 1.3/2.3GB | gtok=113768448
  [1] 55600 loss=4.9550 ppl=141.9 lr=4.08e-05 | 17486 tok/s (avg 16693) ETA n/a | GPU 1.3/2.3GB | gtok=113870848
  [1] 55650 loss=5.3391 ppl=208.3 lr=4.07e-05 | 17252 tok/s (avg 16693) ETA n/a | GPU 1.3/2.3GB | gtok=113973248
  [1] 55700 loss=4.6419 ppl=103.7 lr=4.06e-05 | 17324 tok/s (avg 16694) ETA n/a | GPU 1.3/2.3GB | gtok=114075648
  [1] 55750 loss=5.2931 ppl=198.9 lr=4.05e-05 | 17234 tok/s (avg 16694) ETA n/a | GPU 1.3/2.3GB | gtok=114178048
  [1] 55800 loss=5.0060 ppl=149.3 lr=4.05e-05 | 17442 tok/s (avg 16695) ETA n/a | GPU 1.3/2.3GB | gtok=114280448
  [1] 55850 loss=5.0733 ppl=159.7 lr=4.04e-05 | 17232 tok/s (avg 16695) ETA n/a | GPU 1.3/2.3GB | gtok=114382848
  [1] 55900 loss=5.2400 ppl=188.7 lr=4.03e-05 | 17043 tok/s (avg 16696) ETA n/a | GPU 1.3/2.3GB | gtok=114485248
  [1] 55950 loss=4.4574 ppl=86.3 lr=4.02e-05 | 17066 tok/s (avg 16696) ETA n/a | GPU 1.3/2.3GB | gtok=114587648
  [1] 56000 loss=5.2493 ppl=190.4 lr=4.01e-05 | 17449 tok/s (avg 16697) ETA n/a | GPU 1.3/2.3GB | gtok=114690048
  [1] 56050 loss=4.3633 ppl=78.5 lr=4.01e-05 | 17315 tok/s (avg 16697) ETA n/a | GPU 1.3/2.3GB | gtok=114792448
  [1] 56100 loss=4.7135 ppl=111.4 lr=4.00e-05 | 17327 tok/s (avg 16698) ETA n/a | GPU 1.3/2.3GB | gtok=114894848
  [1] 56150 loss=5.2742 ppl=195.2 lr=3.99e-05 | 17453 tok/s (avg 16698) ETA n/a | GPU 1.3/2.3GB | gtok=114997248
  [1] 56200 loss=4.8015 ppl=121.7 lr=3.98e-05 | 17286 tok/s (avg 16699) ETA n/a | GPU 1.3/2.3GB | gtok=115099648
  [1] 56250 loss=4.8345 ppl=125.8 lr=3.97e-05 | 17192 tok/s (avg 16699) ETA n/a | GPU 1.3/2.3GB | gtok=115202048
  [1] 56300 loss=5.1382 ppl=170.4 lr=3.97e-05 | 17492 tok/s (avg 16700) ETA n/a | GPU 1.3/2.3GB | gtok=115304448
  [1] 56350 loss=5.0539 ppl=156.6 lr=3.96e-05 | 17293 tok/s (avg 16700) ETA n/a | GPU 1.3/2.3GB | gtok=115406848
  [1] 56400 loss=5.1238 ppl=168.0 lr=3.95e-05 | 17511 tok/s (avg 16701) ETA n/a | GPU 1.3/2.3GB | gtok=115509248
  [1] 56450 loss=4.9670 ppl=143.6 lr=3.94e-05 | 17265 tok/s (avg 16702) ETA n/a | GPU 1.3/2.3GB | gtok=115611648
  [1] 56500 loss=4.9777 ppl=145.1 lr=3.93e-05 | 17454 tok/s (avg 16702) ETA n/a | GPU 1.3/2.3GB | gtok=115714048
  [1] 56550 loss=5.3082 ppl=202.0 lr=3.93e-05 | 17118 tok/s (avg 16703) ETA n/a | GPU 1.3/2.3GB | gtok=115816448
  [1] 56600 loss=5.2098 ppl=183.1 lr=3.92e-05 | 17227 tok/s (avg 16703) ETA n/a | GPU 1.3/2.3GB | gtok=115918848
  [1] 56650 loss=4.9749 ppl=144.7 lr=3.91e-05 | 17457 tok/s (avg 16704) ETA n/a | GPU 1.3/2.3GB | gtok=116021248
  [1] 56700 loss=2.9389 ppl=18.9 lr=3.90e-05 | 17263 tok/s (avg 16704) ETA n/a | GPU 1.3/2.3GB | gtok=116123648
  [1] 56750 loss=5.2212 ppl=185.1 lr=3.90e-05 | 17549 tok/s (avg 16705) ETA n/a | GPU 1.3/2.3GB | gtok=116226048
  [1] 56800 loss=5.0832 ppl=161.3 lr=3.89e-05 | 17358 tok/s (avg 16705) ETA n/a | GPU 1.3/2.3GB | gtok=116328448
  [1] 56850 loss=4.8975 ppl=134.0 lr=3.88e-05 | 17475 tok/s (avg 16706) ETA n/a | GPU 1.3/2.3GB | gtok=116430848
  [1] 56900 loss=5.1217 ppl=167.6 lr=3.87e-05 | 17359 tok/s (avg 16707) ETA n/a | GPU 1.3/2.3GB | gtok=116533248
  [1] 56950 loss=5.1117 ppl=166.0 lr=3.86e-05 | 17211 tok/s (avg 16707) ETA n/a | GPU 1.3/2.3GB | gtok=116635648
  [1] 57000 loss=5.2667 ppl=193.8 lr=3.86e-05 | 17477 tok/s (avg 16708) ETA n/a | GPU 1.3/2.3GB | gtok=116738048
  [1] 57050 loss=5.0695 ppl=159.1 lr=3.85e-05 | 17317 tok/s (avg 16708) ETA n/a | GPU 1.3/2.3GB | gtok=116840448
  [1] 57100 loss=4.7332 ppl=113.7 lr=3.84e-05 | 17445 tok/s (avg 16709) ETA n/a | GPU 1.3/2.3GB | gtok=116942848
  [1] 57150 loss=4.8377 ppl=126.2 lr=3.83e-05 | 17252 tok/s (avg 16709) ETA n/a | GPU 1.3/2.3GB | gtok=117045248
  [1] 57200 loss=5.1371 ppl=170.2 lr=3.83e-05 | 17168 tok/s (avg 16710) ETA n/a | GPU 1.3/2.3GB | gtok=117147648
  [1] 57250 loss=5.3332 ppl=207.1 lr=3.82e-05 | 17411 tok/s (avg 16710) ETA n/a | GPU 1.3/2.3GB | gtok=117250048
  [1] 57300 loss=5.2767 ppl=195.7 lr=3.81e-05 | 17223 tok/s (avg 16711) ETA n/a | GPU 1.3/2.3GB | gtok=117352448
  [1] 57350 loss=4.6490 ppl=104.5 lr=3.80e-05 | 17244 tok/s (avg 16711) ETA n/a | GPU 1.3/2.3GB | gtok=117454848
  [1] 57400 loss=5.0678 ppl=158.8 lr=3.79e-05 | 17114 tok/s (avg 16711) ETA n/a | GPU 1.3/2.3GB | gtok=117557248
  [1] 57450 loss=5.1099 ppl=165.7 lr=3.79e-05 | 17156 tok/s (avg 16712) ETA n/a | GPU 1.3/2.3GB | gtok=117659648
  [1] 57500 loss=5.0225 ppl=151.8 lr=3.78e-05 | 17370 tok/s (avg 16712) ETA n/a | GPU 1.3/2.3GB | gtok=117762048
  [1] 57550 loss=5.0963 ppl=163.4 lr=3.77e-05 | 17183 tok/s (avg 16713) ETA n/a | GPU 1.3/2.3GB | gtok=117864448
  [1] 57600 loss=4.9149 ppl=136.3 lr=3.76e-05 | 17452 tok/s (avg 16713) ETA n/a | GPU 1.3/2.3GB | gtok=117966848
  [1] 57650 loss=4.6449 ppl=104.1 lr=3.75e-05 | 17199 tok/s (avg 16714) ETA n/a | GPU 1.3/2.3GB | gtok=118069248
  [1] 57700 loss=5.0029 ppl=148.8 lr=3.75e-05 | 17414 tok/s (avg 16714) ETA n/a | GPU 1.3/2.3GB | gtok=118171648
  [1] 57750 loss=4.7975 ppl=121.2 lr=3.74e-05 | 17301 tok/s (avg 16715) ETA n/a | GPU 1.3/2.3GB | gtok=118274048
  [1] 57800 loss=5.2748 ppl=195.4 lr=3.73e-05 | 17180 tok/s (avg 16715) ETA n/a | GPU 1.3/2.3GB | gtok=118376448
  [1] 57850 loss=4.8886 ppl=132.8 lr=3.72e-05 | 17442 tok/s (avg 16716) ETA n/a | GPU 1.3/2.3GB | gtok=118478848
  [1] 57900 loss=5.1229 ppl=167.8 lr=3.72e-05 | 17322 tok/s (avg 16716) ETA n/a | GPU 1.3/2.3GB | gtok=118581248
  [1] 57950 loss=4.7172 ppl=111.8 lr=3.71e-05 | 17491 tok/s (avg 16717) ETA n/a | GPU 1.3/2.3GB | gtok=118683648
  [1] 58000 loss=5.2199 ppl=184.9 lr=3.70e-05 | 17310 tok/s (avg 16717) ETA n/a | GPU 1.3/2.3GB | gtok=118786048
  [1] 58050 loss=4.6092 ppl=100.4 lr=3.69e-05 | 17428 tok/s (avg 16718) ETA n/a | GPU 1.3/2.3GB | gtok=118888448
  [1] 58100 loss=4.5108 ppl=91.0 lr=3.68e-05 | 17308 tok/s (avg 16719) ETA n/a | GPU 1.3/2.3GB | gtok=118990848
  [1] 58150 loss=5.0121 ppl=150.2 lr=3.68e-05 | 17188 tok/s (avg 16719) ETA n/a | GPU 1.3/2.3GB | gtok=119093248
  [1] 58200 loss=5.2155 ppl=184.1 lr=3.67e-05 | 17390 tok/s (avg 16719) ETA n/a | GPU 1.3/2.3GB | gtok=119195648
  [1] 58250 loss=5.1557 ppl=173.4 lr=3.66e-05 | 17182 tok/s (avg 16720) ETA n/a | GPU 1.3/2.3GB | gtok=119298048
  [1] 58300 loss=4.8442 ppl=127.0 lr=3.65e-05 | 17422 tok/s (avg 16720) ETA n/a | GPU 1.3/2.3GB | gtok=119400448
  [1] 58350 loss=5.0828 ppl=161.2 lr=3.65e-05 | 17222 tok/s (avg 16721) ETA n/a | GPU 1.3/2.3GB | gtok=119502848
  [1] 58400 loss=4.7519 ppl=115.8 lr=3.64e-05 | 17282 tok/s (avg 16721) ETA n/a | GPU 1.3/2.3GB | gtok=119605248
  [1] 58450 loss=4.6825 ppl=108.0 lr=3.63e-05 | 17509 tok/s (avg 16722) ETA n/a | GPU 1.3/2.3GB | gtok=119707648
  [1] 58500 loss=4.8936 ppl=133.4 lr=3.62e-05 | 17292 tok/s (avg 16722) ETA n/a | GPU 1.3/2.3GB | gtok=119810048
  [1] 58550 loss=4.8442 ppl=127.0 lr=3.62e-05 | 17489 tok/s (avg 16723) ETA n/a | GPU 1.3/2.3GB | gtok=119912448
  [1] 58600 loss=4.8251 ppl=124.6 lr=3.61e-05 | 17337 tok/s (avg 16724) ETA n/a | GPU 1.3/2.3GB | gtok=120014848
  [1] 58650 loss=5.5290 ppl=251.9 lr=3.60e-05 | 17346 tok/s (avg 16724) ETA n/a | GPU 1.3/2.3GB | gtok=120117248
  [1] 58700 loss=4.9592 ppl=142.5 lr=3.59e-05 | 17300 tok/s (avg 16725) ETA n/a | GPU 1.3/2.3GB | gtok=120219648
  [1] 58750 loss=4.9615 ppl=142.8 lr=3.58e-05 | 17140 tok/s (avg 16725) ETA n/a | GPU 1.3/2.3GB | gtok=120322048
  [1] 58800 loss=4.7642 ppl=117.2 lr=3.58e-05 | 17363 tok/s (avg 16725) ETA n/a | GPU 1.3/2.3GB | gtok=120424448
  [1] 58850 loss=4.7625 ppl=117.0 lr=3.57e-05 | 17163 tok/s (avg 16726) ETA n/a | GPU 1.3/2.3GB | gtok=120526848
  [1] 58900 loss=4.9523 ppl=141.5 lr=3.56e-05 | 17363 tok/s (avg 16726) ETA n/a | GPU 1.3/2.3GB | gtok=120629248
  [1] 58950 loss=4.9462 ppl=140.6 lr=3.55e-05 | 17345 tok/s (avg 16727) ETA n/a | GPU 1.3/2.3GB | gtok=120731648
  [1] 59000 loss=4.5513 ppl=94.8 lr=3.55e-05 | 17238 tok/s (avg 16727) ETA n/a | GPU 1.3/2.3GB | gtok=120834048
  [1] 59050 loss=4.9615 ppl=142.8 lr=3.54e-05 | 17349 tok/s (avg 16728) ETA n/a | GPU 1.3/2.3GB | gtok=120936448
  [1] 59100 loss=5.4629 ppl=235.8 lr=3.53e-05 | 17216 tok/s (avg 16728) ETA n/a | GPU 1.3/2.3GB | gtok=121038848
  [1] 59150 loss=4.5815 ppl=97.7 lr=3.52e-05 | 17514 tok/s (avg 16729) ETA n/a | GPU 1.3/2.3GB | gtok=121141248
  [1] 59200 loss=4.4977 ppl=89.8 lr=3.52e-05 | 17302 tok/s (avg 16729) ETA n/a | GPU 1.3/2.3GB | gtok=121243648
  [1] 59250 loss=5.0919 ppl=162.7 lr=3.51e-05 | 17377 tok/s (avg 16730) ETA n/a | GPU 1.3/2.3GB | gtok=121346048
  [1] 59300 loss=4.6763 ppl=107.4 lr=3.50e-05 | 17221 tok/s (avg 16730) ETA n/a | GPU 1.3/2.3GB | gtok=121448448
  [1] 59350 loss=4.8013 ppl=121.7 lr=3.49e-05 | 17293 tok/s (avg 16731) ETA n/a | GPU 1.3/2.3GB | gtok=121550848
  [1] 59400 loss=4.6626 ppl=105.9 lr=3.48e-05 | 17441 tok/s (avg 16731) ETA n/a | GPU 1.3/2.3GB | gtok=121653248
  [1] 59450 loss=4.5251 ppl=92.3 lr=3.48e-05 | 17256 tok/s (avg 16732) ETA n/a | GPU 1.3/2.3GB | gtok=121755648
  [1] 59500 loss=4.9961 ppl=147.8 lr=3.47e-05 | 17456 tok/s (avg 16732) ETA n/a | GPU 1.3/2.3GB | gtok=121858048
  [1] 59550 loss=4.8900 ppl=133.0 lr=3.46e-05 | 17238 tok/s (avg 16733) ETA n/a | GPU 1.3/2.3GB | gtok=121960448
  [1] 59600 loss=4.6329 ppl=102.8 lr=3.45e-05 | 17432 tok/s (avg 16733) ETA n/a | GPU 1.3/2.3GB | gtok=122062848
  [1] 59650 loss=4.8683 ppl=130.1 lr=3.45e-05 | 17196 tok/s (avg 16734) ETA n/a | GPU 1.3/2.3GB | gtok=122165248
  [1] 59700 loss=4.5723 ppl=96.8 lr=3.44e-05 | 17295 tok/s (avg 16734) ETA n/a | GPU 1.3/2.3GB | gtok=122267648
  [1] 59750 loss=5.3207 ppl=204.5 lr=3.43e-05 | 17481 tok/s (avg 16735) ETA n/a | GPU 1.3/2.3GB | gtok=122370048
  [1] 59800 loss=5.2132 ppl=183.7 lr=3.42e-05 | 17299 tok/s (avg 16735) ETA n/a | GPU 1.3/2.3GB | gtok=122472448
  [1] 59850 loss=4.7983 ppl=121.3 lr=3.42e-05 | 17468 tok/s (avg 16736) ETA n/a | GPU 1.3/2.3GB | gtok=122574848
  [1] 59900 loss=5.1719 ppl=176.2 lr=3.41e-05 | 17345 tok/s (avg 16736) ETA n/a | GPU 1.3/2.3GB | gtok=122677248
  [1] 59950 loss=4.7449 ppl=115.0 lr=3.40e-05 | 17360 tok/s (avg 16737) ETA n/a | GPU 1.3/2.3GB | gtok=122779648
Saved checkpoint: checkpoints_v12_curriculum/base/latest.pt
  [checkpoint @ step 60000, 122,880,000 tok]
  [1] 60000 loss=4.1674 ppl=64.5 lr=3.39e-05 | 15693 tok/s (avg 16736) ETA n/a | GPU 1.3/2.3GB | gtok=122882048
  [mid-epoch sample @ batch 60000, 122,882,048 tok]
  Prompt: In 1923 , the University of
  Generated: In 1923 , the University of California.<|endoftext|>What is a Water Development?
The Water and Climate Change are one of several different processes to help reduce their environmental impact on their environment. It is also important to keep the water safe from the air. This means that the water can be used as a whole or more for future generations. The water level can be very efficient in these areas.
How would you find out about the water?
There are many ways to create a water source. If you want to know the water
  [1] 60050 loss=4.2581 ppl=70.7 lr=3.39e-05 | 14017 tok/s (avg 16733) ETA n/a | GPU 1.3/2.3GB | gtok=122984448
  [1] 60100 loss=4.9978 ppl=148.1 lr=3.38e-05 | 17436 tok/s (avg 16734) ETA n/a | GPU 1.3/2.3GB | gtok=123086848
  [1] 60150 loss=4.9193 ppl=136.9 lr=3.37e-05 | 17135 tok/s (avg 16734) ETA n/a | GPU 1.3/2.3GB | gtok=123189248
  [1] 60200 loss=5.0622 ppl=157.9 lr=3.36e-05 | 17505 tok/s (avg 16735) ETA n/a | GPU 1.3/2.3GB | gtok=123291648
  [1] 60250 loss=4.7652 ppl=117.4 lr=3.35e-05 | 17163 tok/s (avg 16735) ETA n/a | GPU 1.3/2.3GB | gtok=123394048
  [1] 60300 loss=4.9777 ppl=145.1 lr=3.35e-05 | 17304 tok/s (avg 16735) ETA n/a | GPU 1.3/2.3GB | gtok=123496448
  [1] 60350 loss=5.3465 ppl=209.9 lr=3.34e-05 | 17450 tok/s (avg 16736) ETA n/a | GPU 1.3/2.3GB | gtok=123598848
  [1] 60400 loss=4.7092 ppl=111.0 lr=3.33e-05 | 17228 tok/s (avg 16736) ETA n/a | GPU 1.3/2.3GB | gtok=123701248
  [1] 60450 loss=5.2479 ppl=190.2 lr=3.32e-05 | 17443 tok/s (avg 16737) ETA n/a | GPU 1.3/2.3GB | gtok=123803648
  [1] 60500 loss=4.8154 ppl=123.4 lr=3.32e-05 | 17253 tok/s (avg 16737) ETA n/a | GPU 1.3/2.3GB | gtok=123906048
  [1] 60550 loss=4.9830 ppl=145.9 lr=3.31e-05 | 17379 tok/s (avg 16738) ETA n/a | GPU 1.3/2.3GB | gtok=124008448
  [1] 60600 loss=3.7375 ppl=42.0 lr=3.30e-05 | 17233 tok/s (avg 16738) ETA n/a | GPU 1.3/2.3GB | gtok=124110848
  [1] 60650 loss=5.1124 ppl=166.1 lr=3.29e-05 | 17349 tok/s (avg 16739) ETA n/a | GPU 1.3/2.3GB | gtok=124213248
  [1] 60700 loss=5.0620 ppl=157.9 lr=3.29e-05 | 17464 tok/s (avg 16739) ETA n/a | GPU 1.3/2.3GB | gtok=124315648
  [1] 60750 loss=5.0346 ppl=153.6 lr=3.28e-05 | 17397 tok/s (avg 16740) ETA n/a | GPU 1.3/2.3GB | gtok=124418048
  [1] 60800 loss=4.5867 ppl=98.2 lr=3.27e-05 | 17535 tok/s (avg 16740) ETA n/a | GPU 1.3/2.3GB | gtok=124520448
  [1] 60850 loss=5.3006 ppl=200.4 lr=3.26e-05 | 17179 tok/s (avg 16741) ETA n/a | GPU 1.3/2.3GB | gtok=124622848
  [1] 60900 loss=5.0908 ppl=162.5 lr=3.26e-05 | 17158 tok/s (avg 16741) ETA n/a | GPU 1.3/2.3GB | gtok=124725248
  [1] 60950 loss=4.8992 ppl=134.2 lr=3.25e-05 | 17380 tok/s (avg 16742) ETA n/a | GPU 1.3/2.3GB | gtok=124827648
  [1] 61000 loss=4.9976 ppl=148.1 lr=3.24e-05 | 17255 tok/s (avg 16742) ETA n/a | GPU 1.3/2.3GB | gtok=124930048
  [1] 61050 loss=4.8587 ppl=128.9 lr=3.23e-05 | 17429 tok/s (avg 16743) ETA n/a | GPU 1.3/2.3GB | gtok=125032448
  [1] 61100 loss=5.1512 ppl=172.6 lr=3.23e-05 | 17177 tok/s (avg 16743) ETA n/a | GPU 1.3/2.3GB | gtok=125134848
  [1] 61150 loss=4.5975 ppl=99.2 lr=3.22e-05 | 17289 tok/s (avg 16743) ETA n/a | GPU 1.3/2.3GB | gtok=125237248
  [1] 61200 loss=5.0258 ppl=152.3 lr=3.21e-05 | 17161 tok/s (avg 16744) ETA n/a | GPU 1.3/2.3GB | gtok=125339648
  [1] 61250 loss=5.0622 ppl=157.9 lr=3.20e-05 | 17129 tok/s (avg 16744) ETA n/a | GPU 1.3/2.3GB | gtok=125442048
  [1] 61300 loss=5.2071 ppl=182.6 lr=3.20e-05 | 17405 tok/s (avg 16744) ETA n/a | GPU 1.3/2.3GB | gtok=125544448
  [1] 61350 loss=4.5188 ppl=91.7 lr=3.19e-05 | 17237 tok/s (avg 16745) ETA n/a | GPU 1.3/2.3GB | gtok=125646848
  [1] 61400 loss=4.9045 ppl=134.9 lr=3.18e-05 | 17472 tok/s (avg 16745) ETA n/a | GPU 1.3/2.3GB | gtok=125749248
  [1] 61450 loss=4.8087 ppl=122.6 lr=3.17e-05 | 17263 tok/s (avg 16746) ETA n/a | GPU 1.3/2.3GB | gtok=125851648
  [1] 61500 loss=4.8435 ppl=126.9 lr=3.17e-05 | 17291 tok/s (avg 16746) ETA n/a | GPU 1.3/2.3GB | gtok=125954048
  [1] 61550 loss=4.6540 ppl=105.0 lr=3.16e-05 | 17324 tok/s (avg 16747) ETA n/a | GPU 1.3/2.3GB | gtok=126056448
  [1] 61600 loss=4.9059 ppl=135.1 lr=3.15e-05 | 17195 tok/s (avg 16747) ETA n/a | GPU 1.3/2.3GB | gtok=126158848
  [1] 61650 loss=4.9924 ppl=147.3 lr=3.14e-05 | 17360 tok/s (avg 16748) ETA n/a | GPU 1.3/2.3GB | gtok=126261248
  [1] 61700 loss=4.8238 ppl=124.4 lr=3.14e-05 | 17107 tok/s (avg 16748) ETA n/a | GPU 1.3/2.3GB | gtok=126363648
  [1] 61750 loss=5.1774 ppl=177.2 lr=3.13e-05 | 17222 tok/s (avg 16748) ETA n/a | GPU 1.3/2.3GB | gtok=126466048
  [1] 61800 loss=4.8461 ppl=127.2 lr=3.12e-05 | 17451 tok/s (avg 16749) ETA n/a | GPU 1.3/2.3GB | gtok=126568448
  [1] 61850 loss=5.6603 ppl=287.2 lr=3.11e-05 | 17190 tok/s (avg 16749) ETA n/a | GPU 1.3/2.3GB | gtok=126670848
  [1] 61900 loss=4.9227 ppl=137.4 lr=3.11e-05 | 17307 tok/s (avg 16750) ETA n/a | GPU 1.3/2.3GB | gtok=126773248
  [1] 61950 loss=4.6353 ppl=103.1 lr=3.10e-05 | 17180 tok/s (avg 16750) ETA n/a | GPU 1.3/2.3GB | gtok=126875648
  [1] 62000 loss=5.2747 ppl=195.3 lr=3.09e-05 | 17282 tok/s (avg 16750) ETA n/a | GPU 1.3/2.3GB | gtok=126978048
  [1] 62050 loss=4.9070 ppl=135.2 lr=3.08e-05 | 17156 tok/s (avg 16751) ETA n/a | GPU 1.3/2.3GB | gtok=127080448
  [1] 62100 loss=4.6215 ppl=101.6 lr=3.08e-05 | 17136 tok/s (avg 16751) ETA n/a | GPU 1.3/2.3GB | gtok=127182848
  [1] 62150 loss=4.8056 ppl=122.2 lr=3.07e-05 | 17053 tok/s (avg 16751) ETA n/a | GPU 1.3/2.3GB | gtok=127285248
  [1] 62200 loss=5.0043 ppl=149.0 lr=3.06e-05 | 17155 tok/s (avg 16751) ETA n/a | GPU 1.3/2.3GB | gtok=127387648
  [1] 62250 loss=4.8306 ppl=125.3 lr=3.05e-05 | 17363 tok/s (avg 16752) ETA n/a | GPU 1.3/2.3GB | gtok=127490048
  [1] 62300 loss=4.4017 ppl=81.6 lr=3.05e-05 | 17177 tok/s (avg 16752) ETA n/a | GPU 1.3/2.3GB | gtok=127592448
  [1] 62350 loss=5.0214 ppl=151.6 lr=3.04e-05 | 17502 tok/s (avg 16753) ETA n/a | GPU 1.3/2.3GB | gtok=127694848
  [1] 62400 loss=4.7967 ppl=121.1 lr=3.03e-05 | 17286 tok/s (avg 16753) ETA n/a | GPU 1.3/2.3GB | gtok=127797248
  [1] 62450 loss=4.7394 ppl=114.4 lr=3.02e-05 | 17241 tok/s (avg 16754) ETA n/a | GPU 1.3/2.3GB | gtok=127899648
  [1] 62500 loss=4.9132 ppl=136.1 lr=3.02e-05 | 17346 tok/s (avg 16754) ETA n/a | GPU 1.3/2.3GB | gtok=128002048
  [1] 62550 loss=4.9850 ppl=146.2 lr=3.01e-05 | 17207 tok/s (avg 16754) ETA n/a | GPU 1.3/2.3GB | gtok=128104448
  [1] 62600 loss=4.7751 ppl=118.5 lr=3.00e-05 | 17371 tok/s (avg 16755) ETA n/a | GPU 1.3/2.3GB | gtok=128206848
  [1] 62650 loss=4.6396 ppl=103.5 lr=3.00e-05 | 17217 tok/s (avg 16755) ETA n/a | GPU 1.3/2.3GB | gtok=128309248
  [1] 62700 loss=4.7718 ppl=118.1 lr=2.99e-05 | 17461 tok/s (avg 16756) ETA n/a | GPU 1.3/2.3GB | gtok=128411648
  [1] 62750 loss=5.0345 ppl=153.6 lr=2.98e-05 | 17309 tok/s (avg 16756) ETA n/a | GPU 1.3/2.3GB | gtok=128514048
  [1] 62800 loss=4.7147 ppl=111.6 lr=2.97e-05 | 17178 tok/s (avg 16757) ETA n/a | GPU 1.3/2.3GB | gtok=128616448
  [1] 62850 loss=5.0166 ppl=150.9 lr=2.97e-05 | 17393 tok/s (avg 16757) ETA n/a | GPU 1.3/2.3GB | gtok=128718848
  [1] 62900 loss=4.5920 ppl=98.7 lr=2.96e-05 | 17170 tok/s (avg 16757) ETA n/a | GPU 1.3/2.3GB | gtok=128821248
  [1] 62950 loss=4.6647 ppl=106.1 lr=2.95e-05 | 17448 tok/s (avg 16758) ETA n/a | GPU 1.3/2.3GB | gtok=128923648
  [1] 63000 loss=4.5148 ppl=91.4 lr=2.94e-05 | 17250 tok/s (avg 16758) ETA n/a | GPU 1.3/2.3GB | gtok=129026048
  [1] 63050 loss=5.0232 ppl=151.9 lr=2.94e-05 | 17416 tok/s (avg 16759) ETA n/a | GPU 1.3/2.3GB | gtok=129128448
  [1] 63100 loss=4.7976 ppl=121.2 lr=2.93e-05 | 17278 tok/s (avg 16759) ETA n/a | GPU 1.3/2.3GB | gtok=129230848
  [1] 63150 loss=5.3478 ppl=210.2 lr=2.92e-05 | 17230 tok/s (avg 16760) ETA n/a | GPU 1.3/2.3GB | gtok=129333248
  [1] 63200 loss=5.0274 ppl=152.5 lr=2.91e-05 | 17563 tok/s (avg 16760) ETA n/a | GPU 1.3/2.3GB | gtok=129435648
  [1] 63250 loss=4.9873 ppl=146.5 lr=2.91e-05 | 17321 tok/s (avg 16761) ETA n/a | GPU 1.3/2.3GB | gtok=129538048
  [1] 63300 loss=4.8563 ppl=128.5 lr=2.90e-05 | 17497 tok/s (avg 16761) ETA n/a | GPU 1.3/2.3GB | gtok=129640448
  [1] 63350 loss=4.8755 ppl=131.0 lr=2.89e-05 | 17183 tok/s (avg 16761) ETA n/a | GPU 1.3/2.3GB | gtok=129742848
  [1] 63400 loss=5.0418 ppl=154.8 lr=2.89e-05 | 17511 tok/s (avg 16762) ETA n/a | GPU 1.3/2.3GB | gtok=129845248
  [1] 63450 loss=4.8924 ppl=133.3 lr=2.88e-05 | 17154 tok/s (avg 16762) ETA n/a | GPU 1.3/2.3GB | gtok=129947648
  [1] 63500 loss=4.9386 ppl=139.6 lr=2.87e-05 | 17328 tok/s (avg 16763) ETA n/a | GPU 1.3/2.3GB | gtok=130050048
  [1] 63550 loss=5.0599 ppl=157.6 lr=2.86e-05 | 17386 tok/s (avg 16763) ETA n/a | GPU 1.3/2.3GB | gtok=130152448
  [1] 63600 loss=4.9039 ppl=134.8 lr=2.86e-05 | 17245 tok/s (avg 16764) ETA n/a | GPU 1.3/2.3GB | gtok=130254848
  [1] 63650 loss=4.7555 ppl=116.2 lr=2.85e-05 | 17444 tok/s (avg 16764) ETA n/a | GPU 1.3/2.3GB | gtok=130357248
  [1] 63700 loss=4.8595 ppl=129.0 lr=2.84e-05 | 17272 tok/s (avg 16764) ETA n/a | GPU 1.3/2.3GB | gtok=130459648
  [1] 63750 loss=4.4116 ppl=82.4 lr=2.83e-05 | 17254 tok/s (avg 16765) ETA n/a | GPU 1.3/2.3GB | gtok=130562048
  [1] 63800 loss=4.4975 ppl=89.8 lr=2.83e-05 | 17492 tok/s (avg 16765) ETA n/a | GPU 1.3/2.3GB | gtok=130664448
  [1] 63850 loss=5.0499 ppl=156.0 lr=2.82e-05 | 17230 tok/s (avg 16766) ETA n/a | GPU 1.3/2.3GB | gtok=130766848
  [1] 63900 loss=4.5068 ppl=90.6 lr=2.81e-05 | 17503 tok/s (avg 16766) ETA n/a | GPU 1.3/2.3GB | gtok=130869248
  [1] 63950 loss=4.8445 ppl=127.0 lr=2.81e-05 | 17280 tok/s (avg 16767) ETA n/a | GPU 1.3/2.3GB | gtok=130971648
  [1] 64000 loss=4.6032 ppl=99.8 lr=2.80e-05 | 17511 tok/s (avg 16767) ETA n/a | GPU 1.3/2.3GB | gtok=131074048
  [1] 64050 loss=5.1788 ppl=177.5 lr=2.79e-05 | 17187 tok/s (avg 16768) ETA n/a | GPU 1.3/2.3GB | gtok=131176448
  [1] 64100 loss=5.1450 ppl=171.6 lr=2.78e-05 | 17268 tok/s (avg 16768) ETA n/a | GPU 1.3/2.3GB | gtok=131278848
  [1] 64150 loss=4.5208 ppl=91.9 lr=2.78e-05 | 17485 tok/s (avg 16768) ETA n/a | GPU 1.3/2.3GB | gtok=131381248
  [1] 64200 loss=4.6200 ppl=101.5 lr=2.77e-05 | 17262 tok/s (avg 16769) ETA n/a | GPU 1.3/2.3GB | gtok=131483648
  [1] 64250 loss=4.9403 ppl=139.8 lr=2.76e-05 | 17415 tok/s (avg 16769) ETA n/a | GPU 1.3/2.3GB | gtok=131586048
  [1] 64300 loss=4.7584 ppl=116.6 lr=2.76e-05 | 17273 tok/s (avg 16770) ETA n/a | GPU 1.3/2.3GB | gtok=131688448
  [1] 64350 loss=4.8542 ppl=128.3 lr=2.75e-05 | 17502 tok/s (avg 16770) ETA n/a | GPU 1.3/2.3GB | gtok=131790848
  [1] 64400 loss=4.4686 ppl=87.2 lr=2.74e-05 | 17234 tok/s (avg 16771) ETA n/a | GPU 1.3/2.3GB | gtok=131893248
  [1] 64450 loss=4.7144 ppl=111.5 lr=2.73e-05 | 17321 tok/s (avg 16771) ETA n/a | GPU 1.3/2.3GB | gtok=131995648
  [1] 64500 loss=4.5577 ppl=95.4 lr=2.73e-05 | 17339 tok/s (avg 16771) ETA n/a | GPU 1.3/2.3GB | gtok=132098048
  [1] 64550 loss=4.9780 ppl=145.2 lr=2.72e-05 | 17324 tok/s (avg 16772) ETA n/a | GPU 1.3/2.3GB | gtok=132200448
  [1] 64600 loss=4.5134 ppl=91.2 lr=2.71e-05 | 17470 tok/s (avg 16772) ETA n/a | GPU 1.3/2.3GB | gtok=132302848
  [1] 64650 loss=4.9239 ppl=137.5 lr=2.71e-05 | 17369 tok/s (avg 16773) ETA n/a | GPU 1.3/2.3GB | gtok=132405248
  [1] 64700 loss=5.4998 ppl=244.7 lr=2.70e-05 | 17439 tok/s (avg 16773) ETA n/a | GPU 1.3/2.3GB | gtok=132507648
  [1] 64750 loss=4.7478 ppl=115.3 lr=2.69e-05 | 17247 tok/s (avg 16774) ETA n/a | GPU 1.3/2.3GB | gtok=132610048
  [1] 64800 loss=4.8363 ppl=126.0 lr=2.68e-05 | 17245 tok/s (avg 16774) ETA n/a | GPU 1.3/2.3GB | gtok=132712448
  [1] 64850 loss=4.8238 ppl=124.4 lr=2.68e-05 | 17469 tok/s (avg 16775) ETA n/a | GPU 1.3/2.3GB | gtok=132814848
  [1] 64900 loss=5.0063 ppl=149.3 lr=2.67e-05 | 17143 tok/s (avg 16775) ETA n/a | GPU 1.3/2.3GB | gtok=132917248
  [1] 64950 loss=4.8895 ppl=132.9 lr=2.66e-05 | 17465 tok/s (avg 16775) ETA n/a | GPU 1.3/2.3GB | gtok=133019648
Saved checkpoint: checkpoints_v12_curriculum/base/latest.pt
  [checkpoint @ step 65000, 133,120,000 tok]
  [1] 65000 loss=5.1535 ppl=173.0 lr=2.66e-05 | 15562 tok/s (avg 16774) ETA n/a | GPU 1.3/2.3GB | gtok=133122048
  [mid-epoch sample @ batch 65000, 133,122,048 tok]
  Prompt: In 1923 , the University of
  Generated: In 1923 , the University of California-based professional development has had an impact on many other health issues. The results show that many people are not aware of any positive health benefits or are affected by any health problems.
  • A health problem

    In a recent paper published in the Journal of Medicine, researchers are still using our research to test their health and health and safety practices. One of the first issues is that the health of the individual and the health of the person should be considered safe from the medical community
  [1] 65050 loss=4.9186 ppl=136.8 lr=2.65e-05 | 13937 tok/s (avg 16772) ETA n/a | GPU 1.3/2.3GB | gtok=133224448
  [1] 65100 loss=5.0435 ppl=155.0 lr=2.64e-05 | 17441 tok/s (avg 16772) ETA n/a | GPU 1.3/2.3GB | gtok=133326848
  [1] 65150 loss=4.9345 ppl=139.0 lr=2.63e-05 | 17291 tok/s (avg 16773) ETA n/a | GPU 1.3/2.3GB | gtok=133429248
  [1] 65200 loss=4.7576 ppl=116.5 lr=2.63e-05 | 17475 tok/s (avg 16773) ETA n/a | GPU 1.3/2.3GB | gtok=133531648
  [1] 65250 loss=4.5288 ppl=92.6 lr=2.62e-05 | 17281 tok/s (avg 16773) ETA n/a | GPU 1.3/2.3GB | gtok=133634048
  [1] 65300 loss=4.3102 ppl=74.5 lr=2.61e-05 | 17523 tok/s (avg 16774) ETA n/a | GPU 1.3/2.3GB | gtok=133736448
  [1] 65350 loss=5.2732 ppl=195.0 lr=2.61e-05 | 17278 tok/s (avg 16774) ETA n/a | GPU 1.3/2.3GB | gtok=133838848
  [1] 65400 loss=5.1023 ppl=164.4 lr=2.60e-05 | 17137 tok/s (avg 16775) ETA n/a | GPU 1.3/2.3GB | gtok=133941248
  [1] 65450 loss=4.3744 ppl=79.4 lr=2.59e-05 | 17508 tok/s (avg 16775) ETA n/a | GPU 1.3/2.3GB | gtok=134043648
  [1] 65500 loss=5.3654 ppl=213.9 lr=2.58e-05 | 17354 tok/s (avg 16776) ETA n/a | GPU 1.3/2.3GB | gtok=134146048
  [1] 65550 loss=5.3231 ppl=205.0 lr=2.58e-05 | 17411 tok/s (avg 16776) ETA n/a | GPU 1.3/2.3GB | gtok=134248448
  [1] 65600 loss=4.3814 ppl=79.9 lr=2.57e-05 | 17220 tok/s (avg 16776) ETA n/a | GPU 1.3/2.3GB | gtok=134350848
  [1] 65650 loss=5.0036 ppl=149.0 lr=2.56e-05 | 17279 tok/s (avg 16777) ETA n/a | GPU 1.3/2.3GB | gtok=134453248
  [1] 65700 loss=5.0544 ppl=156.7 lr=2.56e-05 | 17512 tok/s (avg 16777) ETA n/a | GPU 1.3/2.3GB | gtok=134555648
  [1] 65750 loss=5.5808 ppl=265.3 lr=2.55e-05 | 17346 tok/s (avg 16778) ETA n/a | GPU 1.3/2.3GB | gtok=134658048
  [1] 65800 loss=4.5043 ppl=90.4 lr=2.54e-05 | 17411 tok/s (avg 16778) ETA n/a | GPU 1.3/2.3GB | gtok=134760448
  [1] 65850 loss=4.9724 ppl=144.4 lr=2.54e-05 | 17193 tok/s (avg 16779) ETA n/a | GPU 1.3/2.3GB | gtok=134862848
  [1] 65900 loss=4.7187 ppl=112.0 lr=2.53e-05 | 17369 tok/s (avg 16779) ETA n/a | GPU 1.3/2.3GB | gtok=134965248
  [1] 65950 loss=3.9525 ppl=52.1 lr=2.52e-05 | 17341 tok/s (avg 16779) ETA n/a | GPU 1.3/2.3GB | gtok=135067648
  [1] 66000 loss=5.2804 ppl=196.5 lr=2.51e-05 | 17300 tok/s (avg 16780) ETA n/a | GPU 1.3/2.3GB | gtok=135170048
  [1] 66050 loss=4.5501 ppl=94.6 lr=2.51e-05 | 17388 tok/s (avg 16780) ETA n/a | GPU 1.3/2.3GB | gtok=135272448
  [1] 66100 loss=4.9048 ppl=134.9 lr=2.50e-05 | 17124 tok/s (avg 16780) ETA n/a | GPU 1.3/2.3GB | gtok=135374848
  [1] 66150 loss=5.0620 ppl=157.9 lr=2.49e-05 | 17566 tok/s (avg 16781) ETA n/a | GPU 1.3/2.3GB | gtok=135477248
  [1] 66200 loss=4.6984 ppl=109.8 lr=2.49e-05 | 17201 tok/s (avg 16781) ETA n/a | GPU 1.3/2.3GB | gtok=135579648
  [1] 66250 loss=4.3053 ppl=74.1 lr=2.48e-05 | 17464 tok/s (avg 16782) ETA n/a | GPU 1.3/2.3GB | gtok=135682048
  [1] 66300 loss=5.3717 ppl=215.2 lr=2.47e-05 | 17191 tok/s (avg 16782) ETA n/a | GPU 1.3/2.3GB | gtok=135784448
  [1] 66350 loss=5.3334 ppl=207.1 lr=2.47e-05 | 17134 tok/s (avg 16782) ETA n/a | GPU 1.3/2.3GB | gtok=135886848
  [1] 66400 loss=4.5867 ppl=98.2 lr=2.46e-05 | 17296 tok/s (avg 16783) ETA n/a | GPU 1.3/2.3GB | gtok=135989248
  [1] 66450 loss=4.5641 ppl=96.0 lr=2.45e-05 | 17205 tok/s (avg 16783) ETA n/a | GPU 1.3/2.3GB | gtok=136091648
  [1] 66500 loss=5.1601 ppl=174.2 lr=2.44e-05 | 17432 tok/s (avg 16784) ETA n/a | GPU 1.3/2.3GB | gtok=136194048
  [1] 66550 loss=5.2493 ppl=190.4 lr=2.44e-05 | 17232 tok/s (avg 16784) ETA n/a | GPU 1.3/2.3GB | gtok=136296448
  [1] 66600 loss=4.6107 ppl=100.5 lr=2.43e-05 | 17455 tok/s (avg 16784) ETA n/a | GPU 1.3/2.3GB | gtok=136398848
  [1] 66650 loss=4.4545 ppl=86.0 lr=2.42e-05 | 17288 tok/s (avg 16785) ETA n/a | GPU 1.3/2.3GB | gtok=136501248
  [1] 66700 loss=4.9539 ppl=141.7 lr=2.42e-05 | 17241 tok/s (avg 16785) ETA n/a | GPU 1.3/2.3GB | gtok=136603648
  [1] 66750 loss=4.8987 ppl=134.1 lr=2.41e-05 | 17579 tok/s (avg 16786) ETA n/a | GPU 1.3/2.3GB | gtok=136706048
  [1] 66800 loss=5.0994 ppl=163.9 lr=2.40e-05 | 17223 tok/s (avg 16786) ETA n/a | GPU 1.3/2.3GB | gtok=136808448
  [1] 66850 loss=4.4762 ppl=87.9 lr=2.40e-05 | 17520 tok/s (avg 16786) ETA n/a | GPU 1.3/2.3GB | gtok=136910848
  [1] 66900 loss=4.3257 ppl=75.6 lr=2.39e-05 | 17194 tok/s (avg 16787) ETA n/a | GPU 1.3/2.3GB | gtok=137013248
  [1] 66950 loss=4.4932 ppl=89.4 lr=2.38e-05 | 17537 tok/s (avg 16787) ETA n/a | GPU 1.3/2.3GB | gtok=137115648
  [1] 67000 loss=5.5893 ppl=267.5 lr=2.38e-05 | 17296 tok/s (avg 16788) ETA n/a | GPU 1.3/2.3GB | gtok=137218048
  [1] 67050 loss=5.3680 ppl=214.4 lr=2.37e-05 | 17368 tok/s (avg 16788) ETA n/a | GPU 1.3/2.3GB | gtok=137320448
  [1] 67100 loss=4.7647 ppl=117.3 lr=2.36e-05 | 17496 tok/s (avg 16789) ETA n/a | GPU 1.3/2.3GB | gtok=137422848
  [1] 67150 loss=4.8246 ppl=124.5 lr=2.36e-05 | 17235 tok/s (avg 16789) ETA n/a | GPU 1.3/2.3GB | gtok=137525248
  [1] 67200 loss=4.8710 ppl=130.5 lr=2.35e-05 | 17598 tok/s (avg 16789) ETA n/a | GPU 1.3/2.3GB | gtok=137627648
  [1] 67250 loss=4.7822 ppl=119.4 lr=2.34e-05 | 17337 tok/s (avg 16790) ETA n/a | GPU 1.3/2.3GB | gtok=137730048
  [1] 67300 loss=5.2289 ppl=186.6 lr=2.34e-05 | 17268 tok/s (avg 16790) ETA n/a | GPU 1.3/2.3GB | gtok=137832448
  [1] 67350 loss=5.1669 ppl=175.4 lr=2.33e-05 | 17327 tok/s (avg 16791) ETA n/a | GPU 1.3/2.3GB | gtok=137934848
  [1] 67400 loss=4.2294 ppl=68.7 lr=2.32e-05 | 17297 tok/s (avg 16791) ETA n/a | GPU 1.3/2.3GB | gtok=138037248
  [1] 67450 loss=4.8257 ppl=124.7 lr=2.31e-05 | 17503 tok/s (avg 16791) ETA n/a | GPU 1.3/2.3GB | gtok=138139648
  [1] 67500 loss=5.2883 ppl=198.0 lr=2.31e-05 | 17281 tok/s (avg 16792) ETA n/a | GPU 1.3/2.3GB | gtok=138242048
  [1] 67550 loss=4.9480 ppl=140.9 lr=2.30e-05 | 17532 tok/s (avg 16792) ETA n/a | GPU 1.3/2.3GB | gtok=138344448
  [1] 67600 loss=5.0372 ppl=154.0 lr=2.29e-05 | 17286 tok/s (avg 16793) ETA n/a | GPU 1.3/2.3GB | gtok=138446848
  [1] 67650 loss=4.8693 ppl=130.2 lr=2.29e-05 | 16914 tok/s (avg 16793) ETA n/a | GPU 1.3/2.3GB | gtok=138549248
  [1] 67700 loss=4.5736 ppl=96.9 lr=2.28e-05 | 17444 tok/s (avg 16793) ETA n/a | GPU 1.3/2.3GB | gtok=138651648
  [1] 67750 loss=4.7164 ppl=111.8 lr=2.27e-05 | 17274 tok/s (avg 16794) ETA n/a | GPU 1.3/2.3GB | gtok=138754048
  [1] 67800 loss=4.6190 ppl=101.4 lr=2.27e-05 | 17477 tok/s (avg 16794) ETA n/a | GPU 1.3/2.3GB | gtok=138856448
  [1] 67850 loss=4.5882 ppl=98.3 lr=2.26e-05 | 17227 tok/s (avg 16794) ETA n/a | GPU 1.3/2.3GB | gtok=138958848
  [1] 67900 loss=4.9932 ppl=147.4 lr=2.25e-05 | 17487 tok/s (avg 16795) ETA n/a | GPU 1.3/2.3GB | gtok=139061248
  [1] 67950 loss=4.9120 ppl=135.9 lr=2.25e-05 | 17131 tok/s (avg 16795) ETA n/a | GPU 1.3/2.3GB | gtok=139163648
  [1] 68000 loss=4.9528 ppl=141.6 lr=2.24e-05 | 17243 tok/s (avg 16795) ETA n/a | GPU 1.3/2.3GB | gtok=139266048
  [1] 68050 loss=4.9451 ppl=140.5 lr=2.23e-05 | 17343 tok/s (avg 16796) ETA n/a | GPU 1.3/2.3GB | gtok=139368448
  [1] 68100 loss=5.0872 ppl=161.9 lr=2.23e-05 | 17205 tok/s (avg 16796) ETA n/a | GPU 1.3/2.3GB | gtok=139470848
  [1] 68150 loss=4.8738 ppl=130.8 lr=2.22e-05 | 17292 tok/s (avg 16796) ETA n/a | GPU 1.3/2.3GB | gtok=139573248
  [1] 68200 loss=4.6658 ppl=106.2 lr=2.21e-05 | 17215 tok/s (avg 16797) ETA n/a | GPU 1.3/2.3GB | gtok=139675648
  [1] 68250 loss=4.9407 ppl=139.9 lr=2.21e-05 | 17236 tok/s (avg 16797) ETA n/a | GPU 1.3/2.3GB | gtok=139778048
  [1] 68300 loss=4.9748 ppl=144.7 lr=2.20e-05 | 17177 tok/s (avg 16797) ETA n/a | GPU 1.3/2.3GB | gtok=139880448
  [1] 68350 loss=4.5309 ppl=92.8 lr=2.19e-05 | 17239 tok/s (avg 16798) ETA n/a | GPU 1.3/2.3GB | gtok=139982848
  [1] 68400 loss=4.5555 ppl=95.2 lr=2.19e-05 | 17426 tok/s (avg 16798) ETA n/a | GPU 1.3/2.3GB | gtok=140085248
  [1] 68450 loss=4.5956 ppl=99.0 lr=2.18e-05 | 17266 tok/s (avg 16798) ETA n/a | GPU 1.3/2.3GB | gtok=140187648
  [1] 68500 loss=5.0031 ppl=148.9 lr=2.17e-05 | 17558 tok/s (avg 16799) ETA n/a | GPU 1.3/2.3GB | gtok=140290048
  [1] 68550 loss=5.1249 ppl=168.2 lr=2.17e-05 | 17294 tok/s (avg 16799) ETA n/a | GPU 1.3/2.3GB | gtok=140392448
  [1] 68600 loss=4.6561 ppl=105.2 lr=2.16e-05 | 17433 tok/s (avg 16800) ETA n/a | GPU 1.3/2.3GB | gtok=140494848
  [1] 68650 loss=4.9567 ppl=142.1 lr=2.15e-05 | 17286 tok/s (avg 16800) ETA n/a | GPU 1.3/2.3GB | gtok=140597248
  [1] 68700 loss=5.1663 ppl=175.3 lr=2.15e-05 | 17174 tok/s (avg 16800) ETA n/a | GPU 1.3/2.3GB | gtok=140699648
  [1] 68750 loss=4.9343 ppl=139.0 lr=2.14e-05 | 17400 tok/s (avg 16801) ETA n/a | GPU 1.3/2.3GB | gtok=140802048
  [1] 68800 loss=4.7692 ppl=117.8 lr=2.13e-05 | 17001 tok/s (avg 16801) ETA n/a | GPU 1.3/2.3GB | gtok=140904448
  [1] 68850 loss=4.8439 ppl=127.0 lr=2.13e-05 | 17374 tok/s (avg 16801) ETA n/a | GPU 1.3/2.3GB | gtok=141006848
  [1] 68900 loss=4.5840 ppl=97.9 lr=2.12e-05 | 17043 tok/s (avg 16802) ETA n/a | GPU 1.3/2.3GB | gtok=141109248
  [1] 68950 loss=4.5965 ppl=99.1 lr=2.11e-05 | 17367 tok/s (avg 16802) ETA n/a | GPU 1.3/2.3GB | gtok=141211648
  [1] 69000 loss=4.8578 ppl=128.7 lr=2.11e-05 | 17155 tok/s (avg 16802) ETA n/a | GPU 1.3/2.3GB | gtok=141314048
  [1] 69050 loss=4.7741 ppl=118.4 lr=2.10e-05 | 17261 tok/s (avg 16802) ETA n/a | GPU 1.3/2.3GB | gtok=141416448
  [1] 69100 loss=4.1931 ppl=66.2 lr=2.09e-05 | 17390 tok/s (avg 16803) ETA n/a | GPU 1.3/2.3GB | gtok=141518848
  [1] 69150 loss=5.3011 ppl=200.6 lr=2.09e-05 | 17295 tok/s (avg 16803) ETA n/a | GPU 1.3/2.3GB | gtok=141621248
  [1] 69200 loss=4.9159 ppl=136.4 lr=2.08e-05 | 17526 tok/s (avg 16804) ETA n/a | GPU 1.3/2.3GB | gtok=141723648
  [1] 69250 loss=5.0580 ppl=157.3 lr=2.08e-05 | 17221 tok/s (avg 16804) ETA n/a | GPU 1.3/2.3GB | gtok=141826048
  [1] 69300 loss=5.0521 ppl=156.4 lr=2.07e-05 | 17261 tok/s (avg 16804) ETA n/a | GPU 1.3/2.3GB | gtok=141928448
  [1] 69350 loss=5.1589 ppl=174.0 lr=2.06e-05 | 17423 tok/s (avg 16805) ETA n/a | GPU 1.3/2.3GB | gtok=142030848
  [1] 69400 loss=5.4063 ppl=222.8 lr=2.06e-05 | 17236 tok/s (avg 16805) ETA n/a | GPU 1.3/2.3GB | gtok=142133248
  [1] 69450 loss=4.7252 ppl=112.8 lr=2.05e-05 | 17458 tok/s (avg 16806) ETA n/a | GPU 1.3/2.3GB | gtok=142235648
  [1] 69500 loss=4.7795 ppl=119.0 lr=2.04e-05 | 17233 tok/s (avg 16806) ETA n/a | GPU 1.3/2.3GB | gtok=142338048
  [1] 69550 loss=4.6194 ppl=101.4 lr=2.04e-05 | 17465 tok/s (avg 16806) ETA n/a | GPU 1.3/2.3GB | gtok=142440448
  [1] 69600 loss=5.0488 ppl=155.8 lr=2.03e-05 | 17241 tok/s (avg 16807) ETA n/a | GPU 1.3/2.3GB | gtok=142542848
  [1] 69650 loss=4.6301 ppl=102.5 lr=2.02e-05 | 17324 tok/s (avg 16807) ETA n/a | GPU 1.3/2.3GB | gtok=142645248
  [1] 69700 loss=4.8609 ppl=129.1 lr=2.02e-05 | 17469 tok/s (avg 16807) ETA n/a | GPU 1.3/2.3GB | gtok=142747648
  [1] 69750 loss=5.1548 ppl=173.3 lr=2.01e-05 | 17229 tok/s (avg 16808) ETA n/a | GPU 1.3/2.3GB | gtok=142850048
  [1] 69800 loss=4.9515 ppl=141.4 lr=2.00e-05 | 17246 tok/s (avg 16808) ETA n/a | GPU 1.3/2.3GB | gtok=142952448
  [1] 69850 loss=4.9443 ppl=140.4 lr=2.00e-05 | 17151 tok/s (avg 16808) ETA n/a | GPU 1.3/2.3GB | gtok=143054848
  [1] 69900 loss=5.0634 ppl=158.1 lr=1.99e-05 | 17373 tok/s (avg 16809) ETA n/a | GPU 1.3/2.3GB | gtok=143157248
  [1] 69950 loss=4.7476 ppl=115.3 lr=1.98e-05 | 17228 tok/s (avg 16809) ETA n/a | GPU 1.3/2.3GB | gtok=143259648
Saved checkpoint: checkpoints_v12_curriculum/base/latest.pt
  [checkpoint @ step 70000, 143,360,000 tok]
  [1] 70000 loss=4.7873 ppl=120.0 lr=1.98e-05 | 15640 tok/s (avg 16808) ETA n/a | GPU 1.3/2.3GB | gtok=143362048
  [mid-epoch sample @ batch 70000, 143,362,048 tok]
  Prompt: In 1923 , the University of
  Generated: In 1923 , the University of Washington led to the creation of a new generation in the United States, which was established in 1849 by the first American military-scale military aid.
The American army of the United States had a strong influence on the role of U.S. military government and the international government. The military’s military presence and its use has also been particularly important since the 1970s. As for the government and international organizations, the American army began in the late 1950s and early 1930s when the
  [1] 70050 loss=5.0353 ppl=153.7 lr=1.97e-05 | 14122 tok/s (avg 16806) ETA n/a | GPU 1.3/2.3GB | gtok=143464448
  [1] 70100 loss=4.7547 ppl=116.1 lr=1.97e-05 | 17128 tok/s (avg 16806) ETA n/a | GPU 1.3/2.3GB | gtok=143566848
  [1] 70150 loss=4.7550 ppl=116.2 lr=1.96e-05 | 17315 tok/s (avg 16806) ETA n/a | GPU 1.3/2.3GB | gtok=143669248
  [1] 70200 loss=5.0075 ppl=149.5 lr=1.95e-05 | 17208 tok/s (avg 16807) ETA n/a | GPU 1.3/2.3GB | gtok=143771648
  [1] 70250 loss=5.2182 ppl=184.6 lr=1.95e-05 | 17214 tok/s (avg 16807) ETA n/a | GPU 1.3/2.3GB | gtok=143874048
  [1] 70300 loss=4.6584 ppl=105.5 lr=1.94e-05 | 17423 tok/s (avg 16807) ETA n/a | GPU 1.3/2.3GB | gtok=143976448
  [1] 70350 loss=4.9101 ppl=135.7 lr=1.93e-05 | 17226 tok/s (avg 16808) ETA n/a | GPU 1.3/2.3GB | gtok=144078848
  [1] 70400 loss=4.5439 ppl=94.1 lr=1.93e-05 | 17442 tok/s (avg 16808) ETA n/a | GPU 1.3/2.3GB | gtok=144181248
  [1] 70450 loss=5.0348 ppl=153.7 lr=1.92e-05 | 17179 tok/s (avg 16808) ETA n/a | GPU 1.3/2.3GB | gtok=144283648
  [1] 70500 loss=5.0239 ppl=152.0 lr=1.91e-05 | 17307 tok/s (avg 16809) ETA n/a | GPU 1.3/2.3GB | gtok=144386048
  [1] 70550 loss=4.8520 ppl=128.0 lr=1.91e-05 | 17434 tok/s (avg 16809) ETA n/a | GPU 1.3/2.3GB | gtok=144488448
  [1] 70600 loss=4.7127 ppl=111.4 lr=1.90e-05 | 17186 tok/s (avg 16809) ETA n/a | GPU 1.3/2.3GB | gtok=144590848
  [1] 70650 loss=4.8930 ppl=133.4 lr=1.90e-05 | 16930 tok/s (avg 16809) ETA n/a | GPU 1.3/2.3GB | gtok=144693248
  [1] 70700 loss=5.0634 ppl=158.1 lr=1.89e-05 | 17556 tok/s (avg 16810) ETA n/a | GPU 1.3/2.3GB | gtok=144795648
  [1] 70750 loss=3.9799 ppl=53.5 lr=1.88e-05 | 17564 tok/s (avg 16810) ETA n/a | GPU 1.3/2.3GB | gtok=144898048
  [1] 70800 loss=5.2278 ppl=186.4 lr=1.88e-05 | 17285 tok/s (avg 16811) ETA n/a | GPU 1.3/2.3GB | gtok=145000448
  [1] 70850 loss=4.8804 ppl=131.7 lr=1.87e-05 | 17251 tok/s (avg 16811) ETA n/a | GPU 1.3/2.3GB | gtok=145102848
  [1] 70900 loss=4.5752 ppl=97.0 lr=1.86e-05 | 17378 tok/s (avg 16811) ETA n/a | GPU 1.3/2.3GB | gtok=145205248
  [1] 70950 loss=4.9455 ppl=140.5 lr=1.86e-05 | 17207 tok/s (avg 16812) ETA n/a | GPU 1.3/2.3GB | gtok=145307648
  [1] 71000 loss=4.6882 ppl=108.7 lr=1.85e-05 | 17472 tok/s (avg 16812) ETA n/a | GPU 1.3/2.3GB | gtok=145410048
  [1] 71050 loss=4.6661 ppl=106.3 lr=1.85e-05 | 17250 tok/s (avg 16812) ETA n/a | GPU 1.3/2.3GB | gtok=145512448
  [1] 71100 loss=5.2681 ppl=194.0 lr=1.84e-05 | 17218 tok/s (avg 16813) ETA n/a | GPU 1.3/2.3GB | gtok=145614848
  [1] 71150 loss=4.1339 ppl=62.4 lr=1.83e-05 | 17319 tok/s (avg 16813) ETA n/a | GPU 1.3/2.3GB | gtok=145717248
  [1] 71200 loss=4.4845 ppl=88.6 lr=1.83e-05 | 17281 tok/s (avg 16813) ETA n/a | GPU 1.3/2.3GB | gtok=145819648
  [1] 71250 loss=4.9748 ppl=144.7 lr=1.82e-05 | 17527 tok/s (avg 16814) ETA n/a | GPU 1.3/2.3GB | gtok=145922048
  [1] 71300 loss=4.5826 ppl=97.8 lr=1.81e-05 | 17174 tok/s (avg 16814) ETA n/a | GPU 1.3/2.3GB | gtok=146024448
  [1] 71350 loss=5.1602 ppl=174.2 lr=1.81e-05 | 17480 tok/s (avg 16815) ETA n/a | GPU 1.3/2.3GB | gtok=146126848
  [1] 71400 loss=4.4649 ppl=86.9 lr=1.80e-05 | 17252 tok/s (avg 16815) ETA n/a | GPU 1.3/2.3GB | gtok=146229248
  [1] 71450 loss=4.6062 ppl=100.1 lr=1.80e-05 | 17223 tok/s (avg 16815) ETA n/a | GPU 1.3/2.3GB | gtok=146331648
  [1] 71500 loss=4.9781 ppl=145.2 lr=1.79e-05 | 17465 tok/s (avg 16816) ETA n/a | GPU 1.3/2.3GB | gtok=146434048
  [1] 71550 loss=4.3843 ppl=80.2 lr=1.78e-05 | 17367 tok/s (avg 16816) ETA n/a | GPU 1.3/2.3GB | gtok=146536448
  [1] 71600 loss=5.0191 ppl=151.3 lr=1.78e-05 | 17486 tok/s (avg 16816) ETA n/a | GPU 1.3/2.3GB | gtok=146638848
  [1] 71650 loss=4.6397 ppl=103.5 lr=1.77e-05 | 17221 tok/s (avg 16817) ETA n/a | GPU 1.3/2.3GB | gtok=146741248
  [1] 71700 loss=4.9255 ppl=137.8 lr=1.76e-05 | 17212 tok/s (avg 16817) ETA n/a | GPU 1.3/2.3GB | gtok=146843648
  [1] 71750 loss=4.6185 ppl=101.3 lr=1.76e-05 | 17441 tok/s (avg 16817) ETA n/a | GPU 1.3/2.3GB | gtok=146946048
  [1] 71800 loss=4.9755 ppl=144.8 lr=1.75e-05 | 17226 tok/s (avg 16818) ETA n/a | GPU 1.3/2.3GB | gtok=147048448
  [1] 71850 loss=4.7379 ppl=114.2 lr=1.75e-05 | 17455 tok/s (avg 16818) ETA n/a | GPU 1.3/2.3GB | gtok=147150848
  [1] 71900 loss=5.8380 ppl=343.1 lr=1.74e-05 | 17231 tok/s (avg 16818) ETA n/a | GPU 1.3/2.3GB | gtok=147253248
  [1] 71950 loss=5.3722 ppl=215.3 lr=1.73e-05 | 17501 tok/s (avg 16819) ETA n/a | GPU 1.3/2.3GB | gtok=147355648
  [1] 72000 loss=4.9323 ppl=138.7 lr=1.73e-05 | 17278 tok/s (avg 16819) ETA n/a | GPU 1.3/2.3GB | gtok=147458048
  [1] 72050 loss=4.8005 ppl=121.6 lr=1.72e-05 | 17492 tok/s (avg 16820) ETA n/a | GPU 1.3/2.3GB | gtok=147560448
  [1] 72100 loss=4.5004 ppl=90.1 lr=1.72e-05 | 17231 tok/s (avg 16820) ETA n/a | GPU 1.3/2.3GB | gtok=147662848
  [1] 72150 loss=4.7583 ppl=116.5 lr=1.71e-05 | 17209 tok/s (avg 16820) ETA n/a | GPU 1.3/2.3GB | gtok=147765248
  [1] 72200 loss=4.7560 ppl=116.3 lr=1.70e-05 | 17453 tok/s (avg 16821) ETA n/a | GPU 1.3/2.3GB | gtok=147867648
  [1] 72250 loss=4.6943 ppl=109.3 lr=1.70e-05 | 17281 tok/s (avg 16821) ETA n/a | GPU 1.3/2.3GB | gtok=147970048
  [1] 72300 loss=4.4388 ppl=84.7 lr=1.69e-05 | 17442 tok/s (avg 16821) ETA n/a | GPU 1.3/2.3GB | gtok=148072448
  [1] 72350 loss=4.4412 ppl=84.9 lr=1.69e-05 | 17354 tok/s (avg 16822) ETA n/a | GPU 1.3/2.3GB | gtok=148174848
  [1] 72400 loss=4.7597 ppl=116.7 lr=1.68e-05 | 17189 tok/s (avg 16822) ETA n/a | GPU 1.3/2.3GB | gtok=148277248
  [1] 72450 loss=4.8945 ppl=133.6 lr=1.67e-05 | 17554 tok/s (avg 16822) ETA n/a | GPU 1.3/2.3GB | gtok=148379648
  [1] 72500 loss=5.2910 ppl=198.6 lr=1.67e-05 | 17234 tok/s (avg 16823) ETA n/a | GPU 1.3/2.3GB | gtok=148482048
  [1] 72550 loss=4.9382 ppl=139.5 lr=1.66e-05 | 17039 tok/s (avg 16823) ETA n/a | GPU 1.3/2.3GB | gtok=148584448
  [1] 72600 loss=4.8989 ppl=134.1 lr=1.66e-05 | 16947 tok/s (avg 16823) ETA n/a | GPU 1.3/2.3GB | gtok=148686848
  [1] 72650 loss=4.9887 ppl=146.7 lr=1.65e-05 | 17713 tok/s (avg 16823) ETA n/a | GPU 1.3/2.3GB | gtok=148789248
  [1] 72700 loss=4.9761 ppl=144.9 lr=1.64e-05 | 17123 tok/s (avg 16824) ETA n/a | GPU 1.3/2.3GB | gtok=148891648
  [1] 72750 loss=4.5281 ppl=92.6 lr=1.64e-05 | 17122 tok/s (avg 16824) ETA n/a | GPU 1.3/2.3GB | gtok=148994048
  [1] 72800 loss=4.1496 ppl=63.4 lr=1.63e-05 | 17445 tok/s (avg 16824) ETA n/a | GPU 1.3/2.3GB | gtok=149096448
  [1] 72850 loss=5.1551 ppl=173.3 lr=1.63e-05 | 17225 tok/s (avg 16825) ETA n/a | GPU 1.3/2.3GB | gtok=149198848
  [1] 72900 loss=4.7530 ppl=115.9 lr=1.62e-05 | 17508 tok/s (avg 16825) ETA n/a | GPU 1.3/2.3GB | gtok=149301248
  [1] 72950 loss=4.7396 ppl=114.4 lr=1.61e-05 | 17237 tok/s (avg 16825) ETA n/a | GPU 1.3/2.3GB | gtok=149403648
  [1] 73000 loss=5.0228 ppl=151.8 lr=1.61e-05 | 17334 tok/s (avg 16826) ETA n/a | GPU 1.3/2.3GB | gtok=149506048
  [1] 73050 loss=5.0904 ppl=162.5 lr=1.60e-05 | 17183 tok/s (avg 16826) ETA n/a | GPU 1.3/2.3GB | gtok=149608448
  [1] 73100 loss=5.0927 ppl=162.8 lr=1.60e-05 | 17202 tok/s (avg 16826) ETA n/a | GPU 1.3/2.3GB | gtok=149710848
  [1] 73150 loss=4.8748 ppl=130.9 lr=1.59e-05 | 17449 tok/s (avg 16827) ETA n/a | GPU 1.3/2.3GB | gtok=149813248
  [1] 73200 loss=4.8130 ppl=123.1 lr=1.58e-05 | 17123 tok/s (avg 16827) ETA n/a | GPU 1.3/2.3GB | gtok=149915648
  [1] 73250 loss=5.2816 ppl=196.7 lr=1.58e-05 | 17453 tok/s (avg 16827) ETA n/a | GPU 1.3/2.3GB | gtok=150018048
  [1] 73300 loss=4.1606 ppl=64.1 lr=1.57e-05 | 17309 tok/s (avg 16827) ETA n/a | GPU 1.3/2.3GB | gtok=150120448
  [1] 73350 loss=4.3363 ppl=76.4 lr=1.57e-05 | 17230 tok/s (avg 16828) ETA n/a | GPU 1.3/2.3GB | gtok=150222848
  [1] 73400 loss=5.1939 ppl=180.2 lr=1.56e-05 | 17311 tok/s (avg 16828) ETA n/a | GPU 1.3/2.3GB | gtok=150325248
  [1] 73450 loss=4.8236 ppl=124.4 lr=1.56e-05 | 17011 tok/s (avg 16828) ETA n/a | GPU 1.3/2.3GB | gtok=150427648
  [1] 73500 loss=4.8889 ppl=132.8 lr=1.55e-05 | 17105 tok/s (avg 16828) ETA n/a | GPU 1.3/2.3GB | gtok=150530048
  [1] 73550 loss=4.7273 ppl=113.0 lr=1.54e-05 | 17229 tok/s (avg 16829) ETA n/a | GPU 1.3/2.3GB | gtok=150632448
  [1] 73600 loss=4.5929 ppl=98.8 lr=1.54e-05 | 17331 tok/s (avg 16829) ETA n/a | GPU 1.3/2.3GB | gtok=150734848
  [1] 73650 loss=5.0455 ppl=155.3 lr=1.53e-05 | 17262 tok/s (avg 16829) ETA n/a | GPU 1.3/2.3GB | gtok=150837248
  [1] 73700 loss=5.2620 ppl=192.9 lr=1.53e-05 | 17117 tok/s (avg 16829) ETA n/a | GPU 1.3/2.3GB | gtok=150939648
  [1] 73750 loss=4.9641 ppl=143.2 lr=1.52e-05 | 17382 tok/s (avg 16830) ETA n/a | GPU 1.3/2.3GB | gtok=151042048
  [1] 73800 loss=4.7782 ppl=118.9 lr=1.51e-05 | 17129 tok/s (avg 16830) ETA n/a | GPU 1.3/2.3GB | gtok=151144448
  [1] 73850 loss=5.1187 ppl=167.1 lr=1.51e-05 | 17416 tok/s (avg 16830) ETA n/a | GPU 1.3/2.3GB | gtok=151246848
  [1] 73900 loss=4.6510 ppl=104.7 lr=1.50e-05 | 17218 tok/s (avg 16831) ETA n/a | GPU 1.3/2.3GB | gtok=151349248
  [1] 73950 loss=4.6012 ppl=99.6 lr=1.50e-05 | 17371 tok/s (avg 16831) ETA n/a | GPU 1.3/2.3GB | gtok=151451648
  [1] 74000 loss=4.3752 ppl=79.5 lr=1.49e-05 | 17217 tok/s (avg 16831) ETA n/a | GPU 1.3/2.3GB | gtok=151554048
  [1] 74050 loss=4.3744 ppl=79.4 lr=1.49e-05 | 17220 tok/s (avg 16831) ETA n/a | GPU 1.3/2.3GB | gtok=151656448
  [1] 74100 loss=4.7481 ppl=115.4 lr=1.48e-05 | 17242 tok/s (avg 16832) ETA n/a | GPU 1.3/2.3GB | gtok=151758848
  [1] 74150 loss=4.9376 ppl=139.4 lr=1.47e-05 | 17266 tok/s (avg 16832) ETA n/a | GPU 1.3/2.3GB | gtok=151861248
  [1] 74200 loss=4.7526 ppl=115.9 lr=1.47e-05 | 17391 tok/s (avg 16832) ETA n/a | GPU 1.3/2.3GB | gtok=151963648
  [1] 74250 loss=4.7809 ppl=119.2 lr=1.46e-05 | 17244 tok/s (avg 16833) ETA n/a | GPU 1.3/2.3GB | gtok=152066048
  [1] 74300 loss=4.9407 ppl=139.9 lr=1.46e-05 | 17238 tok/s (avg 16833) ETA n/a | GPU 1.3/2.3GB | gtok=152168448
  [1] 74350 loss=5.4700 ppl=237.5 lr=1.45e-05 | 17358 tok/s (avg 16833) ETA n/a | GPU 1.3/2.3GB | gtok=152270848
  [1] 74400 loss=4.4362 ppl=84.5 lr=1.45e-05 | 17050 tok/s (avg 16833) ETA n/a | GPU 1.3/2.3GB | gtok=152373248
  [1] 74450 loss=5.1806 ppl=177.8 lr=1.44e-05 | 17345 tok/s (avg 16834) ETA n/a | GPU 1.3/2.3GB | gtok=152475648
  [1] 74500 loss=4.8392 ppl=126.4 lr=1.44e-05 | 17236 tok/s (avg 16834) ETA n/a | GPU 1.3/2.3GB | gtok=152578048
  [1] 74550 loss=5.0125 ppl=150.3 lr=1.43e-05 | 17447 tok/s (avg 16834) ETA n/a | GPU 1.3/2.3GB | gtok=152680448
  [1] 74600 loss=4.6770 ppl=107.4 lr=1.42e-05 | 17256 tok/s (avg 16835) ETA n/a | GPU 1.3/2.3GB | gtok=152782848
  [1] 74650 loss=5.0803 ppl=160.8 lr=1.42e-05 | 17242 tok/s (avg 16835) ETA n/a | GPU 1.3/2.3GB | gtok=152885248
  [1] 74700 loss=4.9313 ppl=138.6 lr=1.41e-05 | 17456 tok/s (avg 16835) ETA n/a | GPU 1.3/2.3GB | gtok=152987648
  [1] 74750 loss=4.4490 ppl=85.5 lr=1.41e-05 | 17327 tok/s (avg 16836) ETA n/a | GPU 1.3/2.3GB | gtok=153090048
  [1] 74800 loss=4.8567 ppl=128.6 lr=1.40e-05 | 17436 tok/s (avg 16836) ETA n/a | GPU 1.3/2.3GB | gtok=153192448
  [1] 74850 loss=5.5323 ppl=252.7 lr=1.40e-05 | 17233 tok/s (avg 16836) ETA n/a | GPU 1.3/2.3GB | gtok=153294848
  [1] 74900 loss=4.5266 ppl=92.4 lr=1.39e-05 | 17397 tok/s (avg 16837) ETA n/a | GPU 1.3/2.3GB | gtok=153397248
  [1] 74950 loss=4.6860 ppl=108.4 lr=1.38e-05 | 17211 tok/s (avg 16837) ETA n/a | GPU 1.3/2.3GB | gtok=153499648
Saved checkpoint: checkpoints_v12_curriculum/base/latest.pt
  [checkpoint @ step 75000, 153,600,000 tok]
  [1] 75000 loss=4.7882 ppl=120.1 lr=1.38e-05 | 15678 tok/s (avg 16836) ETA n/a | GPU 1.3/2.3GB | gtok=153602048
  [mid-epoch sample @ batch 75000, 153,602,048 tok]
  Prompt: In 1923 , the University of
  Generated: In 1923 , the University of California and New Zealand was formed in 1999. The first group was formed on July 4, 2016, when the first group began to develop a new family structure in the United States, which had already become a British.
The group was one of the most important groups in American history because the group had no choice but to use it for a while. They were also allowed to use different groups that did not make use of any kind or language. To make this one a long-term success, they
  [1] 75050 loss=5.0044 ppl=149.1 lr=1.37e-05 | 14123 tok/s (avg 16834) ETA n/a | GPU 1.3/2.3GB | gtok=153704448
  [1] 75100 loss=5.4163 ppl=225.0 lr=1.37e-05 | 17229 tok/s (avg 16834) ETA n/a | GPU 1.3/2.3GB | gtok=153806848
  [1] 75150 loss=4.4125 ppl=82.5 lr=1.36e-05 | 17454 tok/s (avg 16835) ETA n/a | GPU 1.3/2.3GB | gtok=153909248
  [1] 75200 loss=4.4836 ppl=88.5 lr=1.36e-05 | 17204 tok/s (avg 16835) ETA n/a | GPU 1.3/2.3GB | gtok=154011648
  [1] 75250 loss=4.1904 ppl=66.0 lr=1.35e-05 | 17481 tok/s (avg 16835) ETA n/a | GPU 1.3/2.3GB | gtok=154114048
  [1] 75300 loss=4.4493 ppl=85.6 lr=1.35e-05 | 17129 tok/s (avg 16835) ETA n/a | GPU 1.3/2.3GB | gtok=154216448
  [1] 75350 loss=5.0783 ppl=160.5 lr=1.34e-05 | 17326 tok/s (avg 16836) ETA n/a | GPU 1.3/2.3GB | gtok=154318848
  [1] 75400 loss=5.5814 ppl=265.4 lr=1.34e-05 | 17320 tok/s (avg 16836) ETA n/a | GPU 1.3/2.3GB | gtok=154421248
  [1] 75450 loss=4.5487 ppl=94.5 lr=1.33e-05 | 17298 tok/s (avg 16836) ETA n/a | GPU 1.3/2.3GB | gtok=154523648
  [1] 75500 loss=4.8617 ppl=129.2 lr=1.32e-05 | 17309 tok/s (avg 16837) ETA n/a | GPU 1.3/2.3GB | gtok=154626048
  [1] 75550 loss=4.3180 ppl=75.0 lr=1.32e-05 | 17239 tok/s (avg 16837) ETA n/a | GPU 1.3/2.3GB | gtok=154728448
  [1] 75600 loss=5.0788 ppl=160.6 lr=1.31e-05 | 17358 tok/s (avg 16837) ETA n/a | GPU 1.3/2.3GB | gtok=154830848
  [1] 75650 loss=4.7468 ppl=115.2 lr=1.31e-05 | 17450 tok/s (avg 16838) ETA n/a | GPU 1.3/2.3GB | gtok=154933248
  [1] 75700 loss=4.5793 ppl=97.4 lr=1.30e-05 | 16946 tok/s (avg 16838) ETA n/a | GPU 1.3/2.3GB | gtok=155035648
  [1] 75750 loss=4.8684 ppl=130.1 lr=1.30e-05 | 17441 tok/s (avg 16838) ETA n/a | GPU 1.3/2.3GB | gtok=155138048
  [1] 75800 loss=4.9624 ppl=142.9 lr=1.29e-05 | 17374 tok/s (avg 16838) ETA n/a | GPU 1.3/2.3GB | gtok=155240448
  [1] 75850 loss=4.6969 ppl=109.6 lr=1.29e-05 | 17419 tok/s (avg 16839) ETA n/a | GPU 1.3/2.3GB | gtok=155342848
  [1] 75900 loss=4.7603 ppl=116.8 lr=1.28e-05 | 17279 tok/s (avg 16839) ETA n/a | GPU 1.3/2.3GB | gtok=155445248
  [1] 75950 loss=4.6358 ppl=103.1 lr=1.28e-05 | 17280 tok/s (avg 16839) ETA n/a | GPU 1.3/2.3GB | gtok=155547648
  [1] 76000 loss=4.4073 ppl=82.0 lr=1.27e-05 | 17387 tok/s (avg 16840) ETA n/a | GPU 1.3/2.3GB | gtok=155650048
  [1] 76050 loss=5.1086 ppl=165.4 lr=1.26e-05 | 17218 tok/s (avg 16840) ETA n/a | GPU 1.3/2.3GB | gtok=155752448
  [1] 76100 loss=5.0890 ppl=162.2 lr=1.26e-05 | 17305 tok/s (avg 16840) ETA n/a | GPU 1.3/2.3GB | gtok=155854848
  [1] 76150 loss=4.4254 ppl=83.5 lr=1.25e-05 | 17085 tok/s (avg 16840) ETA n/a | GPU 1.3/2.3GB | gtok=155957248
  [1] 76200 loss=4.4028 ppl=81.7 lr=1.25e-05 | 17380 tok/s (avg 16841) ETA n/a | GPU 1.3/2.3GB | gtok=156059648
  [1] 76250 loss=4.9575 ppl=142.2 lr=1.24e-05 | 17260 tok/s (avg 16841) ETA n/a | GPU 1.3/2.3GB | gtok=156162048
  [1] 76300 loss=4.8405 ppl=126.5 lr=1.24e-05 | 17252 tok/s (avg 16841) ETA n/a | GPU 1.3/2.3GB | gtok=156264448
  [1] 76350 loss=5.1617 ppl=174.5 lr=1.23e-05 | 17284 tok/s (avg 16842) ETA n/a | GPU 1.3/2.3GB | gtok=156366848
  [1] 76400 loss=4.9057 ppl=135.1 lr=1.23e-05 | 17195 tok/s (avg 16842) ETA n/a | GPU 1.3/2.3GB | gtok=156469248
  [1] 76450 loss=4.9494 ppl=141.1 lr=1.22e-05 | 17356 tok/s (avg 16842) ETA n/a | GPU 1.3/2.3GB | gtok=156571648
  [1] 76500 loss=4.6508 ppl=104.7 lr=1.22e-05 | 17262 tok/s (avg 16842) ETA n/a | GPU 1.3/2.3GB | gtok=156674048
  [1] 76550 loss=5.4596 ppl=235.0 lr=1.21e-05 | 17286 tok/s (avg 16843) ETA n/a | GPU 1.3/2.3GB | gtok=156776448
  [1] 76600 loss=4.7455 ppl=115.1 lr=1.21e-05 | 17505 tok/s (avg 16843) ETA n/a | GPU 1.3/2.3GB | gtok=156878848
  [1] 76650 loss=4.5414 ppl=93.8 lr=1.20e-05 | 17271 tok/s (avg 16843) ETA n/a | GPU 1.3/2.3GB | gtok=156981248
  [1] 76700 loss=4.7250 ppl=112.7 lr=1.20e-05 | 17416 tok/s (avg 16844) ETA n/a | GPU 1.3/2.3GB | gtok=157083648
  [1] 76750 loss=4.6311 ppl=102.6 lr=1.19e-05 | 17207 tok/s (avg 16844) ETA n/a | GPU 1.3/2.3GB | gtok=157186048
  [1] 76800 loss=4.9659 ppl=143.4 lr=1.19e-05 | 17228 tok/s (avg 16844) ETA n/a | GPU 1.3/2.3GB | gtok=157288448
  [1] 76850 loss=4.6856 ppl=108.4 lr=1.18e-05 | 17258 tok/s (avg 16844) ETA n/a | GPU 1.3/2.3GB | gtok=157390848
  [1] 76900 loss=4.9963 ppl=147.9 lr=1.18e-05 | 17444 tok/s (avg 16845) ETA n/a | GPU 1.3/2.3GB | gtok=157493248
  [1] 76950 loss=5.3000 ppl=200.3 lr=1.17e-05 | 17400 tok/s (avg 16845) ETA n/a | GPU 1.3/2.3GB | gtok=157595648
  [1] 77000 loss=5.5805 ppl=265.2 lr=1.16e-05 | 17226 tok/s (avg 16845) ETA n/a | GPU 1.3/2.3GB | gtok=157698048
  [1] 77050 loss=5.1032 ppl=164.5 lr=1.16e-05 | 17483 tok/s (avg 16846) ETA n/a | GPU 1.3/2.3GB | gtok=157800448
  [1] 77100 loss=4.6448 ppl=104.0 lr=1.15e-05 | 17096 tok/s (avg 16846) ETA n/a | GPU 1.3/2.3GB | gtok=157902848
  [1] 77150 loss=5.3825 ppl=217.6 lr=1.15e-05 | 17276 tok/s (avg 16846) ETA n/a | GPU 1.3/2.3GB | gtok=158005248
  [1] 77200 loss=4.7283 ppl=113.1 lr=1.14e-05 | 17465 tok/s (avg 16847) ETA n/a | GPU 1.3/2.3GB | gtok=158107648
  [1] 77250 loss=4.8023 ppl=121.8 lr=1.14e-05 | 17278 tok/s (avg 16847) ETA n/a | GPU 1.3/2.3GB | gtok=158210048
  [1] 77300 loss=4.8515 ppl=127.9 lr=1.13e-05 | 17448 tok/s (avg 16847) ETA n/a | GPU 1.3/2.3GB | gtok=158312448
  [1] 77350 loss=4.7126 ppl=111.3 lr=1.13e-05 | 17274 tok/s (avg 16848) ETA n/a | GPU 1.3/2.3GB | gtok=158414848
  [1] 77400 loss=4.7256 ppl=112.8 lr=1.12e-05 | 17426 tok/s (avg 16848) ETA n/a | GPU 1.3/2.3GB | gtok=158517248
  [1] 77450 loss=5.1790 ppl=177.5 lr=1.12e-05 | 17307 tok/s (avg 16848) ETA n/a | GPU 1.3/2.3GB | gtok=158619648
  [1] 77500 loss=4.7541 ppl=116.1 lr=1.11e-05 | 17335 tok/s (avg 16849) ETA n/a | GPU 1.3/2.3GB | gtok=158722048
  [1] 77550 loss=4.7197 ppl=112.1 lr=1.11e-05 | 17488 tok/s (avg 16849) ETA n/a | GPU 1.3/2.3GB | gtok=158824448
  [1] 77600 loss=4.9377 ppl=139.4 lr=1.10e-05 | 17303 tok/s (avg 16849) ETA n/a | GPU 1.3/2.3GB | gtok=158926848
  [1] 77650 loss=4.8876 ppl=132.6 lr=1.10e-05 | 17519 tok/s (avg 16850) ETA n/a | GPU 1.3/2.3GB | gtok=159029248
  [1] 77700 loss=4.7146 ppl=111.6 lr=1.09e-05 | 17313 tok/s (avg 16850) ETA n/a | GPU 1.3/2.3GB | gtok=159131648
  [1] 77750 loss=5.0262 ppl=152.4 lr=1.09e-05 | 17440 tok/s (avg 16850) ETA n/a | GPU 1.3/2.3GB | gtok=159234048
  [1] 77800 loss=4.7621 ppl=117.0 lr=1.08e-05 | 17370 tok/s (avg 16851) ETA n/a | GPU 1.3/2.3GB | gtok=159336448
  [1] 77850 loss=5.1002 ppl=164.1 lr=1.08e-05 | 17266 tok/s (avg 16851) ETA n/a | GPU 1.3/2.3GB | gtok=159438848
  [1] 77900 loss=4.7038 ppl=110.4 lr=1.07e-05 | 17540 tok/s (avg 16851) ETA n/a | GPU 1.3/2.3GB | gtok=159541248
  [1] 77950 loss=4.7526 ppl=115.9 lr=1.07e-05 | 17231 tok/s (avg 16852) ETA n/a | GPU 1.3/2.3GB | gtok=159643648
  [1] 78000 loss=4.9386 ppl=139.6 lr=1.06e-05 | 17488 tok/s (avg 16852) ETA n/a | GPU 1.3/2.3GB | gtok=159746048
  [1] 78050 loss=5.0685 ppl=158.9 lr=1.06e-05 | 17307 tok/s (avg 16852) ETA n/a | GPU 1.3/2.3GB | gtok=159848448
  [1] 78100 loss=5.0018 ppl=148.7 lr=1.05e-05 | 17257 tok/s (avg 16852) ETA n/a | GPU 1.3/2.3GB | gtok=159950848
  [1] 78150 loss=5.1459 ppl=171.7 lr=1.05e-05 | 17431 tok/s (avg 16853) ETA n/a | GPU 1.3/2.3GB | gtok=160053248
  [1] 78200 loss=4.7794 ppl=119.0 lr=1.04e-05 | 17285 tok/s (avg 16853) ETA n/a | GPU 1.3/2.3GB | gtok=160155648
  [1] 78250 loss=4.5591 ppl=95.5 lr=1.04e-05 | 17447 tok/s (avg 16853) ETA n/a | GPU 1.3/2.3GB | gtok=160258048
  [1] 78300 loss=4.8112 ppl=122.9 lr=1.03e-05 | 17118 tok/s (avg 16854) ETA n/a | GPU 1.3/2.3GB | gtok=160360448
  [1] 78350 loss=5.2029 ppl=181.8 lr=1.03e-05 | 17487 tok/s (avg 16854) ETA n/a | GPU 1.3/2.3GB | gtok=160462848
  [1] 78400 loss=5.3905 ppl=219.3 lr=1.02e-05 | 17537 tok/s (avg 16854) ETA n/a | GPU 1.3/2.3GB | gtok=160565248
  [1] 78450 loss=4.8514 ppl=127.9 lr=1.02e-05 | 17232 tok/s (avg 16855) ETA n/a | GPU 1.3/2.3GB | gtok=160667648
  [1] 78500 loss=5.0492 ppl=155.9 lr=1.01e-05 | 17495 tok/s (avg 16855) ETA n/a | GPU 1.3/2.3GB | gtok=160770048
  [1] 78550 loss=5.1146 ppl=166.4 lr=1.01e-05 | 17193 tok/s (avg 16855) ETA n/a | GPU 1.3/2.3GB | gtok=160872448
  [1] 78600 loss=4.7476 ppl=115.3 lr=1.01e-05 | 17515 tok/s (avg 16856) ETA n/a | GPU 1.3/2.3GB | gtok=160974848
  [1] 78650 loss=4.6811 ppl=107.9 lr=1.00e-05 | 17207 tok/s (avg 16856) ETA n/a | GPU 1.3/2.3GB | gtok=161077248
  [1] 78700 loss=5.3413 ppl=208.8 lr=9.95e-06 | 17260 tok/s (avg 16856) ETA n/a | GPU 1.3/2.3GB | gtok=161179648
  [1] 78750 loss=4.3116 ppl=74.6 lr=9.91e-06 | 17399 tok/s (avg 16856) ETA n/a | GPU 1.3/2.3GB | gtok=161282048
  [1] 78800 loss=4.5645 ppl=96.0 lr=9.86e-06 | 17283 tok/s (avg 16857) ETA n/a | GPU 1.3/2.3GB | gtok=161384448
  [1] 78850 loss=5.0283 ppl=152.7 lr=9.81e-06 | 17526 tok/s (avg 16857) ETA n/a | GPU 1.3/2.3GB | gtok=161486848
  [1] 78900 loss=5.1308 ppl=169.2 lr=9.76e-06 | 17310 tok/s (avg 16857) ETA n/a | GPU 1.3/2.3GB | gtok=161589248
  [1] 78950 loss=5.0051 ppl=149.2 lr=9.71e-06 | 17385 tok/s (avg 16858) ETA n/a | GPU 1.3/2.3GB | gtok=161691648
  [1] 79000 loss=5.4424 ppl=231.0 lr=9.67e-06 | 17188 tok/s (avg 16858) ETA n/a | GPU 1.3/2.3GB | gtok=161794048
  [1] 79050 loss=5.0956 ppl=163.3 lr=9.62e-06 | 17266 tok/s (avg 16858) ETA n/a | GPU 1.3/2.3GB | gtok=161896448
  [1] 79100 loss=4.7074 ppl=110.8 lr=9.57e-06 | 17311 tok/s (avg 16858) ETA n/a | GPU 1.3/2.3GB | gtok=161998848
  [1] 79150 loss=4.7647 ppl=117.3 lr=9.52e-06 | 17025 tok/s (avg 16859) ETA n/a | GPU 1.3/2.3GB | gtok=162101248
  [1] 79200 loss=5.2153 ppl=184.1 lr=9.48e-06 | 17259 tok/s (avg 16859) ETA n/a | GPU 1.3/2.3GB | gtok=162203648
  [1] 79250 loss=4.0098 ppl=55.1 lr=9.43e-06 | 17083 tok/s (avg 16859) ETA n/a | GPU 1.3/2.3GB | gtok=162306048
  [1] 79300 loss=4.6759 ppl=107.3 lr=9.38e-06 | 17266 tok/s (avg 16859) ETA n/a | GPU 1.3/2.3GB | gtok=162408448
  [1] 79350 loss=4.9915 ppl=147.2 lr=9.34e-06 | 17324 tok/s (avg 16859) ETA n/a | GPU 1.3/2.3GB | gtok=162510848
  [1] 79400 loss=4.5984 ppl=99.3 lr=9.29e-06 | 17198 tok/s (avg 16860) ETA n/a | GPU 1.3/2.3GB | gtok=162613248
  [1] 79450 loss=6.1111 ppl=450.8 lr=9.24e-06 | 17312 tok/s (avg 16860) ETA n/a | GPU 1.3/2.3GB | gtok=162715648
  [1] 79500 loss=4.9282 ppl=138.1 lr=9.20e-06 | 17132 tok/s (avg 16860) ETA n/a | GPU 1.3/2.3GB | gtok=162818048
  [1] 79550 loss=4.8959 ppl=133.7 lr=9.15e-06 | 17440 tok/s (avg 16860) ETA n/a | GPU 1.3/2.3GB | gtok=162920448
  [1] 79600 loss=4.4491 ppl=85.5 lr=9.10e-06 | 17212 tok/s (avg 16861) ETA n/a | GPU 1.3/2.3GB | gtok=163022848
  [1] 79650 loss=4.1838 ppl=65.6 lr=9.06e-06 | 17331 tok/s (avg 16861) ETA n/a | GPU 1.3/2.3GB | gtok=163125248
  [1] 79700 loss=4.7703 ppl=118.0 lr=9.01e-06 | 17410 tok/s (avg 16861) ETA n/a | GPU 1.3/2.3GB | gtok=163227648
  [1] 79750 loss=4.5467 ppl=94.3 lr=8.97e-06 | 17307 tok/s (avg 16862) ETA n/a | GPU 1.3/2.3GB | gtok=163330048
  [1] 79800 loss=5.4118 ppl=224.0 lr=8.92e-06 | 17430 tok/s (avg 16862) ETA n/a | GPU 1.3/2.3GB | gtok=163432448
  [1] 79850 loss=4.4626 ppl=86.7 lr=8.87e-06 | 17198 tok/s (avg 16862) ETA n/a | GPU 1.3/2.3GB | gtok=163534848
  [1] 79900 loss=5.0731 ppl=159.7 lr=8.83e-06 | 17264 tok/s (avg 16862) ETA n/a | GPU 1.3/2.3GB | gtok=163637248
  [1] 79950 loss=5.4935 ppl=243.1 lr=8.78e-06 | 17562 tok/s (avg 16863) ETA n/a | GPU 1.3/2.3GB | gtok=163739648
Saved checkpoint: checkpoints_v12_curriculum/base/latest.pt
  [checkpoint @ step 80000, 163,840,000 tok]
  [1] 80000 loss=4.7476 ppl=115.3 lr=8.74e-06 | 15692 tok/s (avg 16862) ETA n/a | GPU 1.3/2.3GB | gtok=163842048
  [mid-epoch sample @ batch 80000, 163,842,048 tok]
  Prompt: In 1923 , the University of
  Generated: In 1923 , the University of California and San Francisco (PANU) decided to make the following decision. In the first few years of the war, the government had already done much of its work on the issue. In an attempt to improve the economy in an effort to protect the city's population by using more than 500,000 units of education per year, a number of factors are expected to become higher.
The last time we start with the first major change in the history of the economy, the second time it was
  [1] 80050 loss=4.8345 ppl=125.8 lr=8.69e-06 | 14242 tok/s (avg 16860) ETA n/a | GPU 1.3/2.3GB | gtok=163944448
  [1] 80100 loss=4.8416 ppl=126.7 lr=8.65e-06 | 17183 tok/s (avg 16860) ETA n/a | GPU 1.3/2.3GB | gtok=164046848
  [1] 80150 loss=5.3156 ppl=203.5 lr=8.60e-06 | 17192 tok/s (avg 16860) ETA n/a | GPU 1.3/2.3GB | gtok=164149248
  [1] 80200 loss=4.8464 ppl=127.3 lr=8.56e-06 | 17476 tok/s (avg 16861) ETA n/a | GPU 1.3/2.3GB | gtok=164251648
  [1] 80250 loss=5.1409 ppl=170.9 lr=8.51e-06 | 17123 tok/s (avg 16861) ETA n/a | GPU 1.3/2.3GB | gtok=164354048
  [1] 80300 loss=5.4502 ppl=232.8 lr=8.47e-06 | 17499 tok/s (avg 16861) ETA n/a | GPU 1.3/2.3GB | gtok=164456448
  [1] 80350 loss=4.7923 ppl=120.6 lr=8.42e-06 | 17190 tok/s (avg 16862) ETA n/a | GPU 1.3/2.3GB | gtok=164558848
  [1] 80400 loss=4.8223 ppl=124.2 lr=8.38e-06 | 17473 tok/s (avg 16862) ETA n/a | GPU 1.3/2.3GB | gtok=164661248
  [1] 80450 loss=5.1573 ppl=173.7 lr=8.33e-06 | 17279 tok/s (avg 16862) ETA n/a | GPU 1.3/2.3GB | gtok=164763648
  [1] 80500 loss=5.4309 ppl=228.4 lr=8.29e-06 | 16973 tok/s (avg 16862) ETA n/a | GPU 1.3/2.3GB | gtok=164866048
  [1] 80550 loss=4.5821 ppl=97.7 lr=8.24e-06 | 17353 tok/s (avg 16863) ETA n/a | GPU 1.3/2.3GB | gtok=164968448
  [1] 80600 loss=4.8992 ppl=134.2 lr=8.20e-06 | 17045 tok/s (avg 16863) ETA n/a | GPU 1.3/2.3GB | gtok=165070848
  [1] 80650 loss=4.3653 ppl=78.7 lr=8.16e-06 | 17374 tok/s (avg 16863) ETA n/a | GPU 1.3/2.3GB | gtok=165173248
  [1] 80700 loss=4.7263 ppl=112.9 lr=8.11e-06 | 17255 tok/s (avg 16863) ETA n/a | GPU 1.3/2.3GB | gtok=165275648
  [1] 80750 loss=4.9030 ppl=134.7 lr=8.07e-06 | 17117 tok/s (avg 16863) ETA n/a | GPU 1.3/2.3GB | gtok=165378048
  [1] 80800 loss=4.6373 ppl=103.3 lr=8.02e-06 | 17337 tok/s (avg 16864) ETA n/a | GPU 1.3/2.3GB | gtok=165480448
  [1] 80850 loss=4.7680 ppl=117.7 lr=7.98e-06 | 17164 tok/s (avg 16864) ETA n/a | GPU 1.3/2.3GB | gtok=165582848
  [1] 80900 loss=5.2602 ppl=192.5 lr=7.94e-06 | 17400 tok/s (avg 16864) ETA n/a | GPU 1.3/2.3GB | gtok=165685248
  [1] 80950 loss=4.5824 ppl=97.8 lr=7.89e-06 | 17179 tok/s (avg 16864) ETA n/a | GPU 1.3/2.3GB | gtok=165787648
  [1] 81000 loss=5.0402 ppl=154.5 lr=7.85e-06 | 17222 tok/s (avg 16865) ETA n/a | GPU 1.3/2.3GB | gtok=165890048
  [1] 81050 loss=4.8472 ppl=127.4 lr=7.81e-06 | 17447 tok/s (avg 16865) ETA n/a | GPU 1.3/2.3GB | gtok=165992448
  [1] 81100 loss=4.7089 ppl=110.9 lr=7.76e-06 | 17183 tok/s (avg 16865) ETA n/a | GPU 1.3/2.3GB | gtok=166094848
  [1] 81150 loss=4.9016 ppl=134.5 lr=7.72e-06 | 17410 tok/s (avg 16865) ETA n/a | GPU 1.3/2.3GB | gtok=166197248
  [1] 81200 loss=4.4893 ppl=89.1 lr=7.68e-06 | 17024 tok/s (avg 16866) ETA n/a | GPU 1.3/2.3GB | gtok=166299648
  [1] 81250 loss=5.0960 ppl=163.4 lr=7.64e-06 | 17406 tok/s (avg 16866) ETA n/a | GPU 1.3/2.3GB | gtok=166402048
  [1] 81300 loss=4.2262 ppl=68.5 lr=7.59e-06 | 17195 tok/s (avg 16866) ETA n/a | GPU 1.3/2.3GB | gtok=166504448
  [1] 81350 loss=5.3649 ppl=213.8 lr=7.55e-06 | 17420 tok/s (avg 16866) ETA n/a | GPU 1.3/2.3GB | gtok=166606848
  [1] 81400 loss=5.0043 ppl=149.1 lr=7.51e-06 | 17127 tok/s (avg 16867) ETA n/a | GPU 1.3/2.3GB | gtok=166709248
  [1] 81450 loss=4.9315 ppl=138.6 lr=7.47e-06 | 17217 tok/s (avg 16867) ETA n/a | GPU 1.3/2.3GB | gtok=166811648
  [1] 81500 loss=4.7613 ppl=116.9 lr=7.42e-06 | 17390 tok/s (avg 16867) ETA n/a | GPU 1.3/2.3GB | gtok=166914048
  [1] 81550 loss=4.9083 ppl=135.4 lr=7.38e-06 | 17266 tok/s (avg 16867) ETA n/a | GPU 1.3/2.3GB | gtok=167016448
  [1] 81600 loss=4.9793 ppl=145.4 lr=7.34e-06 | 17405 tok/s (avg 16868) ETA n/a | GPU 1.3/2.3GB | gtok=167118848
  [1] 81650 loss=4.9214 ppl=137.2 lr=7.30e-06 | 17297 tok/s (avg 16868) ETA n/a | GPU 1.3/2.3GB | gtok=167221248
  [1] 81700 loss=4.8529 ppl=128.1 lr=7.26e-06 | 17322 tok/s (avg 16868) ETA n/a | GPU 1.3/2.3GB | gtok=167323648
  [1] 81750 loss=4.8806 ppl=131.7 lr=7.21e-06 | 17574 tok/s (avg 16869) ETA n/a | GPU 1.3/2.3GB | gtok=167426048
  [1] 81800 loss=4.5296 ppl=92.7 lr=7.17e-06 | 17138 tok/s (avg 16869) ETA n/a | GPU 1.3/2.3GB | gtok=167528448
  [1] 81850 loss=5.2720 ppl=194.8 lr=7.13e-06 | 17406 tok/s (avg 16869) ETA n/a | GPU 1.3/2.3GB | gtok=167630848
  [1] 81900 loss=4.4780 ppl=88.1 lr=7.09e-06 | 17237 tok/s (avg 16869) ETA n/a | GPU 1.3/2.3GB | gtok=167733248
  [1] 81950 loss=5.0219 ppl=151.7 lr=7.05e-06 | 17417 tok/s (avg 16870) ETA n/a | GPU 1.3/2.3GB | gtok=167835648
  [1] 82000 loss=4.4642 ppl=86.9 lr=7.01e-06 | 17112 tok/s (avg 16870) ETA n/a | GPU 1.3/2.3GB | gtok=167938048
  [1] 82050 loss=4.8962 ppl=133.8 lr=6.97e-06 | 17227 tok/s (avg 16870) ETA n/a | GPU 1.3/2.3GB | gtok=168040448
  [1] 82100 loss=5.2008 ppl=181.4 lr=6.92e-06 | 17410 tok/s (avg 16870) ETA n/a | GPU 1.3/2.3GB | gtok=168142848
  [1] 82150 loss=4.2069 ppl=67.1 lr=6.88e-06 | 17231 tok/s (avg 16870) ETA n/a | GPU 1.3/2.3GB | gtok=168245248
  [1] 82200 loss=4.9655 ppl=143.4 lr=6.84e-06 | 17295 tok/s (avg 16871) ETA n/a | GPU 1.3/2.3GB | gtok=168347648
  [1] 82250 loss=4.6365 ppl=103.2 lr=6.80e-06 | 17249 tok/s (avg 16871) ETA n/a | GPU 1.3/2.3GB | gtok=168450048
  [1] 82300 loss=4.4556 ppl=86.1 lr=6.76e-06 | 17317 tok/s (avg 16871) ETA n/a | GPU 1.3/2.3GB | gtok=168552448
  [1] 82350 loss=5.1882 ppl=179.1 lr=6.72e-06 | 17474 tok/s (avg 16872) ETA n/a | GPU 1.3/2.3GB | gtok=168654848
  [1] 82400 loss=5.0163 ppl=150.9 lr=6.68e-06 | 17273 tok/s (avg 16872) ETA n/a | GPU 1.3/2.3GB | gtok=168757248
  [1] 82450 loss=4.8585 ppl=128.8 lr=6.64e-06 | 17419 tok/s (avg 16872) ETA n/a | GPU 1.3/2.3GB | gtok=168859648
  [1] 82500 loss=4.8521 ppl=128.0 lr=6.60e-06 | 17269 tok/s (avg 16872) ETA n/a | GPU 1.3/2.3GB | gtok=168962048
  [1] 82550 loss=5.4743 ppl=238.5 lr=6.56e-06 | 17391 tok/s (avg 16873) ETA n/a | GPU 1.3/2.3GB | gtok=169064448
  [1] 82600 loss=5.6404 ppl=281.6 lr=6.52e-06 | 17186 tok/s (avg 16873) ETA n/a | GPU 1.3/2.3GB | gtok=169166848
  [1] 82650 loss=4.5228 ppl=92.1 lr=6.48e-06 | 17261 tok/s (avg 16873) ETA n/a | GPU 1.3/2.3GB | gtok=169269248
  [1] 82700 loss=4.7974 ppl=121.2 lr=6.44e-06 | 17410 tok/s (avg 16873) ETA n/a | GPU 1.3/2.3GB | gtok=169371648
  [1] 82750 loss=4.9595 ppl=142.5 lr=6.40e-06 | 17177 tok/s (avg 16874) ETA n/a | GPU 1.3/2.3GB | gtok=169474048
  [1] 82800 loss=4.8500 ppl=127.7 lr=6.36e-06 | 17345 tok/s (avg 16874) ETA n/a | GPU 1.3/2.3GB | gtok=169576448
  [1] 82850 loss=5.4372 ppl=229.8 lr=6.32e-06 | 17285 tok/s (avg 16874) ETA n/a | GPU 1.3/2.3GB | gtok=169678848
  [1] 82900 loss=5.4814 ppl=240.2 lr=6.29e-06 | 17310 tok/s (avg 16874) ETA n/a | GPU 1.3/2.3GB | gtok=169781248
  [1] 82950 loss=4.1791 ppl=65.3 lr=6.25e-06 | 17157 tok/s (avg 16875) ETA n/a | GPU 1.3/2.3GB | gtok=169883648
  [1] 83000 loss=4.7887 ppl=120.1 lr=6.21e-06 | 17355 tok/s (avg 16875) ETA n/a | GPU 1.3/2.3GB | gtok=169986048
  [1] 83050 loss=4.9013 ppl=134.5 lr=6.17e-06 | 17456 tok/s (avg 16875) ETA n/a | GPU 1.3/2.3GB | gtok=170088448
  [1] 83100 loss=5.1417 ppl=171.0 lr=6.13e-06 | 17143 tok/s (avg 16875) ETA n/a | GPU 1.3/2.3GB | gtok=170190848
  [1] 83150 loss=4.7191 ppl=112.1 lr=6.09e-06 | 17491 tok/s (avg 16876) ETA n/a | GPU 1.3/2.3GB | gtok=170293248
  [1] 83200 loss=5.0973 ppl=163.6 lr=6.05e-06 | 17263 tok/s (avg 16876) ETA n/a | GPU 1.3/2.3GB | gtok=170395648
  [1] 83250 loss=4.9615 ppl=142.8 lr=6.02e-06 | 17165 tok/s (avg 16876) ETA n/a | GPU 1.3/2.3GB | gtok=170498048
  [1] 83300 loss=5.2103 ppl=183.2 lr=5.98e-06 | 17555 tok/s (avg 16876) ETA n/a | GPU 1.3/2.3GB | gtok=170600448
  [1] 83350 loss=5.1386 ppl=170.5 lr=5.94e-06 | 17175 tok/s (avg 16877) ETA n/a | GPU 1.3/2.3GB | gtok=170702848
  [1] 83400 loss=4.2360 ppl=69.1 lr=5.90e-06 | 17489 tok/s (avg 16877) ETA n/a | GPU 1.3/2.3GB | gtok=170805248
  [1] 83450 loss=4.8681 ppl=130.1 lr=5.86e-06 | 16904 tok/s (avg 16877) ETA n/a | GPU 1.3/2.3GB | gtok=170907648
  [1] 83500 loss=5.0101 ppl=149.9 lr=5.83e-06 | 17353 tok/s (avg 16877) ETA n/a | GPU 1.3/2.3GB | gtok=171010048
  [1] 83550 loss=4.6797 ppl=107.7 lr=5.79e-06 | 17181 tok/s (avg 16877) ETA n/a | GPU 1.3/2.3GB | gtok=171112448
  [1] 83600 loss=4.9528 ppl=141.6 lr=5.75e-06 | 17258 tok/s (avg 16878) ETA n/a | GPU 1.3/2.3GB | gtok=171214848
  [1] 83650 loss=4.4725 ppl=87.6 lr=5.71e-06 | 17471 tok/s (avg 16878) ETA n/a | GPU 1.3/2.3GB | gtok=171317248
  [1] 83700 loss=5.3208 ppl=204.5 lr=5.68e-06 | 17153 tok/s (avg 16878) ETA n/a | GPU 1.3/2.3GB | gtok=171419648
  [1] 83750 loss=5.1286 ppl=168.8 lr=5.64e-06 | 17327 tok/s (avg 16878) ETA n/a | GPU 1.3/2.3GB | gtok=171522048
  [1] 83800 loss=5.1053 ppl=164.9 lr=5.60e-06 | 17109 tok/s (avg 16879) ETA n/a | GPU 1.3/2.3GB | gtok=171624448
  [1] 83850 loss=4.9382 ppl=139.5 lr=5.56e-06 | 17200 tok/s (avg 16879) ETA n/a | GPU 1.3/2.3GB | gtok=171726848
  [1] 83900 loss=4.7939 ppl=120.8 lr=5.53e-06 | 17354 tok/s (avg 16879) ETA n/a | GPU 1.3/2.3GB | gtok=171829248
  [1] 83950 loss=4.8832 ppl=132.0 lr=5.49e-06 | 17136 tok/s (avg 16879) ETA n/a | GPU 1.3/2.3GB | gtok=171931648
  [1] 84000 loss=4.9527 ppl=141.6 lr=5.45e-06 | 17430 tok/s (avg 16880) ETA n/a | GPU 1.3/2.3GB | gtok=172034048
  [1] 84050 loss=4.7456 ppl=115.1 lr=5.42e-06 | 16691 tok/s (avg 16879) ETA n/a | GPU 1.3/2.3GB | gtok=172136448
  [1] 84100 loss=4.8805 ppl=131.7 lr=5.38e-06 | 17811 tok/s (avg 16880) ETA n/a | GPU 1.3/2.3GB | gtok=172238848
  [1] 84150 loss=4.9378 ppl=139.5 lr=5.35e-06 | 17379 tok/s (avg 16880) ETA n/a | GPU 1.3/2.3GB | gtok=172341248
  [1] 84200 loss=4.5764 ppl=97.2 lr=5.31e-06 | 17237 tok/s (avg 16880) ETA n/a | GPU 1.3/2.3GB | gtok=172443648
  [1] 84250 loss=4.6938 ppl=109.3 lr=5.27e-06 | 17435 tok/s (avg 16881) ETA n/a | GPU 1.3/2.3GB | gtok=172546048
  [1] 84300 loss=4.7580 ppl=116.5 lr=5.24e-06 | 17228 tok/s (avg 16881) ETA n/a | GPU 1.3/2.3GB | gtok=172648448
  [1] 84350 loss=5.0190 ppl=151.3 lr=5.20e-06 | 17542 tok/s (avg 16881) ETA n/a | GPU 1.3/2.3GB | gtok=172750848
  [1] 84400 loss=4.6388 ppl=103.4 lr=5.17e-06 | 17210 tok/s (avg 16881) ETA n/a | GPU 1.3/2.3GB | gtok=172853248
  [1] 84450 loss=4.9669 ppl=143.6 lr=5.13e-06 | 17502 tok/s (avg 16882) ETA n/a | GPU 1.3/2.3GB | gtok=172955648
  [1] 84500 loss=5.3392 ppl=208.3 lr=5.09e-06 | 17202 tok/s (avg 16882) ETA n/a | GPU 1.3/2.3GB | gtok=173058048
  [1] 84550 loss=4.7792 ppl=119.0 lr=5.06e-06 | 17166 tok/s (avg 16882) ETA n/a | GPU 1.3/2.3GB | gtok=173160448
  [1] 84600 loss=4.9457 ppl=140.6 lr=5.02e-06 | 17420 tok/s (avg 16883) ETA n/a | GPU 1.3/2.3GB | gtok=173262848
  [1] 84650 loss=4.6600 ppl=105.6 lr=4.99e-06 | 17262 tok/s (avg 16883) ETA n/a | GPU 1.3/2.3GB | gtok=173365248
  [1] 84700 loss=5.0477 ppl=155.7 lr=4.95e-06 | 17401 tok/s (avg 16883) ETA n/a | GPU 1.3/2.3GB | gtok=173467648
  [1] 84750 loss=4.7644 ppl=117.3 lr=4.92e-06 | 17304 tok/s (avg 16883) ETA n/a | GPU 1.3/2.3GB | gtok=173570048
  [1] 84800 loss=4.7901 ppl=120.3 lr=4.88e-06 | 17271 tok/s (avg 16883) ETA n/a | GPU 1.3/2.3GB | gtok=173672448
  [1] 84850 loss=4.6324 ppl=102.8 lr=4.85e-06 | 17386 tok/s (avg 16884) ETA n/a | GPU 1.3/2.3GB | gtok=173774848
  [1] 84900 loss=4.6658 ppl=106.3 lr=4.82e-06 | 17164 tok/s (avg 16884) ETA n/a | GPU 1.3/2.3GB | gtok=173877248
  [1] 84950 loss=4.8637 ppl=129.5 lr=4.78e-06 | 17416 tok/s (avg 16884) ETA n/a | GPU 1.3/2.3GB | gtok=173979648
Saved checkpoint: checkpoints_v12_curriculum/base/latest.pt
  [checkpoint @ step 85000, 174,080,000 tok]
  [1] 85000 loss=4.6915 ppl=109.0 lr=4.75e-06 | 15692 tok/s (avg 16883) ETA n/a | GPU 1.3/2.3GB | gtok=174082048
  [mid-epoch sample @ batch 85000, 174,082,048 tok]
  Prompt: In 1923 , the University of
  Generated: In 1923 , the University of Pennsylvania was established as an "credity" for the first time, and the next generation was established in 1867 by William H. F. L. N. H. M. S., as part of a new law of law, which was made to protect the country from the common law. In this case, he became a member of the United States House of Representatives, as well as a new law.

The first law of 1812-1819 is the law that the
  [1] 85050 loss=4.7002 ppl=110.0 lr=4.71e-06 | 14033 tok/s (avg 16881) ETA n/a | GPU 1.3/2.3GB | gtok=174184448
  [1] 85100 loss=4.2881 ppl=72.8 lr=4.68e-06 | 17256 tok/s (avg 16882) ETA n/a | GPU 1.3/2.3GB | gtok=174286848
  [1] 85150 loss=5.1295 ppl=168.9 lr=4.65e-06 | 17175 tok/s (avg 16882) ETA n/a | GPU 1.3/2.3GB | gtok=174389248
  [1] 85200 loss=5.1624 ppl=174.6 lr=4.61e-06 | 17436 tok/s (avg 16882) ETA n/a | GPU 1.3/2.3GB | gtok=174491648
  [1] 85250 loss=5.1287 ppl=168.8 lr=4.58e-06 | 17277 tok/s (avg 16882) ETA n/a | GPU 1.3/2.3GB | gtok=174594048
  [1] 85300 loss=4.9594 ppl=142.5 lr=4.54e-06 | 17309 tok/s (avg 16883) ETA n/a | GPU 1.3/2.3GB | gtok=174696448
  [1] 85350 loss=5.1090 ppl=165.5 lr=4.51e-06 | 17311 tok/s (avg 16883) ETA n/a | GPU 1.3/2.3GB | gtok=174798848
  [1] 85400 loss=4.6862 ppl=108.4 lr=4.48e-06 | 17486 tok/s (avg 16883) ETA n/a | GPU 1.3/2.3GB | gtok=174901248
  [1] 85450 loss=5.1558 ppl=173.4 lr=4.44e-06 | 17288 tok/s (avg 16883) ETA n/a | GPU 1.3/2.3GB | gtok=175003648
  [1] 85500 loss=4.2026 ppl=66.9 lr=4.41e-06 | 17010 tok/s (avg 16884) ETA n/a | GPU 1.3/2.3GB | gtok=175106048
  [1] 85550 loss=4.5037 ppl=90.3 lr=4.38e-06 | 17046 tok/s (avg 16884) ETA n/a | GPU 1.3/2.3GB | gtok=175208448
  [1] 85600 loss=4.6160 ppl=101.1 lr=4.35e-06 | 17063 tok/s (avg 16884) ETA n/a | GPU 1.3/2.3GB | gtok=175310848
  [1] 85650 loss=4.3956 ppl=81.1 lr=4.31e-06 | 17373 tok/s (avg 16884) ETA n/a | GPU 1.3/2.3GB | gtok=175413248
  [1] 85700 loss=4.7120 ppl=111.3 lr=4.28e-06 | 17209 tok/s (avg 16884) ETA n/a | GPU 1.3/2.3GB | gtok=175515648
  [1] 85750 loss=4.6780 ppl=107.6 lr=4.25e-06 | 17362 tok/s (avg 16884) ETA n/a | GPU 1.3/2.3GB | gtok=175618048
  [1] 85800 loss=5.0880 ppl=162.1 lr=4.21e-06 | 17090 tok/s (avg 16885) ETA n/a | GPU 1.3/2.3GB | gtok=175720448
  [1] 85850 loss=4.8152 ppl=123.4 lr=4.18e-06 | 17294 tok/s (avg 16885) ETA n/a | GPU 1.3/2.3GB | gtok=175822848
  [1] 85900 loss=5.3496 ppl=210.5 lr=4.15e-06 | 17438 tok/s (avg 16885) ETA n/a | GPU 1.3/2.3GB | gtok=175925248
  [1] 85950 loss=4.7461 ppl=115.1 lr=4.12e-06 | 17143 tok/s (avg 16885) ETA n/a | GPU 1.3/2.3GB | gtok=176027648
  [1] 86000 loss=5.0864 ppl=161.8 lr=4.09e-06 | 17395 tok/s (avg 16886) ETA n/a | GPU 1.3/2.3GB | gtok=176130048
  [1] 86050 loss=5.0537 ppl=156.6 lr=4.05e-06 | 16850 tok/s (avg 16886) ETA n/a | GPU 1.3/2.3GB | gtok=176232448
  [1] 86100 loss=4.7332 ppl=113.7 lr=4.02e-06 | 17305 tok/s (avg 16886) ETA n/a | GPU 1.3/2.3GB | gtok=176334848
  [1] 86150 loss=5.3398 ppl=208.5 lr=3.99e-06 | 17379 tok/s (avg 16886) ETA n/a | GPU 1.3/2.3GB | gtok=176437248
  [1] 86200 loss=5.8497 ppl=347.1 lr=3.96e-06 | 17211 tok/s (avg 16886) ETA n/a | GPU 1.3/2.3GB | gtok=176539648
  [1] 86250 loss=4.9681 ppl=143.8 lr=3.93e-06 | 17474 tok/s (avg 16887) ETA n/a | GPU 1.3/2.3GB | gtok=176642048
  [1] 86300 loss=4.6763 ppl=107.4 lr=3.90e-06 | 17340 tok/s (avg 16887) ETA n/a | GPU 1.3/2.3GB | gtok=176744448
  [1] 86350 loss=4.6713 ppl=106.8 lr=3.87e-06 | 17501 tok/s (avg 16887) ETA n/a | GPU 1.3/2.3GB | gtok=176846848
  [1] 86400 loss=5.4688 ppl=237.2 lr=3.84e-06 | 17210 tok/s (avg 16887) ETA n/a | GPU 1.3/2.3GB | gtok=176949248
  [1] 86450 loss=4.2930 ppl=73.2 lr=3.80e-06 | 17348 tok/s (avg 16888) ETA n/a | GPU 1.3/2.3GB | gtok=177051648
  [1] 86500 loss=4.8525 ppl=128.1 lr=3.77e-06 | 17509 tok/s (avg 16888) ETA n/a | GPU 1.3/2.3GB | gtok=177154048
  [1] 86550 loss=4.5356 ppl=93.3 lr=3.74e-06 | 17159 tok/s (avg 16888) ETA n/a | GPU 1.3/2.3GB | gtok=177256448
  [1] 86600 loss=4.8289 ppl=125.1 lr=3.71e-06 | 17568 tok/s (avg 16888) ETA n/a | GPU 1.3/2.3GB | gtok=177358848
  [1] 86650 loss=4.9611 ppl=142.8 lr=3.68e-06 | 17219 tok/s (avg 16889) ETA n/a | GPU 1.3/2.3GB | gtok=177461248
  [1] 86700 loss=4.4763 ppl=87.9 lr=3.65e-06 | 17537 tok/s (avg 16889) ETA n/a | GPU 1.3/2.3GB | gtok=177563648
  [1] 86750 loss=4.7960 ppl=121.0 lr=3.62e-06 | 17278 tok/s (avg 16889) ETA n/a | GPU 1.3/2.3GB | gtok=177666048
  [1] 86800 loss=5.0992 ppl=163.9 lr=3.59e-06 | 17386 tok/s (avg 16890) ETA n/a | GPU 1.3/2.3GB | gtok=177768448
  [1] 86850 loss=4.6456 ppl=104.1 lr=3.56e-06 | 17335 tok/s (avg 16890) ETA n/a | GPU 1.3/2.3GB | gtok=177870848
  [1] 86900 loss=4.8829 ppl=132.0 lr=3.53e-06 | 17282 tok/s (avg 16890) ETA n/a | GPU 1.3/2.3GB | gtok=177973248
  [1] 86950 loss=3.4799 ppl=32.5 lr=3.50e-06 | 17476 tok/s (avg 16890) ETA n/a | GPU 1.3/2.3GB | gtok=178075648
  [1] 87000 loss=5.0638 ppl=158.2 lr=3.47e-06 | 17350 tok/s (avg 16891) ETA n/a | GPU 1.3/2.3GB | gtok=178178048
  [1] 87050 loss=5.0072 ppl=149.5 lr=3.44e-06 | 17351 tok/s (avg 16891) ETA n/a | GPU 1.3/2.3GB | gtok=178280448
  [1] 87100 loss=5.1886 ppl=179.2 lr=3.41e-06 | 17529 tok/s (avg 16891) ETA n/a | GPU 1.3/2.3GB | gtok=178382848
  [1] 87150 loss=5.1685 ppl=175.6 lr=3.39e-06 | 17233 tok/s (avg 16891) ETA n/a | GPU 1.3/2.3GB | gtok=178485248
  [1] 87200 loss=4.7237 ppl=112.6 lr=3.36e-06 | 17415 tok/s (avg 16892) ETA n/a | GPU 1.3/2.3GB | gtok=178587648
  [1] 87250 loss=4.7390 ppl=114.3 lr=3.33e-06 | 17236 tok/s (avg 16892) ETA n/a | GPU 1.3/2.3GB | gtok=178690048
  [1] 87300 loss=4.7146 ppl=111.6 lr=3.30e-06 | 17303 tok/s (avg 16892) ETA n/a | GPU 1.3/2.3GB | gtok=178792448
  [1] 87350 loss=4.5491 ppl=94.5 lr=3.27e-06 | 17131 tok/s (avg 16892) ETA n/a | GPU 1.3/2.3GB | gtok=178894848
  [1] 87400 loss=5.0181 ppl=151.1 lr=3.24e-06 | 17234 tok/s (avg 16892) ETA n/a | GPU 1.3/2.3GB | gtok=178997248
  [1] 87450 loss=5.2500 ppl=190.6 lr=3.21e-06 | 17291 tok/s (avg 16893) ETA n/a | GPU 1.3/2.3GB | gtok=179099648
  [1] 87500 loss=5.2095 ppl=183.0 lr=3.19e-06 | 17248 tok/s (avg 16893) ETA n/a | GPU 1.3/2.3GB | gtok=179202048
  [1] 87550 loss=5.1969 ppl=180.7 lr=3.16e-06 | 17426 tok/s (avg 16893) ETA n/a | GPU 1.3/2.3GB | gtok=179304448
  [1] 87600 loss=5.4448 ppl=231.6 lr=3.13e-06 | 17311 tok/s (avg 16893) ETA n/a | GPU 1.3/2.3GB | gtok=179406848
  [1] 87650 loss=4.8704 ppl=130.4 lr=3.10e-06 | 17277 tok/s (avg 16894) ETA n/a | GPU 1.3/2.3GB | gtok=179509248
  [1] 87700 loss=4.6483 ppl=104.4 lr=3.07e-06 | 17385 tok/s (avg 16894) ETA n/a | GPU 1.3/2.3GB | gtok=179611648
  [1] 87750 loss=5.1839 ppl=178.4 lr=3.05e-06 | 17263 tok/s (avg 16894) ETA n/a | GPU 1.3/2.3GB | gtok=179714048
  [1] 87800 loss=4.2305 ppl=68.8 lr=3.02e-06 | 17303 tok/s (avg 16894) ETA n/a | GPU 1.3/2.3GB | gtok=179816448
  [1] 87850 loss=4.8963 ppl=133.8 lr=2.99e-06 | 17262 tok/s (avg 16894) ETA n/a | GPU 1.3/2.3GB | gtok=179918848
  [1] 87900 loss=4.8406 ppl=126.5 lr=2.96e-06 | 17460 tok/s (avg 16895) ETA n/a | GPU 1.3/2.3GB | gtok=180021248
  [1] 87950 loss=4.5982 ppl=99.3 lr=2.94e-06 | 17265 tok/s (avg 16895) ETA n/a | GPU 1.3/2.3GB | gtok=180123648
  [1] 88000 loss=4.3496 ppl=77.4 lr=2.91e-06 | 17309 tok/s (avg 16895) ETA n/a | GPU 1.3/2.3GB | gtok=180226048
  [1] 88050 loss=4.8769 ppl=131.2 lr=2.88e-06 | 17442 tok/s (avg 16896) ETA n/a | GPU 1.3/2.3GB | gtok=180328448
  [1] 88100 loss=4.4410 ppl=84.9 lr=2.85e-06 | 17187 tok/s (avg 16896) ETA n/a | GPU 1.3/2.3GB | gtok=180430848
  [1] 88150 loss=4.9893 ppl=146.8 lr=2.83e-06 | 17217 tok/s (avg 16896) ETA n/a | GPU 1.3/2.3GB | gtok=180533248
  [1] 88200 loss=5.0525 ppl=156.4 lr=2.80e-06 | 17269 tok/s (avg 16896) ETA n/a | GPU 1.3/2.3GB | gtok=180635648
  [1] 88250 loss=4.8985 ppl=134.1 lr=2.78e-06 | 17300 tok/s (avg 16896) ETA n/a | GPU 1.3/2.3GB | gtok=180738048
  [1] 88300 loss=5.0993 ppl=163.9 lr=2.75e-06 | 17419 tok/s (avg 16897) ETA n/a | GPU 1.3/2.3GB | gtok=180840448
  [1] 88350 loss=4.7671 ppl=117.6 lr=2.72e-06 | 17285 tok/s (avg 16897) ETA n/a | GPU 1.3/2.3GB | gtok=180942848
  [1] 88400 loss=5.3109 ppl=202.5 lr=2.70e-06 | 17441 tok/s (avg 16897) ETA n/a | GPU 1.3/2.3GB | gtok=181045248
  [1] 88450 loss=4.9652 ppl=143.3 lr=2.67e-06 | 17157 tok/s (avg 16897) ETA n/a | GPU 1.3/2.3GB | gtok=181147648
  [1] 88500 loss=4.8428 ppl=126.8 lr=2.64e-06 | 17493 tok/s (avg 16898) ETA n/a | GPU 1.3/2.3GB | gtok=181250048
  [1] 88550 loss=4.6073 ppl=100.2 lr=2.62e-06 | 17353 tok/s (avg 16898) ETA n/a | GPU 1.3/2.3GB | gtok=181352448
  [1] 88600 loss=4.9383 ppl=139.5 lr=2.59e-06 | 17259 tok/s (avg 16898) ETA n/a | GPU 1.3/2.3GB | gtok=181454848
  [1] 88650 loss=4.7751 ppl=118.5 lr=2.57e-06 | 17463 tok/s (avg 16898) ETA n/a | GPU 1.3/2.3GB | gtok=181557248
  [1] 88700 loss=5.0343 ppl=153.6 lr=2.54e-06 | 17302 tok/s (avg 16899) ETA n/a | GPU 1.3/2.3GB | gtok=181659648
  [1] 88750 loss=4.6150 ppl=101.0 lr=2.52e-06 | 17427 tok/s (avg 16899) ETA n/a | GPU 1.3/2.3GB | gtok=181762048
  [1] 88800 loss=4.8101 ppl=122.7 lr=2.49e-06 | 17289 tok/s (avg 16899) ETA n/a | GPU 1.3/2.3GB | gtok=181864448
  [1] 88850 loss=5.0828 ppl=161.2 lr=2.47e-06 | 17165 tok/s (avg 16899) ETA n/a | GPU 1.3/2.3GB | gtok=181966848
  [1] 88900 loss=4.9029 ppl=134.7 lr=2.44e-06 | 17505 tok/s (avg 16900) ETA n/a | GPU 1.3/2.3GB | gtok=182069248
  [1] 88950 loss=4.9557 ppl=142.0 lr=2.42e-06 | 17228 tok/s (avg 16900) ETA n/a | GPU 1.3/2.3GB | gtok=182171648
  [1] 89000 loss=4.5901 ppl=98.5 lr=2.39e-06 | 17173 tok/s (avg 16900) ETA n/a | GPU 1.3/2.3GB | gtok=182274048
  [1] 89050 loss=5.0343 ppl=153.6 lr=2.37e-06 | 17309 tok/s (avg 16900) ETA n/a | GPU 1.3/2.3GB | gtok=182376448
  [1] 89100 loss=4.5406 ppl=93.8 lr=2.34e-06 | 17284 tok/s (avg 16900) ETA n/a | GPU 1.3/2.3GB | gtok=182478848
  [1] 89150 loss=4.6658 ppl=106.3 lr=2.32e-06 | 17231 tok/s (avg 16900) ETA n/a | GPU 1.3/2.3GB | gtok=182581248
  [1] 89200 loss=4.8838 ppl=132.1 lr=2.30e-06 | 17267 tok/s (avg 16901) ETA n/a | GPU 1.3/2.3GB | gtok=182683648
  [1] 89250 loss=4.8644 ppl=129.6 lr=2.27e-06 | 17462 tok/s (avg 16901) ETA n/a | GPU 1.3/2.3GB | gtok=182786048
  [1] 89300 loss=5.1239 ppl=168.0 lr=2.25e-06 | 17197 tok/s (avg 16901) ETA n/a | GPU 1.3/2.3GB | gtok=182888448
  [1] 89350 loss=4.6939 ppl=109.3 lr=2.22e-06 | 17519 tok/s (avg 16901) ETA n/a | GPU 1.3/2.3GB | gtok=182990848
  [1] 89400 loss=5.1097 ppl=165.6 lr=2.20e-06 | 17229 tok/s (avg 16902) ETA n/a | GPU 1.3/2.3GB | gtok=183093248
  [1] 89450 loss=5.0224 ppl=151.8 lr=2.18e-06 | 17479 tok/s (avg 16902) ETA n/a | GPU 1.3/2.3GB | gtok=183195648
  [1] 89500 loss=4.9312 ppl=138.5 lr=2.15e-06 | 17311 tok/s (avg 16902) ETA n/a | GPU 1.3/2.3GB | gtok=183298048
  [1] 89550 loss=5.1246 ppl=168.1 lr=2.13e-06 | 17151 tok/s (avg 16902) ETA n/a | GPU 1.3/2.3GB | gtok=183400448
  [1] 89600 loss=4.4214 ppl=83.2 lr=2.11e-06 | 17451 tok/s (avg 16903) ETA n/a | GPU 1.3/2.3GB | gtok=183502848
  [1] 89650 loss=5.0983 ppl=163.7 lr=2.08e-06 | 17352 tok/s (avg 16903) ETA n/a | GPU 1.3/2.3GB | gtok=183605248
  [1] 89700 loss=4.4417 ppl=84.9 lr=2.06e-06 | 17390 tok/s (avg 16903) ETA n/a | GPU 1.3/2.3GB | gtok=183707648
  [1] 89750 loss=5.7092 ppl=301.6 lr=2.04e-06 | 17274 tok/s (avg 16903) ETA n/a | GPU 1.3/2.3GB | gtok=183810048
  [1] 89800 loss=4.9814 ppl=145.7 lr=2.02e-06 | 17291 tok/s (avg 16904) ETA n/a | GPU 1.3/2.3GB | gtok=183912448
  [1] 89850 loss=4.3030 ppl=73.9 lr=1.99e-06 | 17474 tok/s (avg 16904) ETA n/a | GPU 1.3/2.3GB | gtok=184014848
  [1] 89900 loss=4.7134 ppl=111.4 lr=1.97e-06 | 17262 tok/s (avg 16904) ETA n/a | GPU 1.3/2.3GB | gtok=184117248
  [1] 89950 loss=4.8655 ppl=129.7 lr=1.95e-06 | 17635 tok/s (avg 16904) ETA n/a | GPU 1.3/2.3GB | gtok=184219648
Saved checkpoint: checkpoints_v12_curriculum/base/latest.pt
  [checkpoint @ step 90000, 184,320,000 tok]
  [1] 90000 loss=4.6540 ppl=105.0 lr=1.93e-06 | 15658 tok/s (avg 16904) ETA n/a | GPU 1.3/2.3GB | gtok=184322048
  [mid-epoch sample @ batch 90000, 184,322,048 tok]
  Prompt: In 1923 , the University of
  Generated: In 1923 , the University of New York and its New York Times, U.S. Environmental Protection Agency (FDA), found that the presence of a single person’s family in a number of different species of “camegates”, the same group as the American National Park Service, was established by the United States Department of Health in the United States (R.C., Canada). The National Center for Disease Control and Prevention (MSA) is a group of Americans who are not involved in a
  [1] 90050 loss=4.8778 ppl=131.3 lr=1.90e-06 | 14154 tok/s (avg 16902) ETA n/a | GPU 1.3/2.3GB | gtok=184424448
  [1] 90100 loss=4.3880 ppl=80.5 lr=1.88e-06 | 17232 tok/s (avg 16902) ETA n/a | GPU 1.3/2.3GB | gtok=184526848
  [1] 90150 loss=5.0660 ppl=158.5 lr=1.86e-06 | 17169 tok/s (avg 16902) ETA n/a | GPU 1.3/2.3GB | gtok=184629248
  [1] 90200 loss=5.1877 ppl=179.1 lr=1.84e-06 | 17438 tok/s (avg 16902) ETA n/a | GPU 1.3/2.3GB | gtok=184731648
  [1] 90250 loss=5.1745 ppl=176.7 lr=1.82e-06 | 17157 tok/s (avg 16903) ETA n/a | GPU 1.3/2.3GB | gtok=184834048
  [1] 90300 loss=4.9228 ppl=137.4 lr=1.80e-06 | 17523 tok/s (avg 16903) ETA n/a | GPU 1.3/2.3GB | gtok=184936448
  [1] 90350 loss=4.8337 ppl=125.7 lr=1.77e-06 | 17212 tok/s (avg 16903) ETA n/a | GPU 1.3/2.3GB | gtok=185038848
  [1] 90400 loss=4.4897 ppl=89.1 lr=1.75e-06 | 17245 tok/s (avg 16903) ETA n/a | GPU 1.3/2.3GB | gtok=185141248
  [1] 90450 loss=4.3348 ppl=76.3 lr=1.73e-06 | 17242 tok/s (avg 16903) ETA n/a | GPU 1.3/2.3GB | gtok=185243648
  [1] 90500 loss=4.6535 ppl=105.0 lr=1.71e-06 | 17233 tok/s (avg 16904) ETA n/a | GPU 1.3/2.3GB | gtok=185346048
  [1] 90550 loss=4.8437 ppl=126.9 lr=1.69e-06 | 17563 tok/s (avg 16904) ETA n/a | GPU 1.3/2.3GB | gtok=185448448
  [1] 90600 loss=4.9640 ppl=143.2 lr=1.67e-06 | 17239 tok/s (avg 16904) ETA n/a | GPU 1.3/2.3GB | gtok=185550848
  [1] 90650 loss=5.1033 ppl=164.6 lr=1.65e-06 | 17368 tok/s (avg 16904) ETA n/a | GPU 1.3/2.3GB | gtok=185653248
  [1] 90700 loss=5.0288 ppl=152.7 lr=1.63e-06 | 17212 tok/s (avg 16905) ETA n/a | GPU 1.3/2.3GB | gtok=185755648
  [1] 90750 loss=4.9654 ppl=143.4 lr=1.61e-06 | 17248 tok/s (avg 16905) ETA n/a | GPU 1.3/2.3GB | gtok=185858048
  [1] 90800 loss=4.7608 ppl=116.8 lr=1.59e-06 | 17525 tok/s (avg 16905) ETA n/a | GPU 1.3/2.3GB | gtok=185960448
  [1] 90850 loss=4.9754 ppl=144.8 lr=1.57e-06 | 17227 tok/s (avg 16905) ETA n/a | GPU 1.3/2.3GB | gtok=186062848
  [1] 90900 loss=4.8778 ppl=131.3 lr=1.55e-06 | 17477 tok/s (avg 16906) ETA n/a | GPU 1.3/2.3GB | gtok=186165248
  [1] 90950 loss=4.6657 ppl=106.2 lr=1.53e-06 | 17253 tok/s (avg 16906) ETA n/a | GPU 1.3/2.3GB | gtok=186267648
  [1] 91000 loss=4.8183 ppl=123.8 lr=1.51e-06 | 17270 tok/s (avg 16906) ETA n/a | GPU 1.3/2.3GB | gtok=186370048
  [1] 91050 loss=4.7075 ppl=110.8 lr=1.49e-06 | 17529 tok/s (avg 16906) ETA n/a | GPU 1.3/2.3GB | gtok=186472448
  [1] 91100 loss=4.7408 ppl=114.5 lr=1.47e-06 | 17305 tok/s (avg 16907) ETA n/a | GPU 1.3/2.3GB | gtok=186574848
  [1] 91150 loss=5.1249 ppl=168.2 lr=1.45e-06 | 17471 tok/s (avg 16907) ETA n/a | GPU 1.3/2.3GB | gtok=186677248
  [1] 91200 loss=4.2310 ppl=68.8 lr=1.43e-06 | 17255 tok/s (avg 16907) ETA n/a | GPU 1.3/2.3GB | gtok=186779648
  [1] 91250 loss=4.8841 ppl=132.2 lr=1.41e-06 | 17492 tok/s (avg 16907) ETA n/a | GPU 1.3/2.3GB | gtok=186882048
  [1] 91300 loss=4.6149 ppl=101.0 lr=1.39e-06 | 17279 tok/s (avg 16908) ETA n/a | GPU 1.3/2.3GB | gtok=186984448
  [1] 91350 loss=5.1444 ppl=171.5 lr=1.37e-06 | 17302 tok/s (avg 16908) ETA n/a | GPU 1.3/2.3GB | gtok=187086848
  [1] 91400 loss=5.2908 ppl=198.5 lr=1.36e-06 | 17383 tok/s (avg 16908) ETA n/a | GPU 1.3/2.3GB | gtok=187189248
  [1] 91450 loss=4.9880 ppl=146.6 lr=1.34e-06 | 17379 tok/s (avg 16908) ETA n/a | GPU 1.3/2.3GB | gtok=187291648
  [1] 91500 loss=4.2504 ppl=70.1 lr=1.32e-06 | 17449 tok/s (avg 16909) ETA n/a | GPU 1.3/2.3GB | gtok=187394048
  [1] 91550 loss=4.5496 ppl=94.6 lr=1.30e-06 | 17223 tok/s (avg 16909) ETA n/a | GPU 1.3/2.3GB | gtok=187496448
  [1] 91600 loss=5.6677 ppl=289.4 lr=1.28e-06 | 17435 tok/s (avg 16909) ETA n/a | GPU 1.3/2.3GB | gtok=187598848
  [1] 91650 loss=4.8998 ppl=134.3 lr=1.26e-06 | 17243 tok/s (avg 16909) ETA n/a | GPU 1.3/2.3GB | gtok=187701248
  [1] 91700 loss=5.1230 ppl=167.8 lr=1.25e-06 | 17157 tok/s (avg 16909) ETA n/a | GPU 1.3/2.3GB | gtok=187803648
  [1] 91750 loss=4.8215 ppl=124.2 lr=1.23e-06 | 17448 tok/s (avg 16910) ETA n/a | GPU 1.3/2.3GB | gtok=187906048
  [1] 91800 loss=4.2570 ppl=70.6 lr=1.21e-06 | 17210 tok/s (avg 16910) ETA n/a | GPU 1.3/2.3GB | gtok=188008448
  [1] 91850 loss=4.5856 ppl=98.1 lr=1.19e-06 | 17464 tok/s (avg 16910) ETA n/a | GPU 1.3/2.3GB | gtok=188110848
  [1] 91900 loss=4.6260 ppl=102.1 lr=1.18e-06 | 17295 tok/s (avg 16910) ETA n/a | GPU 1.3/2.3GB | gtok=188213248
  [1] 91950 loss=4.7938 ppl=120.8 lr=1.16e-06 | 17393 tok/s (avg 16910) ETA n/a | GPU 1.3/2.3GB | gtok=188315648
  [1] 92000 loss=4.8109 ppl=122.8 lr=1.14e-06 | 17236 tok/s (avg 16911) ETA n/a | GPU 1.3/2.3GB | gtok=188418048
  [1] 92050 loss=4.7302 ppl=113.3 lr=1.12e-06 | 17173 tok/s (avg 16911) ETA n/a | GPU 1.3/2.3GB | gtok=188520448
  [1] 92100 loss=5.2789 ppl=196.1 lr=1.11e-06 | 17383 tok/s (avg 16911) ETA n/a | GPU 1.3/2.3GB | gtok=188622848
  [1] 92150 loss=5.0175 ppl=151.0 lr=1.09e-06 | 17303 tok/s (avg 16911) ETA n/a | GPU 1.3/2.3GB | gtok=188725248
  [1] 92200 loss=4.7584 ppl=116.6 lr=1.07e-06 | 17466 tok/s (avg 16912) ETA n/a | GPU 1.3/2.3GB | gtok=188827648
  [1] 92250 loss=4.5938 ppl=98.9 lr=1.06e-06 | 17234 tok/s (avg 16912) ETA n/a | GPU 1.3/2.3GB | gtok=188930048
  [1] 92300 loss=5.0612 ppl=157.8 lr=1.04e-06 | 17228 tok/s (avg 16912) ETA n/a | GPU 1.3/2.3GB | gtok=189032448
  [1] 92350 loss=4.8403 ppl=126.5 lr=1.02e-06 | 17465 tok/s (avg 16912) ETA n/a | GPU 1.3/2.3GB | gtok=189134848
  [1] 92400 loss=4.7905 ppl=120.4 lr=1.01e-06 | 17201 tok/s (avg 16912) ETA n/a | GPU 1.3/2.3GB | gtok=189237248
  [1] 92450 loss=5.1309 ppl=169.2 lr=9.93e-07 | 17432 tok/s (avg 16913) ETA n/a | GPU 1.3/2.3GB | gtok=189339648
  [1] 92500 loss=4.5654 ppl=96.1 lr=9.77e-07 | 17196 tok/s (avg 16913) ETA n/a | GPU 1.3/2.3GB | gtok=189442048
  [1] 92550 loss=4.8918 ppl=133.2 lr=9.61e-07 | 17461 tok/s (avg 16913) ETA n/a | GPU 1.3/2.3GB | gtok=189544448
  [1] 92600 loss=5.0534 ppl=156.6 lr=9.46e-07 | 17232 tok/s (avg 16913) ETA n/a | GPU 1.3/2.3GB | gtok=189646848
  [1] 92650 loss=5.1770 ppl=177.1 lr=9.30e-07 | 17013 tok/s (avg 16913) ETA n/a | GPU 1.3/2.3GB | gtok=189749248
  [1] 92700 loss=5.2446 ppl=189.5 lr=9.15e-07 | 17532 tok/s (avg 16914) ETA n/a | GPU 1.3/2.3GB | gtok=189851648
  [1] 92750 loss=4.9728 ppl=144.4 lr=8.99e-07 | 17172 tok/s (avg 16914) ETA n/a | GPU 1.3/2.3GB | gtok=189954048
  [1] 92800 loss=5.1344 ppl=169.8 lr=8.84e-07 | 17200 tok/s (avg 16914) ETA n/a | GPU 1.3/2.3GB | gtok=190056448
  [1] 92850 loss=4.7700 ppl=117.9 lr=8.69e-07 | 17167 tok/s (avg 16914) ETA n/a | GPU 1.3/2.3GB | gtok=190158848
  [1] 92900 loss=5.0913 ppl=162.6 lr=8.54e-07 | 17498 tok/s (avg 16914) ETA n/a | GPU 1.3/2.3GB | gtok=190261248
  [1] 92950 loss=4.3463 ppl=77.2 lr=8.40e-07 | 17209 tok/s (avg 16914) ETA n/a | GPU 1.3/2.3GB | gtok=190363648
  [1] 93000 loss=5.5002 ppl=244.7 lr=8.25e-07 | 17209 tok/s (avg 16915) ETA n/a | GPU 1.3/2.3GB | gtok=190466048
  [1] 93050 loss=4.3353 ppl=76.3 lr=8.11e-07 | 17325 tok/s (avg 16915) ETA n/a | GPU 1.3/2.3GB | gtok=190568448
  [1] 93100 loss=4.7694 ppl=117.8 lr=7.96e-07 | 17215 tok/s (avg 16915) ETA n/a | GPU 1.3/2.3GB | gtok=190670848
  [1] 93150 loss=4.8625 ppl=129.4 lr=7.82e-07 | 17229 tok/s (avg 16915) ETA n/a | GPU 1.3/2.3GB | gtok=190773248
  [1] 93200 loss=4.6940 ppl=109.3 lr=7.68e-07 | 16863 tok/s (avg 16915) ETA n/a | GPU 1.3/2.3GB | gtok=190875648
  [1] 93250 loss=5.0730 ppl=159.7 lr=7.54e-07 | 17119 tok/s (avg 16915) ETA n/a | GPU 1.3/2.3GB | gtok=190978048
  [1] 93300 loss=4.9809 ppl=145.6 lr=7.40e-07 | 17258 tok/s (avg 16915) ETA n/a | GPU 1.3/2.3GB | gtok=191080448
  [1] 93350 loss=5.1707 ppl=176.0 lr=7.26e-07 | 17088 tok/s (avg 16915) ETA n/a | GPU 1.3/2.3GB | gtok=191182848
  [1] 93400 loss=6.1043 ppl=447.8 lr=7.13e-07 | 17438 tok/s (avg 16916) ETA n/a | GPU 1.3/2.3GB | gtok=191285248
  [1] 93450 loss=5.0422 ppl=154.8 lr=6.99e-07 | 16903 tok/s (avg 16916) ETA n/a | GPU 1.3/2.3GB | gtok=191387648
  [1] 93500 loss=4.9567 ppl=142.1 lr=6.86e-07 | 17455 tok/s (avg 16916) ETA n/a | GPU 1.3/2.3GB | gtok=191490048
  [1] 93550 loss=5.2141 ppl=183.8 lr=6.73e-07 | 17133 tok/s (avg 16916) ETA n/a | GPU 1.3/2.3GB | gtok=191592448
  [1] 93600 loss=5.0724 ppl=159.5 lr=6.60e-07 | 17062 tok/s (avg 16916) ETA n/a | GPU 1.3/2.3GB | gtok=191694848
  [1] 93650 loss=4.7680 ppl=117.7 lr=6.47e-07 | 17234 tok/s (avg 16916) ETA n/a | GPU 1.3/2.3GB | gtok=191797248
  [1] 93700 loss=4.9988 ppl=148.2 lr=6.34e-07 | 17167 tok/s (avg 16917) ETA n/a | GPU 1.3/2.3GB | gtok=191899648
  [1] 93750 loss=4.8166 ppl=123.5 lr=6.21e-07 | 17349 tok/s (avg 16917) ETA n/a | GPU 1.3/2.3GB | gtok=192002048
  [1] 93800 loss=4.6837 ppl=108.2 lr=6.09e-07 | 16995 tok/s (avg 16917) ETA n/a | GPU 1.3/2.3GB | gtok=192104448
  [1] 93850 loss=4.4137 ppl=82.6 lr=5.96e-07 | 17454 tok/s (avg 16917) ETA n/a | GPU 1.3/2.3GB | gtok=192206848
  [1] 93900 loss=4.7790 ppl=119.0 lr=5.84e-07 | 17135 tok/s (avg 16917) ETA n/a | GPU 1.3/2.3GB | gtok=192309248
  [1] 93950 loss=4.6718 ppl=106.9 lr=5.72e-07 | 17096 tok/s (avg 16917) ETA n/a | GPU 1.3/2.3GB | gtok=192411648
  [1] 94000 loss=4.4097 ppl=82.2 lr=5.60e-07 | 17333 tok/s (avg 16917) ETA n/a | GPU 1.3/2.3GB | gtok=192514048
  [1] 94050 loss=5.0466 ppl=155.5 lr=5.48e-07 | 17072 tok/s (avg 16918) ETA n/a | GPU 1.3/2.3GB | gtok=192616448
  [1] 94100 loss=4.7358 ppl=114.0 lr=5.36e-07 | 17420 tok/s (avg 16918) ETA n/a | GPU 1.3/2.3GB | gtok=192718848
  [1] 94150 loss=4.6163 ppl=101.1 lr=5.24e-07 | 17128 tok/s (avg 16918) ETA n/a | GPU 1.3/2.3GB | gtok=192821248
  [1] 94200 loss=4.9971 ppl=148.0 lr=5.13e-07 | 17153 tok/s (avg 16918) ETA n/a | GPU 1.3/2.3GB | gtok=192923648
  [1] 94250 loss=5.1414 ppl=171.0 lr=5.01e-07 | 17362 tok/s (avg 16918) ETA n/a | GPU 1.3/2.3GB | gtok=193026048
  [1] 94300 loss=4.8802 ppl=131.7 lr=4.90e-07 | 16982 tok/s (avg 16918) ETA n/a | GPU 1.3/2.3GB | gtok=193128448
  [1] 94350 loss=4.8991 ppl=134.2 lr=4.79e-07 | 17258 tok/s (avg 16919) ETA n/a | GPU 1.3/2.3GB | gtok=193230848
  [1] 94400 loss=4.7055 ppl=110.5 lr=4.68e-07 | 17221 tok/s (avg 16919) ETA n/a | GPU 1.3/2.3GB | gtok=193333248
  [1] 94450 loss=4.4867 ppl=88.8 lr=4.57e-07 | 17472 tok/s (avg 16919) ETA n/a | GPU 1.3/2.3GB | gtok=193435648
  [1] 94500 loss=4.9401 ppl=139.8 lr=4.46e-07 | 17212 tok/s (avg 16919) ETA n/a | GPU 1.3/2.3GB | gtok=193538048
  [1] 94550 loss=4.7572 ppl=116.4 lr=4.35e-07 | 17256 tok/s (avg 16919) ETA n/a | GPU 1.3/2.3GB | gtok=193640448
  [1] 94600 loss=4.7248 ppl=112.7 lr=4.25e-07 | 17518 tok/s (avg 16920) ETA n/a | GPU 1.3/2.3GB | gtok=193742848
  [1] 94650 loss=4.7204 ppl=112.2 lr=4.14e-07 | 17188 tok/s (avg 16920) ETA n/a | GPU 1.3/2.3GB | gtok=193845248
  [1] 94700 loss=4.6655 ppl=106.2 lr=4.04e-07 | 17194 tok/s (avg 16920) ETA n/a | GPU 1.3/2.3GB | gtok=193947648
  [1] 94750 loss=5.1434 ppl=171.3 lr=3.94e-07 | 17424 tok/s (avg 16920) ETA n/a | GPU 1.3/2.3GB | gtok=194050048
  [1] 94800 loss=5.0290 ppl=152.8 lr=3.84e-07 | 17412 tok/s (avg 16920) ETA n/a | GPU 1.3/2.3GB | gtok=194152448
  [1] 94850 loss=4.3809 ppl=79.9 lr=3.74e-07 | 17294 tok/s (avg 16921) ETA n/a | GPU 1.3/2.3GB | gtok=194254848
  [1] 94900 loss=5.1935 ppl=180.1 lr=3.64e-07 | 17294 tok/s (avg 16921) ETA n/a | GPU 1.3/2.3GB | gtok=194357248
  [1] 94950 loss=5.9606 ppl=387.9 lr=3.55e-07 | 17453 tok/s (avg 16921) ETA n/a | GPU 1.3/2.3GB | gtok=194459648
Saved checkpoint: checkpoints_v12_curriculum/base/latest.pt
  [checkpoint @ step 95000, 194,560,000 tok]
  [1] 95000 loss=4.8868 ppl=132.5 lr=3.45e-07 | 15533 tok/s (avg 16920) ETA n/a | GPU 1.3/2.3GB | gtok=194562048
  [mid-epoch sample @ batch 95000, 194,562,048 tok]
  Prompt: In 1923 , the University of
  Generated: In 1923 , the University of England was divided into two separate groups: the first, the second and the third and the second, the second and third groups of four. The second group is the third group. The second group has the second group, and the third group has one group.
The third group was the third group group. It was also the second group who had been given the second group group. The third group has been the third group group (H2O) since that group has its own group in the
  [1] 95050 loss=5.2951 ppl=199.4 lr=3.36e-07 | 14174 tok/s (avg 16919) ETA n/a | GPU 1.3/2.3GB | gtok=194664448
  [1] 95100 loss=5.3771 ppl=216.4 lr=3.27e-07 | 17213 tok/s (avg 16919) ETA n/a | GPU 1.3/2.3GB | gtok=194766848
  [1] 95150 loss=4.9368 ppl=139.3 lr=3.18e-07 | 17252 tok/s (avg 16919) ETA n/a | GPU 1.3/2.3GB | gtok=194869248
  [1] 95200 loss=5.1122 ppl=166.0 lr=3.09e-07 | 17377 tok/s (avg 16919) ETA n/a | GPU 1.3/2.3GB | gtok=194971648
  [1] 95250 loss=4.8935 ppl=133.4 lr=3.00e-07 | 17212 tok/s (avg 16919) ETA n/a | GPU 1.3/2.3GB | gtok=195074048
  [1] 95300 loss=4.6367 ppl=103.2 lr=2.91e-07 | 17339 tok/s (avg 16919) ETA n/a | GPU 1.3/2.3GB | gtok=195176448
  [1] 95350 loss=4.8794 ppl=131.5 lr=2.82e-07 | 17192 tok/s (avg 16920) ETA n/a | GPU 1.3/2.3GB | gtok=195278848
  [1] 95400 loss=4.9235 ppl=137.5 lr=2.74e-07 | 17391 tok/s (avg 16920) ETA n/a | GPU 1.3/2.3GB | gtok=195381248
  [1] 95450 loss=5.3456 ppl=209.7 lr=2.66e-07 | 17243 tok/s (avg 16920) ETA n/a | GPU 1.3/2.3GB | gtok=195483648
  [1] 95500 loss=5.1045 ppl=164.8 lr=2.57e-07 | 17242 tok/s (avg 16920) ETA n/a | GPU 1.3/2.3GB | gtok=195586048
  [1] 95550 loss=5.4352 ppl=229.3 lr=2.49e-07 | 17384 tok/s (avg 16920) ETA n/a | GPU 1.3/2.3GB | gtok=195688448
  [1] 95600 loss=4.9443 ppl=140.4 lr=2.41e-07 | 17178 tok/s (avg 16921) ETA n/a | GPU 1.3/2.3GB | gtok=195790848
  [1] 95650 loss=5.5318 ppl=252.6 lr=2.33e-07 | 17269 tok/s (avg 16921) ETA n/a | GPU 1.3/2.3GB | gtok=195893248
  [1] 95700 loss=5.3057 ppl=201.5 lr=2.26e-07 | 17023 tok/s (avg 16921) ETA n/a | GPU 1.3/2.3GB | gtok=195995648
  [1] 95750 loss=4.5791 ppl=97.4 lr=2.18e-07 | 17440 tok/s (avg 16921) ETA n/a | GPU 1.3/2.3GB | gtok=196098048
  [1] 95800 loss=4.9252 ppl=137.7 lr=2.11e-07 | 17138 tok/s (avg 16921) ETA n/a | GPU 1.3/2.3GB | gtok=196200448
  [1] 95850 loss=4.8717 ppl=130.5 lr=2.03e-07 | 17174 tok/s (avg 16921) ETA n/a | GPU 1.3/2.3GB | gtok=196302848
  [1] 95900 loss=4.3323 ppl=76.1 lr=1.96e-07 | 17440 tok/s (avg 16922) ETA n/a | GPU 1.3/2.3GB | gtok=196405248
  [1] 95950 loss=4.7422 ppl=114.7 lr=1.89e-07 | 17131 tok/s (avg 16922) ETA n/a | GPU 1.3/2.3GB | gtok=196507648
  [1] 96000 loss=5.1962 ppl=180.6 lr=1.82e-07 | 17406 tok/s (avg 16922) ETA n/a | GPU 1.3/2.3GB | gtok=196610048
  [1] 96050 loss=4.7271 ppl=113.0 lr=1.75e-07 | 17150 tok/s (avg 16922) ETA n/a | GPU 1.3/2.3GB | gtok=196712448
  [1] 96100 loss=4.8948 ppl=133.6 lr=1.69e-07 | 17407 tok/s (avg 16922) ETA n/a | GPU 1.3/2.3GB | gtok=196814848
  [1] 96150 loss=5.0020 ppl=148.7 lr=1.62e-07 | 17162 tok/s (avg 16922) ETA n/a | GPU 1.3/2.3GB | gtok=196917248
  [1] 96200 loss=4.9308 ppl=138.5 lr=1.56e-07 | 17269 tok/s (avg 16923) ETA n/a | GPU 1.3/2.3GB | gtok=197019648
  [1] 96250 loss=4.6285 ppl=102.4 lr=1.50e-07 | 17398 tok/s (avg 16923) ETA n/a | GPU 1.3/2.3GB | gtok=197122048
  [1] 96300 loss=5.0749 ppl=160.0 lr=1.43e-07 | 17233 tok/s (avg 16923) ETA n/a | GPU 1.3/2.3GB | gtok=197224448
  [1] 96350 loss=4.8321 ppl=125.5 lr=1.37e-07 | 17462 tok/s (avg 16923) ETA n/a | GPU 1.3/2.3GB | gtok=197326848
  [1] 96400 loss=4.8555 ppl=128.4 lr=1.32e-07 | 17309 tok/s (avg 16923) ETA n/a | GPU 1.3/2.3GB | gtok=197429248
  [1] 96450 loss=4.2850 ppl=72.6 lr=1.26e-07 | 17394 tok/s (avg 16924) ETA n/a | GPU 1.3/2.3GB | gtok=197531648
  [1] 96500 loss=4.6985 ppl=109.8 lr=1.20e-07 | 17297 tok/s (avg 16924) ETA n/a | GPU 1.3/2.3GB | gtok=197634048
  [1] 96550 loss=4.7473 ppl=115.3 lr=1.15e-07 | 17190 tok/s (avg 16924) ETA n/a | GPU 1.3/2.3GB | gtok=197736448
  [1] 96600 loss=4.6803 ppl=107.8 lr=1.09e-07 | 17447 tok/s (avg 16924) ETA n/a | GPU 1.3/2.3GB | gtok=197838848
  [1] 96650 loss=4.9374 ppl=139.4 lr=1.04e-07 | 17123 tok/s (avg 16924) ETA n/a | GPU 1.3/2.3GB | gtok=197941248
  [1] 96700 loss=4.9698 ppl=144.0 lr=9.89e-08 | 17408 tok/s (avg 16925) ETA n/a | GPU 1.3/2.3GB | gtok=198043648
  [1] 96750 loss=4.7325 ppl=113.6 lr=9.39e-08 | 17256 tok/s (avg 16925) ETA n/a | GPU 1.3/2.3GB | gtok=198146048
  [1] 96800 loss=4.3034 ppl=74.0 lr=8.90e-08 | 17264 tok/s (avg 16925) ETA n/a | GPU 1.3/2.3GB | gtok=198248448
  [1] 96850 loss=4.6067 ppl=100.2 lr=8.43e-08 | 17463 tok/s (avg 16925) ETA n/a | GPU 1.3/2.3GB | gtok=198350848
  [1] 96900 loss=4.6979 ppl=109.7 lr=7.97e-08 | 17198 tok/s (avg 16925) ETA n/a | GPU 1.3/2.3GB | gtok=198453248
  [1] 96950 loss=4.7819 ppl=119.3 lr=7.52e-08 | 17258 tok/s (avg 16925) ETA n/a | GPU 1.3/2.3GB | gtok=198555648
  [1] 97000 loss=5.6558 ppl=286.0 lr=7.08e-08 | 17225 tok/s (avg 16926) ETA n/a | GPU 1.3/2.3GB | gtok=198658048
  [1] 97050 loss=5.0190 ppl=151.3 lr=6.66e-08 | 17393 tok/s (avg 16926) ETA n/a | GPU 1.3/2.3GB | gtok=198760448
  [1] 97100 loss=4.6117 ppl=100.7 lr=6.25e-08 | 16890 tok/s (avg 16926) ETA n/a | GPU 1.3/2.3GB | gtok=198862848
  [1] 97150 loss=4.9929 ppl=147.4 lr=5.86e-08 | 17157 tok/s (avg 16926) ETA n/a | GPU 1.3/2.3GB | gtok=198965248
  [1] 97200 loss=5.1395 ppl=170.6 lr=5.48e-08 | 17428 tok/s (avg 16926) ETA n/a | GPU 1.3/2.3GB | gtok=199067648
  [1] 97250 loss=5.0965 ppl=163.4 lr=5.11e-08 | 17208 tok/s (avg 16926) ETA n/a | GPU 1.3/2.3GB | gtok=199170048
  [1] 97300 loss=5.3889 ppl=219.0 lr=4.75e-08 | 17292 tok/s (avg 16927) ETA n/a | GPU 1.3/2.3GB | gtok=199272448
  [1] 97350 loss=5.1027 ppl=164.5 lr=4.41e-08 | 17162 tok/s (avg 16927) ETA n/a | GPU 1.3/2.3GB | gtok=199374848
  [1] 97400 loss=4.4515 ppl=85.8 lr=4.07e-08 | 17235 tok/s (avg 16927) ETA n/a | GPU 1.3/2.3GB | gtok=199477248
  [1] 97450 loss=4.9068 ppl=135.2 lr=3.76e-08 | 17394 tok/s (avg 16927) ETA n/a | GPU 1.3/2.3GB | gtok=199579648
  [1] 97500 loss=5.2760 ppl=195.6 lr=3.45e-08 | 17296 tok/s (avg 16927) ETA n/a | GPU 1.3/2.3GB | gtok=199682048
  [1] 97550 loss=4.9882 ppl=146.7 lr=3.16e-08 | 17376 tok/s (avg 16927) ETA n/a | GPU 1.3/2.3GB | gtok=199784448
  [1] 97600 loss=5.0271 ppl=152.5 lr=2.88e-08 | 17164 tok/s (avg 16928) ETA n/a | GPU 1.3/2.3GB | gtok=199886848
  [1] 97650 loss=4.9667 ppl=143.5 lr=2.61e-08 | 17402 tok/s (avg 16928) ETA n/a | GPU 1.3/2.3GB | gtok=199989248
  Token budget reached: 200,000,512 / 200,000,000
Epoch 1/9999 | Train Loss: 5.1278 PPL: 168.65 | 16927 tok/s | Time: 11815.2s (200,000,512 tok) | Val Loss: 4.8040 PPL: 122.00 Acc: 0.289 | Wiki PPL: 387.95 *best*
Saved checkpoint: checkpoints_v12_curriculum/base/best_model.pt

Stopping: token budget 200,000,000 reached.
Saved checkpoint: checkpoints_v12_curriculum/base/final_model.pt

Training complete (token budget)!
Total wall time: 11823.5s (3.28h)
Best Val Loss: 4.8040, Best Val PPL: 122.00

Wall clock end: 2026-07-17 22:22:38
terminate called without an active exception
v12/scripts/train_curriculum.sh: line 67: 773460 Aborted                 (core dumped) "$@"
