[Discord] Webhook configured -- notifications enabled
Wall clock start: 2026-08-23 13:26:08
============================================================
  V11: PAM with new memory dynamics
  Preset: v13_e3_k3_selective | Stage: lm | Dataset: pretrain_mix
============================================================

Config: {'vocab_size': 50261, 'dim': 384, 'n_heads': 6, 'head_dim': 64, 'n_layers': 16, 'expand': 3, 'dropout': 0.1, 'max_seq_len': 2048, 'use_learned_pos': False, 'use_rope': True, 'use_gsp': True, 'fused_qkv': True, 'qk_norm': False, 'tie_weights': True, 'gradient_checkpointing': True, 'activation': 'swish', 'chunk_size': 256, 'decay_mode': 'head', 'write_mode': 'delta', 'delta_erase_gate': True, 'n_states': 3, 'delta_chunk': 128, 'state_dt_spread': 2.0, 'base_dt_bias': -4.0, 'gate_content_aware': True, 'protect_gate_bias': -3.0, 'routing_content_aware': False, 'state_compete': False, 'phase_init': 'zero', 'route_balance_lambda': 0.0, 'aux_loss_weight': 1.0, 'fused_e3': True, 'delta_key_norm': True, 'delta_erase_beta_cap': 0.95, 'recompute_pam_chunks': False, 'delta_decay_factored': False, 'delta_decay_factor_min_a': 1e-06, 'gamma_floor': 0.0, 'gate_surprisal_lambda': 0.1, 'gate_surprisal_tau': 1.0, 'gate_surprisal_sign': 1.0, 'vault_state': True, 'vault_state_idx': 0, 'write_phase_address': True}
Memory dynamics: decay_mode=head, write_mode=delta, n_states=3, chunk_size=256
Batch size: 8, Epochs: 10, LR: 0.0003
Token budget: 500,000,000

Loading pretrain_mix (seq_len=2048)...
Streaming pretrain blend: sources=['dclm', 'fineweb', 'smoltalk2_mid'] weights=[48.0, 48.0, 4.0] edu>=3 budget=500000000 vocab=50261 holdout_pct=5 exclude_holdout=True mix_seed=42 warmup=1,000,000,000 skips={'dclm': 0, 'fineweb': 0, 'smoltalk2_mid': 0}
[cache] Pretrain holdout val from .cache/v7_tokens/pretrain_holdout_v1_v50261_t500000_e3_p5.pt (500,000 tokens)
[cache] Loaded WikiText-103 validation from .cache/v7_tokens/wikitext103_validation_v2_full_sl2048.pt (248,461 tokens)
Val chunks: 121
Val: in-distro holdout (31 batches), WikiText secondary (16 batches)
Train batches: streaming, Val batches: 31

Model parameters: {'embedding (tied)': 38600448, 'blocks': 61724512, 'norms': 768, 'lm_head': 296064, 'total': 100621792}
Total: 100,621,792 (100.6M)
Param groups: 260 tensors (100,569,856) with wd, 229 tensors (51,936) without
fused_ce enabled (chunked linear+CE; logits never materialized)

Training on cuda
Parameters: {'embedding (tied)': 38600448, 'blocks': 61724512, 'norms': 768, 'lm_head': 296064, 'total': 100621792}
Total: 100,621,792 (100.6M)
Epochs: 1..9999, Batches/epoch: stream
Periodic checkpoint: every 5000 steps -> latest.pt


============================================================
Epoch 1/9999
============================================================
Token indices sequence length is longer than the specified maximum sequence length for this model (1053 > 1024). Running this sequence through the model will result in indexing errors
  [block-grad step1] L0=2.495e-03 L1=2.403e-03 L2=2.368e-03 L3=2.360e-03 L4=3.148e-03 L5=5.810e-03 L6=2.310e-03 L7=2.444e-03 L8=2.490e-03 L9=2.394e-03 L10=2.811e-03 L11=2.664e-03 L12=2.327e-03 L13=2.844e-03 L14=2.490e-03 L15=2.715e-03  all-nonzero
  [1] 0 loss=10.9055 ppl=54475.4 lr=6.00e-07 | 84 tok/s (avg 84) ETA n/a | GPU 2.1/7.3GB | gtok=16384
  [1] 25 loss=10.7524 ppl=46741.3 lr=1.56e-05 | 4962 tok/s (avg 1533) ETA n/a | GPU 2.1/8.1GB | gtok=425984
  [1] 50 loss=10.3584 ppl=31519.4 lr=3.06e-05 | 4937 tok/s (avg 2316) ETA n/a | GPU 2.1/8.1GB | gtok=835584
  [1] 75 loss=9.7468 ppl=17099.2 lr=4.56e-05 | 4918 tok/s (avg 2804) ETA n/a | GPU 2.1/8.1GB | gtok=1245184
  [1] 100 loss=8.9389 ppl=7622.9 lr=6.06e-05 | 4889 tok/s (avg 3135) ETA n/a | GPU 2.1/8.1GB | gtok=1654784
  [1] 125 loss=8.1989 ppl=3636.9 lr=7.56e-05 | 4880 tok/s (avg 3374) ETA n/a | GPU 2.1/8.1GB | gtok=2064384
  [1] 150 loss=7.7322 ppl=2280.6 lr=9.06e-05 | 4889 tok/s (avg 3556) ETA n/a | GPU 2.1/8.1GB | gtok=2473984
  [1] 175 loss=7.2662 ppl=1431.2 lr=1.06e-04 | 4899 tok/s (avg 3701) ETA n/a | GPU 2.1/8.1GB | gtok=2883584
  [1] 200 loss=6.9982 ppl=1094.7 lr=1.21e-04 | 4899 tok/s (avg 3817) ETA n/a | GPU 2.1/8.1GB | gtok=3293184
  [1] 225 loss=6.8158 ppl=912.2 lr=1.36e-04 | 4896 tok/s (avg 3912) ETA n/a | GPU 2.1/8.1GB | gtok=3702784
  [1] 250 loss=6.8728 ppl=965.6 lr=1.51e-04 | 4896 tok/s (avg 3992) ETA n/a | GPU 2.1/8.1GB | gtok=4112384
  [1] 275 loss=6.8949 ppl=987.2 lr=1.66e-04 | 4896 tok/s (avg 4060) ETA n/a | GPU 2.1/8.1GB | gtok=4521984
  [1] 300 loss=6.7278 ppl=835.3 lr=1.81e-04 | 4887 tok/s (avg 4118) ETA n/a | GPU 2.1/8.1GB | gtok=4931584
  [1] 325 loss=6.8909 ppl=983.3 lr=1.96e-04 | 4875 tok/s (avg 4167) ETA n/a | GPU 2.1/8.1GB | gtok=5341184
  [1] 350 loss=6.5776 ppl=718.8 lr=2.11e-04 | 4876 tok/s (avg 4211) ETA n/a | GPU 2.1/8.1GB | gtok=5750784
  [1] 375 loss=6.4854 ppl=655.5 lr=2.26e-04 | 4868 tok/s (avg 4249) ETA n/a | GPU 2.1/8.1GB | gtok=6160384
  [1] 400 loss=6.4054 ppl=605.1 lr=2.41e-04 | 4872 tok/s (avg 4283) ETA n/a | GPU 2.1/8.1GB | gtok=6569984
  [1] 425 loss=6.2838 ppl=535.8 lr=2.56e-04 | 4876 tok/s (avg 4314) ETA n/a | GPU 2.1/8.1GB | gtok=6979584
  [1] 450 loss=6.1684 ppl=477.4 lr=2.71e-04 | 4872 tok/s (avg 4342) ETA n/a | GPU 2.1/8.1GB | gtok=7389184
  [1] 475 loss=6.3070 ppl=548.4 lr=2.86e-04 | 4873 tok/s (avg 4367) ETA n/a | GPU 2.1/8.1GB | gtok=7798784
  [1] 500 loss=6.0407 ppl=420.2 lr=3.00e-04 | 4883 tok/s (avg 4390) ETA n/a | GPU 2.1/8.1GB | gtok=8208384
  [1] 525 loss=6.2330 ppl=509.3 lr=3.00e-04 | 4878 tok/s (avg 4411) ETA n/a | GPU 2.1/8.1GB | gtok=8617984
  [1] 550 loss=6.1888 ppl=487.3 lr=3.00e-04 | 4866 tok/s (avg 4430) ETA n/a | GPU 2.1/8.1GB | gtok=9027584
  [1] 575 loss=6.2140 ppl=499.7 lr=3.00e-04 | 4867 tok/s (avg 4447) ETA n/a | GPU 2.1/8.1GB | gtok=9437184
  [1] 600 loss=5.8957 ppl=363.5 lr=3.00e-04 | 4871 tok/s (avg 4463) ETA n/a | GPU 2.1/8.1GB | gtok=9846784
  [1] 625 loss=5.9627 ppl=388.6 lr=3.00e-04 | 4865 tok/s (avg 4478) ETA n/a | GPU 2.1/8.1GB | gtok=10256384
  [1] 650 loss=5.9185 ppl=371.9 lr=3.00e-04 | 4864 tok/s (avg 4492) ETA n/a | GPU 2.1/8.1GB | gtok=10665984
  [1] 675 loss=5.8764 ppl=356.5 lr=3.00e-04 | 4860 tok/s (avg 4504) ETA n/a | GPU 2.1/8.1GB | gtok=11075584
  [1] 700 loss=5.8345 ppl=341.9 lr=3.00e-04 | 4846 tok/s (avg 4516) ETA n/a | GPU 2.1/8.1GB | gtok=11485184
  [1] 725 loss=5.9778 ppl=394.6 lr=3.00e-04 | 4848 tok/s (avg 4526) ETA n/a | GPU 2.1/8.1GB | gtok=11894784
  [1] 750 loss=5.7087 ppl=301.5 lr=3.00e-04 | 4875 tok/s (avg 4537) ETA n/a | GPU 2.1/8.1GB | gtok=12304384
  [1] 775 loss=5.7547 ppl=315.7 lr=3.00e-04 | 4860 tok/s (avg 4547) ETA n/a | GPU 2.1/8.1GB | gtok=12713984
  [1] 800 loss=5.8821 ppl=358.6 lr=3.00e-04 | 4859 tok/s (avg 4556) ETA n/a | GPU 2.1/8.1GB | gtok=13123584
  [1] 825 loss=5.6803 ppl=293.0 lr=3.00e-04 | 4859 tok/s (avg 4565) ETA n/a | GPU 2.1/8.1GB | gtok=13533184
  [1] 850 loss=5.5212 ppl=249.9 lr=3.00e-04 | 4878 tok/s (avg 4573) ETA n/a | GPU 2.1/8.1GB | gtok=13942784
  [1] 875 loss=5.6447 ppl=282.8 lr=3.00e-04 | 4857 tok/s (avg 4581) ETA n/a | GPU 2.1/8.1GB | gtok=14352384
  [1] 900 loss=5.6861 ppl=294.7 lr=3.00e-04 | 4864 tok/s (avg 4588) ETA n/a | GPU 2.1/8.1GB | gtok=14761984
  [1] 925 loss=5.5392 ppl=254.5 lr=3.00e-04 | 4861 tok/s (avg 4595) ETA n/a | GPU 2.1/8.1GB | gtok=15171584
  [1] 950 loss=5.3130 ppl=203.0 lr=3.00e-04 | 4870 tok/s (avg 4602) ETA n/a | GPU 2.1/8.1GB | gtok=15581184
  [1] 975 loss=5.6290 ppl=278.4 lr=3.00e-04 | 4848 tok/s (avg 4608) ETA n/a | GPU 2.1/8.1GB | gtok=15990784
  [1] 1000 loss=5.5228 ppl=250.3 lr=3.00e-04 | 4828 tok/s (avg 4613) ETA n/a | GPU 2.1/8.1GB | gtok=16400384
  [1] 1025 loss=5.4789 ppl=239.6 lr=3.00e-04 | 4841 tok/s (avg 4619) ETA n/a | GPU 2.1/8.1GB | gtok=16809984
  [1] 1050 loss=5.4144 ppl=224.6 lr=3.00e-04 | 4848 tok/s (avg 4624) ETA n/a | GPU 2.1/8.1GB | gtok=17219584
  [1] 1075 loss=5.4104 ppl=223.7 lr=3.00e-04 | 4857 tok/s (avg 4629) ETA n/a | GPU 2.1/8.1GB | gtok=17629184
  [1] 1100 loss=5.5042 ppl=245.7 lr=3.00e-04 | 4864 tok/s (avg 4634) ETA n/a | GPU 2.1/8.1GB | gtok=18038784
  [1] 1125 loss=5.3611 ppl=213.0 lr=3.00e-04 | 4855 tok/s (avg 4639) ETA n/a | GPU 2.1/8.1GB | gtok=18448384
  [1] 1150 loss=5.4348 ppl=229.2 lr=3.00e-04 | 4850 tok/s (avg 4643) ETA n/a | GPU 2.1/8.1GB | gtok=18857984
  [1] 1175 loss=5.4455 ppl=231.7 lr=3.00e-04 | 4852 tok/s (avg 4647) ETA n/a | GPU 2.1/8.1GB | gtok=19267584
  [1] 1200 loss=5.6925 ppl=296.6 lr=3.00e-04 | 4863 tok/s (avg 4652) ETA n/a | GPU 2.1/8.1GB | gtok=19677184
  [1] 1225 loss=5.4556 ppl=234.1 lr=3.00e-04 | 4863 tok/s (avg 4656) ETA n/a | GPU 2.1/8.1GB | gtok=20086784
  [1] 1250 loss=5.3141 ppl=203.2 lr=3.00e-04 | 4880 tok/s (avg 4660) ETA n/a | GPU 2.1/8.1GB | gtok=20496384
  [1] 1275 loss=5.3166 ppl=203.7 lr=3.00e-04 | 4855 tok/s (avg 4664) ETA n/a | GPU 2.1/8.1GB | gtok=20905984
  [1] 1300 loss=5.2520 ppl=190.9 lr=2.99e-04 | 4867 tok/s (avg 4667) ETA n/a | GPU 2.1/8.1GB | gtok=21315584
  [1] 1325 loss=5.2205 ppl=185.0 lr=2.99e-04 | 4861 tok/s (avg 4671) ETA n/a | GPU 2.1/8.1GB | gtok=21725184
  [1] 1350 loss=5.2050 ppl=182.2 lr=2.99e-04 | 4853 tok/s (avg 4674) ETA n/a | GPU 2.1/8.1GB | gtok=22134784
  [1] 1375 loss=5.3979 ppl=221.0 lr=2.99e-04 | 4853 tok/s (avg 4677) ETA n/a | GPU 2.1/8.1GB | gtok=22544384
  [1] 1400 loss=5.2144 ppl=183.9 lr=2.99e-04 | 4851 tok/s (avg 4680) ETA n/a | GPU 2.1/8.1GB | gtok=22953984
  [1] 1425 loss=5.1482 ppl=172.1 lr=2.99e-04 | 4833 tok/s (avg 4683) ETA n/a | GPU 2.1/8.1GB | gtok=23363584
  [1] 1450 loss=5.2219 ppl=185.3 lr=2.99e-04 | 4836 tok/s (avg 4685) ETA n/a | GPU 2.1/8.1GB | gtok=23773184
  [1] 1475 loss=5.3145 ppl=203.3 lr=2.99e-04 | 4846 tok/s (avg 4688) ETA n/a | GPU 2.1/8.1GB | gtok=24182784
  [1] 1500 loss=5.3718 ppl=215.3 lr=2.99e-04 | 4843 tok/s (avg 4691) ETA n/a | GPU 2.1/8.1GB | gtok=24592384
  [1] 1525 loss=5.1909 ppl=179.6 lr=2.99e-04 | 4860 tok/s (avg 4693) ETA n/a | GPU 2.1/8.1GB | gtok=25001984
  [1] 1550 loss=5.0665 ppl=158.6 lr=2.99e-04 | 4865 tok/s (avg 4696) ETA n/a | GPU 2.1/8.1GB | gtok=25411584
  [1] 1575 loss=5.1554 ppl=173.4 lr=2.99e-04 | 4867 tok/s (avg 4699) ETA n/a | GPU 2.1/8.1GB | gtok=25821184
  [1] 1600 loss=5.1496 ppl=172.4 lr=2.99e-04 | 4863 tok/s (avg 4701) ETA n/a | GPU 2.1/8.1GB | gtok=26230784
  [1] 1625 loss=5.1136 ppl=166.3 lr=2.99e-04 | 4873 tok/s (avg 4704) ETA n/a | GPU 2.1/8.1GB | gtok=26640384
  [1] 1650 loss=5.1361 ppl=170.1 lr=2.99e-04 | 4865 tok/s (avg 4706) ETA n/a | GPU 2.1/8.1GB | gtok=27049984
  [1] 1675 loss=5.2532 ppl=191.2 lr=2.99e-04 | 4849 tok/s (avg 4708) ETA n/a | GPU 2.1/8.1GB | gtok=27459584
  [1] 1700 loss=5.2885 ppl=198.0 lr=2.99e-04 | 4847 tok/s (avg 4710) ETA n/a | GPU 2.1/8.1GB | gtok=27869184
  [1] 1725 loss=5.0367 ppl=154.0 lr=2.99e-04 | 4841 tok/s (avg 4712) ETA n/a | GPU 2.1/8.1GB | gtok=28278784
  [1] 1750 loss=5.0348 ppl=153.7 lr=2.99e-04 | 4845 tok/s (avg 4714) ETA n/a | GPU 2.1/8.1GB | gtok=28688384
  [1] 1775 loss=4.9754 ppl=144.8 lr=2.99e-04 | 4858 tok/s (avg 4716) ETA n/a | GPU 2.1/8.1GB | gtok=29097984
  [1] 1800 loss=4.9015 ppl=134.5 lr=2.99e-04 | 4847 tok/s (avg 4717) ETA n/a | GPU 2.1/8.1GB | gtok=29507584
  [1] 1825 loss=5.0698 ppl=159.1 lr=2.99e-04 | 4855 tok/s (avg 4719) ETA n/a | GPU 2.1/8.1GB | gtok=29917184
  [1] 1850 loss=4.9082 ppl=135.4 lr=2.99e-04 | 4831 tok/s (avg 4721) ETA n/a | GPU 2.1/8.1GB | gtok=30326784
  [1] 1875 loss=5.0888 ppl=162.2 lr=2.98e-04 | 4842 tok/s (avg 4722) ETA n/a | GPU 2.1/8.1GB | gtok=30736384
  [1] 1900 loss=4.8903 ppl=133.0 lr=2.98e-04 | 4857 tok/s (avg 4724) ETA n/a | GPU 2.1/8.1GB | gtok=31145984
  [1] 1925 loss=5.2615 ppl=192.8 lr=2.98e-04 | 4850 tok/s (avg 4726) ETA n/a | GPU 2.1/8.1GB | gtok=31555584
  [1] 1950 loss=4.9272 ppl=138.0 lr=2.98e-04 | 4844 tok/s (avg 4727) ETA n/a | GPU 2.1/8.1GB | gtok=31965184
  [1] 1975 loss=4.9498 ppl=141.1 lr=2.98e-04 | 4844 tok/s (avg 4729) ETA n/a | GPU 2.1/8.1GB | gtok=32374784
  [1] 2000 loss=4.9323 ppl=138.7 lr=2.98e-04 | 4857 tok/s (avg 4730) ETA n/a | GPU 2.1/8.1GB | gtok=32784384
  [1] 2025 loss=4.9071 ppl=135.2 lr=2.98e-04 | 4840 tok/s (avg 4731) ETA n/a | GPU 2.1/8.1GB | gtok=33193984
  [1] 2050 loss=4.8636 ppl=129.5 lr=2.98e-04 | 4864 tok/s (avg 4733) ETA n/a | GPU 2.1/8.1GB | gtok=33603584
  [1] 2075 loss=4.7990 ppl=121.4 lr=2.98e-04 | 4849 tok/s (avg 4734) ETA n/a | GPU 2.1/8.1GB | gtok=34013184
  [1] 2100 loss=5.1263 ppl=168.4 lr=2.98e-04 | 4851 tok/s (avg 4736) ETA n/a | GPU 2.1/8.1GB | gtok=34422784
  [1] 2125 loss=5.1002 ppl=164.0 lr=2.98e-04 | 4843 tok/s (avg 4737) ETA n/a | GPU 2.1/8.1GB | gtok=34832384
  [1] 2150 loss=4.8502 ppl=127.8 lr=2.98e-04 | 4857 tok/s (avg 4738) ETA n/a | GPU 2.1/8.1GB | gtok=35241984
  [1] 2175 loss=4.8515 ppl=127.9 lr=2.98e-04 | 4862 tok/s (avg 4740) ETA n/a | GPU 2.1/8.1GB | gtok=35651584
  [1] 2200 loss=4.9074 ppl=135.3 lr=2.98e-04 | 4865 tok/s (avg 4741) ETA n/a | GPU 2.1/8.1GB | gtok=36061184
  [1] 2225 loss=5.1197 ppl=167.3 lr=2.98e-04 | 4856 tok/s (avg 4742) ETA n/a | GPU 2.1/8.1GB | gtok=36470784
  [1] 2250 loss=4.8896 ppl=132.9 lr=2.98e-04 | 4866 tok/s (avg 4744) ETA n/a | GPU 2.1/8.1GB | gtok=36880384
  [1] 2275 loss=4.8730 ppl=130.7 lr=2.97e-04 | 4841 tok/s (avg 4745) ETA n/a | GPU 2.1/8.1GB | gtok=37289984
  [1] 2300 loss=4.8715 ppl=130.5 lr=2.97e-04 | 4834 tok/s (avg 4746) ETA n/a | GPU 2.1/8.1GB | gtok=37699584
  [1] 2325 loss=4.8470 ppl=127.4 lr=2.97e-04 | 4842 tok/s (avg 4747) ETA n/a | GPU 2.1/8.1GB | gtok=38109184
  [1] 2350 loss=5.0204 ppl=151.5 lr=2.97e-04 | 4839 tok/s (avg 4748) ETA n/a | GPU 2.1/8.1GB | gtok=38518784
  [1] 2375 loss=4.9774 ppl=145.1 lr=2.97e-04 | 4842 tok/s (avg 4749) ETA n/a | GPU 2.1/8.1GB | gtok=38928384
  [1] 2400 loss=4.9191 ppl=136.9 lr=2.97e-04 | 4847 tok/s (avg 4750) ETA n/a | GPU 2.1/8.1GB | gtok=39337984
  [1] 2425 loss=4.9213 ppl=137.2 lr=2.97e-04 | 4811 tok/s (avg 4750) ETA n/a | GPU 2.1/8.1GB | gtok=39747584
  [1] 2450 loss=4.8903 ppl=133.0 lr=2.97e-04 | 4816 tok/s (avg 4751) ETA n/a | GPU 2.1/8.1GB | gtok=40157184
  [1] 2475 loss=4.7377 ppl=114.2 lr=2.97e-04 | 4811 tok/s (avg 4752) ETA n/a | GPU 2.1/8.1GB | gtok=40566784
  [1] 2500 loss=4.8743 ppl=130.9 lr=2.97e-04 | 4821 tok/s (avg 4752) ETA n/a | GPU 2.1/8.1GB | gtok=40976384
  [1] 2525 loss=4.9300 ppl=138.4 lr=2.97e-04 | 4811 tok/s (avg 4753) ETA n/a | GPU 2.1/8.1GB | gtok=41385984
  [1] 2550 loss=4.9959 ppl=147.8 lr=2.97e-04 | 4813 tok/s (avg 4753) ETA n/a | GPU 2.1/8.1GB | gtok=41795584
  [1] 2575 loss=4.7898 ppl=120.3 lr=2.97e-04 | 4831 tok/s (avg 4754) ETA n/a | GPU 2.1/8.1GB | gtok=42205184
  [1] 2600 loss=4.9009 ppl=134.4 lr=2.97e-04 | 4845 tok/s (avg 4755) ETA n/a | GPU 2.1/8.1GB | gtok=42614784
  [1] 2625 loss=4.8357 ppl=125.9 lr=2.96e-04 | 4851 tok/s (avg 4756) ETA n/a | GPU 2.1/8.1GB | gtok=43024384
  [1] 2650 loss=4.7472 ppl=115.3 lr=2.96e-04 | 4849 tok/s (avg 4757) ETA n/a | GPU 2.1/8.1GB | gtok=43433984
  [1] 2675 loss=4.7434 ppl=114.8 lr=2.96e-04 | 4863 tok/s (avg 4758) ETA n/a | GPU 2.1/8.1GB | gtok=43843584
  [1] 2700 loss=4.8576 ppl=128.7 lr=2.96e-04 | 4830 tok/s (avg 4758) ETA n/a | GPU 2.1/8.1GB | gtok=44253184
  [1] 2725 loss=4.7138 ppl=111.5 lr=2.96e-04 | 4816 tok/s (avg 4759) ETA n/a | GPU 2.1/8.1GB | gtok=44662784
  [1] 2750 loss=4.8530 ppl=128.1 lr=2.96e-04 | 4821 tok/s (avg 4759) ETA n/a | GPU 2.1/8.1GB | gtok=45072384
  [1] 2775 loss=4.7502 ppl=115.6 lr=2.96e-04 | 4824 tok/s (avg 4760) ETA n/a | GPU 2.1/8.1GB | gtok=45481984
  [1] 2800 loss=4.8346 ppl=125.8 lr=2.96e-04 | 4811 tok/s (avg 4760) ETA n/a | GPU 2.1/8.1GB | gtok=45891584
  [1] 2825 loss=4.8659 ppl=129.8 lr=2.96e-04 | 4796 tok/s (avg 4761) ETA n/a | GPU 2.1/8.1GB | gtok=46301184
  [1] 2850 loss=4.6473 ppl=104.3 lr=2.96e-04 | 4791 tok/s (avg 4761) ETA n/a | GPU 2.1/8.1GB | gtok=46710784
  [1] 2875 loss=4.8710 ppl=130.4 lr=2.96e-04 | 4797 tok/s (avg 4761) ETA n/a | GPU 2.1/8.1GB | gtok=47120384
  [1] 2900 loss=4.9004 ppl=134.3 lr=2.95e-04 | 4807 tok/s (avg 4762) ETA n/a | GPU 2.1/8.1GB | gtok=47529984
  [1] 2925 loss=4.7481 ppl=115.4 lr=2.95e-04 | 4787 tok/s (avg 4762) ETA n/a | GPU 2.1/8.1GB | gtok=47939584
  [1] 2950 loss=4.7677 ppl=117.7 lr=2.95e-04 | 4775 tok/s (avg 4762) ETA n/a | GPU 2.1/8.1GB | gtok=48349184
  [1] 2975 loss=4.6826 ppl=108.1 lr=2.95e-04 | 4795 tok/s (avg 4762) ETA n/a | GPU 2.1/8.1GB | gtok=48758784
  [1] 3000 loss=4.7120 ppl=111.3 lr=2.95e-04 | 4778 tok/s (avg 4762) ETA n/a | GPU 2.1/8.1GB | gtok=49168384
  [1] 3025 loss=4.7864 ppl=119.9 lr=2.95e-04 | 4795 tok/s (avg 4763) ETA n/a | GPU 2.1/8.1GB | gtok=49577984
  [1] 3050 loss=4.7489 ppl=115.5 lr=2.95e-04 | 4793 tok/s (avg 4763) ETA n/a | GPU 2.1/8.1GB | gtok=49987584
  [1] 3075 loss=4.3816 ppl=80.0 lr=2.95e-04 | 4772 tok/s (avg 4763) ETA n/a | GPU 2.1/8.1GB | gtok=50397184
  [1] 3100 loss=4.6514 ppl=104.7 lr=2.95e-04 | 4805 tok/s (avg 4763) ETA n/a | GPU 2.1/8.1GB | gtok=50806784
  [1] 3125 loss=4.8589 ppl=128.9 lr=2.95e-04 | 4805 tok/s (avg 4764) ETA n/a | GPU 2.1/8.1GB | gtok=51216384
  [1] 3150 loss=4.8537 ppl=128.2 lr=2.94e-04 | 4818 tok/s (avg 4764) ETA n/a | GPU 2.1/8.1GB | gtok=51625984
  [1] 3175 loss=4.8293 ppl=125.1 lr=2.94e-04 | 4819 tok/s (avg 4765) ETA n/a | GPU 2.1/8.1GB | gtok=52035584
  [1] 3200 loss=4.6707 ppl=106.8 lr=2.94e-04 | 4809 tok/s (avg 4765) ETA n/a | GPU 2.1/8.1GB | gtok=52445184
  [1] 3225 loss=4.8500 ppl=127.7 lr=2.94e-04 | 4808 tok/s (avg 4765) ETA n/a | GPU 2.1/8.1GB | gtok=52854784
  [1] 3250 loss=4.8761 ppl=131.1 lr=2.94e-04 | 4817 tok/s (avg 4766) ETA n/a | GPU 2.1/8.1GB | gtok=53264384
  [1] 3275 loss=4.8041 ppl=122.0 lr=2.94e-04 | 4827 tok/s (avg 4766) ETA n/a | GPU 2.1/8.1GB | gtok=53673984
  [1] 3300 loss=4.5925 ppl=98.7 lr=2.94e-04 | 4841 tok/s (avg 4767) ETA n/a | GPU 2.1/8.1GB | gtok=54083584
  [1] 3325 loss=4.8247 ppl=124.6 lr=2.94e-04 | 4844 tok/s (avg 4767) ETA n/a | GPU 2.1/8.1GB | gtok=54493184
  [1] 3350 loss=4.7304 ppl=113.3 lr=2.94e-04 | 4842 tok/s (avg 4768) ETA n/a | GPU 2.1/8.1GB | gtok=54902784
  [1] 3375 loss=4.6331 ppl=102.8 lr=2.93e-04 | 4836 tok/s (avg 4768) ETA n/a | GPU 2.1/8.1GB | gtok=55312384
  [1] 3400 loss=4.4420 ppl=84.9 lr=2.93e-04 | 4843 tok/s (avg 4769) ETA n/a | GPU 2.1/8.1GB | gtok=55721984
  [1] 3425 loss=4.7003 ppl=110.0 lr=2.93e-04 | 4839 tok/s (avg 4769) ETA n/a | GPU 2.1/8.1GB | gtok=56131584
  [1] 3450 loss=4.9674 ppl=143.7 lr=2.93e-04 | 4814 tok/s (avg 4770) ETA n/a | GPU 2.1/8.1GB | gtok=56541184
  [1] 3475 loss=4.6936 ppl=109.2 lr=2.93e-04 | 4865 tok/s (avg 4770) ETA n/a | GPU 2.1/8.1GB | gtok=56950784
  [1] 3500 loss=4.7647 ppl=117.3 lr=2.93e-04 | 4865 tok/s (avg 4771) ETA n/a | GPU 2.1/8.1GB | gtok=57360384
  [1] 3525 loss=4.7334 ppl=113.7 lr=2.93e-04 | 4870 tok/s (avg 4772) ETA n/a | GPU 2.1/8.1GB | gtok=57769984
  [1] 3550 loss=4.6238 ppl=101.9 lr=2.93e-04 | 4857 tok/s (avg 4772) ETA n/a | GPU 2.1/8.1GB | gtok=58179584
  [1] 3575 loss=4.7630 ppl=117.1 lr=2.93e-04 | 4859 tok/s (avg 4773) ETA n/a | GPU 2.1/8.1GB | gtok=58589184
  [1] 3600 loss=4.7034 ppl=110.3 lr=2.92e-04 | 4831 tok/s (avg 4773) ETA n/a | GPU 2.1/8.1GB | gtok=58998784
  [1] 3625 loss=4.7842 ppl=119.6 lr=2.92e-04 | 4816 tok/s (avg 4774) ETA n/a | GPU 2.1/8.1GB | gtok=59408384
  [1] 3650 loss=4.7833 ppl=119.5 lr=2.92e-04 | 4840 tok/s (avg 4774) ETA n/a | GPU 2.1/8.1GB | gtok=59817984
  [1] 3675 loss=4.5975 ppl=99.2 lr=2.92e-04 | 4853 tok/s (avg 4775) ETA n/a | GPU 2.1/8.1GB | gtok=60227584
  [1] 3700 loss=4.7209 ppl=112.3 lr=2.92e-04 | 4861 tok/s (avg 4775) ETA n/a | GPU 2.1/8.1GB | gtok=60637184
  [1] 3725 loss=4.6341 ppl=102.9 lr=2.92e-04 | 4832 tok/s (avg 4775) ETA n/a | GPU 2.1/8.1GB | gtok=61046784
  [1] 3750 loss=4.8340 ppl=125.7 lr=2.92e-04 | 4839 tok/s (avg 4776) ETA n/a | GPU 2.1/8.1GB | gtok=61456384
  [1] 3775 loss=4.6254 ppl=102.0 lr=2.92e-04 | 4844 tok/s (avg 4776) ETA n/a | GPU 2.1/8.1GB | gtok=61865984
  [1] 3800 loss=4.6362 ppl=103.2 lr=2.91e-04 | 4830 tok/s (avg 4777) ETA n/a | GPU 2.1/8.1GB | gtok=62275584
  [1] 3825 loss=4.6071 ppl=100.2 lr=2.91e-04 | 4841 tok/s (avg 4777) ETA n/a | GPU 2.1/8.1GB | gtok=62685184
  [1] 3850 loss=4.6281 ppl=102.3 lr=2.91e-04 | 4850 tok/s (avg 4778) ETA n/a | GPU 2.1/8.1GB | gtok=63094784
  [1] 3875 loss=4.6214 ppl=101.6 lr=2.91e-04 | 4836 tok/s (avg 4778) ETA n/a | GPU 2.1/8.1GB | gtok=63504384
  [1] 3900 loss=4.5950 ppl=99.0 lr=2.91e-04 | 4826 tok/s (avg 4778) ETA n/a | GPU 2.1/8.1GB | gtok=63913984
  [1] 3925 loss=4.5631 ppl=95.9 lr=2.91e-04 | 4830 tok/s (avg 4779) ETA n/a | GPU 2.1/8.1GB | gtok=64323584
  [1] 3950 loss=4.7653 ppl=117.4 lr=2.91e-04 | 4824 tok/s (avg 4779) ETA n/a | GPU 2.1/8.1GB | gtok=64733184
  [1] 3975 loss=4.6893 ppl=108.8 lr=2.90e-04 | 4828 tok/s (avg 4779) ETA n/a | GPU 2.1/8.1GB | gtok=65142784
  [1] 4000 loss=4.6574 ppl=105.4 lr=2.90e-04 | 4834 tok/s (avg 4779) ETA n/a | GPU 2.1/8.1GB | gtok=65552384
  [1] 4025 loss=4.5107 ppl=91.0 lr=2.90e-04 | 4846 tok/s (avg 4780) ETA n/a | GPU 2.1/8.1GB | gtok=65961984
  [1] 4050 loss=4.7181 ppl=112.0 lr=2.90e-04 | 4802 tok/s (avg 4780) ETA n/a | GPU 2.1/8.1GB | gtok=66371584
  [1] 4075 loss=4.4056 ppl=81.9 lr=2.90e-04 | 4807 tok/s (avg 4780) ETA n/a | GPU 2.1/8.1GB | gtok=66781184
  [1] 4100 loss=4.6742 ppl=107.1 lr=2.90e-04 | 4807 tok/s (avg 4780) ETA n/a | GPU 2.1/8.1GB | gtok=67190784
  [1] 4125 loss=4.6301 ppl=102.5 lr=2.90e-04 | 4779 tok/s (avg 4780) ETA n/a | GPU 2.1/8.1GB | gtok=67600384
  [1] 4150 loss=4.8912 ppl=133.1 lr=2.90e-04 | 4788 tok/s (avg 4780) ETA n/a | GPU 2.1/8.1GB | gtok=68009984
  [1] 4175 loss=4.5623 ppl=95.8 lr=2.89e-04 | 4808 tok/s (avg 4781) ETA n/a | GPU 2.1/8.1GB | gtok=68419584
  [1] 4200 loss=4.3945 ppl=81.0 lr=2.89e-04 | 4800 tok/s (avg 4781) ETA n/a | GPU 2.1/8.1GB | gtok=68829184
  [1] 4225 loss=4.7217 ppl=112.4 lr=2.89e-04 | 4794 tok/s (avg 4781) ETA n/a | GPU 2.1/8.1GB | gtok=69238784
  [1] 4250 loss=4.6584 ppl=105.5 lr=2.89e-04 | 4799 tok/s (avg 4781) ETA n/a | GPU 2.1/8.1GB | gtok=69648384
  [1] 4275 loss=4.5911 ppl=98.6 lr=2.89e-04 | 4815 tok/s (avg 4781) ETA n/a | GPU 2.1/8.1GB | gtok=70057984
  [1] 4300 loss=4.3506 ppl=77.5 lr=2.89e-04 | 4841 tok/s (avg 4781) ETA n/a | GPU 2.1/8.1GB | gtok=70467584
  [1] 4325 loss=4.4729 ppl=87.6 lr=2.89e-04 | 4834 tok/s (avg 4782) ETA n/a | GPU 2.1/8.1GB | gtok=70877184
  [1] 4350 loss=4.5053 ppl=90.5 lr=2.88e-04 | 4841 tok/s (avg 4782) ETA n/a | GPU 2.1/8.1GB | gtok=71286784
  [1] 4375 loss=4.6276 ppl=102.3 lr=2.88e-04 | 4832 tok/s (avg 4782) ETA n/a | GPU 2.1/8.1GB | gtok=71696384
  [1] 4400 loss=4.5518 ppl=94.8 lr=2.88e-04 | 4826 tok/s (avg 4783) ETA n/a | GPU 2.1/8.1GB | gtok=72105984
  [1] 4425 loss=4.6209 ppl=101.6 lr=2.88e-04 | 4833 tok/s (avg 4783) ETA n/a | GPU 2.1/8.1GB | gtok=72515584
  [1] 4450 loss=4.5433 ppl=94.0 lr=2.88e-04 | 4831 tok/s (avg 4783) ETA n/a | GPU 2.1/8.1GB | gtok=72925184
  [1] 4475 loss=4.3352 ppl=76.3 lr=2.88e-04 | 4825 tok/s (avg 4783) ETA n/a | GPU 2.1/8.1GB | gtok=73334784
  [1] 4500 loss=4.4761 ppl=87.9 lr=2.87e-04 | 4826 tok/s (avg 4784) ETA n/a | GPU 2.1/8.1GB | gtok=73744384
  [1] 4525 loss=4.4653 ppl=86.9 lr=2.87e-04 | 4810 tok/s (avg 4784) ETA n/a | GPU 2.1/8.1GB | gtok=74153984
  [1] 4550 loss=4.5505 ppl=94.7 lr=2.87e-04 | 4826 tok/s (avg 4784) ETA n/a | GPU 2.1/8.1GB | gtok=74563584
  [1] 4575 loss=4.5922 ppl=98.7 lr=2.87e-04 | 4818 tok/s (avg 4784) ETA n/a | GPU 2.1/8.1GB | gtok=74973184
  [1] 4600 loss=4.4803 ppl=88.3 lr=2.87e-04 | 4833 tok/s (avg 4784) ETA n/a | GPU 2.1/8.1GB | gtok=75382784
  [1] 4625 loss=4.4975 ppl=89.8 lr=2.87e-04 | 4846 tok/s (avg 4785) ETA n/a | GPU 2.1/8.1GB | gtok=75792384
  [1] 4650 loss=4.4936 ppl=89.4 lr=2.87e-04 | 4841 tok/s (avg 4785) ETA n/a | GPU 2.1/8.1GB | gtok=76201984
  [1] 4675 loss=4.7012 ppl=110.1 lr=2.86e-04 | 4840 tok/s (avg 4785) ETA n/a | GPU 2.1/8.1GB | gtok=76611584
  [1] 4700 loss=4.5650 ppl=96.1 lr=2.86e-04 | 4832 tok/s (avg 4786) ETA n/a | GPU 2.1/8.1GB | gtok=77021184
  [1] 4725 loss=4.4436 ppl=85.1 lr=2.86e-04 | 4833 tok/s (avg 4786) ETA n/a | GPU 2.1/8.1GB | gtok=77430784
  [1] 4750 loss=4.4273 ppl=83.7 lr=2.86e-04 | 4796 tok/s (avg 4786) ETA n/a | GPU 2.1/8.1GB | gtok=77840384
  [1] 4775 loss=4.5614 ppl=95.7 lr=2.86e-04 | 4819 tok/s (avg 4786) ETA n/a | GPU 2.1/8.1GB | gtok=78249984
  [1] 4800 loss=4.4717 ppl=87.5 lr=2.86e-04 | 4828 tok/s (avg 4786) ETA n/a | GPU 2.1/8.1GB | gtok=78659584
  [1] 4825 loss=4.4955 ppl=89.6 lr=2.85e-04 | 4838 tok/s (avg 4787) ETA n/a | GPU 2.1/8.1GB | gtok=79069184
  [1] 4850 loss=4.4370 ppl=84.5 lr=2.85e-04 | 4821 tok/s (avg 4787) ETA n/a | GPU 2.1/8.1GB | gtok=79478784
  [1] 4875 loss=4.6081 ppl=100.3 lr=2.85e-04 | 4827 tok/s (avg 4787) ETA n/a | GPU 2.1/8.1GB | gtok=79888384
  [1] 4900 loss=4.4820 ppl=88.4 lr=2.85e-04 | 4846 tok/s (avg 4787) ETA n/a | GPU 2.1/8.1GB | gtok=80297984
  [1] 4925 loss=4.4038 ppl=81.8 lr=2.85e-04 | 4846 tok/s (avg 4787) ETA n/a | GPU 2.1/8.1GB | gtok=80707584
  [1] 4950 loss=4.6441 ppl=104.0 lr=2.85e-04 | 4858 tok/s (avg 4788) ETA n/a | GPU 2.1/8.1GB | gtok=81117184
  [1] 4975 loss=4.3845 ppl=80.2 lr=2.84e-04 | 4861 tok/s (avg 4788) ETA n/a | GPU 2.1/8.1GB | gtok=81526784
Saved checkpoint: checkpoints_v13/500m_v13_r1recipe/latest.pt
  [checkpoint @ step 5000, 81,920,000 tok]
  [1] 5000 loss=4.2877 ppl=72.8 lr=2.84e-04 | 4814 tok/s (avg 4788) ETA n/a | GPU 2.1/8.1GB | gtok=81936384
  [mid-epoch sample @ batch 5000, 81,936,384 tok]
  Prompt: In 1923, the University of
  Generated: In 1923, the University of Kentucky was appointed to a treaty with the National Council of Israel in 1837.
The second column consisted of two parties in which the U.S. Government had been under control. The government established the state constitution and the states, together with the government, that is in use for their statehood, to form the nation’s rights in order to make decisions about their function (as described here). This led to the creation of the United States Constitution in his speech to be the first president
  [1] 5025 loss=4.7118 ppl=111.3 lr=2.84e-04 | 4620 tok/s (avg 4787) ETA n/a | GPU 2.1/8.1GB | gtok=82345984
  [1] 5050 loss=4.5642 ppl=96.0 lr=2.84e-04 | 4850 tok/s (avg 4788) ETA n/a | GPU 2.1/8.1GB | gtok=82755584
  [1] 5075 loss=4.5562 ppl=95.2 lr=2.84e-04 | 4854 tok/s (avg 4788) ETA n/a | GPU 2.1/8.1GB | gtok=83165184
  [1] 5100 loss=4.2995 ppl=73.7 lr=2.83e-04 | 4840 tok/s (avg 4788) ETA n/a | GPU 2.1/8.1GB | gtok=83574784
  [1] 5125 loss=4.4373 ppl=84.5 lr=2.83e-04 | 4834 tok/s (avg 4789) ETA n/a | GPU 2.1/8.1GB | gtok=83984384
  [1] 5150 loss=4.4453 ppl=85.2 lr=2.83e-04 | 4819 tok/s (avg 4789) ETA n/a | GPU 2.1/8.1GB | gtok=84393984
  [1] 5175 loss=4.7092 ppl=111.0 lr=2.83e-04 | 4845 tok/s (avg 4789) ETA n/a | GPU 2.1/8.1GB | gtok=84803584
  [1] 5200 loss=4.4172 ppl=82.9 lr=2.83e-04 | 4836 tok/s (avg 4789) ETA n/a | GPU 2.1/8.1GB | gtok=85213184
  [1] 5225 loss=4.3229 ppl=75.4 lr=2.83e-04 | 4833 tok/s (avg 4789) ETA n/a | GPU 2.1/8.1GB | gtok=85622784
  [1] 5250 loss=4.3149 ppl=74.8 lr=2.82e-04 | 4838 tok/s (avg 4790) ETA n/a | GPU 2.1/8.1GB | gtok=86032384
  [1] 5275 loss=4.3601 ppl=78.3 lr=2.82e-04 | 4826 tok/s (avg 4790) ETA n/a | GPU 2.1/8.1GB | gtok=86441984
  [1] 5300 loss=4.4080 ppl=82.1 lr=2.82e-04 | 4825 tok/s (avg 4790) ETA n/a | GPU 2.1/8.1GB | gtok=86851584
  [1] 5325 loss=4.4047 ppl=81.8 lr=2.82e-04 | 4832 tok/s (avg 4790) ETA n/a | GPU 2.1/8.1GB | gtok=87261184
  [1] 5350 loss=4.4451 ppl=85.2 lr=2.82e-04 | 4813 tok/s (avg 4790) ETA n/a | GPU 2.1/8.1GB | gtok=87670784
  [1] 5375 loss=4.3922 ppl=80.8 lr=2.81e-04 | 4055 tok/s (avg 4786) ETA n/a | GPU 2.1/8.1GB | gtok=88080384
  [1] 5400 loss=4.5715 ppl=96.7 lr=2.81e-04 | 4797 tok/s (avg 4786) ETA n/a | GPU 2.1/8.1GB | gtok=88489984
  [1] 5425 loss=4.4332 ppl=84.2 lr=2.81e-04 | 4815 tok/s (avg 4786) ETA n/a | GPU 2.1/8.1GB | gtok=88899584
  [1] 5450 loss=4.3518 ppl=77.6 lr=2.81e-04 | 4826 tok/s (avg 4787) ETA n/a | GPU 2.1/8.1GB | gtok=89309184
  [1] 5475 loss=4.3804 ppl=79.9 lr=2.81e-04 | 4831 tok/s (avg 4787) ETA n/a | GPU 2.1/8.1GB | gtok=89718784
  [1] 5500 loss=4.5033 ppl=90.3 lr=2.81e-04 | 4816 tok/s (avg 4787) ETA n/a | GPU 2.1/8.1GB | gtok=90128384
  [1] 5525 loss=4.3552 ppl=77.9 lr=2.80e-04 | 4835 tok/s (avg 4787) ETA n/a | GPU 2.1/8.1GB | gtok=90537984
  [1] 5550 loss=4.5645 ppl=96.0 lr=2.80e-04 | 4828 tok/s (avg 4787) ETA n/a | GPU 2.1/8.1GB | gtok=90947584
  [1] 5575 loss=4.4035 ppl=81.7 lr=2.80e-04 | 4810 tok/s (avg 4787) ETA n/a | GPU 2.1/8.1GB | gtok=91357184
  [1] 5600 loss=4.3279 ppl=75.8 lr=2.80e-04 | 4829 tok/s (avg 4788) ETA n/a | GPU 2.1/8.1GB | gtok=91766784
  [1] 5625 loss=4.6425 ppl=103.8 lr=2.80e-04 | 4829 tok/s (avg 4788) ETA n/a | GPU 2.1/8.1GB | gtok=92176384
  [1] 5650 loss=4.4338 ppl=84.2 lr=2.79e-04 | 4834 tok/s (avg 4788) ETA n/a | GPU 2.1/8.1GB | gtok=92585984
  [1] 5675 loss=4.4795 ppl=88.2 lr=2.79e-04 | 4838 tok/s (avg 4788) ETA n/a | GPU 2.1/8.1GB | gtok=92995584
  [1] 5700 loss=4.3466 ppl=77.2 lr=2.79e-04 | 4841 tok/s (avg 4788) ETA n/a | GPU 2.1/8.1GB | gtok=93405184
  [1] 5725 loss=4.4633 ppl=86.8 lr=2.79e-04 | 4835 tok/s (avg 4789) ETA n/a | GPU 2.1/8.1GB | gtok=93814784
  [1] 5750 loss=4.3586 ppl=78.1 lr=2.79e-04 | 4851 tok/s (avg 4789) ETA n/a | GPU 2.1/8.1GB | gtok=94224384
  [1] 5775 loss=4.4130 ppl=82.5 lr=2.78e-04 | 4839 tok/s (avg 4789) ETA n/a | GPU 2.1/8.1GB | gtok=94633984
  [1] 5800 loss=4.4512 ppl=85.7 lr=2.78e-04 | 4849 tok/s (avg 4789) ETA n/a | GPU 2.1/8.1GB | gtok=95043584
  [1] 5825 loss=4.1807 ppl=65.4 lr=2.78e-04 | 4821 tok/s (avg 4790) ETA n/a | GPU 2.1/8.1GB | gtok=95453184
  [1] 5850 loss=4.4653 ppl=86.9 lr=2.78e-04 | 4838 tok/s (avg 4790) ETA n/a | GPU 2.1/8.1GB | gtok=95862784
  [1] 5875 loss=4.4630 ppl=86.8 lr=2.78e-04 | 4821 tok/s (avg 4790) ETA n/a | GPU 2.1/8.1GB | gtok=96272384
  [1] 5900 loss=4.5085 ppl=90.8 lr=2.77e-04 | 4833 tok/s (avg 4790) ETA n/a | GPU 2.1/8.1GB | gtok=96681984
  [1] 5925 loss=4.3361 ppl=76.4 lr=2.77e-04 | 4821 tok/s (avg 4790) ETA n/a | GPU 2.1/8.1GB | gtok=97091584
  [1] 5950 loss=4.5351 ppl=93.2 lr=2.77e-04 | 4831 tok/s (avg 4790) ETA n/a | GPU 2.1/8.1GB | gtok=97501184
  [1] 5975 loss=4.4788 ppl=88.1 lr=2.77e-04 | 4823 tok/s (avg 4790) ETA n/a | GPU 2.1/8.1GB | gtok=97910784
  [1] 6000 loss=4.4485 ppl=85.5 lr=2.77e-04 | 4825 tok/s (avg 4791) ETA n/a | GPU 2.1/8.1GB | gtok=98320384
  [1] 6025 loss=4.6912 ppl=109.0 lr=2.76e-04 | 4830 tok/s (avg 4791) ETA n/a | GPU 2.1/8.1GB | gtok=98729984
  [1] 6050 loss=4.4385 ppl=84.6 lr=2.76e-04 | 4826 tok/s (avg 4791) ETA n/a | GPU 2.1/8.1GB | gtok=99139584
  [1] 6075 loss=4.3767 ppl=79.6 lr=2.76e-04 | 4819 tok/s (avg 4791) ETA n/a | GPU 2.1/8.1GB | gtok=99549184
  [1] 6100 loss=4.3963 ppl=81.1 lr=2.76e-04 | 4828 tok/s (avg 4791) ETA n/a | GPU 2.1/8.1GB | gtok=99958784
  [1] 6125 loss=4.3600 ppl=78.3 lr=2.76e-04 | 4838 tok/s (avg 4791) ETA n/a | GPU 2.1/8.1GB | gtok=100368384
  [1] 6150 loss=4.3422 ppl=76.9 lr=2.75e-04 | 4701 tok/s (avg 4791) ETA n/a | GPU 2.1/8.1GB | gtok=100777984
  [1] 6175 loss=4.4712 ppl=87.5 lr=2.75e-04 | 4794 tok/s (avg 4791) ETA n/a | GPU 2.1/8.1GB | gtok=101187584
  [1] 6200 loss=4.3678 ppl=78.9 lr=2.75e-04 | 4814 tok/s (avg 4791) ETA n/a | GPU 2.1/8.1GB | gtok=101597184
  [1] 6225 loss=4.4210 ppl=83.2 lr=2.75e-04 | 4822 tok/s (avg 4791) ETA n/a | GPU 2.1/8.1GB | gtok=102006784
  [1] 6250 loss=4.5244 ppl=92.2 lr=2.74e-04 | 4811 tok/s (avg 4791) ETA n/a | GPU 2.1/8.1GB | gtok=102416384
  [1] 6275 loss=4.4600 ppl=86.5 lr=2.74e-04 | 4816 tok/s (avg 4791) ETA n/a | GPU 2.1/8.1GB | gtok=102825984
  [1] 6300 loss=4.4547 ppl=86.0 lr=2.74e-04 | 4779 tok/s (avg 4791) ETA n/a | GPU 2.1/8.1GB | gtok=103235584
  [1] 6325 loss=4.3375 ppl=76.5 lr=2.74e-04 | 4784 tok/s (avg 4791) ETA n/a | GPU 2.1/8.1GB | gtok=103645184
  [1] 6350 loss=4.5266 ppl=92.4 lr=2.74e-04 | 4788 tok/s (avg 4791) ETA n/a | GPU 2.1/8.1GB | gtok=104054784
  [1] 6375 loss=4.4236 ppl=83.4 lr=2.73e-04 | 4789 tok/s (avg 4791) ETA n/a | GPU 2.1/8.1GB | gtok=104464384
  [1] 6400 loss=4.5026 ppl=90.2 lr=2.73e-04 | 4784 tok/s (avg 4791) ETA n/a | GPU 2.1/8.1GB | gtok=104873984
  [1] 6425 loss=4.4447 ppl=85.2 lr=2.73e-04 | 4782 tok/s (avg 4791) ETA n/a | GPU 2.1/8.1GB | gtok=105283584
  [1] 6450 loss=4.4486 ppl=85.5 lr=2.73e-04 | 4788 tok/s (avg 4791) ETA n/a | GPU 2.1/8.1GB | gtok=105693184
  [1] 6475 loss=4.4288 ppl=83.8 lr=2.72e-04 | 4773 tok/s (avg 4791) ETA n/a | GPU 2.1/8.1GB | gtok=106102784
  [1] 6500 loss=4.3440 ppl=77.0 lr=2.72e-04 | 4816 tok/s (avg 4791) ETA n/a | GPU 2.1/8.1GB | gtok=106512384
  [1] 6525 loss=4.5414 ppl=93.8 lr=2.72e-04 | 4831 tok/s (avg 4791) ETA n/a | GPU 2.1/8.1GB | gtok=106921984
  [1] 6550 loss=4.3687 ppl=78.9 lr=2.72e-04 | 4823 tok/s (avg 4792) ETA n/a | GPU 2.1/8.1GB | gtok=107331584
  [1] 6575 loss=4.4192 ppl=83.0 lr=2.72e-04 | 4831 tok/s (avg 4792) ETA n/a | GPU 2.1/8.1GB | gtok=107741184
  [1] 6600 loss=4.3301 ppl=76.0 lr=2.71e-04 | 4816 tok/s (avg 4792) ETA n/a | GPU 2.1/8.1GB | gtok=108150784
  [1] 6625 loss=4.3148 ppl=74.8 lr=2.71e-04 | 4823 tok/s (avg 4792) ETA n/a | GPU 2.1/8.1GB | gtok=108560384
  [1] 6650 loss=4.2485 ppl=70.0 lr=2.71e-04 | 4837 tok/s (avg 4792) ETA n/a | GPU 2.1/8.1GB | gtok=108969984
  [1] 6675 loss=4.4734 ppl=87.7 lr=2.71e-04 | 4836 tok/s (avg 4792) ETA n/a | GPU 2.1/8.1GB | gtok=109379584
  [1] 6700 loss=4.0772 ppl=59.0 lr=2.70e-04 | 4850 tok/s (avg 4792) ETA n/a | GPU 2.1/8.1GB | gtok=109789184
  [1] 6725 loss=4.4415 ppl=84.9 lr=2.70e-04 | 4845 tok/s (avg 4793) ETA n/a | GPU 2.1/8.1GB | gtok=110198784
  [1] 6750 loss=4.4751 ppl=87.8 lr=2.70e-04 | 4838 tok/s (avg 4793) ETA n/a | GPU 2.1/8.1GB | gtok=110608384
  [1] 6775 loss=4.4846 ppl=88.6 lr=2.70e-04 | 4840 tok/s (avg 4793) ETA n/a | GPU 2.1/8.1GB | gtok=111017984
  [1] 6800 loss=4.2868 ppl=72.7 lr=2.70e-04 | 4833 tok/s (avg 4793) ETA n/a | GPU 2.1/8.1GB | gtok=111427584
  [1] 6825 loss=4.2009 ppl=66.7 lr=2.69e-04 | 4836 tok/s (avg 4793) ETA n/a | GPU 2.1/8.1GB | gtok=111837184
  [1] 6850 loss=4.4737 ppl=87.7 lr=2.69e-04 | 4833 tok/s (avg 4793) ETA n/a | GPU 2.1/8.1GB | gtok=112246784
  [1] 6875 loss=4.2332 ppl=68.9 lr=2.69e-04 | 4811 tok/s (avg 4793) ETA n/a | GPU 2.1/8.1GB | gtok=112656384
  [1] 6900 loss=4.4679 ppl=87.2 lr=2.69e-04 | 4821 tok/s (avg 4794) ETA n/a | GPU 2.1/8.1GB | gtok=113065984
  [1] 6925 loss=4.7120 ppl=111.3 lr=2.68e-04 | 4820 tok/s (avg 4794) ETA n/a | GPU 2.1/8.1GB | gtok=113475584
  [1] 6950 loss=4.3581 ppl=78.1 lr=2.68e-04 | 4820 tok/s (avg 4794) ETA n/a | GPU 2.1/8.1GB | gtok=113885184
  [1] 6975 loss=4.4381 ppl=84.6 lr=2.68e-04 | 4829 tok/s (avg 4794) ETA n/a | GPU 2.1/8.1GB | gtok=114294784
  [1] 7000 loss=4.1442 ppl=63.1 lr=2.68e-04 | 4823 tok/s (avg 4794) ETA n/a | GPU 2.1/8.1GB | gtok=114704384
  [1] 7025 loss=4.2911 ppl=73.0 lr=2.67e-04 | 4806 tok/s (avg 4794) ETA n/a | GPU 2.1/8.1GB | gtok=115113984
  [1] 7050 loss=4.6070 ppl=100.2 lr=2.67e-04 | 4800 tok/s (avg 4794) ETA n/a | GPU 2.1/8.1GB | gtok=115523584
  [1] 7075 loss=4.2036 ppl=66.9 lr=2.67e-04 | 4805 tok/s (avg 4794) ETA n/a | GPU 2.1/8.1GB | gtok=115933184
  [1] 7100 loss=4.2962 ppl=73.4 lr=2.67e-04 | 4816 tok/s (avg 4794) ETA n/a | GPU 2.1/8.1GB | gtok=116342784
  [1] 7125 loss=4.2442 ppl=69.7 lr=2.66e-04 | 4828 tok/s (avg 4794) ETA n/a | GPU 2.1/8.1GB | gtok=116752384
  [1] 7150 loss=4.2951 ppl=73.3 lr=2.66e-04 | 4826 tok/s (avg 4794) ETA n/a | GPU 2.1/8.1GB | gtok=117161984
  [1] 7175 loss=4.2981 ppl=73.6 lr=2.66e-04 | 4818 tok/s (avg 4794) ETA n/a | GPU 2.1/8.1GB | gtok=117571584
  [1] 7200 loss=4.2828 ppl=72.4 lr=2.66e-04 | 4819 tok/s (avg 4795) ETA n/a | GPU 2.1/8.1GB | gtok=117981184
  [1] 7225 loss=4.2750 ppl=71.9 lr=2.65e-04 | 4812 tok/s (avg 4795) ETA n/a | GPU 2.1/8.1GB | gtok=118390784
  [1] 7250 loss=4.2424 ppl=69.6 lr=2.65e-04 | 4822 tok/s (avg 4795) ETA n/a | GPU 2.1/8.1GB | gtok=118800384
  [1] 7275 loss=4.3608 ppl=78.3 lr=2.65e-04 | 4821 tok/s (avg 4795) ETA n/a | GPU 2.1/8.1GB | gtok=119209984
  [1] 7300 loss=4.5254 ppl=92.3 lr=2.65e-04 | 4817 tok/s (avg 4795) ETA n/a | GPU 2.1/8.1GB | gtok=119619584
  [1] 7325 loss=4.2894 ppl=72.9 lr=2.64e-04 | 4831 tok/s (avg 4795) ETA n/a | GPU 2.1/8.1GB | gtok=120029184
  [1] 7350 loss=4.5345 ppl=93.2 lr=2.64e-04 | 4829 tok/s (avg 4795) ETA n/a | GPU 2.1/8.1GB | gtok=120438784
  [1] 7375 loss=4.3148 ppl=74.8 lr=2.64e-04 | 4823 tok/s (avg 4795) ETA n/a | GPU 2.1/8.1GB | gtok=120848384
  [1] 7400 loss=4.2080 ppl=67.2 lr=2.64e-04 | 4820 tok/s (avg 4795) ETA n/a | GPU 2.1/8.1GB | gtok=121257984
  [1] 7425 loss=4.1851 ppl=65.7 lr=2.63e-04 | 4821 tok/s (avg 4795) ETA n/a | GPU 2.1/8.1GB | gtok=121667584
  [1] 7450 loss=4.3835 ppl=80.1 lr=2.63e-04 | 4822 tok/s (avg 4795) ETA n/a | GPU 2.1/8.1GB | gtok=122077184
  [1] 7475 loss=4.3240 ppl=75.5 lr=2.63e-04 | 4827 tok/s (avg 4796) ETA n/a | GPU 2.1/8.1GB | gtok=122486784
  [1] 7500 loss=4.3607 ppl=78.3 lr=2.63e-04 | 4835 tok/s (avg 4796) ETA n/a | GPU 2.1/8.1GB | gtok=122896384
  [1] 7525 loss=4.3989 ppl=81.4 lr=2.62e-04 | 4834 tok/s (avg 4796) ETA n/a | GPU 2.1/8.1GB | gtok=123305984
  [1] 7550 loss=4.4406 ppl=84.8 lr=2.62e-04 | 4837 tok/s (avg 4796) ETA n/a | GPU 2.1/8.1GB | gtok=123715584
  [1] 7575 loss=4.2996 ppl=73.7 lr=2.62e-04 | 4848 tok/s (avg 4796) ETA n/a | GPU 2.1/8.1GB | gtok=124125184
  [1] 7600 loss=4.4717 ppl=87.5 lr=2.62e-04 | 4843 tok/s (avg 4796) ETA n/a | GPU 2.1/8.1GB | gtok=124534784
  [1] 7625 loss=4.5400 ppl=93.7 lr=2.61e-04 | 4837 tok/s (avg 4796) ETA n/a | GPU 2.1/8.1GB | gtok=124944384
  [1] 7650 loss=4.3049 ppl=74.1 lr=2.61e-04 | 4836 tok/s (avg 4797) ETA n/a | GPU 2.1/8.1GB | gtok=125353984
  [1] 7675 loss=4.2603 ppl=70.8 lr=2.61e-04 | 4838 tok/s (avg 4797) ETA n/a | GPU 2.1/8.1GB | gtok=125763584
  [1] 7700 loss=4.3046 ppl=74.0 lr=2.61e-04 | 4847 tok/s (avg 4797) ETA n/a | GPU 2.1/8.1GB | gtok=126173184
  [1] 7725 loss=4.3551 ppl=77.9 lr=2.60e-04 | 4823 tok/s (avg 4797) ETA n/a | GPU 2.1/8.1GB | gtok=126582784
  [1] 7750 loss=4.4154 ppl=82.7 lr=2.60e-04 | 4829 tok/s (avg 4797) ETA n/a | GPU 2.1/8.1GB | gtok=126992384
  [1] 7775 loss=4.2744 ppl=71.8 lr=2.60e-04 | 4834 tok/s (avg 4797) ETA n/a | GPU 2.1/8.1GB | gtok=127401984
  [1] 7800 loss=4.3535 ppl=77.8 lr=2.60e-04 | 4825 tok/s (avg 4797) ETA n/a | GPU 2.1/8.1GB | gtok=127811584
  [1] 7825 loss=4.1188 ppl=61.5 lr=2.59e-04 | 4845 tok/s (avg 4797) ETA n/a | GPU 2.1/8.1GB | gtok=128221184
  [1] 7850 loss=4.1658 ppl=64.4 lr=2.59e-04 | 4851 tok/s (avg 4798) ETA n/a | GPU 2.1/8.1GB | gtok=128630784
  [1] 7875 loss=4.1724 ppl=64.9 lr=2.59e-04 | 4834 tok/s (avg 4798) ETA n/a | GPU 2.1/8.1GB | gtok=129040384
  [1] 7900 loss=4.3673 ppl=78.8 lr=2.59e-04 | 4826 tok/s (avg 4798) ETA n/a | GPU 2.1/8.1GB | gtok=129449984
  [1] 7925 loss=4.2047 ppl=67.0 lr=2.58e-04 | 4836 tok/s (avg 4798) ETA n/a | GPU 2.1/8.1GB | gtok=129859584
  [1] 7950 loss=4.4227 ppl=83.3 lr=2.58e-04 | 4840 tok/s (avg 4798) ETA n/a | GPU 2.1/8.1GB | gtok=130269184
  [1] 7975 loss=4.2572 ppl=70.6 lr=2.58e-04 | 4845 tok/s (avg 4798) ETA n/a | GPU 2.1/8.1GB | gtok=130678784
  [1] 8000 loss=4.4130 ppl=82.5 lr=2.57e-04 | 4837 tok/s (avg 4798) ETA n/a | GPU 2.1/8.1GB | gtok=131088384
  [1] 8025 loss=4.3219 ppl=75.3 lr=2.57e-04 | 4839 tok/s (avg 4798) ETA n/a | GPU 2.1/8.1GB | gtok=131497984
  [1] 8050 loss=4.4259 ppl=83.6 lr=2.57e-04 | 4841 tok/s (avg 4799) ETA n/a | GPU 2.1/8.1GB | gtok=131907584
  [1] 8075 loss=4.2990 ppl=73.6 lr=2.57e-04 | 4851 tok/s (avg 4799) ETA n/a | GPU 2.1/8.1GB | gtok=132317184
  [1] 8100 loss=4.2591 ppl=70.7 lr=2.56e-04 | 4840 tok/s (avg 4799) ETA n/a | GPU 2.1/8.1GB | gtok=132726784
  [1] 8125 loss=4.4118 ppl=82.4 lr=2.56e-04 | 4840 tok/s (avg 4799) ETA n/a | GPU 2.1/8.1GB | gtok=133136384
  [1] 8150 loss=4.3897 ppl=80.6 lr=2.56e-04 | 4837 tok/s (avg 4799) ETA n/a | GPU 2.1/8.1GB | gtok=133545984
  [1] 8175 loss=4.0268 ppl=56.1 lr=2.56e-04 | 4841 tok/s (avg 4799) ETA n/a | GPU 2.1/8.1GB | gtok=133955584
  [1] 8200 loss=4.3006 ppl=73.7 lr=2.55e-04 | 4833 tok/s (avg 4799) ETA n/a | GPU 2.1/8.1GB | gtok=134365184
  [1] 8225 loss=4.5471 ppl=94.4 lr=2.55e-04 | 4829 tok/s (avg 4799) ETA n/a | GPU 2.1/8.1GB | gtok=134774784
  [1] 8250 loss=4.3266 ppl=75.7 lr=2.55e-04 | 4835 tok/s (avg 4799) ETA n/a | GPU 2.1/8.1GB | gtok=135184384
  [1] 8275 loss=4.2526 ppl=70.3 lr=2.54e-04 | 4837 tok/s (avg 4800) ETA n/a | GPU 2.1/8.1GB | gtok=135593984
  [1] 8300 loss=4.2010 ppl=66.8 lr=2.54e-04 | 4838 tok/s (avg 4800) ETA n/a | GPU 2.1/8.1GB | gtok=136003584
  [1] 8325 loss=4.1683 ppl=64.6 lr=2.54e-04 | 4844 tok/s (avg 4800) ETA n/a | GPU 2.1/8.1GB | gtok=136413184
  [1] 8350 loss=4.2671 ppl=71.3 lr=2.54e-04 | 4835 tok/s (avg 4800) ETA n/a | GPU 2.1/8.1GB | gtok=136822784
  [1] 8375 loss=4.1999 ppl=66.7 lr=2.53e-04 | 4843 tok/s (avg 4800) ETA n/a | GPU 2.1/8.1GB | gtok=137232384
  [1] 8400 loss=4.2231 ppl=68.2 lr=2.53e-04 | 4837 tok/s (avg 4800) ETA n/a | GPU 2.1/8.1GB | gtok=137641984
  [1] 8425 loss=4.3706 ppl=79.1 lr=2.53e-04 | 4842 tok/s (avg 4800) ETA n/a | GPU 2.1/8.1GB | gtok=138051584
  [1] 8450 loss=4.1184 ppl=61.5 lr=2.52e-04 | 4831 tok/s (avg 4800) ETA n/a | GPU 2.1/8.1GB | gtok=138461184
  [1] 8475 loss=4.1907 ppl=66.1 lr=2.52e-04 | 4812 tok/s (avg 4800) ETA n/a | GPU 2.1/8.1GB | gtok=138870784
  [1] 8500 loss=4.2655 ppl=71.2 lr=2.52e-04 | 4850 tok/s (avg 4801) ETA n/a | GPU 2.1/8.1GB | gtok=139280384
  [1] 8525 loss=4.3312 ppl=76.0 lr=2.52e-04 | 4836 tok/s (avg 4801) ETA n/a | GPU 2.1/8.1GB | gtok=139689984
  [1] 8550 loss=4.1389 ppl=62.7 lr=2.51e-04 | 4844 tok/s (avg 4801) ETA n/a | GPU 2.1/8.1GB | gtok=140099584
  [1] 8575 loss=4.0831 ppl=59.3 lr=2.51e-04 | 4840 tok/s (avg 4801) ETA n/a | GPU 2.1/8.1GB | gtok=140509184
  [1] 8600 loss=4.4626 ppl=86.7 lr=2.51e-04 | 4839 tok/s (avg 4801) ETA n/a | GPU 2.1/8.1GB | gtok=140918784
  [1] 8625 loss=4.1976 ppl=66.5 lr=2.51e-04 | 4823 tok/s (avg 4801) ETA n/a | GPU 2.1/8.1GB | gtok=141328384
  [1] 8650 loss=4.2278 ppl=68.6 lr=2.50e-04 | 4809 tok/s (avg 4801) ETA n/a | GPU 2.1/8.1GB | gtok=141737984
  [1] 8675 loss=4.3875 ppl=80.4 lr=2.50e-04 | 4810 tok/s (avg 4801) ETA n/a | GPU 2.1/8.1GB | gtok=142147584
  [1] 8700 loss=4.2245 ppl=68.3 lr=2.50e-04 | 4817 tok/s (avg 4801) ETA n/a | GPU 2.1/8.1GB | gtok=142557184
  [1] 8725 loss=4.1263 ppl=61.9 lr=2.49e-04 | 4827 tok/s (avg 4801) ETA n/a | GPU 2.1/8.1GB | gtok=142966784
  [1] 8750 loss=4.1567 ppl=63.9 lr=2.49e-04 | 4813 tok/s (avg 4801) ETA n/a | GPU 2.1/8.1GB | gtok=143376384
  [1] 8775 loss=4.2691 ppl=71.5 lr=2.49e-04 | 4806 tok/s (avg 4801) ETA n/a | GPU 2.1/8.1GB | gtok=143785984
  [1] 8800 loss=4.2821 ppl=72.4 lr=2.48e-04 | 4820 tok/s (avg 4801) ETA n/a | GPU 2.1/8.1GB | gtok=144195584
  [1] 8825 loss=4.0146 ppl=55.4 lr=2.48e-04 | 4816 tok/s (avg 4801) ETA n/a | GPU 2.1/8.1GB | gtok=144605184
  [1] 8850 loss=4.2263 ppl=68.5 lr=2.48e-04 | 4819 tok/s (avg 4801) ETA n/a | GPU 2.1/8.1GB | gtok=145014784
  [1] 8875 loss=4.2599 ppl=70.8 lr=2.48e-04 | 4822 tok/s (avg 4802) ETA n/a | GPU 2.1/8.1GB | gtok=145424384
  [1] 8900 loss=4.3684 ppl=78.9 lr=2.47e-04 | 4817 tok/s (avg 4802) ETA n/a | GPU 2.1/8.1GB | gtok=145833984
  [1] 8925 loss=4.4611 ppl=86.6 lr=2.47e-04 | 4818 tok/s (avg 4802) ETA n/a | GPU 2.1/8.1GB | gtok=146243584
  [1] 8950 loss=4.1136 ppl=61.2 lr=2.47e-04 | 4820 tok/s (avg 4802) ETA n/a | GPU 2.1/8.1GB | gtok=146653184
  [1] 8975 loss=4.2959 ppl=73.4 lr=2.46e-04 | 4827 tok/s (avg 4802) ETA n/a | GPU 2.1/8.1GB | gtok=147062784
  [1] 9000 loss=4.3895 ppl=80.6 lr=2.46e-04 | 4819 tok/s (avg 4802) ETA n/a | GPU 2.1/8.1GB | gtok=147472384
  [1] 9025 loss=4.2178 ppl=67.9 lr=2.46e-04 | 4829 tok/s (avg 4802) ETA n/a | GPU 2.1/8.1GB | gtok=147881984
  [1] 9050 loss=4.3316 ppl=76.1 lr=2.46e-04 | 4823 tok/s (avg 4802) ETA n/a | GPU 2.1/8.1GB | gtok=148291584
  [1] 9075 loss=4.1585 ppl=64.0 lr=2.45e-04 | 4823 tok/s (avg 4802) ETA n/a | GPU 2.1/8.1GB | gtok=148701184
  [1] 9100 loss=4.4532 ppl=85.9 lr=2.45e-04 | 4824 tok/s (avg 4802) ETA n/a | GPU 2.1/8.1GB | gtok=149110784
  [1] 9125 loss=4.3246 ppl=75.5 lr=2.45e-04 | 4823 tok/s (avg 4802) ETA n/a | GPU 2.1/8.1GB | gtok=149520384
  [1] 9150 loss=4.2117 ppl=67.5 lr=2.44e-04 | 4830 tok/s (avg 4802) ETA n/a | GPU 2.1/8.1GB | gtok=149929984
  [1] 9175 loss=4.3348 ppl=76.3 lr=2.44e-04 | 4820 tok/s (avg 4802) ETA n/a | GPU 2.1/8.1GB | gtok=150339584
  [1] 9200 loss=4.2080 ppl=67.2 lr=2.44e-04 | 4833 tok/s (avg 4802) ETA n/a | GPU 2.1/8.1GB | gtok=150749184
  [1] 9225 loss=4.2474 ppl=69.9 lr=2.43e-04 | 4824 tok/s (avg 4802) ETA n/a | GPU 2.1/8.1GB | gtok=151158784
  [1] 9250 loss=4.2053 ppl=67.0 lr=2.43e-04 | 4826 tok/s (avg 4802) ETA n/a | GPU 2.1/8.1GB | gtok=151568384
  [1] 9275 loss=4.2309 ppl=68.8 lr=2.43e-04 | 4813 tok/s (avg 4802) ETA n/a | GPU 2.1/8.1GB | gtok=151977984
  [1] 9300 loss=4.2816 ppl=72.4 lr=2.43e-04 | 4825 tok/s (avg 4803) ETA n/a | GPU 2.1/8.1GB | gtok=152387584
  [1] 9325 loss=4.3350 ppl=76.3 lr=2.42e-04 | 4833 tok/s (avg 4803) ETA n/a | GPU 2.1/8.1GB | gtok=152797184
  [1] 9350 loss=4.2206 ppl=68.1 lr=2.42e-04 | 4816 tok/s (avg 4803) ETA n/a | GPU 2.1/8.1GB | gtok=153206784
  [1] 9375 loss=4.5312 ppl=92.9 lr=2.42e-04 | 4824 tok/s (avg 4803) ETA n/a | GPU 2.1/8.1GB | gtok=153616384
  [1] 9400 loss=4.4608 ppl=86.6 lr=2.41e-04 | 4831 tok/s (avg 4803) ETA n/a | GPU 2.1/8.1GB | gtok=154025984
  [1] 9425 loss=4.1701 ppl=64.7 lr=2.41e-04 | 4825 tok/s (avg 4803) ETA n/a | GPU 2.1/8.1GB | gtok=154435584
  [1] 9450 loss=4.3730 ppl=79.3 lr=2.41e-04 | 4817 tok/s (avg 4803) ETA n/a | GPU 2.1/8.1GB | gtok=154845184
  [1] 9475 loss=4.2135 ppl=67.6 lr=2.40e-04 | 4815 tok/s (avg 4803) ETA n/a | GPU 2.1/8.1GB | gtok=155254784
  [1] 9500 loss=4.2641 ppl=71.1 lr=2.40e-04 | 4813 tok/s (avg 4803) ETA n/a | GPU 2.1/8.1GB | gtok=155664384
  [1] 9525 loss=4.2068 ppl=67.1 lr=2.40e-04 | 4822 tok/s (avg 4803) ETA n/a | GPU 2.1/8.1GB | gtok=156073984
  [1] 9550 loss=4.3858 ppl=80.3 lr=2.39e-04 | 4825 tok/s (avg 4803) ETA n/a | GPU 2.1/8.1GB | gtok=156483584
  [1] 9575 loss=4.2450 ppl=69.8 lr=2.39e-04 | 4831 tok/s (avg 4803) ETA n/a | GPU 2.1/8.1GB | gtok=156893184
  [1] 9600 loss=4.3965 ppl=81.2 lr=2.39e-04 | 4841 tok/s (avg 4803) ETA n/a | GPU 2.1/8.1GB | gtok=157302784
  [1] 9625 loss=4.1390 ppl=62.7 lr=2.39e-04 | 4817 tok/s (avg 4803) ETA n/a | GPU 2.1/8.1GB | gtok=157712384
  [1] 9650 loss=4.2469 ppl=69.9 lr=2.38e-04 | 4819 tok/s (avg 4803) ETA n/a | GPU 2.1/8.1GB | gtok=158121984
  [1] 9675 loss=4.3408 ppl=76.8 lr=2.38e-04 | 4822 tok/s (avg 4803) ETA n/a | GPU 2.1/8.1GB | gtok=158531584
  [1] 9700 loss=4.3010 ppl=73.8 lr=2.38e-04 | 4839 tok/s (avg 4803) ETA n/a | GPU 2.1/8.1GB | gtok=158941184
  [1] 9725 loss=4.2170 ppl=67.8 lr=2.37e-04 | 4824 tok/s (avg 4803) ETA n/a | GPU 2.1/8.1GB | gtok=159350784
  [1] 9750 loss=4.0459 ppl=57.2 lr=2.37e-04 | 4825 tok/s (avg 4804) ETA n/a | GPU 2.1/8.1GB | gtok=159760384
  [1] 9775 loss=4.1741 ppl=65.0 lr=2.37e-04 | 4813 tok/s (avg 4804) ETA n/a | GPU 2.1/8.1GB | gtok=160169984
  [1] 9800 loss=4.2110 ppl=67.4 lr=2.36e-04 | 4811 tok/s (avg 4804) ETA n/a | GPU 2.1/8.1GB | gtok=160579584
  [1] 9825 loss=4.3497 ppl=77.5 lr=2.36e-04 | 4765 tok/s (avg 4803) ETA n/a | GPU 2.1/8.1GB | gtok=160989184
  [1] 9850 loss=4.4094 ppl=82.2 lr=2.36e-04 | 4750 tok/s (avg 4803) ETA n/a | GPU 2.1/8.1GB | gtok=161398784
  [1] 9875 loss=4.2014 ppl=66.8 lr=2.35e-04 | 4785 tok/s (avg 4803) ETA n/a | GPU 2.1/8.1GB | gtok=161808384
  [1] 9900 loss=4.1008 ppl=60.4 lr=2.35e-04 | 4802 tok/s (avg 4803) ETA n/a | GPU 2.1/8.1GB | gtok=162217984
  [1] 9925 loss=4.4507 ppl=85.7 lr=2.35e-04 | 4805 tok/s (avg 4803) ETA n/a | GPU 2.1/8.1GB | gtok=162627584
  [1] 9950 loss=4.1312 ppl=62.2 lr=2.34e-04 | 4824 tok/s (avg 4803) ETA n/a | GPU 2.1/8.1GB | gtok=163037184
  [1] 9975 loss=4.1341 ppl=62.4 lr=2.34e-04 | 4820 tok/s (avg 4803) ETA n/a | GPU 2.1/8.1GB | gtok=163446784
Saved checkpoint: checkpoints_v13/500m_v13_r1recipe/latest.pt
  [checkpoint @ step 10000, 163,840,000 tok]
  [1] 10000 loss=4.1671 ppl=64.5 lr=2.34e-04 | 4773 tok/s (avg 4803) ETA n/a | GPU 2.1/8.1GB | gtok=163856384
  [mid-epoch sample @ batch 10000, 163,856,384 tok]
  Prompt: In 1923, the University of
  Generated: In 1923, the University of Chicago was founded by Jean-Jacques Rousseau. It was also part of its founding father.
The idea that it is a part of human history is based on the human nature of human society. One of the main problems with this concept is to explain that there are some possible explanations for the existence and evolution of the world as well as a set of ideas that can be seen as the basis of natural phenomena (or “the real life”). There are many examples of this being
  [1] 10025 loss=4.1100 ppl=60.9 lr=2.33e-04 | 3941 tok/s (avg 4801) ETA n/a | GPU 2.1/8.1GB | gtok=164265984
  [1] 10050 loss=4.1964 ppl=66.4 lr=2.33e-04 | 4779 tok/s (avg 4801) ETA n/a | GPU 2.1/8.1GB | gtok=164675584
  [1] 10075 loss=4.0648 ppl=58.3 lr=2.33e-04 | 4802 tok/s (avg 4801) ETA n/a | GPU 2.1/8.1GB | gtok=165085184
  [1] 10100 loss=4.2841 ppl=72.5 lr=2.33e-04 | 4808 tok/s (avg 4801) ETA n/a | GPU 2.1/8.1GB | gtok=165494784
  [1] 10125 loss=4.1972 ppl=66.5 lr=2.32e-04 | 4783 tok/s (avg 4801) ETA n/a | GPU 2.1/8.1GB | gtok=165904384
  [1] 10150 loss=4.3710 ppl=79.1 lr=2.32e-04 | 4779 tok/s (avg 4801) ETA n/a | GPU 2.1/8.1GB | gtok=166313984
  [1] 10175 loss=4.0409 ppl=56.9 lr=2.32e-04 | 4757 tok/s (avg 4800) ETA n/a | GPU 2.1/8.1GB | gtok=166723584
  [1] 10200 loss=4.1105 ppl=61.0 lr=2.31e-04 | 4762 tok/s (avg 4800) ETA n/a | GPU 2.1/8.1GB | gtok=167133184
  [1] 10225 loss=4.0695 ppl=58.5 lr=2.31e-04 | 4767 tok/s (avg 4800) ETA n/a | GPU 2.1/8.1GB | gtok=167542784
  [1] 10250 loss=4.0863 ppl=59.5 lr=2.31e-04 | 4771 tok/s (avg 4800) ETA n/a | GPU 2.1/8.1GB | gtok=167952384
  [1] 10275 loss=4.2083 ppl=67.2 lr=2.30e-04 | 4781 tok/s (avg 4800) ETA n/a | GPU 2.1/8.1GB | gtok=168361984
  [1] 10300 loss=4.0623 ppl=58.1 lr=2.30e-04 | 4777 tok/s (avg 4800) ETA n/a | GPU 2.1/8.1GB | gtok=168771584
  [1] 10325 loss=4.2190 ppl=68.0 lr=2.30e-04 | 4777 tok/s (avg 4800) ETA n/a | GPU 2.1/8.1GB | gtok=169181184
  [1] 10350 loss=4.0378 ppl=56.7 lr=2.29e-04 | 4761 tok/s (avg 4800) ETA n/a | GPU 2.1/8.1GB | gtok=169590784
  [1] 10375 loss=4.3588 ppl=78.2 lr=2.29e-04 | 4781 tok/s (avg 4800) ETA n/a | GPU 2.1/8.1GB | gtok=170000384
  [1] 10400 loss=4.1297 ppl=62.2 lr=2.29e-04 | 4765 tok/s (avg 4800) ETA n/a | GPU 2.1/8.1GB | gtok=170409984
  [1] 10425 loss=4.2111 ppl=67.4 lr=2.28e-04 | 4782 tok/s (avg 4800) ETA n/a | GPU 2.1/8.1GB | gtok=170819584
  [1] 10450 loss=4.2204 ppl=68.1 lr=2.28e-04 | 4794 tok/s (avg 4800) ETA n/a | GPU 2.1/8.1GB | gtok=171229184
  [1] 10475 loss=4.1097 ppl=60.9 lr=2.28e-04 | 4787 tok/s (avg 4800) ETA n/a | GPU 2.1/8.1GB | gtok=171638784
  [1] 10500 loss=4.0672 ppl=58.4 lr=2.27e-04 | 4768 tok/s (avg 4800) ETA n/a | GPU 2.1/8.1GB | gtok=172048384
  [1] 10525 loss=4.2001 ppl=66.7 lr=2.27e-04 | 4764 tok/s (avg 4800) ETA n/a | GPU 2.1/8.1GB | gtok=172457984
  [1] 10550 loss=4.1306 ppl=62.2 lr=2.27e-04 | 4766 tok/s (avg 4799) ETA n/a | GPU 2.1/8.1GB | gtok=172867584
  [1] 10575 loss=4.1700 ppl=64.7 lr=2.26e-04 | 4826 tok/s (avg 4800) ETA n/a | GPU 2.1/8.1GB | gtok=173277184
  [1] 10600 loss=4.2072 ppl=67.2 lr=2.26e-04 | 4821 tok/s (avg 4800) ETA n/a | GPU 2.1/8.1GB | gtok=173686784
  [1] 10625 loss=4.1995 ppl=66.7 lr=2.26e-04 | 4796 tok/s (avg 4800) ETA n/a | GPU 2.1/8.1GB | gtok=174096384
  [1] 10650 loss=4.0394 ppl=56.8 lr=2.25e-04 | 4781 tok/s (avg 4800) ETA n/a | GPU 2.1/8.1GB | gtok=174505984
  [1] 10675 loss=4.4535 ppl=85.9 lr=2.25e-04 | 4791 tok/s (avg 4800) ETA n/a | GPU 2.1/8.1GB | gtok=174915584
  [1] 10700 loss=4.1242 ppl=61.8 lr=2.25e-04 | 4762 tok/s (avg 4799) ETA n/a | GPU 2.1/8.1GB | gtok=175325184
  [1] 10725 loss=4.2478 ppl=70.0 lr=2.24e-04 | 4789 tok/s (avg 4799) ETA n/a | GPU 2.1/8.1GB | gtok=175734784
  [1] 10750 loss=4.2018 ppl=66.8 lr=2.24e-04 | 4817 tok/s (avg 4799) ETA n/a | GPU 2.1/8.1GB | gtok=176144384
  [1] 10775 loss=4.3463 ppl=77.2 lr=2.24e-04 | 4824 tok/s (avg 4799) ETA n/a | GPU 2.1/8.1GB | gtok=176553984
  [1] 10800 loss=3.9997 ppl=54.6 lr=2.23e-04 | 4784 tok/s (avg 4799) ETA n/a | GPU 2.1/8.1GB | gtok=176963584
  [1] 10825 loss=4.0502 ppl=57.4 lr=2.23e-04 | 4762 tok/s (avg 4799) ETA n/a | GPU 2.1/8.1GB | gtok=177373184
  [1] 10850 loss=4.3418 ppl=76.8 lr=2.23e-04 | 4743 tok/s (avg 4799) ETA n/a | GPU 2.1/8.1GB | gtok=177782784
  [1] 10875 loss=4.1730 ppl=64.9 lr=2.22e-04 | 4754 tok/s (avg 4799) ETA n/a | GPU 2.1/8.1GB | gtok=178192384
  [1] 10900 loss=4.2372 ppl=69.2 lr=2.22e-04 | 4763 tok/s (avg 4799) ETA n/a | GPU 2.1/8.1GB | gtok=178601984
  [1] 10925 loss=4.2002 ppl=66.7 lr=2.22e-04 | 4789 tok/s (avg 4799) ETA n/a | GPU 2.1/8.1GB | gtok=179011584
  [1] 10950 loss=4.1388 ppl=62.7 lr=2.21e-04 | 4801 tok/s (avg 4799) ETA n/a | GPU 2.1/8.1GB | gtok=179421184
  [1] 10975 loss=4.1233 ppl=61.8 lr=2.21e-04 | 4774 tok/s (avg 4799) ETA n/a | GPU 2.1/8.1GB | gtok=179830784
  [1] 11000 loss=4.2370 ppl=69.2 lr=2.21e-04 | 4779 tok/s (avg 4799) ETA n/a | GPU 2.1/8.1GB | gtok=180240384
  [1] 11025 loss=4.2458 ppl=69.8 lr=2.20e-04 | 4743 tok/s (avg 4799) ETA n/a | GPU 2.1/8.1GB | gtok=180649984
  [1] 11050 loss=4.1017 ppl=60.4 lr=2.20e-04 | 4768 tok/s (avg 4799) ETA n/a | GPU 2.1/8.1GB | gtok=181059584
  [1] 11075 loss=4.1588 ppl=64.0 lr=2.20e-04 | 4782 tok/s (avg 4799) ETA n/a | GPU 2.1/8.1GB | gtok=181469184
  [1] 11100 loss=4.4242 ppl=83.4 lr=2.19e-04 | 4776 tok/s (avg 4799) ETA n/a | GPU 2.1/8.1GB | gtok=181878784
  [1] 11125 loss=4.2847 ppl=72.6 lr=2.19e-04 | 4761 tok/s (avg 4799) ETA n/a | GPU 2.1/8.1GB | gtok=182288384
  [1] 11150 loss=4.0255 ppl=56.0 lr=2.19e-04 | 4776 tok/s (avg 4799) ETA n/a | GPU 2.1/8.1GB | gtok=182697984
  [1] 11175 loss=4.1479 ppl=63.3 lr=2.18e-04 | 4775 tok/s (avg 4798) ETA n/a | GPU 2.1/8.1GB | gtok=183107584
  [1] 11200 loss=4.1501 ppl=63.4 lr=2.18e-04 | 4794 tok/s (avg 4798) ETA n/a | GPU 2.1/8.1GB | gtok=183517184
  [1] 11225 loss=4.1479 ppl=63.3 lr=2.17e-04 | 4767 tok/s (avg 4798) ETA n/a | GPU 2.1/8.1GB | gtok=183926784
  [1] 11250 loss=4.1524 ppl=63.6 lr=2.17e-04 | 4783 tok/s (avg 4798) ETA n/a | GPU 2.1/8.1GB | gtok=184336384
  [1] 11275 loss=3.8821 ppl=48.5 lr=2.17e-04 | 4759 tok/s (avg 4798) ETA n/a | GPU 2.1/8.1GB | gtok=184745984
  [1] 11300 loss=4.1753 ppl=65.1 lr=2.16e-04 | 4769 tok/s (avg 4798) ETA n/a | GPU 2.1/8.1GB | gtok=185155584
  [1] 11325 loss=4.3456 ppl=77.1 lr=2.16e-04 | 4769 tok/s (avg 4798) ETA n/a | GPU 2.1/8.1GB | gtok=185565184
  [1] 11350 loss=4.3317 ppl=76.1 lr=2.16e-04 | 4753 tok/s (avg 4798) ETA n/a | GPU 2.1/8.1GB | gtok=185974784
  [1] 11375 loss=4.3365 ppl=76.4 lr=2.15e-04 | 4783 tok/s (avg 4798) ETA n/a | GPU 2.1/8.1GB | gtok=186384384
  [1] 11400 loss=4.2269 ppl=68.5 lr=2.15e-04 | 4751 tok/s (avg 4798) ETA n/a | GPU 2.1/8.1GB | gtok=186793984
  [1] 11425 loss=4.0407 ppl=56.9 lr=2.15e-04 | 4758 tok/s (avg 4798) ETA n/a | GPU 2.1/8.1GB | gtok=187203584
  [1] 11450 loss=4.0167 ppl=55.5 lr=2.14e-04 | 4789 tok/s (avg 4798) ETA n/a | GPU 2.1/8.1GB | gtok=187613184
  [1] 11475 loss=4.2582 ppl=70.7 lr=2.14e-04 | 4794 tok/s (avg 4798) ETA n/a | GPU 2.1/8.1GB | gtok=188022784
  [1] 11500 loss=4.0845 ppl=59.4 lr=2.14e-04 | 4783 tok/s (avg 4798) ETA n/a | GPU 2.1/8.1GB | gtok=188432384
  [1] 11525 loss=4.2542 ppl=70.4 lr=2.13e-04 | 4774 tok/s (avg 4798) ETA n/a | GPU 2.1/8.1GB | gtok=188841984
  [1] 11550 loss=4.2580 ppl=70.7 lr=2.13e-04 | 4748 tok/s (avg 4798) ETA n/a | GPU 2.1/8.1GB | gtok=189251584
  [1] 11575 loss=4.1926 ppl=66.2 lr=2.13e-04 | 4759 tok/s (avg 4797) ETA n/a | GPU 2.1/8.1GB | gtok=189661184
  [1] 11600 loss=4.1039 ppl=60.6 lr=2.12e-04 | 4752 tok/s (avg 4797) ETA n/a | GPU 2.1/8.1GB | gtok=190070784
  [1] 11625 loss=4.3094 ppl=74.4 lr=2.12e-04 | 4733 tok/s (avg 4797) ETA n/a | GPU 2.1/8.1GB | gtok=190480384
  [1] 11650 loss=4.0080 ppl=55.0 lr=2.12e-04 | 4746 tok/s (avg 4797) ETA n/a | GPU 2.1/8.1GB | gtok=190889984
  [1] 11675 loss=4.0118 ppl=55.2 lr=2.11e-04 | 4806 tok/s (avg 4797) ETA n/a | GPU 2.1/8.1GB | gtok=191299584
  [1] 11700 loss=4.0894 ppl=59.7 lr=2.11e-04 | 4827 tok/s (avg 4797) ETA n/a | GPU 2.1/8.1GB | gtok=191709184
  [1] 11725 loss=4.2472 ppl=69.9 lr=2.10e-04 | 4835 tok/s (avg 4797) ETA n/a | GPU 2.1/8.1GB | gtok=192118784
  [1] 11750 loss=4.2021 ppl=66.8 lr=2.10e-04 | 4821 tok/s (avg 4797) ETA n/a | GPU 2.1/8.1GB | gtok=192528384
  [1] 11775 loss=3.9663 ppl=52.8 lr=2.10e-04 | 4822 tok/s (avg 4797) ETA n/a | GPU 2.1/8.1GB | gtok=192937984
  [1] 11800 loss=4.1345 ppl=62.5 lr=2.09e-04 | 4827 tok/s (avg 4797) ETA n/a | GPU 2.1/8.1GB | gtok=193347584
  [1] 11825 loss=3.9481 ppl=51.8 lr=2.09e-04 | 4824 tok/s (avg 4798) ETA n/a | GPU 2.1/8.1GB | gtok=193757184
  [1] 11850 loss=4.1495 ppl=63.4 lr=2.09e-04 | 4833 tok/s (avg 4798) ETA n/a | GPU 2.1/8.1GB | gtok=194166784
  [1] 11875 loss=4.2618 ppl=70.9 lr=2.08e-04 | 4839 tok/s (avg 4798) ETA n/a | GPU 2.1/8.1GB | gtok=194576384
  [1] 11900 loss=4.2578 ppl=70.7 lr=2.08e-04 | 4838 tok/s (avg 4798) ETA n/a | GPU 2.1/8.1GB | gtok=194985984
  [1] 11925 loss=4.3520 ppl=77.6 lr=2.08e-04 | 4839 tok/s (avg 4798) ETA n/a | GPU 2.1/8.1GB | gtok=195395584
  [1] 11950 loss=4.0729 ppl=58.7 lr=2.07e-04 | 4825 tok/s (avg 4798) ETA n/a | GPU 2.1/8.1GB | gtok=195805184
  [1] 11975 loss=4.0663 ppl=58.3 lr=2.07e-04 | 4826 tok/s (avg 4798) ETA n/a | GPU 2.1/8.1GB | gtok=196214784
  [1] 12000 loss=4.2695 ppl=71.5 lr=2.07e-04 | 4838 tok/s (avg 4798) ETA n/a | GPU 2.1/8.1GB | gtok=196624384
  [1] 12025 loss=4.1247 ppl=61.8 lr=2.06e-04 | 4818 tok/s (avg 4798) ETA n/a | GPU 2.1/8.1GB | gtok=197033984
  [1] 12050 loss=4.0673 ppl=58.4 lr=2.06e-04 | 4772 tok/s (avg 4798) ETA n/a | GPU 2.1/8.1GB | gtok=197443584
  [1] 12075 loss=4.1789 ppl=65.3 lr=2.06e-04 | 4790 tok/s (avg 4798) ETA n/a | GPU 2.1/8.1GB | gtok=197853184
  [1] 12100 loss=4.0918 ppl=59.8 lr=2.05e-04 | 4817 tok/s (avg 4798) ETA n/a | GPU 2.1/8.1GB | gtok=198262784
  [1] 12125 loss=4.1888 ppl=65.9 lr=2.05e-04 | 4830 tok/s (avg 4798) ETA n/a | GPU 2.1/8.1GB | gtok=198672384
  [1] 12150 loss=3.9954 ppl=54.3 lr=2.04e-04 | 4833 tok/s (avg 4798) ETA n/a | GPU 2.1/8.1GB | gtok=199081984
  [1] 12175 loss=4.2515 ppl=70.2 lr=2.04e-04 | 4827 tok/s (avg 4798) ETA n/a | GPU 2.1/8.1GB | gtok=199491584
  [1] 12200 loss=4.1202 ppl=61.6 lr=2.04e-04 | 4832 tok/s (avg 4798) ETA n/a | GPU 2.1/8.1GB | gtok=199901184
  [1] 12225 loss=4.3736 ppl=79.3 lr=2.03e-04 | 4839 tok/s (avg 4798) ETA n/a | GPU 2.1/8.1GB | gtok=200310784
  [1] 12250 loss=4.1727 ppl=64.9 lr=2.03e-04 | 4830 tok/s (avg 4798) ETA n/a | GPU 2.1/8.1GB | gtok=200720384
  [1] 12275 loss=4.0651 ppl=58.3 lr=2.03e-04 | 4812 tok/s (avg 4798) ETA n/a | GPU 2.1/8.1GB | gtok=201129984
  [1] 12300 loss=4.2885 ppl=72.9 lr=2.02e-04 | 4804 tok/s (avg 4799) ETA n/a | GPU 2.1/8.1GB | gtok=201539584
  [1] 12325 loss=4.2326 ppl=68.9 lr=2.02e-04 | 4813 tok/s (avg 4799) ETA n/a | GPU 2.1/8.1GB | gtok=201949184
  [1] 12350 loss=4.2074 ppl=67.2 lr=2.02e-04 | 4781 tok/s (avg 4799) ETA n/a | GPU 2.1/8.1GB | gtok=202358784
  [1] 12375 loss=4.0013 ppl=54.7 lr=2.01e-04 | 4823 tok/s (avg 4799) ETA n/a | GPU 2.1/8.1GB | gtok=202768384
  [1] 12400 loss=4.0601 ppl=58.0 lr=2.01e-04 | 4819 tok/s (avg 4799) ETA n/a | GPU 2.1/8.1GB | gtok=203177984
  [1] 12425 loss=4.2525 ppl=70.3 lr=2.00e-04 | 4832 tok/s (avg 4799) ETA n/a | GPU 2.1/8.1GB | gtok=203587584
  [1] 12450 loss=4.0786 ppl=59.1 lr=2.00e-04 | 4844 tok/s (avg 4799) ETA n/a | GPU 2.1/8.1GB | gtok=203997184
  [1] 12475 loss=4.0272 ppl=56.1 lr=2.00e-04 | 4846 tok/s (avg 4799) ETA n/a | GPU 2.1/8.1GB | gtok=204406784
  [1] 12500 loss=4.2642 ppl=71.1 lr=1.99e-04 | 4831 tok/s (avg 4799) ETA n/a | GPU 2.1/8.1GB | gtok=204816384
  [1] 12525 loss=4.2433 ppl=69.6 lr=1.99e-04 | 4832 tok/s (avg 4799) ETA n/a | GPU 2.1/8.1GB | gtok=205225984
  [1] 12550 loss=4.2398 ppl=69.4 lr=1.99e-04 | 4834 tok/s (avg 4799) ETA n/a | GPU 2.1/8.1GB | gtok=205635584
  [1] 12575 loss=4.0266 ppl=56.1 lr=1.98e-04 | 4843 tok/s (avg 4799) ETA n/a | GPU 2.1/8.1GB | gtok=206045184
  [1] 12600 loss=4.1120 ppl=61.1 lr=1.98e-04 | 4854 tok/s (avg 4799) ETA n/a | GPU 2.1/8.1GB | gtok=206454784
  [1] 12625 loss=4.2098 ppl=67.3 lr=1.98e-04 | 4836 tok/s (avg 4799) ETA n/a | GPU 2.1/8.1GB | gtok=206864384
  [1] 12650 loss=4.1587 ppl=64.0 lr=1.97e-04 | 4837 tok/s (avg 4799) ETA n/a | GPU 2.1/8.1GB | gtok=207273984
  [1] 12675 loss=4.1814 ppl=65.5 lr=1.97e-04 | 4841 tok/s (avg 4799) ETA n/a | GPU 2.1/8.1GB | gtok=207683584
  [1] 12700 loss=4.2299 ppl=68.7 lr=1.96e-04 | 4827 tok/s (avg 4800) ETA n/a | GPU 2.1/8.1GB | gtok=208093184
  [1] 12725 loss=4.0869 ppl=59.6 lr=1.96e-04 | 4843 tok/s (avg 4800) ETA n/a | GPU 2.1/8.1GB | gtok=208502784
  [1] 12750 loss=4.1395 ppl=62.8 lr=1.96e-04 | 4854 tok/s (avg 4800) ETA n/a | GPU 2.1/8.1GB | gtok=208912384
  [1] 12775 loss=4.1985 ppl=66.6 lr=1.95e-04 | 4841 tok/s (avg 4800) ETA n/a | GPU 2.1/8.1GB | gtok=209321984
  [1] 12800 loss=4.2938 ppl=73.2 lr=1.95e-04 | 4843 tok/s (avg 4800) ETA n/a | GPU 2.1/8.1GB | gtok=209731584
  [1] 12825 loss=4.1319 ppl=62.3 lr=1.95e-04 | 4832 tok/s (avg 4800) ETA n/a | GPU 2.1/8.1GB | gtok=210141184
  [1] 12850 loss=4.0908 ppl=59.8 lr=1.94e-04 | 4828 tok/s (avg 4800) ETA n/a | GPU 2.1/8.1GB | gtok=210550784
  [1] 12875 loss=4.1659 ppl=64.5 lr=1.94e-04 | 4821 tok/s (avg 4800) ETA n/a | GPU 2.1/8.1GB | gtok=210960384
  [1] 12900 loss=3.9651 ppl=52.7 lr=1.93e-04 | 4825 tok/s (avg 4800) ETA n/a | GPU 2.1/8.1GB | gtok=211369984
  [1] 12925 loss=4.0055 ppl=54.9 lr=1.93e-04 | 4815 tok/s (avg 4800) ETA n/a | GPU 2.1/8.1GB | gtok=211779584
  [1] 12950 loss=4.0601 ppl=58.0 lr=1.93e-04 | 4837 tok/s (avg 4800) ETA n/a | GPU 2.1/8.1GB | gtok=212189184
  [1] 12975 loss=4.0821 ppl=59.3 lr=1.92e-04 | 4830 tok/s (avg 4800) ETA n/a | GPU 2.1/8.1GB | gtok=212598784
  [1] 13000 loss=3.9780 ppl=53.4 lr=1.92e-04 | 4829 tok/s (avg 4800) ETA n/a | GPU 2.1/8.1GB | gtok=213008384
  [1] 13025 loss=4.0767 ppl=59.0 lr=1.92e-04 | 4850 tok/s (avg 4800) ETA n/a | GPU 2.1/8.1GB | gtok=213417984
  [1] 13050 loss=4.1155 ppl=61.3 lr=1.91e-04 | 4853 tok/s (avg 4800) ETA n/a | GPU 2.1/8.1GB | gtok=213827584
  [1] 13075 loss=4.1753 ppl=65.1 lr=1.91e-04 | 4814 tok/s (avg 4801) ETA n/a | GPU 2.1/8.1GB | gtok=214237184
  [1] 13100 loss=4.0686 ppl=58.5 lr=1.91e-04 | 4825 tok/s (avg 4801) ETA n/a | GPU 2.1/8.1GB | gtok=214646784
  [1] 13125 loss=4.0465 ppl=57.2 lr=1.90e-04 | 4821 tok/s (avg 4801) ETA n/a | GPU 2.1/8.1GB | gtok=215056384
  [1] 13150 loss=4.2642 ppl=71.1 lr=1.90e-04 | 4831 tok/s (avg 4801) ETA n/a | GPU 2.1/8.1GB | gtok=215465984
  [1] 13175 loss=4.2845 ppl=72.6 lr=1.89e-04 | 4823 tok/s (avg 4801) ETA n/a | GPU 2.1/8.1GB | gtok=215875584
  [1] 13200 loss=4.2353 ppl=69.1 lr=1.89e-04 | 4830 tok/s (avg 4801) ETA n/a | GPU 2.1/8.1GB | gtok=216285184
  [1] 13225 loss=4.3078 ppl=74.3 lr=1.89e-04 | 4824 tok/s (avg 4801) ETA n/a | GPU 2.1/8.1GB | gtok=216694784
  [1] 13250 loss=4.0959 ppl=60.1 lr=1.88e-04 | 4818 tok/s (avg 4801) ETA n/a | GPU 2.1/8.1GB | gtok=217104384
  [1] 13275 loss=4.0754 ppl=58.9 lr=1.88e-04 | 4830 tok/s (avg 4801) ETA n/a | GPU 2.1/8.1GB | gtok=217513984
  [1] 13300 loss=4.0874 ppl=59.6 lr=1.88e-04 | 4825 tok/s (avg 4801) ETA n/a | GPU 2.1/8.1GB | gtok=217923584
  [1] 13325 loss=4.2620 ppl=71.0 lr=1.87e-04 | 4824 tok/s (avg 4801) ETA n/a | GPU 2.1/8.1GB | gtok=218333184
  [1] 13350 loss=4.1603 ppl=64.1 lr=1.87e-04 | 4836 tok/s (avg 4801) ETA n/a | GPU 2.1/8.1GB | gtok=218742784
  [1] 13375 loss=4.0094 ppl=55.1 lr=1.86e-04 | 4835 tok/s (avg 4801) ETA n/a | GPU 2.1/8.1GB | gtok=219152384
  [1] 13400 loss=4.0289 ppl=56.2 lr=1.86e-04 | 4821 tok/s (avg 4801) ETA n/a | GPU 2.1/8.1GB | gtok=219561984
  [1] 13425 loss=4.4238 ppl=83.4 lr=1.86e-04 | 4824 tok/s (avg 4801) ETA n/a | GPU 2.1/8.1GB | gtok=219971584
  [1] 13450 loss=4.0660 ppl=58.3 lr=1.85e-04 | 4830 tok/s (avg 4801) ETA n/a | GPU 2.1/8.1GB | gtok=220381184
  [1] 13475 loss=4.1125 ppl=61.1 lr=1.85e-04 | 4836 tok/s (avg 4801) ETA n/a | GPU 2.1/8.1GB | gtok=220790784
  [1] 13500 loss=3.9699 ppl=53.0 lr=1.85e-04 | 4821 tok/s (avg 4801) ETA n/a | GPU 2.1/8.1GB | gtok=221200384
  [1] 13525 loss=4.1923 ppl=66.2 lr=1.84e-04 | 4831 tok/s (avg 4801) ETA n/a | GPU 2.1/8.1GB | gtok=221609984
  [1] 13550 loss=4.1642 ppl=64.3 lr=1.84e-04 | 4829 tok/s (avg 4801) ETA n/a | GPU 2.1/8.1GB | gtok=222019584
  [1] 13575 loss=4.2359 ppl=69.1 lr=1.83e-04 | 4824 tok/s (avg 4801) ETA n/a | GPU 2.1/8.1GB | gtok=222429184
  [1] 13600 loss=4.1784 ppl=65.3 lr=1.83e-04 | 4820 tok/s (avg 4802) ETA n/a | GPU 2.1/8.1GB | gtok=222838784
  [1] 13625 loss=4.3277 ppl=75.8 lr=1.83e-04 | 4831 tok/s (avg 4802) ETA n/a | GPU 2.1/8.1GB | gtok=223248384
  [1] 13650 loss=4.1521 ppl=63.6 lr=1.82e-04 | 4835 tok/s (avg 4802) ETA n/a | GPU 2.1/8.1GB | gtok=223657984
  [1] 13675 loss=4.3955 ppl=81.1 lr=1.82e-04 | 4829 tok/s (avg 4802) ETA n/a | GPU 2.1/8.1GB | gtok=224067584
  [1] 13700 loss=4.2270 ppl=68.5 lr=1.82e-04 | 4835 tok/s (avg 4802) ETA n/a | GPU 2.1/8.1GB | gtok=224477184
  [1] 13725 loss=3.9858 ppl=53.8 lr=1.81e-04 | 4839 tok/s (avg 4802) ETA n/a | GPU 2.1/8.1GB | gtok=224886784
  [1] 13750 loss=4.3762 ppl=79.5 lr=1.81e-04 | 4821 tok/s (avg 4802) ETA n/a | GPU 2.1/8.1GB | gtok=225296384
  [1] 13775 loss=4.0742 ppl=58.8 lr=1.80e-04 | 4805 tok/s (avg 4802) ETA n/a | GPU 2.1/8.1GB | gtok=225705984
  [1] 13800 loss=4.0042 ppl=54.8 lr=1.80e-04 | 4802 tok/s (avg 4802) ETA n/a | GPU 2.1/8.1GB | gtok=226115584
  [1] 13825 loss=4.2449 ppl=69.7 lr=1.80e-04 | 4815 tok/s (avg 4802) ETA n/a | GPU 2.1/8.1GB | gtok=226525184
  [1] 13850 loss=4.1776 ppl=65.2 lr=1.79e-04 | 4818 tok/s (avg 4802) ETA n/a | GPU 2.1/8.1GB | gtok=226934784
  [1] 13875 loss=4.2524 ppl=70.3 lr=1.79e-04 | 4818 tok/s (avg 4802) ETA n/a | GPU 2.1/8.1GB | gtok=227344384
  [1] 13900 loss=4.0710 ppl=58.6 lr=1.79e-04 | 4829 tok/s (avg 4802) ETA n/a | GPU 2.1/8.1GB | gtok=227753984
  [1] 13925 loss=4.2147 ppl=67.7 lr=1.78e-04 | 4823 tok/s (avg 4802) ETA n/a | GPU 2.1/8.1GB | gtok=228163584
  [1] 13950 loss=4.0880 ppl=59.6 lr=1.78e-04 | 4824 tok/s (avg 4802) ETA n/a | GPU 2.1/8.1GB | gtok=228573184
  [1] 13975 loss=4.0582 ppl=57.9 lr=1.77e-04 | 4825 tok/s (avg 4802) ETA n/a | GPU 2.1/8.1GB | gtok=228982784
  [1] 14000 loss=4.0519 ppl=57.5 lr=1.77e-04 | 4829 tok/s (avg 4802) ETA n/a | GPU 2.1/8.1GB | gtok=229392384
  [1] 14025 loss=4.1949 ppl=66.3 lr=1.77e-04 | 4822 tok/s (avg 4802) ETA n/a | GPU 2.1/8.1GB | gtok=229801984
  [1] 14050 loss=4.2702 ppl=71.5 lr=1.76e-04 | 4835 tok/s (avg 4802) ETA n/a | GPU 2.1/8.1GB | gtok=230211584
  [1] 14075 loss=4.2048 ppl=67.0 lr=1.76e-04 | 4832 tok/s (avg 4802) ETA n/a | GPU 2.1/8.1GB | gtok=230621184
  [1] 14100 loss=4.2517 ppl=70.2 lr=1.75e-04 | 4843 tok/s (avg 4802) ETA n/a | GPU 2.1/8.1GB | gtok=231030784
  [1] 14125 loss=4.2868 ppl=72.7 lr=1.75e-04 | 4834 tok/s (avg 4802) ETA n/a | GPU 2.1/8.1GB | gtok=231440384
  [1] 14150 loss=4.0063 ppl=54.9 lr=1.75e-04 | 4841 tok/s (avg 4802) ETA n/a | GPU 2.1/8.1GB | gtok=231849984
  [1] 14175 loss=4.2230 ppl=68.2 lr=1.74e-04 | 4834 tok/s (avg 4803) ETA n/a | GPU 2.1/8.1GB | gtok=232259584
  [1] 14200 loss=4.1406 ppl=62.8 lr=1.74e-04 | 4820 tok/s (avg 4803) ETA n/a | GPU 2.1/8.1GB | gtok=232669184
  [1] 14225 loss=4.1902 ppl=66.0 lr=1.74e-04 | 4838 tok/s (avg 4803) ETA n/a | GPU 2.1/8.1GB | gtok=233078784
  [1] 14250 loss=4.0128 ppl=55.3 lr=1.73e-04 | 4824 tok/s (avg 4803) ETA n/a | GPU 2.1/8.1GB | gtok=233488384
  [1] 14275 loss=4.0500 ppl=57.4 lr=1.73e-04 | 4831 tok/s (avg 4803) ETA n/a | GPU 2.1/8.1GB | gtok=233897984
  [1] 14300 loss=4.0159 ppl=55.5 lr=1.72e-04 | 4826 tok/s (avg 4803) ETA n/a | GPU 2.1/8.1GB | gtok=234307584
  [1] 14325 loss=4.2593 ppl=70.8 lr=1.72e-04 | 4836 tok/s (avg 4803) ETA n/a | GPU 2.1/8.1GB | gtok=234717184
  [1] 14350 loss=4.2664 ppl=71.3 lr=1.72e-04 | 4829 tok/s (avg 4803) ETA n/a | GPU 2.1/8.1GB | gtok=235126784
  [1] 14375 loss=4.0166 ppl=55.5 lr=1.71e-04 | 4830 tok/s (avg 4803) ETA n/a | GPU 2.1/8.1GB | gtok=235536384
  [1] 14400 loss=3.9390 ppl=51.4 lr=1.71e-04 | 4833 tok/s (avg 4803) ETA n/a | GPU 2.1/8.1GB | gtok=235945984
  [1] 14425 loss=4.1534 ppl=63.7 lr=1.71e-04 | 4826 tok/s (avg 4803) ETA n/a | GPU 2.1/8.1GB | gtok=236355584
  [1] 14450 loss=4.1006 ppl=60.4 lr=1.70e-04 | 4822 tok/s (avg 4803) ETA n/a | GPU 2.1/8.1GB | gtok=236765184
  [1] 14475 loss=4.1058 ppl=60.7 lr=1.70e-04 | 4827 tok/s (avg 4803) ETA n/a | GPU 2.1/8.1GB | gtok=237174784
  [1] 14500 loss=4.1664 ppl=64.5 lr=1.69e-04 | 4836 tok/s (avg 4803) ETA n/a | GPU 2.1/8.1GB | gtok=237584384
  [1] 14525 loss=4.1579 ppl=63.9 lr=1.69e-04 | 4843 tok/s (avg 4803) ETA n/a | GPU 2.1/8.1GB | gtok=237993984
  [1] 14550 loss=4.2139 ppl=67.6 lr=1.69e-04 | 4828 tok/s (avg 4803) ETA n/a | GPU 2.1/8.1GB | gtok=238403584
  [1] 14575 loss=4.2895 ppl=72.9 lr=1.68e-04 | 4834 tok/s (avg 4803) ETA n/a | GPU 2.1/8.1GB | gtok=238813184
  [1] 14600 loss=4.0965 ppl=60.1 lr=1.68e-04 | 4840 tok/s (avg 4803) ETA n/a | GPU 2.1/8.1GB | gtok=239222784
  [1] 14625 loss=4.1710 ppl=64.8 lr=1.67e-04 | 4827 tok/s (avg 4803) ETA n/a | GPU 2.1/8.1GB | gtok=239632384
  [1] 14650 loss=4.0783 ppl=59.0 lr=1.67e-04 | 4814 tok/s (avg 4803) ETA n/a | GPU 2.1/8.1GB | gtok=240041984
  [1] 14675 loss=4.1353 ppl=62.5 lr=1.67e-04 | 4832 tok/s (avg 4803) ETA n/a | GPU 2.1/8.1GB | gtok=240451584
  [1] 14700 loss=4.1750 ppl=65.0 lr=1.66e-04 | 4832 tok/s (avg 4804) ETA n/a | GPU 2.1/8.1GB | gtok=240861184
  [1] 14725 loss=4.0504 ppl=57.4 lr=1.66e-04 | 4825 tok/s (avg 4804) ETA n/a | GPU 2.1/8.1GB | gtok=241270784
  [1] 14750 loss=4.0867 ppl=59.5 lr=1.66e-04 | 4825 tok/s (avg 4804) ETA n/a | GPU 2.1/8.1GB | gtok=241680384
  [1] 14775 loss=4.1763 ppl=65.1 lr=1.65e-04 | 4818 tok/s (avg 4804) ETA n/a | GPU 2.1/8.1GB | gtok=242089984
  [1] 14800 loss=4.1584 ppl=64.0 lr=1.65e-04 | 4831 tok/s (avg 4804) ETA n/a | GPU 2.1/8.1GB | gtok=242499584
  [1] 14825 loss=4.0752 ppl=58.9 lr=1.64e-04 | 4848 tok/s (avg 4804) ETA n/a | GPU 2.1/8.1GB | gtok=242909184
  [1] 14850 loss=4.0502 ppl=57.4 lr=1.64e-04 | 4839 tok/s (avg 4804) ETA n/a | GPU 2.1/8.1GB | gtok=243318784
  [1] 14875 loss=3.9855 ppl=53.8 lr=1.64e-04 | 4850 tok/s (avg 4804) ETA n/a | GPU 2.1/8.1GB | gtok=243728384
  [1] 14900 loss=4.2823 ppl=72.4 lr=1.63e-04 | 4828 tok/s (avg 4804) ETA n/a | GPU 2.1/8.1GB | gtok=244137984
  [1] 14925 loss=4.0836 ppl=59.4 lr=1.63e-04 | 4836 tok/s (avg 4804) ETA n/a | GPU 2.1/8.1GB | gtok=244547584
  [1] 14950 loss=4.0565 ppl=57.8 lr=1.62e-04 | 4830 tok/s (avg 4804) ETA n/a | GPU 2.1/8.1GB | gtok=244957184
  [1] 14975 loss=4.2311 ppl=68.8 lr=1.62e-04 | 4839 tok/s (avg 4804) ETA n/a | GPU 2.1/8.1GB | gtok=245366784
Saved checkpoint: checkpoints_v13/500m_v13_r1recipe/latest.pt
  [checkpoint @ step 15000, 245,760,000 tok]
  [1] 15000 loss=4.2490 ppl=70.0 lr=1.62e-04 | 4788 tok/s (avg 4804) ETA n/a | GPU 2.1/8.1GB | gtok=245776384
  [mid-epoch sample @ batch 15000, 245,776,384 tok]
  Prompt: In 1923, the University of
  Generated: In 1923, the University of Illinois at St. Louis-Champaign visited a nearby county in an open field. The first field trip to Kansas was made by the Texas State University. In 1925, he began research and development at the University of Kentucky. During World War I, he went on to take the new route for the project, which he called “federalism” or ‘conversion.’
While there were no other problems in this field, it became clear that the concept was more complex
  [1] 15025 loss=4.1333 ppl=62.4 lr=1.61e-04 | 3954 tok/s (avg 4802) ETA n/a | GPU 2.1/8.1GB | gtok=246185984
  [1] 15050 loss=4.2135 ppl=67.6 lr=1.61e-04 | 4805 tok/s (avg 4802) ETA n/a | GPU 2.1/8.1GB | gtok=246595584
  [1] 15075 loss=4.0107 ppl=55.2 lr=1.61e-04 | 4820 tok/s (avg 4802) ETA n/a | GPU 2.1/8.1GB | gtok=247005184
  [1] 15100 loss=3.9960 ppl=54.4 lr=1.60e-04 | 4832 tok/s (avg 4802) ETA n/a | GPU 2.1/8.1GB | gtok=247414784
  [1] 15125 loss=4.2013 ppl=66.8 lr=1.60e-04 | 4844 tok/s (avg 4802) ETA n/a | GPU 2.1/8.1GB | gtok=247824384
  [1] 15150 loss=4.0730 ppl=58.7 lr=1.59e-04 | 4859 tok/s (avg 4803) ETA n/a | GPU 2.1/8.1GB | gtok=248233984
  [1] 15175 loss=4.3095 ppl=74.4 lr=1.59e-04 | 4875 tok/s (avg 4803) ETA n/a | GPU 2.1/8.1GB | gtok=248643584
  [1] 15200 loss=3.9982 ppl=54.5 lr=1.59e-04 | 4837 tok/s (avg 4803) ETA n/a | GPU 2.1/8.1GB | gtok=249053184
  [1] 15225 loss=4.1016 ppl=60.4 lr=1.58e-04 | 4833 tok/s (avg 4803) ETA n/a | GPU 2.1/8.1GB | gtok=249462784
  [1] 15250 loss=4.0786 ppl=59.1 lr=1.58e-04 | 4830 tok/s (avg 4803) ETA n/a | GPU 2.1/8.1GB | gtok=249872384
  [1] 15275 loss=3.9965 ppl=54.4 lr=1.57e-04 | 4818 tok/s (avg 4803) ETA n/a | GPU 2.1/8.1GB | gtok=250281984
  [1] 15300 loss=3.9911 ppl=54.1 lr=1.57e-04 | 4836 tok/s (avg 4803) ETA n/a | GPU 2.1/8.1GB | gtok=250691584
  [1] 15325 loss=4.1743 ppl=65.0 lr=1.57e-04 | 4829 tok/s (avg 4803) ETA n/a | GPU 2.1/8.1GB | gtok=251101184
  [1] 15350 loss=3.8356 ppl=46.3 lr=1.56e-04 | 4837 tok/s (avg 4803) ETA n/a | GPU 2.1/8.1GB | gtok=251510784
  [1] 15375 loss=4.0847 ppl=59.4 lr=1.56e-04 | 4824 tok/s (avg 4803) ETA n/a | GPU 2.1/8.1GB | gtok=251920384
  [1] 15400 loss=4.1339 ppl=62.4 lr=1.56e-04 | 4840 tok/s (avg 4803) ETA n/a | GPU 2.1/8.1GB | gtok=252329984
  [1] 15425 loss=4.0950 ppl=60.0 lr=1.55e-04 | 4824 tok/s (avg 4803) ETA n/a | GPU 2.1/8.1GB | gtok=252739584
  [1] 15450 loss=4.1316 ppl=62.3 lr=1.55e-04 | 4833 tok/s (avg 4803) ETA n/a | GPU 2.1/8.1GB | gtok=253149184
  [1] 15475 loss=3.9431 ppl=51.6 lr=1.54e-04 | 4826 tok/s (avg 4803) ETA n/a | GPU 2.1/8.1GB | gtok=253558784
  [1] 15500 loss=4.1053 ppl=60.7 lr=1.54e-04 | 4799 tok/s (avg 4803) ETA n/a | GPU 2.1/8.1GB | gtok=253968384
  [1] 15525 loss=3.9278 ppl=50.8 lr=1.54e-04 | 4819 tok/s (avg 4803) ETA n/a | GPU 2.1/8.1GB | gtok=254377984
  [1] 15550 loss=4.1290 ppl=62.1 lr=1.53e-04 | 4849 tok/s (avg 4803) ETA n/a | GPU 2.1/8.1GB | gtok=254787584
  [1] 15575 loss=4.2046 ppl=67.0 lr=1.53e-04 | 4852 tok/s (avg 4803) ETA n/a | GPU 2.1/8.1GB | gtok=255197184
  [1] 15600 loss=4.1510 ppl=63.5 lr=1.52e-04 | 4832 tok/s (avg 4803) ETA n/a | GPU 2.1/8.1GB | gtok=255606784
  [1] 15625 loss=4.1105 ppl=61.0 lr=1.52e-04 | 4855 tok/s (avg 4803) ETA n/a | GPU 2.1/8.1GB | gtok=256016384
  [1] 15650 loss=4.2736 ppl=71.8 lr=1.52e-04 | 4850 tok/s (avg 4804) ETA n/a | GPU 2.1/8.1GB | gtok=256425984
  [1] 15675 loss=4.0092 ppl=55.1 lr=1.51e-04 | 4843 tok/s (avg 4804) ETA n/a | GPU 2.1/8.1GB | gtok=256835584
  [1] 15700 loss=4.1284 ppl=62.1 lr=1.51e-04 | 4848 tok/s (avg 4804) ETA n/a | GPU 2.1/8.1GB | gtok=257245184
  [1] 15725 loss=4.2439 ppl=69.7 lr=1.51e-04 | 4845 tok/s (avg 4804) ETA n/a | GPU 2.1/8.1GB | gtok=257654784
  [1] 15750 loss=4.0374 ppl=56.7 lr=1.50e-04 | 4844 tok/s (avg 4804) ETA n/a | GPU 2.1/8.1GB | gtok=258064384
  [1] 15775 loss=4.0124 ppl=55.3 lr=1.50e-04 | 4850 tok/s (avg 4804) ETA n/a | GPU 2.1/8.1GB | gtok=258473984
  [1] 15800 loss=4.1042 ppl=60.6 lr=1.49e-04 | 4850 tok/s (avg 4804) ETA n/a | GPU 2.1/8.1GB | gtok=258883584
  [1] 15825 loss=3.9702 ppl=53.0 lr=1.49e-04 | 4853 tok/s (avg 4804) ETA n/a | GPU 2.1/8.1GB | gtok=259293184
  [1] 15850 loss=4.0824 ppl=59.3 lr=1.49e-04 | 4845 tok/s (avg 4804) ETA n/a | GPU 2.1/8.1GB | gtok=259702784
  [1] 15875 loss=3.9627 ppl=52.6 lr=1.48e-04 | 4842 tok/s (avg 4804) ETA n/a | GPU 2.1/8.1GB | gtok=260112384
  [1] 15900 loss=4.1085 ppl=60.9 lr=1.48e-04 | 4844 tok/s (avg 4804) ETA n/a | GPU 2.1/8.1GB | gtok=260521984
  [1] 15925 loss=4.1056 ppl=60.7 lr=1.47e-04 | 4840 tok/s (avg 4804) ETA n/a | GPU 2.1/8.1GB | gtok=260931584
  [1] 15950 loss=4.0745 ppl=58.8 lr=1.47e-04 | 4849 tok/s (avg 4804) ETA n/a | GPU 2.1/8.1GB | gtok=261341184
  [1] 15975 loss=4.0403 ppl=56.8 lr=1.47e-04 | 4851 tok/s (avg 4804) ETA n/a | GPU 2.1/8.1GB | gtok=261750784
  [1] 16000 loss=4.0469 ppl=57.2 lr=1.46e-04 | 4860 tok/s (avg 4805) ETA n/a | GPU 2.1/8.1GB | gtok=262160384
  [1] 16025 loss=4.1130 ppl=61.1 lr=1.46e-04 | 4860 tok/s (avg 4805) ETA n/a | GPU 2.1/8.1GB | gtok=262569984
  [1] 16050 loss=4.3739 ppl=79.4 lr=1.45e-04 | 4851 tok/s (avg 4805) ETA n/a | GPU 2.1/8.1GB | gtok=262979584
  [1] 16075 loss=3.9114 ppl=50.0 lr=1.45e-04 | 4851 tok/s (avg 4805) ETA n/a | GPU 2.1/8.1GB | gtok=263389184
  [1] 16100 loss=4.1377 ppl=62.7 lr=1.45e-04 | 4853 tok/s (avg 4805) ETA n/a | GPU 2.1/8.1GB | gtok=263798784
  [1] 16125 loss=4.2623 ppl=71.0 lr=1.44e-04 | 4847 tok/s (avg 4805) ETA n/a | GPU 2.1/8.1GB | gtok=264208384
  [1] 16150 loss=4.1202 ppl=61.6 lr=1.44e-04 | 4851 tok/s (avg 4805) ETA n/a | GPU 2.1/8.1GB | gtok=264617984
  [1] 16175 loss=4.1421 ppl=62.9 lr=1.44e-04 | 4843 tok/s (avg 4805) ETA n/a | GPU 2.1/8.1GB | gtok=265027584
  [1] 16200 loss=4.0746 ppl=58.8 lr=1.43e-04 | 4839 tok/s (avg 4805) ETA n/a | GPU 2.1/8.1GB | gtok=265437184
  [1] 16225 loss=4.1307 ppl=62.2 lr=1.43e-04 | 4851 tok/s (avg 4805) ETA n/a | GPU 2.1/8.1GB | gtok=265846784
  [1] 16250 loss=4.0435 ppl=57.0 lr=1.42e-04 | 4852 tok/s (avg 4805) ETA n/a | GPU 2.1/8.1GB | gtok=266256384
  [1] 16275 loss=4.2162 ppl=67.8 lr=1.42e-04 | 4845 tok/s (avg 4805) ETA n/a | GPU 2.1/8.1GB | gtok=266665984
  [1] 16300 loss=3.9128 ppl=50.0 lr=1.42e-04 | 4853 tok/s (avg 4805) ETA n/a | GPU 2.1/8.1GB | gtok=267075584
  [1] 16325 loss=3.9209 ppl=50.4 lr=1.41e-04 | 4848 tok/s (avg 4805) ETA n/a | GPU 2.1/8.1GB | gtok=267485184
  [1] 16350 loss=3.9715 ppl=53.1 lr=1.41e-04 | 4847 tok/s (avg 4805) ETA n/a | GPU 2.1/8.1GB | gtok=267894784
  [1] 16375 loss=4.0980 ppl=60.2 lr=1.40e-04 | 4856 tok/s (avg 4806) ETA n/a | GPU 2.1/8.1GB | gtok=268304384
  [1] 16400 loss=4.2016 ppl=66.8 lr=1.40e-04 | 4833 tok/s (avg 4806) ETA n/a | GPU 2.1/8.1GB | gtok=268713984
  [1] 16425 loss=4.0127 ppl=55.3 lr=1.40e-04 | 4848 tok/s (avg 4806) ETA n/a | GPU 2.1/8.1GB | gtok=269123584
  [1] 16450 loss=4.1882 ppl=65.9 lr=1.39e-04 | 4851 tok/s (avg 4806) ETA n/a | GPU 2.1/8.1GB | gtok=269533184
  [1] 16475 loss=4.1835 ppl=65.6 lr=1.39e-04 | 4845 tok/s (avg 4806) ETA n/a | GPU 2.1/8.1GB | gtok=269942784
  [1] 16500 loss=4.1169 ppl=61.4 lr=1.39e-04 | 4834 tok/s (avg 4806) ETA n/a | GPU 2.1/8.1GB | gtok=270352384
  [1] 16525 loss=4.1576 ppl=63.9 lr=1.38e-04 | 4859 tok/s (avg 4806) ETA n/a | GPU 2.1/8.1GB | gtok=270761984
  [1] 16550 loss=4.0323 ppl=56.4 lr=1.38e-04 | 4870 tok/s (avg 4806) ETA n/a | GPU 2.1/8.1GB | gtok=271171584
  [1] 16575 loss=4.3231 ppl=75.4 lr=1.37e-04 | 4861 tok/s (avg 4806) ETA n/a | GPU 2.1/8.1GB | gtok=271581184
  [1] 16600 loss=3.9812 ppl=53.6 lr=1.37e-04 | 4864 tok/s (avg 4806) ETA n/a | GPU 2.1/8.1GB | gtok=271990784
  [1] 16625 loss=4.0848 ppl=59.4 lr=1.37e-04 | 4858 tok/s (avg 4806) ETA n/a | GPU 2.1/8.1GB | gtok=272400384
  [1] 16650 loss=3.9861 ppl=53.8 lr=1.36e-04 | 4871 tok/s (avg 4806) ETA n/a | GPU 2.1/8.1GB | gtok=272809984
  [1] 16675 loss=3.9460 ppl=51.7 lr=1.36e-04 | 4843 tok/s (avg 4806) ETA n/a | GPU 2.1/8.1GB | gtok=273219584
  [1] 16700 loss=4.0006 ppl=54.6 lr=1.35e-04 | 4846 tok/s (avg 4806) ETA n/a | GPU 2.1/8.1GB | gtok=273629184
  [1] 16725 loss=3.9364 ppl=51.2 lr=1.35e-04 | 4851 tok/s (avg 4807) ETA n/a | GPU 2.1/8.1GB | gtok=274038784
  [1] 16750 loss=4.2442 ppl=69.7 lr=1.35e-04 | 4846 tok/s (avg 4807) ETA n/a | GPU 2.1/8.1GB | gtok=274448384
  [1] 16775 loss=3.9520 ppl=52.0 lr=1.34e-04 | 4850 tok/s (avg 4807) ETA n/a | GPU 2.1/8.1GB | gtok=274857984
  [1] 16800 loss=4.1008 ppl=60.4 lr=1.34e-04 | 4843 tok/s (avg 4807) ETA n/a | GPU 2.1/8.1GB | gtok=275267584
  [1] 16825 loss=4.0954 ppl=60.1 lr=1.34e-04 | 4851 tok/s (avg 4807) ETA n/a | GPU 2.1/8.1GB | gtok=275677184
  [1] 16850 loss=4.1275 ppl=62.0 lr=1.33e-04 | 4831 tok/s (avg 4807) ETA n/a | GPU 2.1/8.1GB | gtok=276086784
  [1] 16875 loss=3.8967 ppl=49.2 lr=1.33e-04 | 4847 tok/s (avg 4807) ETA n/a | GPU 2.1/8.1GB | gtok=276496384
  [1] 16900 loss=4.0760 ppl=58.9 lr=1.32e-04 | 4845 tok/s (avg 4807) ETA n/a | GPU 2.1/8.1GB | gtok=276905984
  [1] 16925 loss=4.1954 ppl=66.4 lr=1.32e-04 | 4845 tok/s (avg 4807) ETA n/a | GPU 2.1/8.1GB | gtok=277315584
  [1] 16950 loss=3.9053 ppl=49.7 lr=1.32e-04 | 4857 tok/s (avg 4807) ETA n/a | GPU 2.1/8.1GB | gtok=277725184
  [1] 16975 loss=4.1542 ppl=63.7 lr=1.31e-04 | 4851 tok/s (avg 4807) ETA n/a | GPU 2.1/8.1GB | gtok=278134784
  [1] 17000 loss=4.0063 ppl=54.9 lr=1.31e-04 | 4839 tok/s (avg 4807) ETA n/a | GPU 2.1/8.1GB | gtok=278544384
  [1] 17025 loss=4.0306 ppl=56.3 lr=1.30e-04 | 4852 tok/s (avg 4807) ETA n/a | GPU 2.1/8.1GB | gtok=278953984
  [1] 17050 loss=3.9590 ppl=52.4 lr=1.30e-04 | 4858 tok/s (avg 4807) ETA n/a | GPU 2.1/8.1GB | gtok=279363584
  [1] 17075 loss=3.9029 ppl=49.5 lr=1.30e-04 | 4864 tok/s (avg 4807) ETA n/a | GPU 2.1/8.1GB | gtok=279773184
  [1] 17100 loss=3.8945 ppl=49.1 lr=1.29e-04 | 4864 tok/s (avg 4807) ETA n/a | GPU 2.1/8.1GB | gtok=280182784
  [1] 17125 loss=3.8530 ppl=47.1 lr=1.29e-04 | 4866 tok/s (avg 4808) ETA n/a | GPU 2.1/8.1GB | gtok=280592384
  [1] 17150 loss=3.9802 ppl=53.5 lr=1.29e-04 | 4852 tok/s (avg 4808) ETA n/a | GPU 2.1/8.1GB | gtok=281001984
  [1] 17175 loss=4.0213 ppl=55.8 lr=1.28e-04 | 4848 tok/s (avg 4808) ETA n/a | GPU 2.1/8.1GB | gtok=281411584
  [1] 17200 loss=4.0508 ppl=57.4 lr=1.28e-04 | 4858 tok/s (avg 4808) ETA n/a | GPU 2.1/8.1GB | gtok=281821184
  [1] 17225 loss=3.9344 ppl=51.1 lr=1.27e-04 | 4845 tok/s (avg 4808) ETA n/a | GPU 2.1/8.1GB | gtok=282230784
  [1] 17250 loss=3.8601 ppl=47.5 lr=1.27e-04 | 4847 tok/s (avg 4808) ETA n/a | GPU 2.1/8.1GB | gtok=282640384
  [1] 17275 loss=4.1208 ppl=61.6 lr=1.27e-04 | 4827 tok/s (avg 4808) ETA n/a | GPU 2.1/8.1GB | gtok=283049984
  [1] 17300 loss=4.0606 ppl=58.0 lr=1.26e-04 | 4852 tok/s (avg 4808) ETA n/a | GPU 2.1/8.1GB | gtok=283459584
  [1] 17325 loss=4.0604 ppl=58.0 lr=1.26e-04 | 4860 tok/s (avg 4808) ETA n/a | GPU 2.1/8.1GB | gtok=283869184
  [1] 17350 loss=4.2804 ppl=72.3 lr=1.26e-04 | 4848 tok/s (avg 4808) ETA n/a | GPU 2.1/8.1GB | gtok=284278784
  [1] 17375 loss=4.0792 ppl=59.1 lr=1.25e-04 | 4853 tok/s (avg 4808) ETA n/a | GPU 2.1/8.1GB | gtok=284688384
  [1] 17400 loss=4.0969 ppl=60.2 lr=1.25e-04 | 4841 tok/s (avg 4808) ETA n/a | GPU 2.1/8.1GB | gtok=285097984
  [1] 17425 loss=4.2520 ppl=70.2 lr=1.24e-04 | 4852 tok/s (avg 4808) ETA n/a | GPU 2.1/8.1GB | gtok=285507584
  [1] 17450 loss=3.8176 ppl=45.5 lr=1.24e-04 | 4860 tok/s (avg 4808) ETA n/a | GPU 2.1/8.1GB | gtok=285917184
  [1] 17475 loss=3.9882 ppl=54.0 lr=1.24e-04 | 4855 tok/s (avg 4808) ETA n/a | GPU 2.1/8.1GB | gtok=286326784
  [1] 17500 loss=3.9779 ppl=53.4 lr=1.23e-04 | 4859 tok/s (avg 4808) ETA n/a | GPU 2.1/8.1GB | gtok=286736384
  [1] 17525 loss=4.1183 ppl=61.5 lr=1.23e-04 | 4869 tok/s (avg 4809) ETA n/a | GPU 2.1/8.1GB | gtok=287145984
  [1] 17550 loss=3.9871 ppl=53.9 lr=1.22e-04 | 4858 tok/s (avg 4809) ETA n/a | GPU 2.1/8.1GB | gtok=287555584
  [1] 17575 loss=4.1690 ppl=64.6 lr=1.22e-04 | 4846 tok/s (avg 4809) ETA n/a | GPU 2.1/8.1GB | gtok=287965184
  [1] 17600 loss=4.1033 ppl=60.5 lr=1.22e-04 | 4863 tok/s (avg 4809) ETA n/a | GPU 2.1/8.1GB | gtok=288374784
  [1] 17625 loss=4.3093 ppl=74.4 lr=1.21e-04 | 4855 tok/s (avg 4809) ETA n/a | GPU 2.1/8.1GB | gtok=288784384
  [1] 17650 loss=4.1975 ppl=66.5 lr=1.21e-04 | 4855 tok/s (avg 4809) ETA n/a | GPU 2.1/8.1GB | gtok=289193984
  [1] 17675 loss=3.9359 ppl=51.2 lr=1.21e-04 | 4858 tok/s (avg 4809) ETA n/a | GPU 2.1/8.1GB | gtok=289603584
  [1] 17700 loss=3.8990 ppl=49.4 lr=1.20e-04 | 4844 tok/s (avg 4809) ETA n/a | GPU 2.1/8.1GB | gtok=290013184
  [1] 17725 loss=4.2241 ppl=68.3 lr=1.20e-04 | 4851 tok/s (avg 4809) ETA n/a | GPU 2.1/8.1GB | gtok=290422784
  [1] 17750 loss=3.9218 ppl=50.5 lr=1.19e-04 | 4850 tok/s (avg 4809) ETA n/a | GPU 2.1/8.1GB | gtok=290832384
  [1] 17775 loss=3.9847 ppl=53.8 lr=1.19e-04 | 4844 tok/s (avg 4809) ETA n/a | GPU 2.1/8.1GB | gtok=291241984
  [1] 17800 loss=3.8850 ppl=48.7 lr=1.19e-04 | 4856 tok/s (avg 4809) ETA n/a | GPU 2.1/8.1GB | gtok=291651584
  [1] 17825 loss=4.3094 ppl=74.4 lr=1.18e-04 | 4865 tok/s (avg 4809) ETA n/a | GPU 2.1/8.1GB | gtok=292061184
  [1] 17850 loss=4.0585 ppl=57.9 lr=1.18e-04 | 4862 tok/s (avg 4809) ETA n/a | GPU 2.1/8.1GB | gtok=292470784
  [1] 17875 loss=4.0410 ppl=56.9 lr=1.18e-04 | 4862 tok/s (avg 4809) ETA n/a | GPU 2.1/8.1GB | gtok=292880384
  [1] 17900 loss=4.0093 ppl=55.1 lr=1.17e-04 | 4847 tok/s (avg 4809) ETA n/a | GPU 2.1/8.1GB | gtok=293289984
  [1] 17925 loss=4.0292 ppl=56.2 lr=1.17e-04 | 4842 tok/s (avg 4810) ETA n/a | GPU 2.1/8.1GB | gtok=293699584
  [1] 17950 loss=4.1174 ppl=61.4 lr=1.16e-04 | 4845 tok/s (avg 4810) ETA n/a | GPU 2.1/8.1GB | gtok=294109184
  [1] 17975 loss=4.3478 ppl=77.3 lr=1.16e-04 | 4851 tok/s (avg 4810) ETA n/a | GPU 2.1/8.1GB | gtok=294518784
  [1] 18000 loss=4.0906 ppl=59.8 lr=1.16e-04 | 4828 tok/s (avg 4810) ETA n/a | GPU 2.1/8.1GB | gtok=294928384
  [1] 18025 loss=4.0909 ppl=59.8 lr=1.15e-04 | 4848 tok/s (avg 4810) ETA n/a | GPU 2.1/8.1GB | gtok=295337984
  [1] 18050 loss=3.9922 ppl=54.2 lr=1.15e-04 | 4852 tok/s (avg 4810) ETA n/a | GPU 2.1/8.1GB | gtok=295747584
  [1] 18075 loss=3.8901 ppl=48.9 lr=1.15e-04 | 4828 tok/s (avg 4810) ETA n/a | GPU 2.1/8.1GB | gtok=296157184
  [1] 18100 loss=3.9579 ppl=52.3 lr=1.14e-04 | 4835 tok/s (avg 4810) ETA n/a | GPU 2.1/8.1GB | gtok=296566784
  [1] 18125 loss=3.9580 ppl=52.4 lr=1.14e-04 | 4842 tok/s (avg 4810) ETA n/a | GPU 2.1/8.1GB | gtok=296976384
  [1] 18150 loss=3.9836 ppl=53.7 lr=1.13e-04 | 4831 tok/s (avg 4810) ETA n/a | GPU 2.1/8.1GB | gtok=297385984
  [1] 18175 loss=4.1430 ppl=63.0 lr=1.13e-04 | 4842 tok/s (avg 4810) ETA n/a | GPU 2.1/8.1GB | gtok=297795584
  [1] 18200 loss=3.9591 ppl=52.4 lr=1.13e-04 | 4859 tok/s (avg 4810) ETA n/a | GPU 2.1/8.1GB | gtok=298205184
  [1] 18225 loss=4.2201 ppl=68.0 lr=1.12e-04 | 4849 tok/s (avg 4810) ETA n/a | GPU 2.1/8.1GB | gtok=298614784
  [1] 18250 loss=4.0011 ppl=54.7 lr=1.12e-04 | 4849 tok/s (avg 4810) ETA n/a | GPU 2.1/8.1GB | gtok=299024384
  [1] 18275 loss=3.9400 ppl=51.4 lr=1.12e-04 | 4826 tok/s (avg 4810) ETA n/a | GPU 2.1/8.1GB | gtok=299433984
  [1] 18300 loss=4.2419 ppl=69.5 lr=1.11e-04 | 4827 tok/s (avg 4810) ETA n/a | GPU 2.1/8.1GB | gtok=299843584
  [1] 18325 loss=4.1102 ppl=61.0 lr=1.11e-04 | 4846 tok/s (avg 4810) ETA n/a | GPU 2.1/8.1GB | gtok=300253184
  [1] 18350 loss=4.1623 ppl=64.2 lr=1.10e-04 | 4828 tok/s (avg 4810) ETA n/a | GPU 2.1/8.1GB | gtok=300662784
  [1] 18375 loss=4.0584 ppl=57.9 lr=1.10e-04 | 4829 tok/s (avg 4810) ETA n/a | GPU 2.1/8.1GB | gtok=301072384
  [1] 18400 loss=4.0967 ppl=60.1 lr=1.10e-04 | 4854 tok/s (avg 4810) ETA n/a | GPU 2.1/8.1GB | gtok=301481984
  [1] 18425 loss=3.9384 ppl=51.3 lr=1.09e-04 | 4854 tok/s (avg 4810) ETA n/a | GPU 2.1/8.1GB | gtok=301891584
  [1] 18450 loss=4.2057 ppl=67.1 lr=1.09e-04 | 4849 tok/s (avg 4810) ETA n/a | GPU 2.1/8.1GB | gtok=302301184
  [1] 18475 loss=3.9460 ppl=51.7 lr=1.09e-04 | 4851 tok/s (avg 4810) ETA n/a | GPU 2.1/8.1GB | gtok=302710784
  [1] 18500 loss=4.0419 ppl=56.9 lr=1.08e-04 | 4844 tok/s (avg 4811) ETA n/a | GPU 2.1/8.1GB | gtok=303120384
  [1] 18525 loss=3.8288 ppl=46.0 lr=1.08e-04 | 4854 tok/s (avg 4811) ETA n/a | GPU 2.1/8.1GB | gtok=303529984
  [1] 18550 loss=4.0013 ppl=54.7 lr=1.07e-04 | 4844 tok/s (avg 4811) ETA n/a | GPU 2.1/8.1GB | gtok=303939584
  [1] 18575 loss=3.9637 ppl=52.7 lr=1.07e-04 | 4849 tok/s (avg 4811) ETA n/a | GPU 2.1/8.1GB | gtok=304349184
  [1] 18600 loss=4.0356 ppl=56.6 lr=1.07e-04 | 4841 tok/s (avg 4811) ETA n/a | GPU 2.1/8.1GB | gtok=304758784
  [1] 18625 loss=4.0574 ppl=57.8 lr=1.06e-04 | 4845 tok/s (avg 4811) ETA n/a | GPU 2.1/8.1GB | gtok=305168384
  [1] 18650 loss=4.0298 ppl=56.2 lr=1.06e-04 | 4852 tok/s (avg 4811) ETA n/a | GPU 2.1/8.1GB | gtok=305577984
  [1] 18675 loss=3.9588 ppl=52.4 lr=1.06e-04 | 4843 tok/s (avg 4811) ETA n/a | GPU 2.1/8.1GB | gtok=305987584
  [1] 18700 loss=4.0857 ppl=59.5 lr=1.05e-04 | 4851 tok/s (avg 4811) ETA n/a | GPU 2.1/8.1GB | gtok=306397184
  [1] 18725 loss=4.0322 ppl=56.4 lr=1.05e-04 | 4842 tok/s (avg 4811) ETA n/a | GPU 2.1/8.1GB | gtok=306806784
  [1] 18750 loss=4.0235 ppl=55.9 lr=1.05e-04 | 4852 tok/s (avg 4811) ETA n/a | GPU 2.1/8.1GB | gtok=307216384
  [1] 18775 loss=3.9323 ppl=51.0 lr=1.04e-04 | 4849 tok/s (avg 4811) ETA n/a | GPU 2.1/8.1GB | gtok=307625984
  [1] 18800 loss=3.9501 ppl=51.9 lr=1.04e-04 | 4835 tok/s (avg 4811) ETA n/a | GPU 2.1/8.1GB | gtok=308035584
  [1] 18825 loss=4.1870 ppl=65.8 lr=1.03e-04 | 4851 tok/s (avg 4811) ETA n/a | GPU 2.1/8.1GB | gtok=308445184
  [1] 18850 loss=4.0270 ppl=56.1 lr=1.03e-04 | 4843 tok/s (avg 4811) ETA n/a | GPU 2.1/8.1GB | gtok=308854784
  [1] 18875 loss=4.1427 ppl=63.0 lr=1.03e-04 | 4846 tok/s (avg 4811) ETA n/a | GPU 2.1/8.1GB | gtok=309264384
  [1] 18900 loss=3.9966 ppl=54.4 lr=1.02e-04 | 4856 tok/s (avg 4811) ETA n/a | GPU 2.1/8.1GB | gtok=309673984
  [1] 18925 loss=4.0362 ppl=56.6 lr=1.02e-04 | 4849 tok/s (avg 4811) ETA n/a | GPU 2.1/8.1GB | gtok=310083584
  [1] 18950 loss=4.0878 ppl=59.6 lr=1.02e-04 | 4850 tok/s (avg 4811) ETA n/a | GPU 2.1/8.1GB | gtok=310493184
  [1] 18975 loss=4.0043 ppl=54.8 lr=1.01e-04 | 4854 tok/s (avg 4811) ETA n/a | GPU 2.1/8.1GB | gtok=310902784
  [1] 19000 loss=4.1571 ppl=63.9 lr=1.01e-04 | 4848 tok/s (avg 4812) ETA n/a | GPU 2.1/8.1GB | gtok=311312384
  [1] 19025 loss=4.0977 ppl=60.2 lr=1.00e-04 | 4846 tok/s (avg 4812) ETA n/a | GPU 2.1/8.1GB | gtok=311721984
  [1] 19050 loss=3.9365 ppl=51.2 lr=1.00e-04 | 4848 tok/s (avg 4812) ETA n/a | GPU 2.1/8.1GB | gtok=312131584
  [1] 19075 loss=3.9665 ppl=52.8 lr=9.98e-05 | 4847 tok/s (avg 4812) ETA n/a | GPU 2.1/8.1GB | gtok=312541184
  [1] 19100 loss=4.0935 ppl=59.9 lr=9.94e-05 | 4866 tok/s (avg 4812) ETA n/a | GPU 2.1/8.1GB | gtok=312950784
  [1] 19125 loss=4.0496 ppl=57.4 lr=9.90e-05 | 4850 tok/s (avg 4812) ETA n/a | GPU 2.1/8.1GB | gtok=313360384
  [1] 19150 loss=3.8355 ppl=46.3 lr=9.87e-05 | 4851 tok/s (avg 4812) ETA n/a | GPU 2.1/8.1GB | gtok=313769984
  [1] 19175 loss=3.8565 ppl=47.3 lr=9.83e-05 | 4858 tok/s (avg 4812) ETA n/a | GPU 2.1/8.1GB | gtok=314179584
  [1] 19200 loss=4.0138 ppl=55.4 lr=9.79e-05 | 4841 tok/s (avg 4812) ETA n/a | GPU 2.1/8.1GB | gtok=314589184
  [1] 19225 loss=4.0878 ppl=59.6 lr=9.76e-05 | 4846 tok/s (avg 4812) ETA n/a | GPU 2.1/8.1GB | gtok=314998784
  [1] 19250 loss=4.0508 ppl=57.4 lr=9.72e-05 | 4836 tok/s (avg 4812) ETA n/a | GPU 2.1/8.1GB | gtok=315408384
  [1] 19275 loss=3.9682 ppl=52.9 lr=9.69e-05 | 4860 tok/s (avg 4812) ETA n/a | GPU 2.1/8.1GB | gtok=315817984
  [1] 19300 loss=3.8610 ppl=47.5 lr=9.65e-05 | 4851 tok/s (avg 4812) ETA n/a | GPU 2.1/8.1GB | gtok=316227584
  [1] 19325 loss=3.9625 ppl=52.6 lr=9.61e-05 | 4850 tok/s (avg 4812) ETA n/a | GPU 2.1/8.1GB | gtok=316637184
  [1] 19350 loss=4.0140 ppl=55.4 lr=9.58e-05 | 4852 tok/s (avg 4812) ETA n/a | GPU 2.1/8.1GB | gtok=317046784
  [1] 19375 loss=4.1117 ppl=61.1 lr=9.54e-05 | 4840 tok/s (avg 4812) ETA n/a | GPU 2.1/8.1GB | gtok=317456384
  [1] 19400 loss=3.8776 ppl=48.3 lr=9.51e-05 | 4841 tok/s (avg 4812) ETA n/a | GPU 2.1/8.1GB | gtok=317865984
  [1] 19425 loss=4.1251 ppl=61.9 lr=9.47e-05 | 4849 tok/s (avg 4812) ETA n/a | GPU 2.1/8.1GB | gtok=318275584
  [1] 19450 loss=4.1137 ppl=61.2 lr=9.43e-05 | 4815 tok/s (avg 4812) ETA n/a | GPU 2.1/8.1GB | gtok=318685184
  [1] 19475 loss=4.0972 ppl=60.2 lr=9.40e-05 | 4810 tok/s (avg 4812) ETA n/a | GPU 2.1/8.1GB | gtok=319094784
  [1] 19500 loss=3.8345 ppl=46.3 lr=9.36e-05 | 4835 tok/s (avg 4812) ETA n/a | GPU 2.1/8.1GB | gtok=319504384
  [1] 19525 loss=4.0650 ppl=58.3 lr=9.33e-05 | 4853 tok/s (avg 4812) ETA n/a | GPU 2.1/8.1GB | gtok=319913984
  [1] 19550 loss=3.7363 ppl=41.9 lr=9.29e-05 | 4846 tok/s (avg 4812) ETA n/a | GPU 2.1/8.1GB | gtok=320323584
  [1] 19575 loss=3.9915 ppl=54.1 lr=9.26e-05 | 4844 tok/s (avg 4812) ETA n/a | GPU 2.1/8.1GB | gtok=320733184
  [1] 19600 loss=3.9504 ppl=52.0 lr=9.22e-05 | 4850 tok/s (avg 4813) ETA n/a | GPU 2.1/8.1GB | gtok=321142784
  [1] 19625 loss=4.0367 ppl=56.6 lr=9.18e-05 | 4849 tok/s (avg 4813) ETA n/a | GPU 2.1/8.1GB | gtok=321552384
  [1] 19650 loss=3.8392 ppl=46.5 lr=9.15e-05 | 4850 tok/s (avg 4813) ETA n/a | GPU 2.1/8.1GB | gtok=321961984
  [1] 19675 loss=4.0005 ppl=54.6 lr=9.11e-05 | 4853 tok/s (avg 4813) ETA n/a | GPU 2.1/8.1GB | gtok=322371584
  [1] 19700 loss=4.1393 ppl=62.8 lr=9.08e-05 | 4850 tok/s (avg 4813) ETA n/a | GPU 2.1/8.1GB | gtok=322781184
  [1] 19725 loss=3.8587 ppl=47.4 lr=9.04e-05 | 4858 tok/s (avg 4813) ETA n/a | GPU 2.1/8.1GB | gtok=323190784
  [1] 19750 loss=3.8347 ppl=46.3 lr=9.01e-05 | 4856 tok/s (avg 4813) ETA n/a | GPU 2.1/8.1GB | gtok=323600384
  [1] 19775 loss=3.7418 ppl=42.2 lr=8.97e-05 | 4854 tok/s (avg 4813) ETA n/a | GPU 2.1/8.1GB | gtok=324009984
  [1] 19800 loss=4.0281 ppl=56.2 lr=8.94e-05 | 4860 tok/s (avg 4813) ETA n/a | GPU 2.1/8.1GB | gtok=324419584
  [1] 19825 loss=4.0456 ppl=57.1 lr=8.90e-05 | 4865 tok/s (avg 4813) ETA n/a | GPU 2.1/8.1GB | gtok=324829184
  [1] 19850 loss=3.9781 ppl=53.4 lr=8.87e-05 | 4848 tok/s (avg 4813) ETA n/a | GPU 2.1/8.1GB | gtok=325238784
  [1] 19875 loss=4.0416 ppl=56.9 lr=8.83e-05 | 4849 tok/s (avg 4813) ETA n/a | GPU 2.1/8.1GB | gtok=325648384
  [1] 19900 loss=4.2019 ppl=66.8 lr=8.80e-05 | 4845 tok/s (avg 4813) ETA n/a | GPU 2.1/8.1GB | gtok=326057984
  [1] 19925 loss=3.8724 ppl=48.1 lr=8.76e-05 | 4849 tok/s (avg 4813) ETA n/a | GPU 2.1/8.1GB | gtok=326467584
  [1] 19950 loss=4.0119 ppl=55.3 lr=8.73e-05 | 4850 tok/s (avg 4813) ETA n/a | GPU 2.1/8.1GB | gtok=326877184
  [1] 19975 loss=4.2479 ppl=70.0 lr=8.69e-05 | 4840 tok/s (avg 4813) ETA n/a | GPU 2.1/8.1GB | gtok=327286784
Saved checkpoint: checkpoints_v13/500m_v13_r1recipe/latest.pt
  [checkpoint @ step 20000, 327,680,000 tok]
  [1] 20000 loss=4.0558 ppl=57.7 lr=8.66e-05 | 4799 tok/s (avg 4813) ETA n/a | GPU 2.1/8.1GB | gtok=327696384
  [mid-epoch sample @ batch 20000, 327,696,384 tok]
  Prompt: In 1923, the University of
  Generated: In 1923, the University of Washington (U.S.) established the first commercial schools in Ireland to develop an integrated school system to use the curriculum as a central unit for research and development. The new schools were named after the Academy, and the first was established on January 1st, 1928. It also became the first federal institution in the United States to develop and develop the schools.
The school system began in 1924 and became part of the National School Board in 1926. Many school districts had built schools along with schools and other
  [1] 20025 loss=3.9341 ppl=51.1 lr=8.62e-05 | 4626 tok/s (avg 4813) ETA n/a | GPU 2.1/8.1GB | gtok=328105984
  [1] 20050 loss=3.7313 ppl=41.7 lr=8.59e-05 | 4111 tok/s (avg 4812) ETA n/a | GPU 2.1/8.1GB | gtok=328515584
  [1] 20075 loss=3.9410 ppl=51.5 lr=8.55e-05 | 4802 tok/s (avg 4812) ETA n/a | GPU 2.1/8.1GB | gtok=328925184
  [1] 20100 loss=3.8701 ppl=47.9 lr=8.52e-05 | 4793 tok/s (avg 4812) ETA n/a | GPU 2.1/8.1GB | gtok=329334784
  [1] 20125 loss=3.8186 ppl=45.5 lr=8.48e-05 | 4756 tok/s (avg 4812) ETA n/a | GPU 2.1/8.1GB | gtok=329744384
  [1] 20150 loss=3.8944 ppl=49.1 lr=8.45e-05 | 4743 tok/s (avg 4812) ETA n/a | GPU 2.1/8.1GB | gtok=330153984
  [1] 20175 loss=3.8827 ppl=48.6 lr=8.41e-05 | 4776 tok/s (avg 4812) ETA n/a | GPU 2.1/8.1GB | gtok=330563584
  [1] 20200 loss=3.8451 ppl=46.8 lr=8.38e-05 | 4773 tok/s (avg 4812) ETA n/a | GPU 2.1/8.1GB | gtok=330973184
  [1] 20225 loss=3.8579 ppl=47.4 lr=8.34e-05 | 4779 tok/s (avg 4812) ETA n/a | GPU 2.1/8.1GB | gtok=331382784
  [1] 20250 loss=3.9661 ppl=52.8 lr=8.31e-05 | 4819 tok/s (avg 4812) ETA n/a | GPU 2.1/8.1GB | gtok=331792384
  [1] 20275 loss=4.1183 ppl=61.5 lr=8.27e-05 | 4827 tok/s (avg 4812) ETA n/a | GPU 2.1/8.1GB | gtok=332201984
  [1] 20300 loss=3.8981 ppl=49.3 lr=8.24e-05 | 4814 tok/s (avg 4812) ETA n/a | GPU 2.1/8.1GB | gtok=332611584
  [1] 20325 loss=3.9897 ppl=54.0 lr=8.20e-05 | 4803 tok/s (avg 4812) ETA n/a | GPU 2.1/8.1GB | gtok=333021184
  [1] 20350 loss=3.7926 ppl=44.4 lr=8.17e-05 | 4788 tok/s (avg 4812) ETA n/a | GPU 2.1/8.1GB | gtok=333430784
  [1] 20375 loss=4.1789 ppl=65.3 lr=8.14e-05 | 4775 tok/s (avg 4812) ETA n/a | GPU 2.1/8.1GB | gtok=333840384
  [1] 20400 loss=4.0628 ppl=58.1 lr=8.10e-05 | 4775 tok/s (avg 4812) ETA n/a | GPU 2.1/8.1GB | gtok=334249984
  [1] 20425 loss=4.0907 ppl=59.8 lr=8.07e-05 | 4771 tok/s (avg 4811) ETA n/a | GPU 2.1/8.1GB | gtok=334659584
  [1] 20450 loss=4.0510 ppl=57.5 lr=8.03e-05 | 4830 tok/s (avg 4812) ETA n/a | GPU 2.1/8.1GB | gtok=335069184
  [1] 20475 loss=4.1900 ppl=66.0 lr=8.00e-05 | 4851 tok/s (avg 4812) ETA n/a | GPU 2.1/8.1GB | gtok=335478784
  [1] 20500 loss=4.1848 ppl=65.7 lr=7.96e-05 | 4843 tok/s (avg 4812) ETA n/a | GPU 2.1/8.1GB | gtok=335888384
  [1] 20525 loss=3.9189 ppl=50.3 lr=7.93e-05 | 4830 tok/s (avg 4812) ETA n/a | GPU 2.1/8.1GB | gtok=336297984
  [1] 20550 loss=3.8248 ppl=45.8 lr=7.90e-05 | 4832 tok/s (avg 4812) ETA n/a | GPU 2.1/8.1GB | gtok=336707584
  [1] 20575 loss=3.8584 ppl=47.4 lr=7.86e-05 | 4835 tok/s (avg 4812) ETA n/a | GPU 2.1/8.1GB | gtok=337117184
  [1] 20600 loss=3.8663 ppl=47.8 lr=7.83e-05 | 4814 tok/s (avg 4812) ETA n/a | GPU 2.1/8.1GB | gtok=337526784
  [1] 20625 loss=4.0836 ppl=59.4 lr=7.79e-05 | 4836 tok/s (avg 4812) ETA n/a | GPU 2.1/8.1GB | gtok=337936384
  [1] 20650 loss=3.8988 ppl=49.3 lr=7.76e-05 | 4828 tok/s (avg 4812) ETA n/a | GPU 2.1/8.1GB | gtok=338345984
  [1] 20675 loss=4.0104 ppl=55.2 lr=7.73e-05 | 4789 tok/s (avg 4812) ETA n/a | GPU 2.1/8.1GB | gtok=338755584
  [1] 20700 loss=4.1049 ppl=60.6 lr=7.69e-05 | 4794 tok/s (avg 4812) ETA n/a | GPU 2.1/8.1GB | gtok=339165184
  [1] 20725 loss=3.9961 ppl=54.4 lr=7.66e-05 | 4769 tok/s (avg 4812) ETA n/a | GPU 2.1/8.1GB | gtok=339574784
  [1] 20750 loss=3.8989 ppl=49.3 lr=7.63e-05 | 4782 tok/s (avg 4812) ETA n/a | GPU 2.1/8.1GB | gtok=339984384
  [1] 20775 loss=4.1038 ppl=60.6 lr=7.59e-05 | 4777 tok/s (avg 4812) ETA n/a | GPU 2.1/8.1GB | gtok=340393984
  [1] 20800 loss=4.0656 ppl=58.3 lr=7.56e-05 | 4828 tok/s (avg 4812) ETA n/a | GPU 2.1/8.1GB | gtok=340803584
  [1] 20825 loss=4.0529 ppl=57.6 lr=7.52e-05 | 4838 tok/s (avg 4812) ETA n/a | GPU 2.1/8.1GB | gtok=341213184
  [1] 20850 loss=3.9853 ppl=53.8 lr=7.49e-05 | 4805 tok/s (avg 4812) ETA n/a | GPU 2.1/8.1GB | gtok=341622784
  [1] 20875 loss=3.9717 ppl=53.1 lr=7.46e-05 | 4826 tok/s (avg 4812) ETA n/a | GPU 2.1/8.1GB | gtok=342032384
  [1] 20900 loss=3.8310 ppl=46.1 lr=7.42e-05 | 4826 tok/s (avg 4812) ETA n/a | GPU 2.1/8.1GB | gtok=342441984
  [1] 20925 loss=3.9956 ppl=54.4 lr=7.39e-05 | 4832 tok/s (avg 4812) ETA n/a | GPU 2.1/8.1GB | gtok=342851584
  [1] 20950 loss=4.0627 ppl=58.1 lr=7.36e-05 | 4835 tok/s (avg 4812) ETA n/a | GPU 2.1/8.1GB | gtok=343261184
  [1] 20975 loss=3.7556 ppl=42.8 lr=7.33e-05 | 4840 tok/s (avg 4812) ETA n/a | GPU 2.1/8.1GB | gtok=343670784
  [1] 21000 loss=4.1359 ppl=62.5 lr=7.29e-05 | 4836 tok/s (avg 4812) ETA n/a | GPU 2.1/8.1GB | gtok=344080384
  [1] 21025 loss=3.9884 ppl=54.0 lr=7.26e-05 | 4809 tok/s (avg 4812) ETA n/a | GPU 2.1/8.1GB | gtok=344489984
  [1] 21050 loss=4.0503 ppl=57.4 lr=7.23e-05 | 4794 tok/s (avg 4812) ETA n/a | GPU 2.1/8.1GB | gtok=344899584
  [1] 21075 loss=4.1250 ppl=61.9 lr=7.19e-05 | 4783 tok/s (avg 4812) ETA n/a | GPU 2.1/8.1GB | gtok=345309184
  [1] 21100 loss=4.2596 ppl=70.8 lr=7.16e-05 | 4797 tok/s (avg 4812) ETA n/a | GPU 2.1/8.1GB | gtok=345718784
  [1] 21125 loss=4.2254 ppl=68.4 lr=7.13e-05 | 4809 tok/s (avg 4812) ETA n/a | GPU 2.1/8.1GB | gtok=346128384
  [1] 21150 loss=4.0385 ppl=56.7 lr=7.09e-05 | 4790 tok/s (avg 4812) ETA n/a | GPU 2.1/8.1GB | gtok=346537984
  [1] 21175 loss=4.1545 ppl=63.7 lr=7.06e-05 | 4793 tok/s (avg 4812) ETA n/a | GPU 2.1/8.1GB | gtok=346947584
  [1] 21200 loss=4.1170 ppl=61.4 lr=7.03e-05 | 4803 tok/s (avg 4812) ETA n/a | GPU 2.1/8.1GB | gtok=347357184
  [1] 21225 loss=3.9399 ppl=51.4 lr=7.00e-05 | 4779 tok/s (avg 4812) ETA n/a | GPU 2.1/8.1GB | gtok=347766784
  [1] 21250 loss=3.8683 ppl=47.9 lr=6.96e-05 | 4777 tok/s (avg 4812) ETA n/a | GPU 2.1/8.1GB | gtok=348176384
  [1] 21275 loss=3.8953 ppl=49.2 lr=6.93e-05 | 4791 tok/s (avg 4812) ETA n/a | GPU 2.1/8.1GB | gtok=348585984
  [1] 21300 loss=4.1125 ppl=61.1 lr=6.90e-05 | 4810 tok/s (avg 4811) ETA n/a | GPU 2.1/8.1GB | gtok=348995584
  [1] 21325 loss=3.8647 ppl=47.7 lr=6.87e-05 | 4831 tok/s (avg 4812) ETA n/a | GPU 2.1/8.1GB | gtok=349405184
  [1] 21350 loss=3.7968 ppl=44.6 lr=6.83e-05 | 4836 tok/s (avg 4812) ETA n/a | GPU 2.1/8.1GB | gtok=349814784
  [1] 21375 loss=4.0073 ppl=55.0 lr=6.80e-05 | 4841 tok/s (avg 4812) ETA n/a | GPU 2.1/8.1GB | gtok=350224384
  [1] 21400 loss=3.9532 ppl=52.1 lr=6.77e-05 | 4858 tok/s (avg 4812) ETA n/a | GPU 2.1/8.1GB | gtok=350633984
  [1] 21425 loss=4.1991 ppl=66.6 lr=6.74e-05 | 4853 tok/s (avg 4812) ETA n/a | GPU 2.1/8.1GB | gtok=351043584
  [1] 21450 loss=3.6195 ppl=37.3 lr=6.70e-05 | 4859 tok/s (avg 4812) ETA n/a | GPU 2.1/8.1GB | gtok=351453184
  [1] 21475 loss=3.9264 ppl=50.7 lr=6.67e-05 | 4872 tok/s (avg 4812) ETA n/a | GPU 2.1/8.1GB | gtok=351862784
  [1] 21500 loss=3.9463 ppl=51.7 lr=6.64e-05 | 4856 tok/s (avg 4812) ETA n/a | GPU 2.1/8.1GB | gtok=352272384
  [1] 21525 loss=3.9908 ppl=54.1 lr=6.61e-05 | 4851 tok/s (avg 4812) ETA n/a | GPU 2.1/8.1GB | gtok=352681984
  [1] 21550 loss=4.0828 ppl=59.3 lr=6.58e-05 | 4837 tok/s (avg 4812) ETA n/a | GPU 2.1/8.1GB | gtok=353091584
  [1] 21575 loss=4.0252 ppl=56.0 lr=6.54e-05 | 4837 tok/s (avg 4812) ETA n/a | GPU 2.1/8.1GB | gtok=353501184
  [1] 21600 loss=4.0686 ppl=58.5 lr=6.51e-05 | 4815 tok/s (avg 4812) ETA n/a | GPU 2.1/8.1GB | gtok=353910784
  [1] 21625 loss=3.9432 ppl=51.6 lr=6.48e-05 | 4805 tok/s (avg 4812) ETA n/a | GPU 2.1/8.1GB | gtok=354320384
  [1] 21650 loss=4.0820 ppl=59.3 lr=6.45e-05 | 4820 tok/s (avg 4812) ETA n/a | GPU 2.1/8.1GB | gtok=354729984
  [1] 21675 loss=3.9736 ppl=53.2 lr=6.42e-05 | 4826 tok/s (avg 4812) ETA n/a | GPU 2.1/8.1GB | gtok=355139584
  [1] 21700 loss=4.1004 ppl=60.4 lr=6.39e-05 | 4825 tok/s (avg 4812) ETA n/a | GPU 2.1/8.1GB | gtok=355549184
  [1] 21725 loss=4.0612 ppl=58.0 lr=6.35e-05 | 4847 tok/s (avg 4812) ETA n/a | GPU 2.1/8.1GB | gtok=355958784
  [1] 21750 loss=3.9668 ppl=52.8 lr=6.32e-05 | 4841 tok/s (avg 4812) ETA n/a | GPU 2.1/8.1GB | gtok=356368384
  [1] 21775 loss=3.7652 ppl=43.2 lr=6.29e-05 | 4846 tok/s (avg 4812) ETA n/a | GPU 2.1/8.1GB | gtok=356777984
  [1] 21800 loss=3.9968 ppl=54.4 lr=6.26e-05 | 4821 tok/s (avg 4812) ETA n/a | GPU 2.1/8.1GB | gtok=357187584
  [1] 21825 loss=3.9401 ppl=51.4 lr=6.23e-05 | 4801 tok/s (avg 4812) ETA n/a | GPU 2.1/8.1GB | gtok=357597184
  [1] 21850 loss=4.2359 ppl=69.1 lr=6.20e-05 | 4820 tok/s (avg 4812) ETA n/a | GPU 2.1/8.1GB | gtok=358006784
  [1] 21875 loss=4.0602 ppl=58.0 lr=6.17e-05 | 4802 tok/s (avg 4812) ETA n/a | GPU 2.1/8.1GB | gtok=358416384
  [1] 21900 loss=3.9369 ppl=51.3 lr=6.13e-05 | 4814 tok/s (avg 4812) ETA n/a | GPU 2.1/8.1GB | gtok=358825984
  [1] 21925 loss=3.9884 ppl=54.0 lr=6.10e-05 | 4831 tok/s (avg 4812) ETA n/a | GPU 2.1/8.1GB | gtok=359235584
  [1] 21950 loss=4.1267 ppl=62.0 lr=6.07e-05 | 4843 tok/s (avg 4812) ETA n/a | GPU 2.1/8.1GB | gtok=359645184
  [1] 21975 loss=4.1072 ppl=60.8 lr=6.04e-05 | 4833 tok/s (avg 4812) ETA n/a | GPU 2.1/8.1GB | gtok=360054784
  [1] 22000 loss=4.2151 ppl=67.7 lr=6.01e-05 | 4843 tok/s (avg 4812) ETA n/a | GPU 2.1/8.1GB | gtok=360464384
  [1] 22025 loss=3.9518 ppl=52.0 lr=5.98e-05 | 4847 tok/s (avg 4812) ETA n/a | GPU 2.1/8.1GB | gtok=360873984
  [1] 22050 loss=3.9567 ppl=52.3 lr=5.95e-05 | 4849 tok/s (avg 4812) ETA n/a | GPU 2.1/8.1GB | gtok=361283584
  [1] 22075 loss=3.9536 ppl=52.1 lr=5.92e-05 | 4850 tok/s (avg 4812) ETA n/a | GPU 2.1/8.1GB | gtok=361693184
  [1] 22100 loss=3.9137 ppl=50.1 lr=5.89e-05 | 4843 tok/s (avg 4812) ETA n/a | GPU 2.1/8.1GB | gtok=362102784
  [1] 22125 loss=3.8609 ppl=47.5 lr=5.86e-05 | 4842 tok/s (avg 4812) ETA n/a | GPU 2.1/8.1GB | gtok=362512384
  [1] 22150 loss=4.0473 ppl=57.2 lr=5.83e-05 | 4832 tok/s (avg 4812) ETA n/a | GPU 2.1/8.1GB | gtok=362921984
  [1] 22175 loss=3.9477 ppl=51.8 lr=5.80e-05 | 4858 tok/s (avg 4812) ETA n/a | GPU 2.1/8.1GB | gtok=363331584
  [1] 22200 loss=4.0140 ppl=55.4 lr=5.77e-05 | 4835 tok/s (avg 4813) ETA n/a | GPU 2.1/8.1GB | gtok=363741184
  [1] 22225 loss=4.0720 ppl=58.7 lr=5.73e-05 | 4851 tok/s (avg 4813) ETA n/a | GPU 2.1/8.1GB | gtok=364150784
  [1] 22250 loss=3.8015 ppl=44.8 lr=5.70e-05 | 4840 tok/s (avg 4813) ETA n/a | GPU 2.1/8.1GB | gtok=364560384
  [1] 22275 loss=3.7843 ppl=44.0 lr=5.67e-05 | 4853 tok/s (avg 4813) ETA n/a | GPU 2.1/8.1GB | gtok=364969984
  [1] 22300 loss=3.9253 ppl=50.7 lr=5.64e-05 | 4832 tok/s (avg 4813) ETA n/a | GPU 2.1/8.1GB | gtok=365379584
  [1] 22325 loss=4.1031 ppl=60.5 lr=5.61e-05 | 4527 tok/s (avg 4812) ETA n/a | GPU 2.1/8.1GB | gtok=365789184
  [1] 22350 loss=3.7554 ppl=42.7 lr=5.58e-05 | 4749 tok/s (avg 4812) ETA n/a | GPU 2.1/8.1GB | gtok=366198784
  [1] 22375 loss=3.8454 ppl=46.8 lr=5.55e-05 | 4790 tok/s (avg 4812) ETA n/a | GPU 2.1/8.1GB | gtok=366608384
  [1] 22400 loss=3.9364 ppl=51.2 lr=5.52e-05 | 4808 tok/s (avg 4812) ETA n/a | GPU 2.1/8.1GB | gtok=367017984
  [1] 22425 loss=4.0008 ppl=54.6 lr=5.49e-05 | 4747 tok/s (avg 4812) ETA n/a | GPU 2.1/8.1GB | gtok=367427584
  [1] 22450 loss=3.9834 ppl=53.7 lr=5.46e-05 | 4787 tok/s (avg 4812) ETA n/a | GPU 2.1/8.1GB | gtok=367837184
  [1] 22475 loss=3.8597 ppl=47.5 lr=5.43e-05 | 4760 tok/s (avg 4812) ETA n/a | GPU 2.1/8.1GB | gtok=368246784
  [1] 22500 loss=4.0790 ppl=59.1 lr=5.40e-05 | 4411 tok/s (avg 4812) ETA n/a | GPU 2.1/8.1GB | gtok=368656384
  [1] 22525 loss=3.8786 ppl=48.4 lr=5.37e-05 | 4278 tok/s (avg 4811) ETA n/a | GPU 2.1/8.1GB | gtok=369065984
  [1] 22550 loss=3.6939 ppl=40.2 lr=5.35e-05 | 4269 tok/s (avg 4810) ETA n/a | GPU 2.1/8.1GB | gtok=369475584
  [1] 22575 loss=4.0077 ppl=55.0 lr=5.32e-05 | 4250 tok/s (avg 4810) ETA n/a | GPU 2.1/8.1GB | gtok=369885184
  [1] 22600 loss=4.0115 ppl=55.2 lr=5.29e-05 | 4253 tok/s (avg 4809) ETA n/a | GPU 2.1/8.1GB | gtok=370294784
  [1] 22625 loss=3.9419 ppl=51.5 lr=5.26e-05 | 4255 tok/s (avg 4808) ETA n/a | GPU 2.1/8.1GB | gtok=370704384
  [1] 22650 loss=4.0574 ppl=57.8 lr=5.23e-05 | 4236 tok/s (avg 4807) ETA n/a | GPU 2.1/8.1GB | gtok=371113984
  [1] 22675 loss=4.0290 ppl=56.2 lr=5.20e-05 | 4261 tok/s (avg 4807) ETA n/a | GPU 2.1/8.1GB | gtok=371523584
  [1] 22700 loss=4.0127 ppl=55.3 lr=5.17e-05 | 4255 tok/s (avg 4806) ETA n/a | GPU 2.1/8.1GB | gtok=371933184
  [1] 22725 loss=3.8548 ppl=47.2 lr=5.14e-05 | 4259 tok/s (avg 4805) ETA n/a | GPU 2.1/8.1GB | gtok=372342784
  [1] 22750 loss=4.0588 ppl=57.9 lr=5.11e-05 | 4241 tok/s (avg 4805) ETA n/a | GPU 2.1/8.1GB | gtok=372752384
  [1] 22775 loss=3.8114 ppl=45.2 lr=5.08e-05 | 4277 tok/s (avg 4804) ETA n/a | GPU 2.1/8.1GB | gtok=373161984
  [1] 22800 loss=3.8389 ppl=46.5 lr=5.05e-05 | 4284 tok/s (avg 4803) ETA n/a | GPU 2.1/8.1GB | gtok=373571584
  [1] 22825 loss=3.9871 ppl=53.9 lr=5.02e-05 | 4606 tok/s (avg 4803) ETA n/a | GPU 2.1/8.1GB | gtok=373981184
  [1] 22850 loss=4.0922 ppl=59.9 lr=5.00e-05 | 4752 tok/s (avg 4803) ETA n/a | GPU 2.1/8.1GB | gtok=374390784
  [1] 22875 loss=4.1340 ppl=62.4 lr=4.97e-05 | 4756 tok/s (avg 4803) ETA n/a | GPU 2.1/8.1GB | gtok=374800384
  [1] 22900 loss=3.8619 ppl=47.6 lr=4.94e-05 | 4623 tok/s (avg 4803) ETA n/a | GPU 2.1/8.1GB | gtok=375209984
  [1] 22925 loss=3.8685 ppl=47.9 lr=4.91e-05 | 4780 tok/s (avg 4803) ETA n/a | GPU 2.1/8.1GB | gtok=375619584
  [1] 22950 loss=3.9957 ppl=54.4 lr=4.88e-05 | 4797 tok/s (avg 4803) ETA n/a | GPU 2.1/8.1GB | gtok=376029184
  [1] 22975 loss=3.9546 ppl=52.2 lr=4.85e-05 | 4720 tok/s (avg 4803) ETA n/a | GPU 2.1/8.1GB | gtok=376438784
  [1] 23000 loss=3.9424 ppl=51.5 lr=4.82e-05 | 4751 tok/s (avg 4803) ETA n/a | GPU 2.1/8.1GB | gtok=376848384
  [1] 23025 loss=3.9213 ppl=50.5 lr=4.80e-05 | 4767 tok/s (avg 4803) ETA n/a | GPU 2.1/8.1GB | gtok=377257984
  [1] 23050 loss=3.7310 ppl=41.7 lr=4.77e-05 | 4782 tok/s (avg 4803) ETA n/a | GPU 2.1/8.1GB | gtok=377667584
  [1] 23075 loss=3.9112 ppl=50.0 lr=4.74e-05 | 4775 tok/s (avg 4803) ETA n/a | GPU 2.1/8.1GB | gtok=378077184
  [1] 23100 loss=3.8127 ppl=45.3 lr=4.71e-05 | 4753 tok/s (avg 4803) ETA n/a | GPU 2.1/8.1GB | gtok=378486784
  [1] 23125 loss=3.9189 ppl=50.3 lr=4.68e-05 | 4778 tok/s (avg 4802) ETA n/a | GPU 2.1/8.1GB | gtok=378896384
  [1] 23150 loss=3.8893 ppl=48.9 lr=4.66e-05 | 4783 tok/s (avg 4802) ETA n/a | GPU 2.1/8.1GB | gtok=379305984
  [1] 23175 loss=4.0432 ppl=57.0 lr=4.63e-05 | 4784 tok/s (avg 4802) ETA n/a | GPU 2.1/8.1GB | gtok=379715584
  [1] 23200 loss=4.0621 ppl=58.1 lr=4.60e-05 | 4795 tok/s (avg 4802) ETA n/a | GPU 2.1/8.1GB | gtok=380125184
  [1] 23225 loss=3.8406 ppl=46.6 lr=4.57e-05 | 4734 tok/s (avg 4802) ETA n/a | GPU 2.1/8.1GB | gtok=380534784
  [1] 23250 loss=3.8454 ppl=46.8 lr=4.54e-05 | 4741 tok/s (avg 4802) ETA n/a | GPU 2.1/8.1GB | gtok=380944384
  [1] 23275 loss=3.8759 ppl=48.2 lr=4.52e-05 | 4756 tok/s (avg 4802) ETA n/a | GPU 2.1/8.1GB | gtok=381353984
  [1] 23300 loss=4.2626 ppl=71.0 lr=4.49e-05 | 4798 tok/s (avg 4802) ETA n/a | GPU 2.1/8.1GB | gtok=381763584
  [1] 23325 loss=3.9154 ppl=50.2 lr=4.46e-05 | 4768 tok/s (avg 4802) ETA n/a | GPU 2.1/8.1GB | gtok=382173184
  [1] 23350 loss=3.8821 ppl=48.5 lr=4.43e-05 | 4513 tok/s (avg 4802) ETA n/a | GPU 2.1/8.1GB | gtok=382582784
  [1] 23375 loss=3.8083 ppl=45.1 lr=4.41e-05 | 4452 tok/s (avg 4801) ETA n/a | GPU 2.1/8.1GB | gtok=382992384
  [1] 23400 loss=3.9740 ppl=53.2 lr=4.38e-05 | 4432 tok/s (avg 4801) ETA n/a | GPU 2.1/8.1GB | gtok=383401984
  [1] 23425 loss=4.0140 ppl=55.4 lr=4.35e-05 | 4434 tok/s (avg 4801) ETA n/a | GPU 2.1/8.1GB | gtok=383811584
  [1] 23450 loss=3.9199 ppl=50.4 lr=4.32e-05 | 4440 tok/s (avg 4800) ETA n/a | GPU 2.1/8.1GB | gtok=384221184
  [1] 23475 loss=3.9730 ppl=53.1 lr=4.30e-05 | 4510 tok/s (avg 4800) ETA n/a | GPU 2.1/8.1GB | gtok=384630784
  [1] 23500 loss=4.0487 ppl=57.3 lr=4.27e-05 | 4769 tok/s (avg 4800) ETA n/a | GPU 2.1/8.1GB | gtok=385040384
  [1] 23525 loss=4.1539 ppl=63.7 lr=4.24e-05 | 4736 tok/s (avg 4800) ETA n/a | GPU 2.1/8.1GB | gtok=385449984
  [1] 23550 loss=3.7141 ppl=41.0 lr=4.22e-05 | 4759 tok/s (avg 4800) ETA n/a | GPU 2.1/8.1GB | gtok=385859584
  [1] 23575 loss=3.9675 ppl=52.9 lr=4.19e-05 | 4602 tok/s (avg 4800) ETA n/a | GPU 2.1/8.1GB | gtok=386269184
  [1] 23600 loss=4.0903 ppl=59.8 lr=4.16e-05 | 4638 tok/s (avg 4799) ETA n/a | GPU 2.1/8.1GB | gtok=386678784
  [1] 23625 loss=3.8446 ppl=46.7 lr=4.14e-05 | 4624 tok/s (avg 4799) ETA n/a | GPU 2.1/8.1GB | gtok=387088384
  [1] 23650 loss=4.0036 ppl=54.8 lr=4.11e-05 | 4795 tok/s (avg 4799) ETA n/a | GPU 2.1/8.1GB | gtok=387497984
  [1] 23675 loss=4.1581 ppl=63.9 lr=4.08e-05 | 4791 tok/s (avg 4799) ETA n/a | GPU 2.1/8.1GB | gtok=387907584
  [1] 23700 loss=3.9762 ppl=53.3 lr=4.06e-05 | 4699 tok/s (avg 4799) ETA n/a | GPU 2.1/8.1GB | gtok=388317184
  [1] 23725 loss=3.8931 ppl=49.1 lr=4.03e-05 | 4482 tok/s (avg 4799) ETA n/a | GPU 2.1/8.1GB | gtok=388726784
  [1] 23750 loss=4.0201 ppl=55.7 lr=4.00e-05 | 4511 tok/s (avg 4798) ETA n/a | GPU 2.1/8.1GB | gtok=389136384
  [1] 23775 loss=4.0174 ppl=55.6 lr=3.98e-05 | 4455 tok/s (avg 4798) ETA n/a | GPU 2.1/8.1GB | gtok=389545984
  [1] 23800 loss=4.0246 ppl=56.0 lr=3.95e-05 | 4451 tok/s (avg 4798) ETA n/a | GPU 2.1/8.1GB | gtok=389955584
  [1] 23825 loss=3.8778 ppl=48.3 lr=3.93e-05 | 4438 tok/s (avg 4797) ETA n/a | GPU 2.1/8.1GB | gtok=390365184
  [1] 23850 loss=3.8376 ppl=46.4 lr=3.90e-05 | 4422 tok/s (avg 4797) ETA n/a | GPU 2.1/8.1GB | gtok=390774784
  [1] 23875 loss=4.1732 ppl=64.9 lr=3.87e-05 | 4457 tok/s (avg 4796) ETA n/a | GPU 2.1/8.1GB | gtok=391184384
  [1] 23900 loss=3.8163 ppl=45.4 lr=3.85e-05 | 4476 tok/s (avg 4796) ETA n/a | GPU 2.1/8.1GB | gtok=391593984
  [1] 23925 loss=3.9361 ppl=51.2 lr=3.82e-05 | 4498 tok/s (avg 4796) ETA n/a | GPU 2.1/8.1GB | gtok=392003584
  [1] 23950 loss=4.1079 ppl=60.8 lr=3.80e-05 | 4471 tok/s (avg 4795) ETA n/a | GPU 2.1/8.1GB | gtok=392413184
  [1] 23975 loss=4.0797 ppl=59.1 lr=3.77e-05 | 4486 tok/s (avg 4795) ETA n/a | GPU 2.1/8.1GB | gtok=392822784
  [1] 24000 loss=3.9995 ppl=54.6 lr=3.75e-05 | 4456 tok/s (avg 4795) ETA n/a | GPU 2.1/8.1GB | gtok=393232384
  [1] 24025 loss=3.8373 ppl=46.4 lr=3.72e-05 | 4470 tok/s (avg 4794) ETA n/a | GPU 2.1/8.1GB | gtok=393641984
  [1] 24050 loss=3.8966 ppl=49.2 lr=3.69e-05 | 4465 tok/s (avg 4794) ETA n/a | GPU 2.1/8.1GB | gtok=394051584
  [1] 24075 loss=4.2861 ppl=72.7 lr=3.67e-05 | 4466 tok/s (avg 4793) ETA n/a | GPU 2.1/8.1GB | gtok=394461184
  [1] 24100 loss=3.9679 ppl=52.9 lr=3.64e-05 | 4400 tok/s (avg 4793) ETA n/a | GPU 2.1/8.1GB | gtok=394870784
  [1] 24125 loss=4.0355 ppl=56.6 lr=3.62e-05 | 4544 tok/s (avg 4793) ETA n/a | GPU 2.1/8.1GB | gtok=395280384
  [1] 24150 loss=4.0031 ppl=54.8 lr=3.59e-05 | 4459 tok/s (avg 4792) ETA n/a | GPU 2.1/8.1GB | gtok=395689984
  [1] 24175 loss=4.0509 ppl=57.4 lr=3.57e-05 | 4434 tok/s (avg 4792) ETA n/a | GPU 2.1/8.1GB | gtok=396099584
  [1] 24200 loss=3.7258 ppl=41.5 lr=3.54e-05 | 4448 tok/s (avg 4792) ETA n/a | GPU 2.1/8.1GB | gtok=396509184
  [1] 24225 loss=3.9273 ppl=50.8 lr=3.52e-05 | 4459 tok/s (avg 4791) ETA n/a | GPU 2.1/8.1GB | gtok=396918784
  [1] 24250 loss=3.8045 ppl=44.9 lr=3.49e-05 | 4487 tok/s (avg 4791) ETA n/a | GPU 2.1/8.1GB | gtok=397328384
  [1] 24275 loss=3.7041 ppl=40.6 lr=3.47e-05 | 4469 tok/s (avg 4791) ETA n/a | GPU 2.1/8.1GB | gtok=397737984
  [1] 24300 loss=4.1133 ppl=61.2 lr=3.44e-05 | 4493 tok/s (avg 4790) ETA n/a | GPU 2.1/8.1GB | gtok=398147584
  [1] 24325 loss=3.9682 ppl=52.9 lr=3.42e-05 | 4483 tok/s (avg 4790) ETA n/a | GPU 2.1/8.1GB | gtok=398557184
  [1] 24350 loss=3.9724 ppl=53.1 lr=3.40e-05 | 4525 tok/s (avg 4790) ETA n/a | GPU 2.1/8.1GB | gtok=398966784
  [1] 24375 loss=3.9784 ppl=53.4 lr=3.37e-05 | 4512 tok/s (avg 4789) ETA n/a | GPU 2.1/8.1GB | gtok=399376384
  [1] 24400 loss=3.8622 ppl=47.6 lr=3.35e-05 | 4446 tok/s (avg 4789) ETA n/a | GPU 2.1/8.1GB | gtok=399785984
  [1] 24425 loss=3.8860 ppl=48.7 lr=3.32e-05 | 4638 tok/s (avg 4789) ETA n/a | GPU 2.1/8.1GB | gtok=400195584
  [1] 24450 loss=3.9141 ppl=50.1 lr=3.30e-05 | 4740 tok/s (avg 4789) ETA n/a | GPU 2.1/8.1GB | gtok=400605184
  [1] 24475 loss=3.8961 ppl=49.2 lr=3.27e-05 | 4721 tok/s (avg 4789) ETA n/a | GPU 2.1/8.1GB | gtok=401014784
  [1] 24500 loss=3.8363 ppl=46.4 lr=3.25e-05 | 4473 tok/s (avg 4788) ETA n/a | GPU 2.1/8.1GB | gtok=401424384
  [1] 24525 loss=3.9370 ppl=51.3 lr=3.23e-05 | 4634 tok/s (avg 4788) ETA n/a | GPU 2.1/8.1GB | gtok=401833984
  [1] 24550 loss=3.8137 ppl=45.3 lr=3.20e-05 | 4560 tok/s (avg 4788) ETA n/a | GPU 2.1/8.1GB | gtok=402243584
  [1] 24575 loss=4.1615 ppl=64.2 lr=3.18e-05 | 4534 tok/s (avg 4788) ETA n/a | GPU 2.1/8.1GB | gtok=402653184
  [1] 24600 loss=3.6846 ppl=39.8 lr=3.15e-05 | 4582 tok/s (avg 4787) ETA n/a | GPU 2.1/8.1GB | gtok=403062784
  [1] 24625 loss=3.8199 ppl=45.6 lr=3.13e-05 | 4582 tok/s (avg 4787) ETA n/a | GPU 2.1/8.1GB | gtok=403472384
  [1] 24650 loss=3.8337 ppl=46.2 lr=3.11e-05 | 4603 tok/s (avg 4787) ETA n/a | GPU 2.1/8.1GB | gtok=403881984
  [1] 24675 loss=3.9527 ppl=52.1 lr=3.08e-05 | 4803 tok/s (avg 4787) ETA n/a | GPU 2.1/8.1GB | gtok=404291584
  [1] 24700 loss=3.9002 ppl=49.4 lr=3.06e-05 | 4738 tok/s (avg 4787) ETA n/a | GPU 2.1/8.1GB | gtok=404701184
  [1] 24725 loss=3.9937 ppl=54.3 lr=3.04e-05 | 4552 tok/s (avg 4787) ETA n/a | GPU 2.1/8.1GB | gtok=405110784
  [1] 24750 loss=4.1344 ppl=62.5 lr=3.01e-05 | 4676 tok/s (avg 4787) ETA n/a | GPU 2.1/8.1GB | gtok=405520384
  [1] 24775 loss=3.9452 ppl=51.7 lr=2.99e-05 | 4682 tok/s (avg 4786) ETA n/a | GPU 2.1/8.1GB | gtok=405929984
  [1] 24800 loss=4.0387 ppl=56.8 lr=2.97e-05 | 4681 tok/s (avg 4786) ETA n/a | GPU 2.1/8.1GB | gtok=406339584
  [1] 24825 loss=4.0790 ppl=59.1 lr=2.94e-05 | 4450 tok/s (avg 4786) ETA n/a | GPU 2.1/8.1GB | gtok=406749184
  [1] 24850 loss=4.0763 ppl=58.9 lr=2.92e-05 | 4370 tok/s (avg 4786) ETA n/a | GPU 2.1/8.1GB | gtok=407158784
  [1] 24875 loss=3.9433 ppl=51.6 lr=2.90e-05 | 4388 tok/s (avg 4785) ETA n/a | GPU 2.1/8.1GB | gtok=407568384
  [1] 24900 loss=4.1101 ppl=61.0 lr=2.88e-05 | 4388 tok/s (avg 4785) ETA n/a | GPU 2.1/8.1GB | gtok=407977984
  [1] 24925 loss=4.1310 ppl=62.2 lr=2.85e-05 | 4568 tok/s (avg 4784) ETA n/a | GPU 2.1/8.1GB | gtok=408387584
  [1] 24950 loss=3.8893 ppl=48.9 lr=2.83e-05 | 4563 tok/s (avg 4784) ETA n/a | GPU 2.1/8.1GB | gtok=408797184
  [1] 24975 loss=3.9314 ppl=51.0 lr=2.81e-05 | 4484 tok/s (avg 4784) ETA n/a | GPU 2.1/8.1GB | gtok=409206784
Saved checkpoint: checkpoints_v13/500m_v13_r1recipe/latest.pt
  [checkpoint @ step 25000, 409,600,000 tok]
  [1] 25000 loss=3.9313 ppl=51.0 lr=2.79e-05 | 4442 tok/s (avg 4784) ETA n/a | GPU 2.1/8.1GB | gtok=409616384
  [mid-epoch sample @ batch 25000, 409,616,384 tok]
  Prompt: In 1923, the University of
  Generated: In 1923, the University of Chicago and the University of Chicago, the Institute for Research on Human Health was established to provide a comprehensive overview of the physical properties of food and beverages with the aim of maintaining healthy food intake. In addition, the University of Chicago School of Medicine has been studying food safety in the context of the development of more advanced health strategies.
The University is developing a comprehensive survey that aims at identifying food safety hazards from a variety of foods (including meat, dairy products, dairy) that may be considered safe and
  [1] 25025 loss=3.8305 ppl=46.1 lr=2.76e-05 | 3825 tok/s (avg 4782) ETA n/a | GPU 2.1/8.1GB | gtok=410025984
  [1] 25050 loss=3.8043 ppl=44.9 lr=2.74e-05 | 4549 tok/s (avg 4782) ETA n/a | GPU 2.1/8.1GB | gtok=410435584
  [1] 25075 loss=3.9282 ppl=50.8 lr=2.72e-05 | 4528 tok/s (avg 4782) ETA n/a | GPU 2.1/8.1GB | gtok=410845184
  [1] 25100 loss=4.1099 ppl=60.9 lr=2.70e-05 | 4520 tok/s (avg 4782) ETA n/a | GPU 2.1/8.1GB | gtok=411254784
  [1] 25125 loss=3.8365 ppl=46.4 lr=2.67e-05 | 4521 tok/s (avg 4781) ETA n/a | GPU 2.1/8.1GB | gtok=411664384
  [1] 25150 loss=3.9251 ppl=50.7 lr=2.65e-05 | 4257 tok/s (avg 4781) ETA n/a | GPU 2.1/8.1GB | gtok=412073984
  [1] 25175 loss=4.0236 ppl=55.9 lr=2.63e-05 | 4175 tok/s (avg 4780) ETA n/a | GPU 2.1/8.1GB | gtok=412483584
  [1] 25200 loss=3.9393 ppl=51.4 lr=2.61e-05 | 4149 tok/s (avg 4779) ETA n/a | GPU 2.1/8.1GB | gtok=412893184
  [1] 25225 loss=3.9385 ppl=51.3 lr=2.59e-05 | 4156 tok/s (avg 4779) ETA n/a | GPU 2.1/8.1GB | gtok=413302784
  [1] 25250 loss=3.8505 ppl=47.0 lr=2.57e-05 | 4227 tok/s (avg 4778) ETA n/a | GPU 2.1/8.1GB | gtok=413712384
  [1] 25275 loss=3.9173 ppl=50.3 lr=2.54e-05 | 4145 tok/s (avg 4777) ETA n/a | GPU 2.1/8.1GB | gtok=414121984
  [1] 25300 loss=3.6459 ppl=38.3 lr=2.52e-05 | 4191 tok/s (avg 4777) ETA n/a | GPU 2.1/8.1GB | gtok=414531584
  [1] 25325 loss=3.8237 ppl=45.8 lr=2.50e-05 | 4300 tok/s (avg 4776) ETA n/a | GPU 2.1/8.1GB | gtok=414941184
  [1] 25350 loss=3.8656 ppl=47.7 lr=2.48e-05 | 4297 tok/s (avg 4775) ETA n/a | GPU 2.1/8.1GB | gtok=415350784
  [1] 25375 loss=3.9020 ppl=49.5 lr=2.46e-05 | 4216 tok/s (avg 4775) ETA n/a | GPU 2.1/8.1GB | gtok=415760384
  [1] 25400 loss=4.1482 ppl=63.3 lr=2.44e-05 | 4352 tok/s (avg 4774) ETA n/a | GPU 2.1/8.1GB | gtok=416169984
  [1] 25425 loss=3.8647 ppl=47.7 lr=2.42e-05 | 4222 tok/s (avg 4774) ETA n/a | GPU 2.1/8.1GB | gtok=416579584
  [1] 25450 loss=3.9576 ppl=52.3 lr=2.40e-05 | 4336 tok/s (avg 4773) ETA n/a | GPU 2.1/8.1GB | gtok=416989184
  [1] 25475 loss=3.8146 ppl=45.4 lr=2.37e-05 | 4237 tok/s (avg 4773) ETA n/a | GPU 2.1/8.1GB | gtok=417398784
  [1] 25500 loss=3.9824 ppl=53.6 lr=2.35e-05 | 4351 tok/s (avg 4772) ETA n/a | GPU 2.1/8.1GB | gtok=417808384
  [1] 25525 loss=3.8135 ppl=45.3 lr=2.33e-05 | 4254 tok/s (avg 4772) ETA n/a | GPU 2.1/8.1GB | gtok=418217984
  [1] 25550 loss=3.8546 ppl=47.2 lr=2.31e-05 | 4177 tok/s (avg 4771) ETA n/a | GPU 2.1/8.1GB | gtok=418627584
  [1] 25575 loss=4.1248 ppl=61.9 lr=2.29e-05 | 4260 tok/s (avg 4770) ETA n/a | GPU 2.1/8.1GB | gtok=419037184
  [1] 25600 loss=3.8207 ppl=45.6 lr=2.27e-05 | 4561 tok/s (avg 4770) ETA n/a | GPU 2.1/8.1GB | gtok=419446784
  [1] 25625 loss=3.9984 ppl=54.5 lr=2.25e-05 | 4575 tok/s (avg 4770) ETA n/a | GPU 2.1/8.1GB | gtok=419856384
  [1] 25650 loss=3.9682 ppl=52.9 lr=2.23e-05 | 4572 tok/s (avg 4770) ETA n/a | GPU 2.1/8.1GB | gtok=420265984
  [1] 25675 loss=3.8126 ppl=45.3 lr=2.21e-05 | 4522 tok/s (avg 4770) ETA n/a | GPU 2.1/8.1GB | gtok=420675584
  [1] 25700 loss=4.0183 ppl=55.6 lr=2.19e-05 | 4472 tok/s (avg 4769) ETA n/a | GPU 2.1/8.1GB | gtok=421085184
  [1] 25725 loss=3.8995 ppl=49.4 lr=2.17e-05 | 4426 tok/s (avg 4769) ETA n/a | GPU 2.1/8.1GB | gtok=421494784
  [1] 25750 loss=3.8895 ppl=48.9 lr=2.15e-05 | 4422 tok/s (avg 4769) ETA n/a | GPU 2.1/8.1GB | gtok=421904384
  [1] 25775 loss=3.9341 ppl=51.1 lr=2.13e-05 | 4394 tok/s (avg 4768) ETA n/a | GPU 2.1/8.1GB | gtok=422313984
  [1] 25800 loss=4.1916 ppl=66.1 lr=2.11e-05 | 4406 tok/s (avg 4768) ETA n/a | GPU 2.1/8.1GB | gtok=422723584
  [1] 25825 loss=3.5658 ppl=35.4 lr=2.09e-05 | 4402 tok/s (avg 4767) ETA n/a | GPU 2.1/8.1GB | gtok=423133184
  [1] 25850 loss=4.0128 ppl=55.3 lr=2.07e-05 | 4348 tok/s (avg 4767) ETA n/a | GPU 2.1/8.1GB | gtok=423542784
  [1] 25875 loss=4.1608 ppl=64.1 lr=2.05e-05 | 4379 tok/s (avg 4767) ETA n/a | GPU 2.1/8.1GB | gtok=423952384
  [1] 25900 loss=3.8098 ppl=45.1 lr=2.03e-05 | 4283 tok/s (avg 4766) ETA n/a | GPU 2.1/8.1GB | gtok=424361984
  [1] 25925 loss=3.9921 ppl=54.2 lr=2.01e-05 | 4275 tok/s (avg 4766) ETA n/a | GPU 2.1/8.1GB | gtok=424771584
  [1] 25950 loss=4.0431 ppl=57.0 lr=1.99e-05 | 4276 tok/s (avg 4765) ETA n/a | GPU 2.1/8.1GB | gtok=425181184
  [1] 25975 loss=3.6758 ppl=39.5 lr=1.97e-05 | 4304 tok/s (avg 4765) ETA n/a | GPU 2.1/8.1GB | gtok=425590784
  [1] 26000 loss=3.9964 ppl=54.4 lr=1.96e-05 | 4259 tok/s (avg 4764) ETA n/a | GPU 2.1/8.1GB | gtok=426000384
  [1] 26025 loss=3.9172 ppl=50.3 lr=1.94e-05 | 4204 tok/s (avg 4763) ETA n/a | GPU 2.1/8.1GB | gtok=426409984
  [1] 26050 loss=3.9726 ppl=53.1 lr=1.92e-05 | 4247 tok/s (avg 4763) ETA n/a | GPU 2.1/8.1GB | gtok=426819584
  [1] 26075 loss=3.8633 ppl=47.6 lr=1.90e-05 | 4300 tok/s (avg 4762) ETA n/a | GPU 2.1/8.1GB | gtok=427229184
  [1] 26100 loss=3.6839 ppl=39.8 lr=1.88e-05 | 4262 tok/s (avg 4762) ETA n/a | GPU 2.1/8.1GB | gtok=427638784
  [1] 26125 loss=3.8421 ppl=46.6 lr=1.86e-05 | 4282 tok/s (avg 4761) ETA n/a | GPU 2.1/8.1GB | gtok=428048384
  [1] 26150 loss=4.1578 ppl=63.9 lr=1.84e-05 | 4229 tok/s (avg 4761) ETA n/a | GPU 2.1/8.1GB | gtok=428457984
  [1] 26175 loss=4.0161 ppl=55.5 lr=1.82e-05 | 4318 tok/s (avg 4760) ETA n/a | GPU 2.1/8.1GB | gtok=428867584
  [1] 26200 loss=4.0153 ppl=55.4 lr=1.81e-05 | 4311 tok/s (avg 4760) ETA n/a | GPU 2.1/8.1GB | gtok=429277184
  [1] 26225 loss=3.8973 ppl=49.3 lr=1.79e-05 | 4317 tok/s (avg 4759) ETA n/a | GPU 2.1/8.1GB | gtok=429686784
  [1] 26250 loss=3.8999 ppl=49.4 lr=1.77e-05 | 4250 tok/s (avg 4759) ETA n/a | GPU 2.1/8.1GB | gtok=430096384
  [1] 26275 loss=3.9427 ppl=51.6 lr=1.75e-05 | 4273 tok/s (avg 4758) ETA n/a | GPU 2.1/8.1GB | gtok=430505984
  [1] 26300 loss=3.8086 ppl=45.1 lr=1.73e-05 | 4276 tok/s (avg 4758) ETA n/a | GPU 2.1/8.1GB | gtok=430915584
  [1] 26325 loss=3.9307 ppl=50.9 lr=1.72e-05 | 4321 tok/s (avg 4757) ETA n/a | GPU 2.1/8.1GB | gtok=431325184
  [1] 26350 loss=3.9090 ppl=49.8 lr=1.70e-05 | 4273 tok/s (avg 4757) ETA n/a | GPU 2.1/8.1GB | gtok=431734784
  [1] 26375 loss=3.7770 ppl=43.7 lr=1.68e-05 | 4262 tok/s (avg 4756) ETA n/a | GPU 2.1/8.1GB | gtok=432144384
  [1] 26400 loss=3.9814 ppl=53.6 lr=1.66e-05 | 4268 tok/s (avg 4756) ETA n/a | GPU 2.1/8.1GB | gtok=432553984
  [1] 26425 loss=3.9426 ppl=51.6 lr=1.64e-05 | 4310 tok/s (avg 4755) ETA n/a | GPU 2.1/8.1GB | gtok=432963584
  [1] 26450 loss=3.9079 ppl=49.8 lr=1.63e-05 | 4348 tok/s (avg 4755) ETA n/a | GPU 2.1/8.1GB | gtok=433373184
  [1] 26475 loss=3.8701 ppl=47.9 lr=1.61e-05 | 4389 tok/s (avg 4754) ETA n/a | GPU 2.1/8.1GB | gtok=433782784
  [1] 26500 loss=4.0765 ppl=58.9 lr=1.59e-05 | 4457 tok/s (avg 4754) ETA n/a | GPU 2.1/8.1GB | gtok=434192384
  [1] 26525 loss=3.8869 ppl=48.8 lr=1.57e-05 | 4443 tok/s (avg 4754) ETA n/a | GPU 2.1/8.1GB | gtok=434601984
  [1] 26550 loss=3.9914 ppl=54.1 lr=1.56e-05 | 4447 tok/s (avg 4754) ETA n/a | GPU 2.1/8.1GB | gtok=435011584
  [1] 26575 loss=3.9507 ppl=52.0 lr=1.54e-05 | 4447 tok/s (avg 4753) ETA n/a | GPU 2.1/8.1GB | gtok=435421184
  [1] 26600 loss=4.1248 ppl=61.9 lr=1.52e-05 | 4517 tok/s (avg 4753) ETA n/a | GPU 2.1/8.1GB | gtok=435830784
  [1] 26625 loss=3.7938 ppl=44.4 lr=1.51e-05 | 4546 tok/s (avg 4753) ETA n/a | GPU 2.1/8.1GB | gtok=436240384
  [1] 26650 loss=4.1046 ppl=60.6 lr=1.49e-05 | 4511 tok/s (avg 4753) ETA n/a | GPU 2.1/8.1GB | gtok=436649984
  [1] 26675 loss=3.9093 ppl=49.9 lr=1.47e-05 | 4480 tok/s (avg 4752) ETA n/a | GPU 2.1/8.1GB | gtok=437059584
  [1] 26700 loss=4.0151 ppl=55.4 lr=1.46e-05 | 4411 tok/s (avg 4752) ETA n/a | GPU 2.1/8.1GB | gtok=437469184
  [1] 26725 loss=4.1441 ppl=63.1 lr=1.44e-05 | 4594 tok/s (avg 4752) ETA n/a | GPU 2.1/8.1GB | gtok=437878784
  [1] 26750 loss=3.9532 ppl=52.1 lr=1.42e-05 | 4447 tok/s (avg 4751) ETA n/a | GPU 2.1/8.1GB | gtok=438288384
  [1] 26775 loss=4.0344 ppl=56.5 lr=1.41e-05 | 4438 tok/s (avg 4751) ETA n/a | GPU 2.1/8.1GB | gtok=438697984
  [1] 26800 loss=3.9527 ppl=52.1 lr=1.39e-05 | 4477 tok/s (avg 4751) ETA n/a | GPU 2.1/8.1GB | gtok=439107584
  [1] 26825 loss=4.0129 ppl=55.3 lr=1.37e-05 | 4460 tok/s (avg 4751) ETA n/a | GPU 2.1/8.1GB | gtok=439517184
  [1] 26850 loss=3.8684 ppl=47.9 lr=1.36e-05 | 4526 tok/s (avg 4750) ETA n/a | GPU 2.1/8.1GB | gtok=439926784
  [1] 26875 loss=4.0821 ppl=59.3 lr=1.34e-05 | 4468 tok/s (avg 4750) ETA n/a | GPU 2.1/8.1GB | gtok=440336384
  [1] 26900 loss=4.0862 ppl=59.5 lr=1.33e-05 | 4479 tok/s (avg 4750) ETA n/a | GPU 2.1/8.1GB | gtok=440745984
  [1] 26925 loss=3.8599 ppl=47.5 lr=1.31e-05 | 4439 tok/s (avg 4750) ETA n/a | GPU 2.1/8.1GB | gtok=441155584
  [1] 26950 loss=3.9524 ppl=52.1 lr=1.29e-05 | 4453 tok/s (avg 4749) ETA n/a | GPU 2.1/8.1GB | gtok=441565184
  [1] 26975 loss=3.8736 ppl=48.1 lr=1.28e-05 | 4455 tok/s (avg 4749) ETA n/a | GPU 2.1/8.1GB | gtok=441974784
  [1] 27000 loss=3.8914 ppl=49.0 lr=1.26e-05 | 4455 tok/s (avg 4749) ETA n/a | GPU 2.1/8.1GB | gtok=442384384
  [1] 27025 loss=3.8781 ppl=48.3 lr=1.25e-05 | 4472 tok/s (avg 4748) ETA n/a | GPU 2.1/8.1GB | gtok=442793984
  [1] 27050 loss=3.9014 ppl=49.5 lr=1.23e-05 | 4446 tok/s (avg 4748) ETA n/a | GPU 2.1/8.1GB | gtok=443203584
  [1] 27075 loss=4.0688 ppl=58.5 lr=1.22e-05 | 4475 tok/s (avg 4748) ETA n/a | GPU 2.1/8.1GB | gtok=443613184
  [1] 27100 loss=4.0103 ppl=55.2 lr=1.20e-05 | 4460 tok/s (avg 4748) ETA n/a | GPU 2.1/8.1GB | gtok=444022784
  [1] 27125 loss=3.9199 ppl=50.4 lr=1.19e-05 | 4456 tok/s (avg 4747) ETA n/a | GPU 2.1/8.1GB | gtok=444432384
  [1] 27150 loss=3.9170 ppl=50.2 lr=1.17e-05 | 4435 tok/s (avg 4747) ETA n/a | GPU 2.1/8.1GB | gtok=444841984
  [1] 27175 loss=3.8109 ppl=45.2 lr=1.16e-05 | 4434 tok/s (avg 4747) ETA n/a | GPU 2.1/8.1GB | gtok=445251584
  [1] 27200 loss=4.0559 ppl=57.7 lr=1.14e-05 | 4466 tok/s (avg 4746) ETA n/a | GPU 2.1/8.1GB | gtok=445661184
  [1] 27225 loss=3.8937 ppl=49.1 lr=1.13e-05 | 4529 tok/s (avg 4746) ETA n/a | GPU 2.1/8.1GB | gtok=446070784
  [1] 27250 loss=3.9443 ppl=51.6 lr=1.11e-05 | 4416 tok/s (avg 4746) ETA n/a | GPU 2.1/8.1GB | gtok=446480384
  [1] 27275 loss=4.1051 ppl=60.6 lr=1.10e-05 | 4554 tok/s (avg 4746) ETA n/a | GPU 2.1/8.1GB | gtok=446889984
  [1] 27300 loss=3.9674 ppl=52.8 lr=1.08e-05 | 4617 tok/s (avg 4746) ETA n/a | GPU 2.1/8.1GB | gtok=447299584
  [1] 27325 loss=4.0432 ppl=57.0 lr=1.07e-05 | 4671 tok/s (avg 4745) ETA n/a | GPU 2.1/8.1GB | gtok=447709184
  [1] 27350 loss=3.8500 ppl=47.0 lr=1.06e-05 | 4683 tok/s (avg 4745) ETA n/a | GPU 2.1/8.1GB | gtok=448118784
  [1] 27375 loss=4.0650 ppl=58.3 lr=1.04e-05 | 4550 tok/s (avg 4745) ETA n/a | GPU 2.1/8.1GB | gtok=448528384
  [1] 27400 loss=3.9224 ppl=50.5 lr=1.03e-05 | 4647 tok/s (avg 4745) ETA n/a | GPU 2.1/8.1GB | gtok=448937984
  [1] 27425 loss=3.9701 ppl=53.0 lr=1.01e-05 | 4446 tok/s (avg 4745) ETA n/a | GPU 2.1/8.1GB | gtok=449347584
  [1] 27450 loss=4.0974 ppl=60.2 lr=9.99e-06 | 4477 tok/s (avg 4745) ETA n/a | GPU 2.1/8.1GB | gtok=449757184
  [1] 27475 loss=3.6970 ppl=40.3 lr=9.86e-06 | 4542 tok/s (avg 4744) ETA n/a | GPU 2.1/8.1GB | gtok=450166784
  [1] 27500 loss=3.9316 ppl=51.0 lr=9.72e-06 | 4680 tok/s (avg 4744) ETA n/a | GPU 2.1/8.1GB | gtok=450576384
  [1] 27525 loss=4.0139 ppl=55.4 lr=9.58e-06 | 4772 tok/s (avg 4744) ETA n/a | GPU 2.1/8.1GB | gtok=450985984
  [1] 27550 loss=3.7831 ppl=44.0 lr=9.45e-06 | 4704 tok/s (avg 4744) ETA n/a | GPU 2.1/8.1GB | gtok=451395584
  [1] 27575 loss=3.9431 ppl=51.6 lr=9.31e-06 | 4684 tok/s (avg 4744) ETA n/a | GPU 2.1/8.1GB | gtok=451805184
  [1] 27600 loss=3.8589 ppl=47.4 lr=9.18e-06 | 4693 tok/s (avg 4744) ETA n/a | GPU 2.1/8.1GB | gtok=452214784
  [1] 27625 loss=4.1048 ppl=60.6 lr=9.05e-06 | 4689 tok/s (avg 4744) ETA n/a | GPU 2.1/8.1GB | gtok=452624384
  [1] 27650 loss=4.0629 ppl=58.1 lr=8.92e-06 | 4697 tok/s (avg 4744) ETA n/a | GPU 2.1/8.1GB | gtok=453033984
  [1] 27675 loss=3.7932 ppl=44.4 lr=8.79e-06 | 4606 tok/s (avg 4744) ETA n/a | GPU 2.1/8.1GB | gtok=453443584
  [1] 27700 loss=3.9271 ppl=50.8 lr=8.66e-06 | 4571 tok/s (avg 4744) ETA n/a | GPU 2.1/8.1GB | gtok=453853184
  [1] 27725 loss=4.0448 ppl=57.1 lr=8.53e-06 | 4552 tok/s (avg 4744) ETA n/a | GPU 2.1/8.1GB | gtok=454262784
  [1] 27750 loss=3.6730 ppl=39.4 lr=8.40e-06 | 4621 tok/s (avg 4744) ETA n/a | GPU 2.1/8.1GB | gtok=454672384
  [1] 27775 loss=3.9870 ppl=53.9 lr=8.27e-06 | 4719 tok/s (avg 4743) ETA n/a | GPU 2.1/8.1GB | gtok=455081984
  [1] 27800 loss=3.9525 ppl=52.1 lr=8.15e-06 | 4625 tok/s (avg 4743) ETA n/a | GPU 2.1/8.1GB | gtok=455491584
  [1] 27825 loss=3.8947 ppl=49.1 lr=8.02e-06 | 4504 tok/s (avg 4743) ETA n/a | GPU 2.1/8.1GB | gtok=455901184
  [1] 27850 loss=3.9911 ppl=54.1 lr=7.90e-06 | 4644 tok/s (avg 4743) ETA n/a | GPU 2.1/8.1GB | gtok=456310784
  [1] 27875 loss=3.9151 ppl=50.2 lr=7.77e-06 | 4740 tok/s (avg 4743) ETA n/a | GPU 2.1/8.1GB | gtok=456720384
  [1] 27900 loss=4.1863 ppl=65.8 lr=7.65e-06 | 4715 tok/s (avg 4743) ETA n/a | GPU 2.1/8.1GB | gtok=457129984
  [1] 27925 loss=3.8269 ppl=45.9 lr=7.53e-06 | 4765 tok/s (avg 4743) ETA n/a | GPU 2.1/8.1GB | gtok=457539584
  [1] 27950 loss=3.8949 ppl=49.2 lr=7.41e-06 | 4769 tok/s (avg 4743) ETA n/a | GPU 2.1/8.1GB | gtok=457949184
  [1] 27975 loss=3.9858 ppl=53.8 lr=7.29e-06 | 4758 tok/s (avg 4743) ETA n/a | GPU 2.1/8.1GB | gtok=458358784
  [1] 28000 loss=3.9003 ppl=49.4 lr=7.17e-06 | 4777 tok/s (avg 4743) ETA n/a | GPU 2.1/8.1GB | gtok=458768384
  [1] 28025 loss=4.0965 ppl=60.1 lr=7.05e-06 | 4797 tok/s (avg 4743) ETA n/a | GPU 2.1/8.1GB | gtok=459177984
  [1] 28050 loss=3.8160 ppl=45.4 lr=6.94e-06 | 4662 tok/s (avg 4743) ETA n/a | GPU 2.1/8.1GB | gtok=459587584
  [1] 28075 loss=3.7890 ppl=44.2 lr=6.82e-06 | 4538 tok/s (avg 4743) ETA n/a | GPU 2.1/8.1GB | gtok=459997184
  [1] 28100 loss=4.0749 ppl=58.8 lr=6.71e-06 | 4535 tok/s (avg 4743) ETA n/a | GPU 2.1/8.1GB | gtok=460406784
  [1] 28125 loss=4.2184 ppl=67.9 lr=6.59e-06 | 4717 tok/s (avg 4743) ETA n/a | GPU 2.1/8.1GB | gtok=460816384
  [1] 28150 loss=3.9377 ppl=51.3 lr=6.48e-06 | 4733 tok/s (avg 4743) ETA n/a | GPU 2.1/8.1GB | gtok=461225984
  [1] 28175 loss=3.9104 ppl=49.9 lr=6.37e-06 | 4696 tok/s (avg 4743) ETA n/a | GPU 2.1/8.1GB | gtok=461635584
  [1] 28200 loss=3.8663 ppl=47.8 lr=6.26e-06 | 4721 tok/s (avg 4743) ETA n/a | GPU 2.1/8.1GB | gtok=462045184
  [1] 28225 loss=3.8356 ppl=46.3 lr=6.15e-06 | 4737 tok/s (avg 4743) ETA n/a | GPU 2.1/8.1GB | gtok=462454784
  [1] 28250 loss=3.8500 ppl=47.0 lr=6.04e-06 | 4765 tok/s (avg 4743) ETA n/a | GPU 2.1/8.1GB | gtok=462864384
  [1] 28275 loss=3.8953 ppl=49.2 lr=5.93e-06 | 4738 tok/s (avg 4743) ETA n/a | GPU 2.1/8.1GB | gtok=463273984
  [1] 28300 loss=4.0978 ppl=60.2 lr=5.83e-06 | 4667 tok/s (avg 4743) ETA n/a | GPU 2.1/8.1GB | gtok=463683584
  [1] 28325 loss=3.8656 ppl=47.7 lr=5.72e-06 | 4625 tok/s (avg 4742) ETA n/a | GPU 2.1/8.1GB | gtok=464093184
  [1] 28350 loss=3.9611 ppl=52.5 lr=5.61e-06 | 4646 tok/s (avg 4742) ETA n/a | GPU 2.1/8.1GB | gtok=464502784
  [1] 28375 loss=3.8957 ppl=49.2 lr=5.51e-06 | 4467 tok/s (avg 4742) ETA n/a | GPU 2.1/8.1GB | gtok=464912384
  [1] 28400 loss=3.9809 ppl=53.6 lr=5.41e-06 | 4723 tok/s (avg 4742) ETA n/a | GPU 2.1/8.1GB | gtok=465321984
  [1] 28425 loss=3.8579 ppl=47.4 lr=5.30e-06 | 4697 tok/s (avg 4742) ETA n/a | GPU 2.1/8.1GB | gtok=465731584
  [1] 28450 loss=3.8697 ppl=47.9 lr=5.20e-06 | 4616 tok/s (avg 4742) ETA n/a | GPU 2.1/8.1GB | gtok=466141184
  [1] 28475 loss=3.7146 ppl=41.0 lr=5.10e-06 | 4740 tok/s (avg 4742) ETA n/a | GPU 2.1/8.1GB | gtok=466550784
  [1] 28500 loss=3.9787 ppl=53.4 lr=5.00e-06 | 4781 tok/s (avg 4742) ETA n/a | GPU 2.1/8.1GB | gtok=466960384
  [1] 28525 loss=3.8903 ppl=48.9 lr=4.91e-06 | 4781 tok/s (avg 4742) ETA n/a | GPU 2.1/8.1GB | gtok=467369984
  [1] 28550 loss=3.9812 ppl=53.6 lr=4.81e-06 | 4819 tok/s (avg 4742) ETA n/a | GPU 2.1/8.1GB | gtok=467779584
  [1] 28575 loss=3.7836 ppl=44.0 lr=4.71e-06 | 4803 tok/s (avg 4742) ETA n/a | GPU 2.1/8.1GB | gtok=468189184
  [1] 28600 loss=3.8971 ppl=49.3 lr=4.62e-06 | 4808 tok/s (avg 4742) ETA n/a | GPU 2.1/8.1GB | gtok=468598784
  [1] 28625 loss=3.8473 ppl=46.9 lr=4.52e-06 | 4707 tok/s (avg 4742) ETA n/a | GPU 2.1/8.1GB | gtok=469008384
  [1] 28650 loss=3.9802 ppl=53.5 lr=4.43e-06 | 4757 tok/s (avg 4742) ETA n/a | GPU 2.1/8.1GB | gtok=469417984
  [1] 28675 loss=3.8987 ppl=49.3 lr=4.33e-06 | 4730 tok/s (avg 4742) ETA n/a | GPU 2.1/8.1GB | gtok=469827584
  [1] 28700 loss=3.7632 ppl=43.1 lr=4.24e-06 | 4779 tok/s (avg 4742) ETA n/a | GPU 2.1/8.1GB | gtok=470237184
  [1] 28725 loss=3.7484 ppl=42.5 lr=4.15e-06 | 4737 tok/s (avg 4742) ETA n/a | GPU 2.1/8.1GB | gtok=470646784
  [1] 28750 loss=3.7923 ppl=44.4 lr=4.06e-06 | 4770 tok/s (avg 4742) ETA n/a | GPU 2.1/8.1GB | gtok=471056384
  [1] 28775 loss=3.6961 ppl=40.3 lr=3.97e-06 | 4784 tok/s (avg 4742) ETA n/a | GPU 2.1/8.1GB | gtok=471465984
