=== wikitext_chrono_a1conv_fair start 2026-09-04T10:57:23Z commit=817aa35 log=logs/v13_sempty_wikitext_chrono_a1conv_fair_817aa35_20260904_1057.log ===
Warning: You are sending unauthenticated requests to the HF Hub. Please set a HF_TOKEN to enable higher rate limits and faster downloads.
[cache] Loaded WikiText-103 train from .cache/v7_tokens/wikitext103_train_v2_full_sl2048.pt (118,496,145 tokens)
[cache] Loaded WikiText-103 validation from .cache/v7_tokens/wikitext103_validation_v2_full_sl2048.pt (248,461 tokens)
Train chunks: 57831, Val chunks: 121
========================================================================
  v13_sempty trainer  (real-arm PAM, O(1) memory)
  wall clock start : 2026-09-04 10:57:27
  commit           : 817aa35
  preset / dataset : baseline_real_pm / wikitext103
========================================================================
[env]
  device=cuda gpu=NVIDIA RTX PRO 6000 Blackwell Server Edition torch=2.8.0+cu128
  fused_pam=True fused_ce=True ce_gemm_dtype=auto amp=bf16 grad_ckpt=False
[geometry]
  batch_size=18 seq_len=2048 tokens/step=36,864
  steps=32,130 steps/epoch=3213 epochs_implied=10.00
  planned_tokens=1,184,440,320  lr=0.0001 warmup=500 wd=0.01 grad_clip=1.0
[data]
  train_chunks=57831 val_chunks=121 recall_frac=0.0 vocab=50257 tokenizer=gpt2
[params]
  total=102,087,116 (102.09M dense)
[config] {'vocab_size': 50257, 'dim': 588, 'n_heads': 6, 'head_dim': 98, 'n_layers': 16, 'expand': 3, 'dropout': 0.1, 'max_seq_len': 2048, 'use_rope': True, 'tie_weights': True, 'gradient_checkpointing': False, 'activation': 'swish', 'chunk_size': 256, 'base_dt_bias': -4.0, 'is_complex': False, 'short_conv': True, 'short_conv_k': 4, 'n_states': 1, 'state_dt_spread': 2.0, 'vault': False, 'delta': False, 'cond_mem': False, 'cond_mem_slots': 262144, 'cond_mem_dim': 64, 'cond_mem_layers': (0, 1), 'chrono': True}
[args] {'preset': 'baseline_real_pm', 'dataset': 'wikitext103', 'device': 'cuda', 'steps': 32130, 'epochs': 1, 'batch_size': 18, 'seq_len': 2048, 'lr': 0.0001, 'weight_decay': 0.01, 'warmup_steps': 500, 'gradient_clip': 1.0, 'amp_dtype': 'bf16', 'fused_ce': True, 'no_fused_ce': False, 'fused_ce_chunk': 4096, 'ce_gemm_dtype': 'auto', 'fused_pam': True, 'max_samples': 0, 'seed': 42, 'target_tokens': 0, 'pretrain_sources': 'dclm,fineweb', 'pretrain_weights': '', 'edu_score_min': 3, 'fineweb_name': 'sample-10BT', 'holdout_pct': 5, 'blend_warmup_tokens': 0, 'num_workers': 2, 'no_wiki_val': False, 'checkpoint_dir': 'checkpoints_v13_sempty/wikitext_chrono_a1conv_fair_817aa35', 'gradient_checkpointing': False, 'log_interval': 50, 'val_every': 2000, 'gen_every': 8000, 'gen_prompt': 'In 1923, the University of', 'gen_max_tokens': 80, 'save_every_steps': 4000, 'diag_every': 2000, 'max_val_batches': 0, 'recall_frac': 0.0, 'short_conv': True, 'n_states': None, 'vault': False, 'delta': False, 'cond_mem': False, 'chrono': True}
========================================================================
step 50 ep1/10 [50/32130   0%]  loss=10.4516 ppl=34601.1 lr=1.00e-05 | 83251 tok/s (avg 83251) ETA 236m45s | gtok=1,843,200 | GPU 1.3/33.2GB
step 100 ep1/10 [100/32130   0%]  loss=9.6630 ppl=15725.1 lr=2.00e-05 | 85231 tok/s (avg 84229) ETA 233m38s | gtok=3,686,400 | GPU 1.3/33.2GB
step 150 ep1/10 [150/32130   0%]  loss=8.5545 ppl=5189.9 lr=3.00e-05 | 85275 tok/s (avg 84574) ETA 232m19s | gtok=5,529,600 | GPU 1.3/33.2GB
step 200 ep1/10 [200/32130   1%]  loss=7.6438 ppl=2087.6 lr=4.00e-05 | 85056 tok/s (avg 84694) ETA 231m37s | gtok=7,372,800 | GPU 1.3/33.2GB
step 250 ep1/10 [250/32130   1%]  loss=6.9434 ppl=1036.2 lr=5.00e-05 | 85332 tok/s (avg 84821) ETA 230m55s | gtok=9,216,000 | GPU 1.3/33.2GB
step 300 ep1/10 [300/32130   1%]  loss=6.6579 ppl=778.9 lr=6.00e-05 | 85320 tok/s (avg 84903) ETA 230m20s | gtok=11,059,200 | GPU 1.3/33.2GB
step 350 ep1/10 [350/32130   1%]  loss=6.4263 ppl=617.9 lr=7.00e-05 | 85219 tok/s (avg 84948) ETA 229m51s | gtok=12,902,400 | GPU 1.3/33.2GB
step 400 ep1/10 [400/32130   1%]  loss=6.2696 ppl=528.2 lr=8.00e-05 | 85193 tok/s (avg 84979) ETA 229m24s | gtok=14,745,600 | GPU 1.3/33.2GB
step 450 ep1/10 [450/32130   1%]  loss=6.0411 ppl=420.3 lr=9.00e-05 | 85195 tok/s (avg 85003) ETA 228m59s | gtok=16,588,800 | GPU 1.3/33.2GB
step 500 ep1/10 [500/32130   2%]  loss=5.9446 ppl=381.7 lr=1.00e-04 | 85284 tok/s (avg 85030) ETA 228m32s | gtok=18,432,000 | GPU 1.3/33.2GB
step 550 ep1/10 [550/32130   2%]  loss=5.7823 ppl=324.5 lr=1.00e-04 | 85203 tok/s (avg 85046) ETA 228m08s | gtok=20,275,200 | GPU 1.3/33.2GB
step 600 ep1/10 [600/32130   2%]  loss=5.6746 ppl=291.4 lr=1.00e-04 | 83834 tok/s (avg 84944) ETA 228m03s | gtok=22,118,400 | GPU 1.3/33.2GB
step 650 ep1/10 [650/32130   2%]  loss=5.6850 ppl=294.4 lr=1.00e-04 | 44355 tok/s (avg 79358) ETA 243m43s | gtok=23,961,600 | GPU 1.3/33.2GB
step 700 ep1/10 [700/32130   2%]  loss=5.6666 ppl=289.1 lr=1.00e-04 | 85337 tok/s (avg 79757) ETA 242m07s | gtok=25,804,800 | GPU 1.3/33.2GB
step 750 ep1/10 [750/32130   2%]  loss=5.6424 ppl=282.1 lr=1.00e-04 | 85327 tok/s (avg 80105) ETA 240m40s | gtok=27,648,000 | GPU 1.3/33.2GB
step 800 ep1/10 [800/32130   2%]  loss=5.3923 ppl=219.7 lr=1.00e-04 | 48250 tok/s (avg 76931) ETA 250m12s | gtok=29,491,200 | GPU 1.3/33.2GB
step 850 ep1/10 [850/32130   3%]  loss=5.2434 ppl=189.3 lr=1.00e-04 | 39367 tok/s (avg 72842) ETA 263m50s | gtok=31,334,400 | GPU 1.3/33.2GB
step 900 ep1/10 [900/32130   3%]  loss=5.2641 ppl=193.3 lr=1.00e-04 | 39387 tok/s (avg 69560) ETA 275m50s | gtok=33,177,600 | GPU 1.3/33.2GB
step 950 ep1/10 [950/32130   3%]  loss=5.1130 ppl=166.2 lr=1.00e-04 | 39468 tok/s (avg 66876) ETA 286m27s | gtok=35,020,800 | GPU 1.3/33.2GB
step 1000 ep1/10 [1000/32130   3%]  loss=5.1071 ppl=165.2 lr=9.99e-05 | 39447 tok/s (avg 64629) ETA 295m56s | gtok=36,864,000 | GPU 1.3/33.2GB
step 1050 ep1/10 [1050/32130   3%]  loss=5.1090 ppl=165.5 lr=9.99e-05 | 59478 tok/s (avg 64364) ETA 296m40s | gtok=38,707,200 | GPU 1.3/33.2GB
step 1100 ep1/10 [1100/32130   3%]  loss=5.0510 ppl=156.2 lr=9.99e-05 | 85343 tok/s (avg 65091) ETA 292m53s | gtok=40,550,400 | GPU 1.3/33.2GB
step 1150 ep1/10 [1150/32130   4%]  loss=5.0606 ppl=157.7 lr=9.99e-05 | 85344 tok/s (avg 65769) ETA 289m24s | gtok=42,393,600 | GPU 1.3/33.2GB
step 1200 ep1/10 [1200/32130   4%]  loss=5.0652 ppl=158.4 lr=9.99e-05 | 85332 tok/s (avg 66404) ETA 286m10s | gtok=44,236,800 | GPU 1.3/33.2GB
step 1250 ep1/10 [1250/32130   4%]  loss=4.9485 ppl=141.0 lr=9.99e-05 | 85282 tok/s (avg 66997) ETA 283m11s | gtok=46,080,000 | GPU 1.3/33.2GB
step 1300 ep1/10 [1300/32130   4%]  loss=4.8808 ppl=131.7 lr=9.98e-05 | 85310 tok/s (avg 67555) ETA 280m23s | gtok=47,923,200 | GPU 1.3/33.2GB
step 1350 ep1/10 [1350/32130   4%]  loss=4.8014 ppl=121.7 lr=9.98e-05 | 85325 tok/s (avg 68080) ETA 277m46s | gtok=49,766,400 | GPU 1.3/33.2GB
step 1400 ep1/10 [1400/32130   4%]  loss=4.7174 ppl=111.9 lr=9.98e-05 | 85088 tok/s (avg 68569) ETA 275m20s | gtok=51,609,600 | GPU 1.3/33.2GB
step 1450 ep1/10 [1450/32130   5%]  loss=4.7141 ppl=111.5 lr=9.98e-05 | 85321 tok/s (avg 69037) ETA 273m02s | gtok=53,452,800 | GPU 1.3/33.2GB
step 1500 ep1/10 [1500/32130   5%]  loss=4.8755 ppl=131.0 lr=9.98e-05 | 85325 tok/s (avg 69479) ETA 270m51s | gtok=55,296,000 | GPU 1.3/33.2GB
step 1550 ep1/10 [1550/32130   5%]  loss=4.8420 ppl=126.7 lr=9.97e-05 | 85327 tok/s (avg 69897) ETA 268m47s | gtok=57,139,200 | GPU 1.3/33.2GB
step 1600 ep1/10 [1600/32130   5%]  loss=4.8703 ppl=130.4 lr=9.97e-05 | 85158 tok/s (avg 70291) ETA 266m51s | gtok=58,982,400 | GPU 1.3/33.2GB
step 1650 ep1/10 [1650/32130   5%]  loss=4.7520 ppl=115.8 lr=9.97e-05 | 85278 tok/s (avg 70667) ETA 265m00s | gtok=60,825,600 | GPU 1.3/33.2GB
step 1700 ep1/10 [1700/32130   5%]  loss=4.6187 ppl=101.4 lr=9.96e-05 | 85264 tok/s (avg 71025) ETA 263m14s | gtok=62,668,800 | GPU 1.3/33.2GB
step 1750 ep1/10 [1750/32130   5%]  loss=4.7678 ppl=117.7 lr=9.96e-05 | 85337 tok/s (avg 71367) ETA 261m32s | gtok=64,512,000 | GPU 1.3/33.2GB
step 1800 ep1/10 [1800/32130   6%]  loss=4.7398 ppl=114.4 lr=9.96e-05 | 85220 tok/s (avg 71691) ETA 259m55s | gtok=66,355,200 | GPU 1.3/33.2GB
step 1850 ep1/10 [1850/32130   6%]  loss=4.6174 ppl=101.2 lr=9.96e-05 | 85320 tok/s (avg 72002) ETA 258m23s | gtok=68,198,400 | GPU 1.3/33.2GB
step 1900 ep1/10 [1900/32130   6%]  loss=4.5905 ppl=98.5 lr=9.95e-05 | 85332 tok/s (avg 72299) ETA 256m53s | gtok=70,041,600 | GPU 1.3/33.2GB
step 1950 ep1/10 [1950/32130   6%]  loss=4.5715 ppl=96.7 lr=9.95e-05 | 85327 tok/s (avg 72583) ETA 255m28s | gtok=71,884,800 | GPU 1.3/33.2GB
step 2000 ep1/10 [2000/32130   6%]  loss=4.5559 ppl=95.2 lr=9.94e-05 | 85312 tok/s (avg 72855) ETA 254m05s | gtok=73,728,000 | GPU 1.3/33.2GB
  [checkpoint] step 2000 -> checkpoints_v13_sempty/wikitext_chrono_a1conv_fair_817aa35/best_model.pt
  [val @ step 2000] val_loss=4.4563 val_ppl=86.17 *best* (best 86.17)
  [diag] step 2000 cgu=+1.03 +1.05 +1.05 +1.06 +1.08 +1.09 +1.10 +1.11 +1.12 +1.12 +1.13 +1.15 +1.16 +1.16 +1.16 +1.13  pam=+0.13 +0.15 +0.16 +0.14 +0.15 +0.14 +0.16 +0.14 +0.14 +0.13 +0.18 +0.16 +0.15 +0.19 +0.16 +0.15
  [diag] dtbias=-3.99 -3.99 -3.98 -3.99 -3.98 -3.99 -3.98 -3.99 -3.99 -3.99 -3.98 -3.99 -3.99 -3.98 -3.99 -3.99  ret=0.88 0.87 0.87 0.89 0.89 0.92 0.83 0.93 0.93 0.92 0.83 0.89 0.93 0.88 0.87 0.93
  [diag] gnorm=7.3e-02 7.2e-02 7.4e-02 7.1e-02 7.1e-02 7.2e-02 8.3e-02 9.0e-02 8.5e-02 1.4e-01 1.3e-01 1.2e-01 9.6e-02 1.0e-01 1.1e-01 1.1e-01  wnorm=56.5 56.6 56.7 56.7 56.7 56.7 57.0 56.9 56.9 57.1 57.6 57.8 57.9 58.3 58.5 58.2
step 2050 ep1/10 [2050/32130   6%]  loss=4.4762 ppl=87.9 lr=9.94e-05 | 75389 tok/s (avg 72914) ETA 253m27s | gtok=75,571,200 | GPU 1.3/33.2GB
step 2100 ep1/10 [2100/32130   7%]  loss=4.4807 ppl=88.3 lr=9.94e-05 | 85246 tok/s (avg 73166) ETA 252m10s | gtok=77,414,400 | GPU 1.3/33.2GB
step 2150 ep1/10 [2150/32130   7%]  loss=4.4986 ppl=89.9 lr=9.93e-05 | 85086 tok/s (avg 73406) ETA 250m55s | gtok=79,257,600 | GPU 1.3/33.2GB
step 2200 ep1/10 [2200/32130   7%]  loss=4.3683 ppl=78.9 lr=9.93e-05 | 85320 tok/s (avg 73639) ETA 249m43s | gtok=81,100,800 | GPU 1.3/33.2GB
step 2250 ep1/10 [2250/32130   7%]  loss=4.4693 ppl=87.3 lr=9.92e-05 | 85299 tok/s (avg 73864) ETA 248m32s | gtok=82,944,000 | GPU 1.3/33.2GB
step 2300 ep1/10 [2300/32130   7%]  loss=4.4542 ppl=86.0 lr=9.92e-05 | 85322 tok/s (avg 74080) ETA 247m24s | gtok=84,787,200 | GPU 1.3/33.2GB
step 2350 ep1/10 [2350/32130   7%]  loss=4.3525 ppl=77.7 lr=9.92e-05 | 85321 tok/s (avg 74288) ETA 246m17s | gtok=86,630,400 | GPU 1.3/33.2GB
step 2400 ep1/10 [2400/32130   7%]  loss=4.3650 ppl=78.6 lr=9.91e-05 | 85320 tok/s (avg 74489) ETA 245m13s | gtok=88,473,600 | GPU 1.3/33.2GB
step 2450 ep1/10 [2450/32130   8%]  loss=4.2552 ppl=70.5 lr=9.91e-05 | 85165 tok/s (avg 74680) ETA 244m10s | gtok=90,316,800 | GPU 1.3/33.2GB
step 2500 ep1/10 [2500/32130   8%]  loss=4.3560 ppl=77.9 lr=9.90e-05 | 84947 tok/s (avg 74861) ETA 243m10s | gtok=92,160,000 | GPU 1.3/33.2GB
step 2550 ep1/10 [2550/32130   8%]  loss=4.3994 ppl=81.4 lr=9.90e-05 | 85183 tok/s (avg 75039) ETA 242m11s | gtok=94,003,200 | GPU 1.3/33.2GB
step 2600 ep1/10 [2600/32130   8%]  loss=4.3485 ppl=77.4 lr=9.89e-05 | 85171 tok/s (avg 75211) ETA 241m13s | gtok=95,846,400 | GPU 1.3/33.2GB
step 2650 ep1/10 [2650/32130   8%]  loss=4.2937 ppl=73.2 lr=9.89e-05 | 85075 tok/s (avg 75376) ETA 240m17s | gtok=97,689,600 | GPU 1.3/33.2GB
step 2700 ep1/10 [2700/32130   8%]  loss=4.3394 ppl=76.7 lr=9.88e-05 | 85011 tok/s (avg 75534) ETA 239m23s | gtok=99,532,800 | GPU 1.3/33.2GB
step 2750 ep1/10 [2750/32130   9%]  loss=4.1444 ppl=63.1 lr=9.88e-05 | 84175 tok/s (avg 75676) ETA 238m31s | gtok=101,376,000 | GPU 1.3/33.2GB
step 2800 ep1/10 [2800/32130   9%]  loss=4.1541 ppl=63.7 lr=9.87e-05 | 85329 tok/s (avg 75829) ETA 237m38s | gtok=103,219,200 | GPU 1.3/33.2GB
step 2850 ep1/10 [2850/32130   9%]  loss=4.1201 ppl=61.6 lr=9.86e-05 | 85090 tok/s (avg 75974) ETA 236m47s | gtok=105,062,400 | GPU 1.3/33.2GB
step 2900 ep1/10 [2900/32130   9%]  loss=4.4019 ppl=81.6 lr=9.86e-05 | 85325 tok/s (avg 76118) ETA 235m56s | gtok=106,905,600 | GPU 1.3/33.2GB
step 2950 ep1/10 [2950/32130   9%]  loss=4.1973 ppl=66.5 lr=9.85e-05 | 85344 tok/s (avg 76257) ETA 235m06s | gtok=108,748,800 | GPU 1.3/33.2GB
step 3000 ep1/10 [3000/32130   9%]  loss=4.2688 ppl=71.4 lr=9.85e-05 | 85353 tok/s (avg 76393) ETA 234m16s | gtok=110,592,000 | GPU 1.3/33.2GB
step 3050 ep1/10 [3050/32130   9%]  loss=4.2545 ppl=70.4 lr=9.84e-05 | 85349 tok/s (avg 76525) ETA 233m28s | gtok=112,435,200 | GPU 1.3/33.2GB
step 3100 ep1/10 [3100/32130  10%]  loss=4.0735 ppl=58.8 lr=9.83e-05 | 85359 tok/s (avg 76653) ETA 232m41s | gtok=114,278,400 | GPU 1.3/33.2GB
step 3150 ep1/10 [3150/32130  10%]  loss=4.1785 ppl=65.3 lr=9.83e-05 | 85158 tok/s (avg 76774) ETA 231m55s | gtok=116,121,600 | GPU 1.3/33.2GB
step 3200 ep1/10 [3200/32130  10%]  loss=4.1399 ppl=62.8 lr=9.82e-05 | 85175 tok/s (avg 76893) ETA 231m09s | gtok=117,964,800 | GPU 1.3/33.2GB
=== Epoch 1/10 done | step 3213 | train_loss=5.1933 ppl=180.06 | gtok=118,437,888 | 25.7 min | best_val_ppl=86.17 ===
step 3250 ep2/10 [3250/32130  10%]  loss=4.2263 ppl=68.5 lr=9.81e-05 | 85218 tok/s (avg 77008) ETA 230m24s | gtok=119,801,856 | GPU 1.3/33.2GB
step 3300 ep2/10 [3300/32130  10%]  loss=4.0619 ppl=58.1 lr=9.81e-05 | 85187 tok/s (avg 77120) ETA 229m40s | gtok=121,645,056 | GPU 1.3/33.2GB
step 3350 ep2/10 [3350/32130  10%]  loss=4.0252 ppl=56.0 lr=9.80e-05 | 85187 tok/s (avg 77229) ETA 228m56s | gtok=123,488,256 | GPU 1.3/33.2GB
step 3400 ep2/10 [3400/32130  11%]  loss=4.0876 ppl=59.6 lr=9.79e-05 | 85157 tok/s (avg 77335) ETA 228m14s | gtok=125,331,456 | GPU 1.3/33.2GB
step 3450 ep2/10 [3450/32130  11%]  loss=4.2199 ppl=68.0 lr=9.79e-05 | 85294 tok/s (avg 77440) ETA 227m31s | gtok=127,174,656 | GPU 1.3/33.2GB
step 3500 ep2/10 [3500/32130  11%]  loss=4.0252 ppl=56.0 lr=9.78e-05 | 85088 tok/s (avg 77540) ETA 226m50s | gtok=129,017,856 | GPU 1.3/33.2GB
step 3550 ep2/10 [3550/32130  11%]  loss=4.0987 ppl=60.3 lr=9.77e-05 | 85321 tok/s (avg 77639) ETA 226m09s | gtok=130,861,056 | GPU 1.3/33.2GB
step 3600 ep2/10 [3600/32130  11%]  loss=4.0955 ppl=60.1 lr=9.76e-05 | 85321 tok/s (avg 77737) ETA 225m28s | gtok=132,704,256 | GPU 1.3/33.2GB
step 3650 ep2/10 [3650/32130  11%]  loss=3.9495 ppl=51.9 lr=9.76e-05 | 85314 tok/s (avg 77831) ETA 224m48s | gtok=134,547,456 | GPU 1.3/33.2GB
step 3700 ep2/10 [3700/32130  12%]  loss=4.0229 ppl=55.9 lr=9.75e-05 | 85305 tok/s (avg 77923) ETA 224m09s | gtok=136,390,656 | GPU 1.3/33.2GB
step 3750 ep2/10 [3750/32130  12%]  loss=3.9106 ppl=49.9 lr=9.74e-05 | 85253 tok/s (avg 78013) ETA 223m30s | gtok=138,233,856 | GPU 1.3/33.2GB
step 3800 ep2/10 [3800/32130  12%]  loss=4.0866 ppl=59.5 lr=9.73e-05 | 85319 tok/s (avg 78101) ETA 222m51s | gtok=140,077,056 | GPU 1.3/33.2GB
step 3850 ep2/10 [3850/32130  12%]  loss=4.0537 ppl=57.6 lr=9.73e-05 | 85169 tok/s (avg 78185) ETA 222m13s | gtok=141,920,256 | GPU 1.3/33.2GB
step 3900 ep2/10 [3900/32130  12%]  loss=3.9960 ppl=54.4 lr=9.72e-05 | 85309 tok/s (avg 78269) ETA 221m35s | gtok=143,763,456 | GPU 1.3/33.2GB
step 3950 ep2/10 [3950/32130  12%]  loss=4.1746 ppl=65.0 lr=9.71e-05 | 85302 tok/s (avg 78351) ETA 220m58s | gtok=145,606,656 | GPU 1.3/33.2GB
step 4000 ep2/10 [4000/32130  12%]  loss=3.9316 ppl=51.0 lr=9.70e-05 | 85162 tok/s (avg 78429) ETA 220m21s | gtok=147,449,856 | GPU 1.3/33.2GB
  [checkpoint] step 4000 -> checkpoints_v13_sempty/wikitext_chrono_a1conv_fair_817aa35/best_model.pt
  [val @ step 4000] val_loss=3.9181 val_ppl=50.30 *best* (best 50.30)
  [checkpoint] step 4000 -> checkpoints_v13_sempty/wikitext_chrono_a1conv_fair_817aa35/latest.pt
  [diag] step 4000 cgu=+0.94 +0.95 +0.97 +0.99 +1.02 +1.04 +1.07 +1.12 +1.15 +1.18 +1.22 +1.28 +1.30 +1.31 +1.31 +1.24  pam=+0.14 +0.17 +0.18 +0.15 +0.18 +0.15 +0.17 +0.14 +0.15 +0.15 +0.23 +0.19 +0.19 +0.23 +0.20 +0.16
  [diag] dtbias=-3.98 -3.98 -3.97 -3.98 -3.98 -3.98 -3.97 -3.99 -3.99 -3.99 -3.96 -3.98 -3.98 -3.97 -3.97 -3.99  ret=0.85 0.82 0.83 0.87 0.85 0.88 0.77 0.90 0.90 0.90 0.76 0.85 0.90 0.82 0.81 0.90
  [diag] gnorm=7.5e-02 7.2e-02 8.0e-02 7.9e-02 7.7e-02 7.5e-02 9.7e-02 1.0e-01 1.0e-01 1.5e-01 1.2e-01 1.4e-01 1.0e-01 1.0e-01 1.1e-01 1.2e-01  wnorm=56.9 57.1 57.3 57.2 57.4 57.4 57.8 57.7 57.8 58.2 58.9 59.1 59.4 59.9 60.3 59.7
step 4050 ep2/10 [4050/32130  13%]  loss=4.0262 ppl=56.0 lr=9.69e-05 | 70290 tok/s (avg 78317) ETA 220m16s | gtok=149,293,056 | GPU 1.3/33.2GB
step 4100 ep2/10 [4100/32130  13%]  loss=3.9086 ppl=49.8 lr=9.68e-05 | 85315 tok/s (avg 78396) ETA 219m40s | gtok=151,136,256 | GPU 1.3/33.2GB
step 4150 ep2/10 [4150/32130  13%]  loss=3.9575 ppl=52.3 lr=9.68e-05 | 85118 tok/s (avg 78470) ETA 219m04s | gtok=152,979,456 | GPU 1.3/33.2GB
step 4200 ep2/10 [4200/32130  13%]  loss=3.7936 ppl=44.4 lr=9.67e-05 | 85220 tok/s (avg 78544) ETA 218m28s | gtok=154,822,656 | GPU 1.3/33.2GB
step 4250 ep2/10 [4250/32130  13%]  loss=3.9027 ppl=49.5 lr=9.66e-05 | 85173 tok/s (avg 78616) ETA 217m52s | gtok=156,665,856 | GPU 1.3/33.2GB
step 4300 ep2/10 [4300/32130  13%]  loss=4.1682 ppl=64.6 lr=9.65e-05 | 85174 tok/s (avg 78687) ETA 217m17s | gtok=158,509,056 | GPU 1.3/33.2GB
step 4350 ep2/10 [4350/32130  14%]  loss=4.0012 ppl=54.7 lr=9.64e-05 | 85174 tok/s (avg 78756) ETA 216m42s | gtok=160,352,256 | GPU 1.3/33.2GB
step 4400 ep2/10 [4400/32130  14%]  loss=3.8231 ppl=45.7 lr=9.63e-05 | 85305 tok/s (avg 78824) ETA 216m08s | gtok=162,195,456 | GPU 1.3/33.2GB
step 4450 ep2/10 [4450/32130  14%]  loss=3.8075 ppl=45.0 lr=9.62e-05 | 85335 tok/s (avg 78892) ETA 215m33s | gtok=164,038,656 | GPU 1.3/33.2GB
step 4500 ep2/10 [4500/32130  14%]  loss=3.6938 ppl=40.2 lr=9.61e-05 | 84981 tok/s (avg 78955) ETA 214m59s | gtok=165,881,856 | GPU 1.3/33.2GB
step 4550 ep2/10 [4550/32130  14%]  loss=3.7260 ppl=41.5 lr=9.60e-05 | 85175 tok/s (avg 79018) ETA 214m26s | gtok=167,725,056 | GPU 1.3/33.2GB
step 4600 ep2/10 [4600/32130  14%]  loss=3.9649 ppl=52.7 lr=9.59e-05 | 85219 tok/s (avg 79081) ETA 213m52s | gtok=169,568,256 | GPU 1.3/33.2GB
step 4650 ep2/10 [4650/32130  14%]  loss=3.7395 ppl=42.1 lr=9.58e-05 | 85313 tok/s (avg 79143) ETA 213m19s | gtok=171,411,456 | GPU 1.3/33.2GB
step 4700 ep2/10 [4700/32130  15%]  loss=3.8619 ppl=47.6 lr=9.57e-05 | 85330 tok/s (avg 79204) ETA 212m46s | gtok=173,254,656 | GPU 1.3/33.2GB
step 4750 ep2/10 [4750/32130  15%]  loss=3.8887 ppl=48.8 lr=9.56e-05 | 85331 tok/s (avg 79264) ETA 212m13s | gtok=175,097,856 | GPU 1.3/33.2GB
step 4800 ep2/10 [4800/32130  15%]  loss=3.9821 ppl=53.6 lr=9.55e-05 | 85321 tok/s (avg 79323) ETA 211m40s | gtok=176,941,056 | GPU 1.3/33.2GB
step 4850 ep2/10 [4850/32130  15%]  loss=3.7397 ppl=42.1 lr=9.54e-05 | 85236 tok/s (avg 79379) ETA 211m08s | gtok=178,784,256 | GPU 1.3/33.2GB
step 4900 ep2/10 [4900/32130  15%]  loss=3.8542 ppl=47.2 lr=9.53e-05 | 85325 tok/s (avg 79436) ETA 210m36s | gtok=180,627,456 | GPU 1.3/33.2GB
step 4950 ep2/10 [4950/32130  15%]  loss=3.9534 ppl=52.1 lr=9.52e-05 | 85280 tok/s (avg 79491) ETA 210m04s | gtok=182,470,656 | GPU 1.3/33.2GB
step 5000 ep2/10 [5000/32130  16%]  loss=3.8369 ppl=46.4 lr=9.51e-05 | 85158 tok/s (avg 79544) ETA 209m32s | gtok=184,313,856 | GPU 1.3/33.2GB
step 5050 ep2/10 [5050/32130  16%]  loss=3.8359 ppl=46.3 lr=9.50e-05 | 85262 tok/s (avg 79597) ETA 209m01s | gtok=186,157,056 | GPU 1.3/33.2GB
step 5100 ep2/10 [5100/32130  16%]  loss=3.8403 ppl=46.5 lr=9.49e-05 | 85314 tok/s (avg 79649) ETA 208m29s | gtok=188,000,256 | GPU 1.3/33.2GB
step 5150 ep2/10 [5150/32130  16%]  loss=3.9233 ppl=50.6 lr=9.48e-05 | 85328 tok/s (avg 79700) ETA 207m58s | gtok=189,843,456 | GPU 1.3/33.2GB
step 5200 ep2/10 [5200/32130  16%]  loss=3.8194 ppl=45.6 lr=9.47e-05 | 85100 tok/s (avg 79749) ETA 207m27s | gtok=191,686,656 | GPU 1.3/33.2GB
step 5250 ep2/10 [5250/32130  16%]  loss=3.9315 ppl=51.0 lr=9.45e-05 | 85322 tok/s (avg 79799) ETA 206m57s | gtok=193,529,856 | GPU 1.3/33.2GB
step 5300 ep2/10 [5300/32130  16%]  loss=3.8173 ppl=45.5 lr=9.44e-05 | 85313 tok/s (avg 79847) ETA 206m26s | gtok=195,373,056 | GPU 1.3/33.2GB
step 5350 ep2/10 [5350/32130  17%]  loss=3.7056 ppl=40.7 lr=9.43e-05 | 85311 tok/s (avg 79895) ETA 205m56s | gtok=197,216,256 | GPU 1.3/33.2GB
step 5400 ep2/10 [5400/32130  17%]  loss=3.9789 ppl=53.5 lr=9.42e-05 | 85176 tok/s (avg 79941) ETA 205m25s | gtok=199,059,456 | GPU 1.3/33.2GB
step 5450 ep2/10 [5450/32130  17%]  loss=3.7563 ppl=42.8 lr=9.41e-05 | 85188 tok/s (avg 79986) ETA 204m55s | gtok=200,902,656 | GPU 1.3/33.2GB
step 5500 ep2/10 [5500/32130  17%]  loss=3.7318 ppl=41.8 lr=9.40e-05 | 85079 tok/s (avg 80030) ETA 204m26s | gtok=202,745,856 | GPU 1.3/33.2GB
step 5550 ep2/10 [5550/32130  17%]  loss=3.7577 ppl=42.8 lr=9.38e-05 | 85268 tok/s (avg 80074) ETA 203m56s | gtok=204,589,056 | GPU 1.3/33.2GB
step 5600 ep2/10 [5600/32130  17%]  loss=3.8635 ppl=47.6 lr=9.37e-05 | 85312 tok/s (avg 80118) ETA 203m26s | gtok=206,432,256 | GPU 1.3/33.2GB
step 5650 ep2/10 [5650/32130  18%]  loss=3.8092 ppl=45.1 lr=9.36e-05 | 85326 tok/s (avg 80161) ETA 202m57s | gtok=208,275,456 | GPU 1.3/33.2GB
step 5700 ep2/10 [5700/32130  18%]  loss=3.6580 ppl=38.8 lr=9.35e-05 | 85288 tok/s (avg 80204) ETA 202m27s | gtok=210,118,656 | GPU 1.3/33.2GB
step 5750 ep2/10 [5750/32130  18%]  loss=3.6633 ppl=39.0 lr=9.34e-05 | 85312 tok/s (avg 80245) ETA 201m58s | gtok=211,961,856 | GPU 1.3/33.2GB
step 5800 ep2/10 [5800/32130  18%]  loss=3.8777 ppl=48.3 lr=9.32e-05 | 85319 tok/s (avg 80287) ETA 201m29s | gtok=213,805,056 | GPU 1.3/33.2GB
step 5850 ep2/10 [5850/32130  18%]  loss=3.7313 ppl=41.7 lr=9.31e-05 | 85096 tok/s (avg 80325) ETA 201m00s | gtok=215,648,256 | GPU 1.3/33.2GB
step 5900 ep2/10 [5900/32130  18%]  loss=3.6785 ppl=39.6 lr=9.30e-05 | 85315 tok/s (avg 80365) ETA 200m31s | gtok=217,491,456 | GPU 1.3/33.2GB
step 5950 ep2/10 [5950/32130  19%]  loss=3.7900 ppl=44.3 lr=9.29e-05 | 85318 tok/s (avg 80404) ETA 200m02s | gtok=219,334,656 | GPU 1.3/33.2GB
step 6000 ep2/10 [6000/32130  19%]  loss=3.9492 ppl=51.9 lr=9.27e-05 | 85306 tok/s (avg 80443) ETA 199m34s | gtok=221,177,856 | GPU 1.3/33.2GB
  [checkpoint] step 6000 -> checkpoints_v13_sempty/wikitext_chrono_a1conv_fair_817aa35/best_model.pt
  [val @ step 6000] val_loss=3.6535 val_ppl=38.61 *best* (best 38.61)
  [diag] step 6000 cgu=+0.86 +0.87 +0.89 +0.92 +0.96 +0.99 +1.03 +1.10 +1.16 +1.20 +1.27 +1.35 +1.39 +1.41 +1.41 +1.31  pam=+0.15 +0.17 +0.18 +0.14 +0.17 +0.15 +0.17 +0.14 +0.16 +0.16 +0.26 +0.21 +0.21 +0.26 +0.22 +0.17
  [diag] dtbias=-3.97 -3.97 -3.96 -3.97 -3.97 -3.97 -3.96 -3.98 -3.98 -3.98 -3.95 -3.98 -3.98 -3.96 -3.96 -3.98  ret=0.82 0.80 0.80 0.86 0.84 0.87 0.75 0.89 0.88 0.89 0.73 0.83 0.87 0.80 0.78 0.89
  [diag] gnorm=7.4e-02 7.6e-02 7.8e-02 7.8e-02 7.8e-02 8.0e-02 1.0e-01 1.1e-01 1.1e-01 1.7e-01 1.4e-01 1.8e-01 1.2e-01 1.1e-01 1.1e-01 1.4e-01  wnorm=57.3 57.5 57.7 57.7 57.9 57.9 58.4 58.3 58.5 59.0 59.8 60.1 60.4 61.0 61.4 60.7
step 6050 ep2/10 [6050/32130  19%]  loss=3.7290 ppl=41.6 lr=9.26e-05 | 71750 tok/s (avg 80362) ETA 199m23s | gtok=223,021,056 | GPU 1.3/33.2GB
step 6100 ep2/10 [6100/32130  19%]  loss=3.6951 ppl=40.3 lr=9.25e-05 | 85321 tok/s (avg 80401) ETA 198m54s | gtok=224,864,256 | GPU 1.3/33.2GB
step 6150 ep2/10 [6150/32130  19%]  loss=3.6901 ppl=40.0 lr=9.23e-05 | 85210 tok/s (avg 80438) ETA 198m26s | gtok=226,707,456 | GPU 1.3/33.2GB
step 6200 ep2/10 [6200/32130  19%]  loss=3.4798 ppl=32.5 lr=9.22e-05 | 85323 tok/s (avg 80475) ETA 197m57s | gtok=228,550,656 | GPU 1.3/33.2GB
step 6250 ep2/10 [6250/32130  19%]  loss=3.8385 ppl=46.5 lr=9.21e-05 | 85326 tok/s (avg 80511) ETA 197m29s | gtok=230,393,856 | GPU 1.3/33.2GB
step 6300 ep2/10 [6300/32130  20%]  loss=3.6217 ppl=37.4 lr=9.19e-05 | 85333 tok/s (avg 80548) ETA 197m01s | gtok=232,237,056 | GPU 1.3/33.2GB
step 6350 ep2/10 [6350/32130  20%]  loss=3.6123 ppl=37.1 lr=9.18e-05 | 85330 tok/s (avg 80583) ETA 196m33s | gtok=234,080,256 | GPU 1.3/33.2GB
step 6400 ep2/10 [6400/32130  20%]  loss=3.5825 ppl=36.0 lr=9.17e-05 | 85287 tok/s (avg 80618) ETA 196m05s | gtok=235,923,456 | GPU 1.3/33.2GB
=== Epoch 2/10 done | step 6426 | train_loss=3.8904 ppl=48.93 | gtok=236,875,776 | 23.3 min | best_val_ppl=38.61 ===
step 6450 ep3/10 [6450/32130  20%]  loss=3.6476 ppl=38.4 lr=9.15e-05 | 85172 tok/s (avg 80651) ETA 195m37s | gtok=237,760,512 | GPU 1.3/33.2GB
step 6500 ep3/10 [6500/32130  20%]  loss=3.8010 ppl=44.7 lr=9.14e-05 | 84982 tok/s (avg 80683) ETA 195m09s | gtok=239,603,712 | GPU 1.3/33.2GB
step 6550 ep3/10 [6550/32130  20%]  loss=3.6360 ppl=37.9 lr=9.12e-05 | 85275 tok/s (avg 80716) ETA 194m42s | gtok=241,446,912 | GPU 1.3/33.2GB
step 6600 ep3/10 [6600/32130  21%]  loss=3.6328 ppl=37.8 lr=9.11e-05 | 85172 tok/s (avg 80748) ETA 194m14s | gtok=243,290,112 | GPU 1.3/33.2GB
step 6650 ep3/10 [6650/32130  21%]  loss=3.6586 ppl=38.8 lr=9.10e-05 | 85218 tok/s (avg 80780) ETA 193m47s | gtok=245,133,312 | GPU 1.3/33.2GB
step 6700 ep3/10 [6700/32130  21%]  loss=3.5330 ppl=34.2 lr=9.08e-05 | 85241 tok/s (avg 80811) ETA 193m19s | gtok=246,976,512 | GPU 1.3/33.2GB
step 6750 ep3/10 [6750/32130  21%]  loss=3.5778 ppl=35.8 lr=9.07e-05 | 85299 tok/s (avg 80843) ETA 192m52s | gtok=248,819,712 | GPU 1.3/33.2GB
step 6800 ep3/10 [6800/32130  21%]  loss=3.6040 ppl=36.7 lr=9.05e-05 | 85323 tok/s (avg 80874) ETA 192m25s | gtok=250,662,912 | GPU 1.3/33.2GB
step 6850 ep3/10 [6850/32130  21%]  loss=3.5393 ppl=34.4 lr=9.04e-05 | 85081 tok/s (avg 80903) ETA 191m58s | gtok=252,506,112 | GPU 1.3/33.2GB
step 6900 ep3/10 [6900/32130  21%]  loss=3.6469 ppl=38.4 lr=9.02e-05 | 85263 tok/s (avg 80933) ETA 191m31s | gtok=254,349,312 | GPU 1.3/33.2GB
step 6950 ep3/10 [6950/32130  22%]  loss=3.4656 ppl=32.0 lr=9.01e-05 | 85223 tok/s (avg 80963) ETA 191m04s | gtok=256,192,512 | GPU 1.3/33.2GB
step 7000 ep3/10 [7000/32130  22%]  loss=3.7257 ppl=41.5 lr=8.99e-05 | 85222 tok/s (avg 80991) ETA 190m37s | gtok=258,035,712 | GPU 1.3/33.2GB
step 7050 ep3/10 [7050/32130  22%]  loss=3.6726 ppl=39.4 lr=8.98e-05 | 85309 tok/s (avg 81021) ETA 190m10s | gtok=259,878,912 | GPU 1.3/33.2GB
step 7100 ep3/10 [7100/32130  22%]  loss=3.6735 ppl=39.4 lr=8.96e-05 | 85280 tok/s (avg 81049) ETA 189m44s | gtok=261,722,112 | GPU 1.3/33.2GB
step 7150 ep3/10 [7150/32130  22%]  loss=3.5915 ppl=36.3 lr=8.95e-05 | 85325 tok/s (avg 81077) ETA 189m17s | gtok=263,565,312 | GPU 1.3/33.2GB
step 7200 ep3/10 [7200/32130  22%]  loss=3.6522 ppl=38.6 lr=8.93e-05 | 85202 tok/s (avg 81105) ETA 188m50s | gtok=265,408,512 | GPU 1.3/33.2GB
step 7250 ep3/10 [7250/32130  23%]  loss=3.7989 ppl=44.7 lr=8.92e-05 | 85328 tok/s (avg 81132) ETA 188m24s | gtok=267,251,712 | GPU 1.3/33.2GB
step 7300 ep3/10 [7300/32130  23%]  loss=3.6835 ppl=39.8 lr=8.90e-05 | 85322 tok/s (avg 81160) ETA 187m57s | gtok=269,094,912 | GPU 1.3/33.2GB
step 7350 ep3/10 [7350/32130  23%]  loss=3.4852 ppl=32.6 lr=8.89e-05 | 85326 tok/s (avg 81187) ETA 187m31s | gtok=270,938,112 | GPU 1.3/33.2GB
step 7400 ep3/10 [7400/32130  23%]  loss=3.6134 ppl=37.1 lr=8.87e-05 | 85294 tok/s (avg 81213) ETA 187m04s | gtok=272,781,312 | GPU 1.3/33.2GB
step 7450 ep3/10 [7450/32130  23%]  loss=3.6070 ppl=36.9 lr=8.86e-05 | 85311 tok/s (avg 81239) ETA 186m38s | gtok=274,624,512 | GPU 1.3/33.2GB
step 7500 ep3/10 [7500/32130  23%]  loss=3.6718 ppl=39.3 lr=8.84e-05 | 85203 tok/s (avg 81264) ETA 186m12s | gtok=276,467,712 | GPU 1.3/33.2GB
step 7550 ep3/10 [7550/32130  23%]  loss=3.5338 ppl=34.3 lr=8.82e-05 | 85160 tok/s (avg 81289) ETA 185m46s | gtok=278,310,912 | GPU 1.3/33.2GB
step 7600 ep3/10 [7600/32130  24%]  loss=3.4879 ppl=32.7 lr=8.81e-05 | 85330 tok/s (avg 81314) ETA 185m20s | gtok=280,154,112 | GPU 1.3/33.2GB
step 7650 ep3/10 [7650/32130  24%]  loss=3.5870 ppl=36.1 lr=8.79e-05 | 85327 tok/s (avg 81339) ETA 184m54s | gtok=281,997,312 | GPU 1.3/33.2GB
step 7700 ep3/10 [7700/32130  24%]  loss=3.5761 ppl=35.7 lr=8.78e-05 | 85331 tok/s (avg 81364) ETA 184m28s | gtok=283,840,512 | GPU 1.3/33.2GB
step 7750 ep3/10 [7750/32130  24%]  loss=3.5031 ppl=33.2 lr=8.76e-05 | 85329 tok/s (avg 81388) ETA 184m02s | gtok=285,683,712 | GPU 1.3/33.2GB
step 7800 ep3/10 [7800/32130  24%]  loss=3.5338 ppl=34.3 lr=8.74e-05 | 85328 tok/s (avg 81413) ETA 183m36s | gtok=287,526,912 | GPU 1.3/33.2GB
step 7850 ep3/10 [7850/32130  24%]  loss=3.5206 ppl=33.8 lr=8.73e-05 | 85328 tok/s (avg 81436) ETA 183m10s | gtok=289,370,112 | GPU 1.3/33.2GB
step 7900 ep3/10 [7900/32130  25%]  loss=3.5443 ppl=34.6 lr=8.71e-05 | 85020 tok/s (avg 81458) ETA 182m44s | gtok=291,213,312 | GPU 1.3/33.2GB
step 7950 ep3/10 [7950/32130  25%]  loss=3.6126 ppl=37.1 lr=8.69e-05 | 85286 tok/s (avg 81481) ETA 182m19s | gtok=293,056,512 | GPU 1.3/33.2GB
step 8000 ep3/10 [8000/32130  25%]  loss=3.4619 ppl=31.9 lr=8.68e-05 | 85202 tok/s (avg 81503) ETA 181m53s | gtok=294,899,712 | GPU 1.3/33.2GB
  [gen @ step 8000, 294,899,712 tok] prompt: In 1923, the University of
    In 1923, the University of Maryland decided to improve its facilities . In 1929 , she was one of a group of teachers who were not in attendance at the school and at college ; after two years ' trial , she became the first students to receive an honorary degree from her in 1924 . 


 = = = World War II : 1931 – 36 = = = 


 In mid @-@ 1934 , Navy captain William
  [checkpoint] step 8000 -> checkpoints_v13_sempty/wikitext_chrono_a1conv_fair_817aa35/best_model.pt
  [val @ step 8000] val_loss=3.5043 val_ppl=33.26 *best* (best 33.26)
  [checkpoint] step 8000 -> checkpoints_v13_sempty/wikitext_chrono_a1conv_fair_817aa35/latest.pt
  [diag] step 8000 cgu=+0.79 +0.82 +0.84 +0.88 +0.92 +0.97 +1.02 +1.10 +1.17 +1.22 +1.30 +1.40 +1.46 +1.48 +1.49 +1.36  pam=+0.16 +0.18 +0.19 +0.15 +0.18 +0.16 +0.17 +0.14 +0.16 +0.17 +0.27 +0.23 +0.23 +0.27 +0.23 +0.18
  [diag] dtbias=-3.97 -3.96 -3.96 -3.97 -3.97 -3.97 -3.95 -3.98 -3.97 -3.98 -3.94 -3.97 -3.97 -3.95 -3.96 -3.98  ret=0.82 0.80 0.80 0.86 0.84 0.86 0.74 0.89 0.88 0.88 0.72 0.82 0.86 0.79 0.77 0.88
  [diag] gnorm=7.7e-02 7.3e-02 8.0e-02 8.5e-02 7.9e-02 8.1e-02 1.0e-01 1.1e-01 1.1e-01 1.6e-01 1.4e-01 1.6e-01 1.2e-01 1.1e-01 1.2e-01 1.4e-01  wnorm=57.7 57.9 58.2 58.2 58.4 58.4 58.9 58.9 59.1 59.7 60.5 60.8 61.2 61.8 62.3 61.6
step 8050 ep3/10 [8050/32130  25%]  loss=3.6760 ppl=39.5 lr=8.66e-05 | 63305 tok/s (avg 81358) ETA 181m50s | gtok=296,742,912 | GPU 1.3/33.2GB
step 8100 ep3/10 [8100/32130  25%]  loss=3.4980 ppl=33.0 lr=8.64e-05 | 85332 tok/s (avg 81381) ETA 181m24s | gtok=298,586,112 | GPU 1.3/33.2GB
step 8150 ep3/10 [8150/32130  25%]  loss=3.4741 ppl=32.3 lr=8.62e-05 | 85249 tok/s (avg 81404) ETA 180m58s | gtok=300,429,312 | GPU 1.3/33.2GB
step 8200 ep3/10 [8200/32130  26%]  loss=3.5306 ppl=34.1 lr=8.61e-05 | 85348 tok/s (avg 81427) ETA 180m33s | gtok=302,272,512 | GPU 1.3/33.2GB
step 8250 ep3/10 [8250/32130  26%]  loss=3.4434 ppl=31.3 lr=8.59e-05 | 85296 tok/s (avg 81449) ETA 180m07s | gtok=304,115,712 | GPU 1.3/33.2GB
step 8300 ep3/10 [8300/32130  26%]  loss=3.6437 ppl=38.2 lr=8.57e-05 | 85339 tok/s (avg 81472) ETA 179m42s | gtok=305,958,912 | GPU 1.3/33.2GB
step 8350 ep3/10 [8350/32130  26%]  loss=3.4905 ppl=32.8 lr=8.56e-05 | 85336 tok/s (avg 81494) ETA 179m16s | gtok=307,802,112 | GPU 1.3/33.2GB
step 8400 ep3/10 [8400/32130  26%]  loss=3.5439 ppl=34.6 lr=8.54e-05 | 85336 tok/s (avg 81516) ETA 178m51s | gtok=309,645,312 | GPU 1.3/33.2GB
step 8450 ep3/10 [8450/32130  26%]  loss=3.4112 ppl=30.3 lr=8.52e-05 | 85328 tok/s (avg 81537) ETA 178m25s | gtok=311,488,512 | GPU 1.3/33.2GB
step 8500 ep3/10 [8500/32130  26%]  loss=3.4311 ppl=30.9 lr=8.50e-05 | 85100 tok/s (avg 81557) ETA 178m00s | gtok=313,331,712 | GPU 1.3/33.2GB
step 8550 ep3/10 [8550/32130  27%]  loss=3.5729 ppl=35.6 lr=8.49e-05 | 85201 tok/s (avg 81578) ETA 177m35s | gtok=315,174,912 | GPU 1.3/33.2GB
step 8600 ep3/10 [8600/32130  27%]  loss=3.5498 ppl=34.8 lr=8.47e-05 | 85191 tok/s (avg 81598) ETA 177m09s | gtok=317,018,112 | GPU 1.3/33.2GB
step 8650 ep3/10 [8650/32130  27%]  loss=3.6552 ppl=38.7 lr=8.45e-05 | 85187 tok/s (avg 81618) ETA 176m44s | gtok=318,861,312 | GPU 1.3/33.2GB
step 8700 ep3/10 [8700/32130  27%]  loss=3.5641 ppl=35.3 lr=8.43e-05 | 85212 tok/s (avg 81638) ETA 176m19s | gtok=320,704,512 | GPU 1.3/33.2GB
step 8750 ep3/10 [8750/32130  27%]  loss=3.4269 ppl=30.8 lr=8.41e-05 | 85320 tok/s (avg 81658) ETA 175m54s | gtok=322,547,712 | GPU 1.3/33.2GB
step 8800 ep3/10 [8800/32130  27%]  loss=3.6027 ppl=36.7 lr=8.40e-05 | 85329 tok/s (avg 81678) ETA 175m29s | gtok=324,390,912 | GPU 1.3/33.2GB
step 8850 ep3/10 [8850/32130  28%]  loss=3.8000 ppl=44.7 lr=8.38e-05 | 85219 tok/s (avg 81697) ETA 175m04s | gtok=326,234,112 | GPU 1.3/33.2GB
step 8900 ep3/10 [8900/32130  28%]  loss=3.4164 ppl=30.5 lr=8.36e-05 | 85321 tok/s (avg 81716) ETA 174m39s | gtok=328,077,312 | GPU 1.3/33.2GB
step 8950 ep3/10 [8950/32130  28%]  loss=3.5067 ppl=33.3 lr=8.34e-05 | 85326 tok/s (avg 81736) ETA 174m14s | gtok=329,920,512 | GPU 1.3/33.2GB
step 9000 ep3/10 [9000/32130  28%]  loss=3.5935 ppl=36.4 lr=8.32e-05 | 85328 tok/s (avg 81755) ETA 173m49s | gtok=331,763,712 | GPU 1.3/33.2GB
step 9050 ep3/10 [9050/32130  28%]  loss=3.5299 ppl=34.1 lr=8.30e-05 | 85333 tok/s (avg 81774) ETA 173m24s | gtok=333,606,912 | GPU 1.3/33.2GB
step 9100 ep3/10 [9100/32130  28%]  loss=3.5765 ppl=35.7 lr=8.28e-05 | 85331 tok/s (avg 81792) ETA 172m59s | gtok=335,450,112 | GPU 1.3/33.2GB
step 9150 ep3/10 [9150/32130  28%]  loss=3.4064 ppl=30.2 lr=8.27e-05 | 85275 tok/s (avg 81811) ETA 172m34s | gtok=337,293,312 | GPU 1.3/33.2GB
step 9200 ep3/10 [9200/32130  29%]  loss=3.8107 ppl=45.2 lr=8.25e-05 | 85256 tok/s (avg 81829) ETA 172m09s | gtok=339,136,512 | GPU 1.3/33.2GB
step 9250 ep3/10 [9250/32130  29%]  loss=3.4576 ppl=31.7 lr=8.23e-05 | 85213 tok/s (avg 81846) ETA 171m44s | gtok=340,979,712 | GPU 1.3/33.2GB
step 9300 ep3/10 [9300/32130  29%]  loss=3.4434 ppl=31.3 lr=8.21e-05 | 85194 tok/s (avg 81863) ETA 171m20s | gtok=342,822,912 | GPU 1.3/33.2GB
step 9350 ep3/10 [9350/32130  29%]  loss=3.4776 ppl=32.4 lr=8.19e-05 | 85245 tok/s (avg 81881) ETA 170m55s | gtok=344,666,112 | GPU 1.3/33.2GB
step 9400 ep3/10 [9400/32130  29%]  loss=3.6225 ppl=37.4 lr=8.17e-05 | 85262 tok/s (avg 81898) ETA 170m30s | gtok=346,509,312 | GPU 1.3/33.2GB
step 9450 ep3/10 [9450/32130  29%]  loss=3.5115 ppl=33.5 lr=8.15e-05 | 85328 tok/s (avg 81916) ETA 170m06s | gtok=348,352,512 | GPU 1.3/33.2GB
step 9500 ep3/10 [9500/32130  30%]  loss=3.4801 ppl=32.5 lr=8.13e-05 | 85208 tok/s (avg 81932) ETA 169m41s | gtok=350,195,712 | GPU 1.3/33.2GB
step 9550 ep3/10 [9550/32130  30%]  loss=3.5217 ppl=33.8 lr=8.11e-05 | 85324 tok/s (avg 81949) ETA 169m17s | gtok=352,038,912 | GPU 1.3/33.2GB
step 9600 ep3/10 [9600/32130  30%]  loss=3.4743 ppl=32.3 lr=8.09e-05 | 85315 tok/s (avg 81966) ETA 168m52s | gtok=353,882,112 | GPU 1.3/33.2GB
=== Epoch 3/10 done | step 9639 | train_loss=3.5570 ppl=35.06 | gtok=355,313,664 | 23.3 min | best_val_ppl=33.26 ===
step 9650 ep4/10 [9650/32130  30%]  loss=3.4387 ppl=31.1 lr=8.07e-05 | 85343 tok/s (avg 81983) ETA 168m27s | gtok=355,719,168 | GPU 1.3/33.2GB
step 9700 ep4/10 [9700/32130  30%]  loss=3.5157 ppl=33.6 lr=8.05e-05 | 85332 tok/s (avg 81999) ETA 168m03s | gtok=357,562,368 | GPU 1.3/33.2GB
step 9750 ep4/10 [9750/32130  30%]  loss=3.3719 ppl=29.1 lr=8.03e-05 | 85198 tok/s (avg 82015) ETA 167m38s | gtok=359,405,568 | GPU 1.3/33.2GB
step 9800 ep4/10 [9800/32130  31%]  loss=3.5456 ppl=34.7 lr=8.01e-05 | 85302 tok/s (avg 82031) ETA 167m14s | gtok=361,248,768 | GPU 1.3/33.2GB
step 9850 ep4/10 [9850/32130  31%]  loss=3.2841 ppl=26.7 lr=7.99e-05 | 85211 tok/s (avg 82047) ETA 166m49s | gtok=363,091,968 | GPU 1.3/33.2GB
step 9900 ep4/10 [9900/32130  31%]  loss=3.4561 ppl=31.7 lr=7.97e-05 | 85173 tok/s (avg 82062) ETA 166m25s | gtok=364,935,168 | GPU 1.3/33.2GB
step 9950 ep4/10 [9950/32130  31%]  loss=3.3522 ppl=28.6 lr=7.95e-05 | 85177 tok/s (avg 82077) ETA 166m01s | gtok=366,778,368 | GPU 1.3/33.2GB
step 10000 ep4/10 [10000/32130  31%]  loss=3.4208 ppl=30.6 lr=7.93e-05 | 85283 tok/s (avg 82093) ETA 165m37s | gtok=368,621,568 | GPU 1.3/33.2GB
  [checkpoint] step 10000 -> checkpoints_v13_sempty/wikitext_chrono_a1conv_fair_817aa35/best_model.pt
  [val @ step 10000] val_loss=3.4008 val_ppl=29.99 *best* (best 29.99)
  [diag] step 10000 cgu=+0.75 +0.77 +0.81 +0.85 +0.90 +0.95 +1.00 +1.10 +1.17 +1.23 +1.33 +1.43 +1.50 +1.53 +1.54 +1.41  pam=+0.17 +0.19 +0.20 +0.15 +0.18 +0.16 +0.17 +0.14 +0.16 +0.17 +0.28 +0.24 +0.24 +0.29 +0.24 +0.18
  [diag] dtbias=-3.96 -3.96 -3.95 -3.97 -3.97 -3.97 -3.94 -3.98 -3.97 -3.98 -3.94 -3.97 -3.97 -3.95 -3.96 -3.98  ret=0.82 0.79 0.79 0.86 0.84 0.86 0.74 0.89 0.87 0.87 0.71 0.82 0.85 0.78 0.77 0.88
  [diag] gnorm=7.8e-02 7.5e-02 8.7e-02 8.4e-02 8.2e-02 8.7e-02 1.1e-01 1.1e-01 1.2e-01 1.7e-01 1.4e-01 1.7e-01 1.2e-01 1.2e-01 1.3e-01 1.4e-01  wnorm=58.1 58.3 58.6 58.6 58.8 58.9 59.4 59.4 59.6 60.2 61.1 61.4 61.8 62.4 63.0 62.3
step 10050 ep4/10 [10050/32130  31%]  loss=3.4828 ppl=32.6 lr=7.91e-05 | 71901 tok/s (avg 82035) ETA 165m21s | gtok=370,464,768 | GPU 1.3/33.2GB
step 10100 ep4/10 [10100/32130  31%]  loss=3.4618 ppl=31.9 lr=7.89e-05 | 85346 tok/s (avg 82050) ETA 164m57s | gtok=372,307,968 | GPU 1.3/33.2GB
step 10150 ep4/10 [10150/32130  32%]  loss=3.3643 ppl=28.9 lr=7.87e-05 | 85349 tok/s (avg 82066) ETA 164m32s | gtok=374,151,168 | GPU 1.3/33.2GB
step 10200 ep4/10 [10200/32130  32%]  loss=3.2713 ppl=26.3 lr=7.85e-05 | 85243 tok/s (avg 82081) ETA 164m08s | gtok=375,994,368 | GPU 1.3/33.2GB
step 10250 ep4/10 [10250/32130  32%]  loss=3.2986 ppl=27.1 lr=7.83e-05 | 85342 tok/s (avg 82096) ETA 163m44s | gtok=377,837,568 | GPU 1.3/33.2GB
step 10300 ep4/10 [10300/32130  32%]  loss=3.4109 ppl=30.3 lr=7.81e-05 | 85344 tok/s (avg 82112) ETA 163m20s | gtok=379,680,768 | GPU 1.3/33.2GB
step 10350 ep4/10 [10350/32130  32%]  loss=3.3477 ppl=28.4 lr=7.79e-05 | 85354 tok/s (avg 82127) ETA 162m55s | gtok=381,523,968 | GPU 1.3/33.2GB
step 10400 ep4/10 [10400/32130  32%]  loss=3.4256 ppl=30.7 lr=7.77e-05 | 85373 tok/s (avg 82142) ETA 162m31s | gtok=383,367,168 | GPU 1.3/33.2GB
step 10450 ep4/10 [10450/32130  33%]  loss=3.2190 ppl=25.0 lr=7.75e-05 | 85362 tok/s (avg 82156) ETA 162m07s | gtok=385,210,368 | GPU 1.3/33.2GB
step 10500 ep4/10 [10500/32130  33%]  loss=3.5060 ppl=33.3 lr=7.73e-05 | 85111 tok/s (avg 82170) ETA 161m43s | gtok=387,053,568 | GPU 1.3/33.2GB
step 10550 ep4/10 [10550/32130  33%]  loss=3.2867 ppl=26.8 lr=7.71e-05 | 85357 tok/s (avg 82185) ETA 161m19s | gtok=388,896,768 | GPU 1.3/33.2GB
step 10600 ep4/10 [10600/32130  33%]  loss=3.3844 ppl=29.5 lr=7.69e-05 | 85365 tok/s (avg 82199) ETA 160m55s | gtok=390,739,968 | GPU 1.3/33.2GB
step 10650 ep4/10 [10650/32130  33%]  loss=3.4167 ppl=30.5 lr=7.67e-05 | 85360 tok/s (avg 82213) ETA 160m31s | gtok=392,583,168 | GPU 1.3/33.2GB
step 10700 ep4/10 [10700/32130  33%]  loss=3.4734 ppl=32.2 lr=7.65e-05 | 85343 tok/s (avg 82227) ETA 160m06s | gtok=394,426,368 | GPU 1.3/33.2GB
step 10750 ep4/10 [10750/32130  33%]  loss=3.1675 ppl=23.7 lr=7.63e-05 | 85345 tok/s (avg 82241) ETA 159m42s | gtok=396,269,568 | GPU 1.3/33.2GB
step 10800 ep4/10 [10800/32130  34%]  loss=3.4493 ppl=31.5 lr=7.60e-05 | 85261 tok/s (avg 82255) ETA 159m18s | gtok=398,112,768 | GPU 1.3/33.2GB
step 10850 ep4/10 [10850/32130  34%]  loss=3.4144 ppl=30.4 lr=7.58e-05 | 85293 tok/s (avg 82268) ETA 158m55s | gtok=399,955,968 | GPU 1.3/33.2GB
step 10900 ep4/10 [10900/32130  34%]  loss=3.4625 ppl=31.9 lr=7.56e-05 | 85263 tok/s (avg 82282) ETA 158m31s | gtok=401,799,168 | GPU 1.3/33.2GB
step 10950 ep4/10 [10950/32130  34%]  loss=3.2901 ppl=26.8 lr=7.54e-05 | 85259 tok/s (avg 82295) ETA 158m07s | gtok=403,642,368 | GPU 1.3/33.2GB
step 11000 ep4/10 [11000/32130  34%]  loss=3.3200 ppl=27.7 lr=7.52e-05 | 85346 tok/s (avg 82308) ETA 157m43s | gtok=405,485,568 | GPU 1.3/33.2GB
step 11050 ep4/10 [11050/32130  34%]  loss=3.4648 ppl=32.0 lr=7.50e-05 | 85345 tok/s (avg 82321) ETA 157m19s | gtok=407,328,768 | GPU 1.3/33.2GB
step 11100 ep4/10 [11100/32130  35%]  loss=3.5318 ppl=34.2 lr=7.48e-05 | 85347 tok/s (avg 82335) ETA 156m55s | gtok=409,171,968 | GPU 1.3/33.2GB
step 11150 ep4/10 [11150/32130  35%]  loss=3.1534 ppl=23.4 lr=7.45e-05 | 85347 tok/s (avg 82348) ETA 156m31s | gtok=411,015,168 | GPU 1.3/33.2GB
step 11200 ep4/10 [11200/32130  35%]  loss=3.1568 ppl=23.5 lr=7.43e-05 | 85304 tok/s (avg 82360) ETA 156m07s | gtok=412,858,368 | GPU 1.3/33.2GB
step 11250 ep4/10 [11250/32130  35%]  loss=3.4079 ppl=30.2 lr=7.41e-05 | 85365 tok/s (avg 82373) ETA 155m43s | gtok=414,701,568 | GPU 1.3/33.2GB
step 11300 ep4/10 [11300/32130  35%]  loss=3.4983 ppl=33.1 lr=7.39e-05 | 85365 tok/s (avg 82386) ETA 155m20s | gtok=416,544,768 | GPU 1.3/33.2GB
step 11350 ep4/10 [11350/32130  35%]  loss=3.2977 ppl=27.1 lr=7.37e-05 | 85368 tok/s (avg 82399) ETA 154m56s | gtok=418,387,968 | GPU 1.3/33.2GB
step 11400 ep4/10 [11400/32130  35%]  loss=3.3418 ppl=28.3 lr=7.35e-05 | 85366 tok/s (avg 82411) ETA 154m32s | gtok=420,231,168 | GPU 1.3/33.2GB
step 11450 ep4/10 [11450/32130  36%]  loss=3.4642 ppl=32.0 lr=7.32e-05 | 85364 tok/s (avg 82424) ETA 154m08s | gtok=422,074,368 | GPU 1.3/33.2GB
step 11500 ep4/10 [11500/32130  36%]  loss=3.2383 ppl=25.5 lr=7.30e-05 | 85362 tok/s (avg 82436) ETA 153m44s | gtok=423,917,568 | GPU 1.3/33.2GB
step 11550 ep4/10 [11550/32130  36%]  loss=3.4425 ppl=31.3 lr=7.28e-05 | 85187 tok/s (avg 82447) ETA 153m21s | gtok=425,760,768 | GPU 1.3/33.2GB
step 11600 ep4/10 [11600/32130  36%]  loss=3.4575 ppl=31.7 lr=7.26e-05 | 85344 tok/s (avg 82460) ETA 152m57s | gtok=427,603,968 | GPU 1.3/33.2GB
step 11650 ep4/10 [11650/32130  36%]  loss=3.3095 ppl=27.4 lr=7.23e-05 | 85349 tok/s (avg 82472) ETA 152m33s | gtok=429,447,168 | GPU 1.3/33.2GB
step 11700 ep4/10 [11700/32130  36%]  loss=3.4144 ppl=30.4 lr=7.21e-05 | 85359 tok/s (avg 82483) ETA 152m10s | gtok=431,290,368 | GPU 1.3/33.2GB
step 11750 ep4/10 [11750/32130  37%]  loss=3.3054 ppl=27.3 lr=7.19e-05 | 85368 tok/s (avg 82495) ETA 151m46s | gtok=433,133,568 | GPU 1.3/33.2GB
step 11800 ep4/10 [11800/32130  37%]  loss=3.2942 ppl=27.0 lr=7.17e-05 | 85369 tok/s (avg 82507) ETA 151m23s | gtok=434,976,768 | GPU 1.3/33.2GB
step 11850 ep4/10 [11850/32130  37%]  loss=3.4591 ppl=31.8 lr=7.15e-05 | 85369 tok/s (avg 82519) ETA 150m59s | gtok=436,819,968 | GPU 1.3/33.2GB
step 11900 ep4/10 [11900/32130  37%]  loss=3.3119 ppl=27.4 lr=7.12e-05 | 85256 tok/s (avg 82530) ETA 150m35s | gtok=438,663,168 | GPU 1.3/33.2GB
step 11950 ep4/10 [11950/32130  37%]  loss=3.3480 ppl=28.4 lr=7.10e-05 | 85363 tok/s (avg 82541) ETA 150m12s | gtok=440,506,368 | GPU 1.3/33.2GB
step 12000 ep4/10 [12000/32130  37%]  loss=3.2288 ppl=25.2 lr=7.08e-05 | 85348 tok/s (avg 82553) ETA 149m48s | gtok=442,349,568 | GPU 1.3/33.2GB
  [checkpoint] step 12000 -> checkpoints_v13_sempty/wikitext_chrono_a1conv_fair_817aa35/best_model.pt
  [val @ step 12000] val_loss=3.3272 val_ppl=27.86 *best* (best 27.86)
  [checkpoint] step 12000 -> checkpoints_v13_sempty/wikitext_chrono_a1conv_fair_817aa35/latest.pt
  [diag] step 12000 cgu=+0.72 +0.75 +0.79 +0.84 +0.89 +0.94 +1.00 +1.10 +1.18 +1.24 +1.34 +1.45 +1.52 +1.56 +1.58 +1.44  pam=+0.18 +0.20 +0.21 +0.15 +0.18 +0.16 +0.17 +0.14 +0.16 +0.17 +0.29 +0.25 +0.25 +0.29 +0.25 +0.19
  [diag] dtbias=-3.96 -3.95 -3.95 -3.97 -3.96 -3.96 -3.94 -3.98 -3.97 -3.98 -3.93 -3.97 -3.97 -3.95 -3.95 -3.98  ret=0.81 0.78 0.78 0.85 0.83 0.85 0.73 0.89 0.87 0.87 0.71 0.82 0.85 0.78 0.77 0.87
  [diag] gnorm=8.4e-02 7.7e-02 8.6e-02 8.7e-02 8.4e-02 8.7e-02 1.1e-01 1.1e-01 1.2e-01 1.7e-01 1.4e-01 1.6e-01 1.3e-01 1.2e-01 1.2e-01 1.5e-01  wnorm=58.4 58.7 59.0 59.0 59.2 59.3 59.8 59.8 60.0 60.7 61.5 61.8 62.3 62.9 63.5 62.9
step 12050 ep4/10 [12050/32130  38%]  loss=3.4474 ppl=31.4 lr=7.06e-05 | 67065 tok/s (avg 82474) ETA 149m34s | gtok=444,192,768 | GPU 1.3/33.2GB
step 12100 ep4/10 [12100/32130  38%]  loss=3.2213 ppl=25.1 lr=7.03e-05 | 85378 tok/s (avg 82485) ETA 149m11s | gtok=446,035,968 | GPU 1.3/33.2GB
step 12150 ep4/10 [12150/32130  38%]  loss=3.3729 ppl=29.2 lr=7.01e-05 | 85375 tok/s (avg 82497) ETA 148m47s | gtok=447,879,168 | GPU 1.3/33.2GB
step 12200 ep4/10 [12200/32130  38%]  loss=3.2957 ppl=27.0 lr=6.99e-05 | 85366 tok/s (avg 82508) ETA 148m24s | gtok=449,722,368 | GPU 1.3/33.2GB
step 12250 ep4/10 [12250/32130  38%]  loss=3.2573 ppl=26.0 lr=6.96e-05 | 85228 tok/s (avg 82519) ETA 148m00s | gtok=451,565,568 | GPU 1.3/33.2GB
step 12300 ep4/10 [12300/32130  38%]  loss=3.3573 ppl=28.7 lr=6.94e-05 | 85316 tok/s (avg 82530) ETA 147m37s | gtok=453,408,768 | GPU 1.3/33.2GB
step 12350 ep4/10 [12350/32130  38%]  loss=3.1162 ppl=22.6 lr=6.92e-05 | 85319 tok/s (avg 82541) ETA 147m13s | gtok=455,251,968 | GPU 1.3/33.2GB
step 12400 ep4/10 [12400/32130  39%]  loss=3.1867 ppl=24.2 lr=6.90e-05 | 85230 tok/s (avg 82551) ETA 146m50s | gtok=457,095,168 | GPU 1.3/33.2GB
step 12450 ep4/10 [12450/32130  39%]  loss=3.2988 ppl=27.1 lr=6.87e-05 | 85323 tok/s (avg 82562) ETA 146m26s | gtok=458,938,368 | GPU 1.3/33.2GB
step 12500 ep4/10 [12500/32130  39%]  loss=3.3909 ppl=29.7 lr=6.85e-05 | 85343 tok/s (avg 82573) ETA 146m03s | gtok=460,781,568 | GPU 1.3/33.2GB
step 12550 ep4/10 [12550/32130  39%]  loss=3.3154 ppl=27.5 lr=6.83e-05 | 85225 tok/s (avg 82583) ETA 145m39s | gtok=462,624,768 | GPU 1.3/33.2GB
step 12600 ep4/10 [12600/32130  39%]  loss=3.1118 ppl=22.5 lr=6.80e-05 | 85357 tok/s (avg 82594) ETA 145m16s | gtok=464,467,968 | GPU 1.3/33.2GB
step 12650 ep4/10 [12650/32130  39%]  loss=3.2895 ppl=26.8 lr=6.78e-05 | 85363 tok/s (avg 82604) ETA 144m53s | gtok=466,311,168 | GPU 1.3/33.2GB
step 12700 ep4/10 [12700/32130  40%]  loss=3.3427 ppl=28.3 lr=6.76e-05 | 85366 tok/s (avg 82615) ETA 144m29s | gtok=468,154,368 | GPU 1.3/33.2GB
step 12750 ep4/10 [12750/32130  40%]  loss=3.3813 ppl=29.4 lr=6.73e-05 | 85364 tok/s (avg 82625) ETA 144m06s | gtok=469,997,568 | GPU 1.3/33.2GB
step 12800 ep4/10 [12800/32130  40%]  loss=3.4017 ppl=30.0 lr=6.71e-05 | 85366 tok/s (avg 82636) ETA 143m42s | gtok=471,840,768 | GPU 1.3/33.2GB
step 12850 ep4/10 [12850/32130  40%]  loss=3.3696 ppl=29.1 lr=6.69e-05 | 85371 tok/s (avg 82646) ETA 143m19s | gtok=473,683,968 | GPU 1.3/33.2GB
=== Epoch 4/10 done | step 12852 | train_loss=3.3816 ppl=29.42 | gtok=473,751,552 | 23.3 min | best_val_ppl=27.86 ===
step 12900 ep5/10 [12900/32130  40%]  loss=3.3223 ppl=27.7 lr=6.66e-05 | 85403 tok/s (avg 82656) ETA 142m55s | gtok=475,521,024 | GPU 1.3/33.2GB
step 12950 ep5/10 [12950/32130  40%]  loss=3.3314 ppl=28.0 lr=6.64e-05 | 85241 tok/s (avg 82666) ETA 142m32s | gtok=477,364,224 | GPU 1.3/33.2GB
step 13000 ep5/10 [13000/32130  40%]  loss=3.3158 ppl=27.5 lr=6.62e-05 | 85369 tok/s (avg 82676) ETA 142m09s | gtok=479,207,424 | GPU 1.3/33.2GB
step 13050 ep5/10 [13050/32130  41%]  loss=3.3356 ppl=28.1 lr=6.59e-05 | 85364 tok/s (avg 82686) ETA 141m46s | gtok=481,050,624 | GPU 1.3/33.2GB
step 13100 ep5/10 [13100/32130  41%]  loss=3.2682 ppl=26.3 lr=6.57e-05 | 85347 tok/s (avg 82696) ETA 141m22s | gtok=482,893,824 | GPU 1.3/33.2GB
step 13150 ep5/10 [13150/32130  41%]  loss=3.3576 ppl=28.7 lr=6.55e-05 | 85350 tok/s (avg 82705) ETA 140m59s | gtok=484,737,024 | GPU 1.3/33.2GB
step 13200 ep5/10 [13200/32130  41%]  loss=3.3307 ppl=28.0 lr=6.52e-05 | 85347 tok/s (avg 82715) ETA 140m36s | gtok=486,580,224 | GPU 1.3/33.2GB
step 13250 ep5/10 [13250/32130  41%]  loss=3.3483 ppl=28.5 lr=6.50e-05 | 85349 tok/s (avg 82725) ETA 140m12s | gtok=488,423,424 | GPU 1.3/33.2GB
step 13300 ep5/10 [13300/32130  41%]  loss=3.4800 ppl=32.5 lr=6.48e-05 | 85242 tok/s (avg 82734) ETA 139m49s | gtok=490,266,624 | GPU 1.3/33.2GB
step 13350 ep5/10 [13350/32130  42%]  loss=3.1824 ppl=24.1 lr=6.45e-05 | 85348 tok/s (avg 82743) ETA 139m26s | gtok=492,109,824 | GPU 1.3/33.2GB
step 13400 ep5/10 [13400/32130  42%]  loss=3.2652 ppl=26.2 lr=6.43e-05 | 85346 tok/s (avg 82753) ETA 139m03s | gtok=493,953,024 | GPU 1.3/33.2GB
step 13450 ep5/10 [13450/32130  42%]  loss=3.3864 ppl=29.6 lr=6.40e-05 | 85339 tok/s (avg 82762) ETA 138m40s | gtok=495,796,224 | GPU 1.3/33.2GB
step 13500 ep5/10 [13500/32130  42%]  loss=3.1497 ppl=23.3 lr=6.38e-05 | 85344 tok/s (avg 82771) ETA 138m16s | gtok=497,639,424 | GPU 1.3/33.2GB
step 13550 ep5/10 [13550/32130  42%]  loss=3.2560 ppl=25.9 lr=6.36e-05 | 85346 tok/s (avg 82781) ETA 137m53s | gtok=499,482,624 | GPU 1.3/33.2GB
step 13600 ep5/10 [13600/32130  42%]  loss=3.4386 ppl=31.1 lr=6.33e-05 | 85208 tok/s (avg 82789) ETA 137m30s | gtok=501,325,824 | GPU 1.3/33.2GB
step 13650 ep5/10 [13650/32130  42%]  loss=3.4131 ppl=30.4 lr=6.31e-05 | 85336 tok/s (avg 82798) ETA 137m07s | gtok=503,169,024 | GPU 1.3/33.2GB
step 13700 ep5/10 [13700/32130  43%]  loss=3.4377 ppl=31.1 lr=6.28e-05 | 85361 tok/s (avg 82807) ETA 136m44s | gtok=505,012,224 | GPU 1.3/33.2GB
step 13750 ep5/10 [13750/32130  43%]  loss=3.3118 ppl=27.4 lr=6.26e-05 | 85358 tok/s (avg 82816) ETA 136m21s | gtok=506,855,424 | GPU 1.3/33.2GB
step 13800 ep5/10 [13800/32130  43%]  loss=3.4287 ppl=30.8 lr=6.24e-05 | 85349 tok/s (avg 82825) ETA 135m57s | gtok=508,698,624 | GPU 1.3/33.2GB
step 13850 ep5/10 [13850/32130  43%]  loss=3.3377 ppl=28.2 lr=6.21e-05 | 85369 tok/s (avg 82834) ETA 135m34s | gtok=510,541,824 | GPU 1.3/33.2GB
step 13900 ep5/10 [13900/32130  43%]  loss=3.1244 ppl=22.7 lr=6.19e-05 | 85354 tok/s (avg 82843) ETA 135m11s | gtok=512,385,024 | GPU 1.3/33.2GB
step 13950 ep5/10 [13950/32130  43%]  loss=3.2423 ppl=25.6 lr=6.16e-05 | 85241 tok/s (avg 82851) ETA 134m48s | gtok=514,228,224 | GPU 1.3/33.2GB
step 14000 ep5/10 [14000/32130  44%]  loss=3.5411 ppl=34.5 lr=6.14e-05 | 85316 tok/s (avg 82860) ETA 134m25s | gtok=516,071,424 | GPU 1.3/33.2GB
  [checkpoint] step 14000 -> checkpoints_v13_sempty/wikitext_chrono_a1conv_fair_817aa35/best_model.pt
  [val @ step 14000] val_loss=3.2838 val_ppl=26.68 *best* (best 26.68)
  [diag] step 14000 cgu=+0.71 +0.74 +0.78 +0.84 +0.89 +0.94 +1.01 +1.11 +1.19 +1.26 +1.36 +1.47 +1.55 +1.60 +1.62 +1.47  pam=+0.19 +0.21 +0.21 +0.15 +0.19 +0.17 +0.17 +0.14 +0.16 +0.17 +0.30 +0.25 +0.25 +0.30 +0.26 +0.20
  [diag] dtbias=-3.95 -3.95 -3.94 -3.97 -3.96 -3.96 -3.94 -3.98 -3.97 -3.98 -3.93 -3.97 -3.96 -3.94 -3.95 -3.98  ret=0.82 0.78 0.79 0.86 0.84 0.85 0.74 0.89 0.87 0.87 0.70 0.82 0.85 0.78 0.76 0.87
  [diag] gnorm=9.1e-02 8.8e-02 9.1e-02 9.7e-02 9.3e-02 9.8e-02 1.2e-01 1.2e-01 1.3e-01 1.8e-01 1.5e-01 1.9e-01 1.4e-01 1.3e-01 1.3e-01 1.5e-01  wnorm=58.7 59.0 59.3 59.3 59.5 59.6 60.1 60.2 60.4 61.0 61.9 62.2 62.7 63.3 63.9 63.4
step 14050 ep5/10 [14050/32130  44%]  loss=3.2544 ppl=25.9 lr=6.12e-05 | 71798 tok/s (avg 82815) ETA 134m07s | gtok=517,914,624 | GPU 1.3/33.2GB
step 14100 ep5/10 [14100/32130  44%]  loss=3.2415 ppl=25.6 lr=6.09e-05 | 85344 tok/s (avg 82823) ETA 133m44s | gtok=519,757,824 | GPU 1.3/33.2GB
step 14150 ep5/10 [14150/32130  44%]  loss=3.3098 ppl=27.4 lr=6.07e-05 | 85343 tok/s (avg 82832) ETA 133m21s | gtok=521,601,024 | GPU 1.3/33.2GB
step 14200 ep5/10 [14200/32130  44%]  loss=3.4192 ppl=30.5 lr=6.04e-05 | 85346 tok/s (avg 82840) ETA 132m58s | gtok=523,444,224 | GPU 1.3/33.2GB
step 14250 ep5/10 [14250/32130  44%]  loss=3.2862 ppl=26.7 lr=6.02e-05 | 85342 tok/s (avg 82849) ETA 132m35s | gtok=525,287,424 | GPU 1.3/33.2GB
step 14300 ep5/10 [14300/32130  45%]  loss=3.3181 ppl=27.6 lr=5.99e-05 | 85292 tok/s (avg 82857) ETA 132m12s | gtok=527,130,624 | GPU 1.3/33.2GB
step 14350 ep5/10 [14350/32130  45%]  loss=3.4266 ppl=30.8 lr=5.97e-05 | 85344 tok/s (avg 82866) ETA 131m49s | gtok=528,973,824 | GPU 1.3/33.2GB
step 14400 ep5/10 [14400/32130  45%]  loss=3.2838 ppl=26.7 lr=5.95e-05 | 85342 tok/s (avg 82874) ETA 131m26s | gtok=530,817,024 | GPU 1.3/33.2GB
step 14450 ep5/10 [14450/32130  45%]  loss=3.2253 ppl=25.2 lr=5.92e-05 | 85346 tok/s (avg 82882) ETA 131m03s | gtok=532,660,224 | GPU 1.3/33.2GB
step 14500 ep5/10 [14500/32130  45%]  loss=3.2752 ppl=26.4 lr=5.90e-05 | 85344 tok/s (avg 82891) ETA 130m40s | gtok=534,503,424 | GPU 1.3/33.2GB
step 14550 ep5/10 [14550/32130  45%]  loss=3.2802 ppl=26.6 lr=5.87e-05 | 85338 tok/s (avg 82899) ETA 130m17s | gtok=536,346,624 | GPU 1.3/33.2GB
step 14600 ep5/10 [14600/32130  45%]  loss=3.2552 ppl=25.9 lr=5.85e-05 | 85114 tok/s (avg 82906) ETA 129m54s | gtok=538,189,824 | GPU 1.3/33.2GB
step 14650 ep5/10 [14650/32130  46%]  loss=3.3595 ppl=28.8 lr=5.82e-05 | 85342 tok/s (avg 82914) ETA 129m31s | gtok=540,033,024 | GPU 1.3/33.2GB
step 14700 ep5/10 [14700/32130  46%]  loss=3.3942 ppl=29.8 lr=5.80e-05 | 85338 tok/s (avg 82922) ETA 129m08s | gtok=541,876,224 | GPU 1.3/33.2GB
step 14750 ep5/10 [14750/32130  46%]  loss=3.1931 ppl=24.4 lr=5.77e-05 | 85341 tok/s (avg 82930) ETA 128m45s | gtok=543,719,424 | GPU 1.3/33.2GB
step 14800 ep5/10 [14800/32130  46%]  loss=3.3712 ppl=29.1 lr=5.75e-05 | 85328 tok/s (avg 82938) ETA 128m22s | gtok=545,562,624 | GPU 1.3/33.2GB
step 14850 ep5/10 [14850/32130  46%]  loss=3.1348 ppl=23.0 lr=5.72e-05 | 85351 tok/s (avg 82946) ETA 127m59s | gtok=547,405,824 | GPU 1.3/33.2GB
step 14900 ep5/10 [14900/32130  46%]  loss=3.4826 ppl=32.5 lr=5.70e-05 | 85361 tok/s (avg 82954) ETA 127m36s | gtok=549,249,024 | GPU 1.3/33.2GB
step 14950 ep5/10 [14950/32130  47%]  loss=3.3184 ppl=27.6 lr=5.68e-05 | 85260 tok/s (avg 82961) ETA 127m13s | gtok=551,092,224 | GPU 1.3/33.2GB
step 15000 ep5/10 [15000/32130  47%]  loss=3.3922 ppl=29.7 lr=5.65e-05 | 85344 tok/s (avg 82969) ETA 126m50s | gtok=552,935,424 | GPU 1.3/33.2GB
step 15050 ep5/10 [15050/32130  47%]  loss=3.2340 ppl=25.4 lr=5.63e-05 | 85339 tok/s (avg 82977) ETA 126m27s | gtok=554,778,624 | GPU 1.3/33.2GB
step 15100 ep5/10 [15100/32130  47%]  loss=3.2085 ppl=24.7 lr=5.60e-05 | 85345 tok/s (avg 82984) ETA 126m04s | gtok=556,621,824 | GPU 1.3/33.2GB
step 15150 ep5/10 [15150/32130  47%]  loss=3.0730 ppl=21.6 lr=5.58e-05 | 85348 tok/s (avg 82992) ETA 125m41s | gtok=558,465,024 | GPU 1.3/33.2GB
step 15200 ep5/10 [15200/32130  47%]  loss=3.1822 ppl=24.1 lr=5.55e-05 | 85367 tok/s (avg 82999) ETA 125m19s | gtok=560,308,224 | GPU 1.3/33.2GB
step 15250 ep5/10 [15250/32130  47%]  loss=3.4450 ppl=31.3 lr=5.53e-05 | 85368 tok/s (avg 83007) ETA 124m56s | gtok=562,151,424 | GPU 1.3/33.2GB
step 15300 ep5/10 [15300/32130  48%]  loss=3.2369 ppl=25.5 lr=5.50e-05 | 85122 tok/s (avg 83014) ETA 124m33s | gtok=563,994,624 | GPU 1.3/33.2GB
step 15350 ep5/10 [15350/32130  48%]  loss=3.4203 ppl=30.6 lr=5.48e-05 | 85361 tok/s (avg 83021) ETA 124m10s | gtok=565,837,824 | GPU 1.3/33.2GB
step 15400 ep5/10 [15400/32130  48%]  loss=3.2953 ppl=27.0 lr=5.45e-05 | 85340 tok/s (avg 83029) ETA 123m47s | gtok=567,681,024 | GPU 1.3/33.2GB
step 15450 ep5/10 [15450/32130  48%]  loss=3.1573 ppl=23.5 lr=5.43e-05 | 85360 tok/s (avg 83036) ETA 123m24s | gtok=569,524,224 | GPU 1.3/33.2GB
step 15500 ep5/10 [15500/32130  48%]  loss=3.1595 ppl=23.6 lr=5.40e-05 | 85350 tok/s (avg 83043) ETA 123m01s | gtok=571,367,424 | GPU 1.3/33.2GB
step 15550 ep5/10 [15550/32130  48%]  loss=3.3120 ppl=27.4 lr=5.38e-05 | 85345 tok/s (avg 83050) ETA 122m39s | gtok=573,210,624 | GPU 1.3/33.2GB
step 15600 ep5/10 [15600/32130  49%]  loss=3.4714 ppl=32.2 lr=5.35e-05 | 85345 tok/s (avg 83057) ETA 122m16s | gtok=575,053,824 | GPU 1.3/33.2GB
step 15650 ep5/10 [15650/32130  49%]  loss=3.2069 ppl=24.7 lr=5.33e-05 | 85282 tok/s (avg 83064) ETA 121m53s | gtok=576,897,024 | GPU 1.3/33.2GB
step 15700 ep5/10 [15700/32130  49%]  loss=3.1851 ppl=24.2 lr=5.31e-05 | 85342 tok/s (avg 83071) ETA 121m30s | gtok=578,740,224 | GPU 1.3/33.2GB
step 15750 ep5/10 [15750/32130  49%]  loss=3.2690 ppl=26.3 lr=5.28e-05 | 85338 tok/s (avg 83078) ETA 121m07s | gtok=580,583,424 | GPU 1.3/33.2GB
step 15800 ep5/10 [15800/32130  49%]  loss=3.1633 ppl=23.6 lr=5.26e-05 | 85337 tok/s (avg 83085) ETA 120m45s | gtok=582,426,624 | GPU 1.3/33.2GB
step 15850 ep5/10 [15850/32130  49%]  loss=3.2847 ppl=26.7 lr=5.23e-05 | 85345 tok/s (avg 83092) ETA 120m22s | gtok=584,269,824 | GPU 1.3/33.2GB
step 15900 ep5/10 [15900/32130  49%]  loss=3.3762 ppl=29.3 lr=5.21e-05 | 85348 tok/s (avg 83099) ETA 119m59s | gtok=586,113,024 | GPU 1.3/33.2GB
step 15950 ep5/10 [15950/32130  50%]  loss=3.2667 ppl=26.2 lr=5.18e-05 | 85214 tok/s (avg 83106) ETA 119m36s | gtok=587,956,224 | GPU 1.3/33.2GB
step 16000 ep5/10 [16000/32130  50%]  loss=3.3149 ppl=27.5 lr=5.16e-05 | 85037 tok/s (avg 83112) ETA 119m14s | gtok=589,799,424 | GPU 1.3/33.2GB
  [gen @ step 16000, 589,799,424 tok] prompt: In 1923, the University of
    In 1923, the University of Chicago held its first ever meeting . In 1926 , the University and University College opened a new facility , in which students from all over the country were allowed to live on campus . The university was named after one of the ten founders of the University of Illinois . 

 By 1929 , the University had almost 4 @.@ 5 million students enrolled and by 1930 had received 812 @,@ 000 faculty
  [checkpoint] step 16000 -> checkpoints_v13_sempty/wikitext_chrono_a1conv_fair_817aa35/best_model.pt
  [val @ step 16000] val_loss=3.2400 val_ppl=25.53 *best* (best 25.53)
  [checkpoint] step 16000 -> checkpoints_v13_sempty/wikitext_chrono_a1conv_fair_817aa35/latest.pt
  [diag] step 16000 cgu=+0.70 +0.73 +0.78 +0.84 +0.89 +0.94 +1.01 +1.11 +1.20 +1.27 +1.37 +1.48 +1.57 +1.61 +1.64 +1.49  pam=+0.20 +0.21 +0.22 +0.15 +0.19 +0.17 +0.17 +0.14 +0.16 +0.17 +0.31 +0.26 +0.26 +0.31 +0.27 +0.20
  [diag] dtbias=-3.95 -3.95 -3.94 -3.97 -3.96 -3.96 -3.94 -3.98 -3.96 -3.97 -3.92 -3.97 -3.96 -3.94 -3.95 -3.97  ret=0.81 0.78 0.78 0.85 0.84 0.85 0.73 0.88 0.86 0.86 0.69 0.81 0.84 0.77 0.75 0.86
  [diag] gnorm=8.9e-02 8.7e-02 9.0e-02 9.9e-02 9.4e-02 9.6e-02 1.2e-01 1.2e-01 1.3e-01 1.7e-01 1.5e-01 1.7e-01 1.3e-01 1.3e-01 1.3e-01 1.5e-01  wnorm=58.9 59.2 59.5 59.6 59.7 59.8 60.4 60.4 60.6 61.3 62.1 62.4 62.9 63.5 64.2 63.6
step 16050 ep5/10 [16050/32130  50%]  loss=3.0970 ppl=22.1 lr=5.13e-05 | 63414 tok/s (avg 83031) ETA 118m58s | gtok=591,642,624 | GPU 1.3/33.2GB
=== Epoch 5/10 done | step 16065 | train_loss=3.2691 ppl=26.29 | gtok=592,189,440 | 23.3 min | best_val_ppl=25.53 ===
step 16100 ep6/10 [16100/32130  50%]  loss=2.9611 ppl=19.3 lr=5.11e-05 | 85347 tok/s (avg 83038) ETA 118m35s | gtok=593,479,680 | GPU 1.3/33.2GB
step 16150 ep6/10 [16150/32130  50%]  loss=3.3606 ppl=28.8 lr=5.08e-05 | 85344 tok/s (avg 83045) ETA 118m13s | gtok=595,322,880 | GPU 1.3/33.2GB
step 16200 ep6/10 [16200/32130  50%]  loss=2.9848 ppl=19.8 lr=5.06e-05 | 85333 tok/s (avg 83052) ETA 117m50s | gtok=597,166,080 | GPU 1.3/33.2GB
step 16250 ep6/10 [16250/32130  51%]  loss=3.1851 ppl=24.2 lr=5.03e-05 | 84954 tok/s (avg 83058) ETA 117m27s | gtok=599,009,280 | GPU 1.3/33.2GB
step 16300 ep6/10 [16300/32130  51%]  loss=3.2617 ppl=26.1 lr=5.01e-05 | 85225 tok/s (avg 83064) ETA 117m05s | gtok=600,852,480 | GPU 1.3/33.2GB
step 16350 ep6/10 [16350/32130  51%]  loss=3.2288 ppl=25.2 lr=4.98e-05 | 85219 tok/s (avg 83071) ETA 116m42s | gtok=602,695,680 | GPU 1.3/33.2GB
step 16400 ep6/10 [16400/32130  51%]  loss=3.3013 ppl=27.1 lr=4.96e-05 | 85261 tok/s (avg 83077) ETA 116m19s | gtok=604,538,880 | GPU 1.3/33.2GB
step 16450 ep6/10 [16450/32130  51%]  loss=3.1690 ppl=23.8 lr=4.93e-05 | 85298 tok/s (avg 83084) ETA 115m56s | gtok=606,382,080 | GPU 1.3/33.2GB
step 16500 ep6/10 [16500/32130  51%]  loss=3.1186 ppl=22.6 lr=4.91e-05 | 85269 tok/s (avg 83090) ETA 115m34s | gtok=608,225,280 | GPU 1.3/33.2GB
step 16550 ep6/10 [16550/32130  52%]  loss=3.1311 ppl=22.9 lr=4.88e-05 | 85328 tok/s (avg 83097) ETA 115m11s | gtok=610,068,480 | GPU 1.3/33.2GB
step 16600 ep6/10 [16600/32130  52%]  loss=3.0903 ppl=22.0 lr=4.86e-05 | 85218 tok/s (avg 83103) ETA 114m48s | gtok=611,911,680 | GPU 1.3/33.2GB
step 16650 ep6/10 [16650/32130  52%]  loss=3.1925 ppl=24.3 lr=4.83e-05 | 85322 tok/s (avg 83110) ETA 114m25s | gtok=613,754,880 | GPU 1.3/33.2GB
step 16700 ep6/10 [16700/32130  52%]  loss=3.3104 ppl=27.4 lr=4.81e-05 | 85241 tok/s (avg 83116) ETA 114m03s | gtok=615,598,080 | GPU 1.3/33.2GB
step 16750 ep6/10 [16750/32130  52%]  loss=3.1227 ppl=22.7 lr=4.78e-05 | 85309 tok/s (avg 83122) ETA 113m40s | gtok=617,441,280 | GPU 1.3/33.2GB
step 16800 ep6/10 [16800/32130  52%]  loss=3.3156 ppl=27.5 lr=4.76e-05 | 85327 tok/s (avg 83128) ETA 113m17s | gtok=619,284,480 | GPU 1.3/33.2GB
step 16850 ep6/10 [16850/32130  52%]  loss=3.1384 ppl=23.1 lr=4.73e-05 | 85247 tok/s (avg 83135) ETA 112m55s | gtok=621,127,680 | GPU 1.3/33.2GB
step 16900 ep6/10 [16900/32130  53%]  loss=3.1767 ppl=24.0 lr=4.71e-05 | 85281 tok/s (avg 83141) ETA 112m32s | gtok=622,970,880 | GPU 1.3/33.2GB
step 16950 ep6/10 [16950/32130  53%]  loss=3.1591 ppl=23.5 lr=4.68e-05 | 85107 tok/s (avg 83146) ETA 112m09s | gtok=624,814,080 | GPU 1.3/33.2GB
step 17000 ep6/10 [17000/32130  53%]  loss=3.1975 ppl=24.5 lr=4.66e-05 | 85181 tok/s (avg 83152) ETA 111m47s | gtok=626,657,280 | GPU 1.3/33.2GB
step 17050 ep6/10 [17050/32130  53%]  loss=3.1641 ppl=23.7 lr=4.64e-05 | 85305 tok/s (avg 83158) ETA 111m24s | gtok=628,500,480 | GPU 1.3/33.2GB
step 17100 ep6/10 [17100/32130  53%]  loss=3.0559 ppl=21.2 lr=4.61e-05 | 85281 tok/s (avg 83165) ETA 111m01s | gtok=630,343,680 | GPU 1.3/33.2GB
step 17150 ep6/10 [17150/32130  53%]  loss=3.2382 ppl=25.5 lr=4.59e-05 | 85313 tok/s (avg 83171) ETA 110m39s | gtok=632,186,880 | GPU 1.3/33.2GB
step 17200 ep6/10 [17200/32130  54%]  loss=3.2065 ppl=24.7 lr=4.56e-05 | 85295 tok/s (avg 83177) ETA 110m16s | gtok=634,030,080 | GPU 1.3/33.2GB
step 17250 ep6/10 [17250/32130  54%]  loss=3.1979 ppl=24.5 lr=4.54e-05 | 85356 tok/s (avg 83183) ETA 109m54s | gtok=635,873,280 | GPU 1.3/33.2GB
step 17300 ep6/10 [17300/32130  54%]  loss=2.9773 ppl=19.6 lr=4.51e-05 | 85240 tok/s (avg 83189) ETA 109m31s | gtok=637,716,480 | GPU 1.3/33.2GB
step 17350 ep6/10 [17350/32130  54%]  loss=3.3676 ppl=29.0 lr=4.49e-05 | 85332 tok/s (avg 83195) ETA 109m08s | gtok=639,559,680 | GPU 1.3/33.2GB
step 17400 ep6/10 [17400/32130  54%]  loss=3.0669 ppl=21.5 lr=4.46e-05 | 85342 tok/s (avg 83201) ETA 108m46s | gtok=641,402,880 | GPU 1.3/33.2GB
step 17450 ep6/10 [17450/32130  54%]  loss=3.2721 ppl=26.4 lr=4.44e-05 | 85346 tok/s (avg 83207) ETA 108m23s | gtok=643,246,080 | GPU 1.3/33.2GB
step 17500 ep6/10 [17500/32130  54%]  loss=3.0080 ppl=20.2 lr=4.41e-05 | 85353 tok/s (avg 83213) ETA 108m00s | gtok=645,089,280 | GPU 1.3/33.2GB
step 17550 ep6/10 [17550/32130  55%]  loss=3.4120 ppl=30.3 lr=4.39e-05 | 85343 tok/s (avg 83218) ETA 107m38s | gtok=646,932,480 | GPU 1.3/33.2GB
step 17600 ep6/10 [17600/32130  55%]  loss=3.1338 ppl=23.0 lr=4.36e-05 | 85295 tok/s (avg 83224) ETA 107m15s | gtok=648,775,680 | GPU 1.3/33.2GB
step 17650 ep6/10 [17650/32130  55%]  loss=3.2225 ppl=25.1 lr=4.34e-05 | 85190 tok/s (avg 83230) ETA 106m53s | gtok=650,618,880 | GPU 1.3/33.2GB
step 17700 ep6/10 [17700/32130  55%]  loss=3.1970 ppl=24.5 lr=4.31e-05 | 85345 tok/s (avg 83236) ETA 106m30s | gtok=652,462,080 | GPU 1.3/33.2GB
step 17750 ep6/10 [17750/32130  55%]  loss=3.0069 ppl=20.2 lr=4.29e-05 | 85203 tok/s (avg 83241) ETA 106m08s | gtok=654,305,280 | GPU 1.3/33.2GB
step 17800 ep6/10 [17800/32130  55%]  loss=3.1589 ppl=23.5 lr=4.27e-05 | 85271 tok/s (avg 83246) ETA 105m45s | gtok=656,148,480 | GPU 1.3/33.2GB
step 17850 ep6/10 [17850/32130  56%]  loss=3.2497 ppl=25.8 lr=4.24e-05 | 85324 tok/s (avg 83252) ETA 105m22s | gtok=657,991,680 | GPU 1.3/33.2GB
step 17900 ep6/10 [17900/32130  56%]  loss=3.1200 ppl=22.6 lr=4.22e-05 | 85328 tok/s (avg 83258) ETA 105m00s | gtok=659,834,880 | GPU 1.3/33.2GB
step 17950 ep6/10 [17950/32130  56%]  loss=3.2233 ppl=25.1 lr=4.19e-05 | 85218 tok/s (avg 83263) ETA 104m37s | gtok=661,678,080 | GPU 1.3/33.2GB
step 18000 ep6/10 [18000/32130  56%]  loss=3.2332 ppl=25.4 lr=4.17e-05 | 85307 tok/s (avg 83269) ETA 104m15s | gtok=663,521,280 | GPU 1.3/33.2GB
  [checkpoint] step 18000 -> checkpoints_v13_sempty/wikitext_chrono_a1conv_fair_817aa35/best_model.pt
  [val @ step 18000] val_loss=3.2165 val_ppl=24.94 *best* (best 24.94)
  [diag] step 18000 cgu=+0.69 +0.74 +0.79 +0.85 +0.91 +0.96 +1.02 +1.13 +1.22 +1.28 +1.38 +1.50 +1.59 +1.64 +1.67 +1.52  pam=+0.21 +0.22 +0.23 +0.15 +0.20 +0.18 +0.18 +0.14 +0.17 +0.17 +0.31 +0.26 +0.27 +0.32 +0.28 +0.20
  [diag] dtbias=-3.95 -3.94 -3.94 -3.97 -3.96 -3.96 -3.93 -3.98 -3.96 -3.97 -3.92 -3.96 -3.96 -3.94 -3.95 -3.97  ret=0.81 0.78 0.78 0.85 0.83 0.85 0.73 0.88 0.87 0.86 0.69 0.81 0.84 0.77 0.75 0.87
  [diag] gnorm=9.6e-02 9.5e-02 9.7e-02 1.1e-01 9.8e-02 1.0e-01 1.2e-01 1.3e-01 1.3e-01 1.7e-01 1.6e-01 1.8e-01 1.4e-01 1.3e-01 1.4e-01 1.5e-01  wnorm=59.1 59.4 59.7 59.7 59.9 60.0 60.5 60.6 60.8 61.5 62.3 62.6 63.1 63.7 64.4 63.9
step 18050 ep6/10 [18050/32130  56%]  loss=3.1868 ppl=24.2 lr=4.14e-05 | 71880 tok/s (avg 83232) ETA 103m55s | gtok=665,364,480 | GPU 1.3/33.2GB
step 18100 ep6/10 [18100/32130  56%]  loss=3.1279 ppl=22.8 lr=4.12e-05 | 85254 tok/s (avg 83238) ETA 103m33s | gtok=667,207,680 | GPU 1.3/33.2GB
step 18150 ep6/10 [18150/32130  56%]  loss=3.1516 ppl=23.4 lr=4.09e-05 | 85335 tok/s (avg 83243) ETA 103m10s | gtok=669,050,880 | GPU 1.3/33.2GB
step 18200 ep6/10 [18200/32130  57%]  loss=3.1743 ppl=23.9 lr=4.07e-05 | 85329 tok/s (avg 83249) ETA 102m48s | gtok=670,894,080 | GPU 1.3/33.2GB
step 18250 ep6/10 [18250/32130  57%]  loss=3.1791 ppl=24.0 lr=4.04e-05 | 85324 tok/s (avg 83254) ETA 102m25s | gtok=672,737,280 | GPU 1.3/33.2GB
step 18300 ep6/10 [18300/32130  57%]  loss=3.1541 ppl=23.4 lr=4.02e-05 | 85041 tok/s (avg 83259) ETA 102m03s | gtok=674,580,480 | GPU 1.3/33.2GB
step 18350 ep6/10 [18350/32130  57%]  loss=3.3963 ppl=29.9 lr=4.00e-05 | 85182 tok/s (avg 83264) ETA 101m40s | gtok=676,423,680 | GPU 1.3/33.2GB
step 18400 ep6/10 [18400/32130  57%]  loss=3.0335 ppl=20.8 lr=3.97e-05 | 85192 tok/s (avg 83269) ETA 101m18s | gtok=678,266,880 | GPU 1.3/33.2GB
step 18450 ep6/10 [18450/32130  57%]  loss=3.0943 ppl=22.1 lr=3.95e-05 | 85188 tok/s (avg 83274) ETA 100m55s | gtok=680,110,080 | GPU 1.3/33.2GB
step 18500 ep6/10 [18500/32130  58%]  loss=3.0150 ppl=20.4 lr=3.92e-05 | 85191 tok/s (avg 83280) ETA 100m33s | gtok=681,953,280 | GPU 1.3/33.2GB
step 18550 ep6/10 [18550/32130  58%]  loss=3.2655 ppl=26.2 lr=3.90e-05 | 85330 tok/s (avg 83285) ETA 100m10s | gtok=683,796,480 | GPU 1.3/33.2GB
step 18600 ep6/10 [18600/32130  58%]  loss=3.2458 ppl=25.7 lr=3.87e-05 | 85333 tok/s (avg 83290) ETA 99m48s | gtok=685,639,680 | GPU 1.3/33.2GB
step 18650 ep6/10 [18650/32130  58%]  loss=2.9835 ppl=19.8 lr=3.85e-05 | 85199 tok/s (avg 83295) ETA 99m25s | gtok=687,482,880 | GPU 1.3/33.2GB
step 18700 ep6/10 [18700/32130  58%]  loss=3.1504 ppl=23.3 lr=3.83e-05 | 85340 tok/s (avg 83301) ETA 99m03s | gtok=689,326,080 | GPU 1.3/33.2GB
step 18750 ep6/10 [18750/32130  58%]  loss=3.1507 ppl=23.4 lr=3.80e-05 | 85343 tok/s (avg 83306) ETA 98m40s | gtok=691,169,280 | GPU 1.3/33.2GB
step 18800 ep6/10 [18800/32130  59%]  loss=3.4097 ppl=30.3 lr=3.78e-05 | 85337 tok/s (avg 83311) ETA 98m18s | gtok=693,012,480 | GPU 1.3/33.2GB
step 18850 ep6/10 [18850/32130  59%]  loss=3.0051 ppl=20.2 lr=3.75e-05 | 85334 tok/s (avg 83316) ETA 97m55s | gtok=694,855,680 | GPU 1.3/33.2GB
step 18900 ep6/10 [18900/32130  59%]  loss=3.1735 ppl=23.9 lr=3.73e-05 | 85315 tok/s (avg 83322) ETA 97m33s | gtok=696,698,880 | GPU 1.3/33.2GB
step 18950 ep6/10 [18950/32130  59%]  loss=3.2490 ppl=25.8 lr=3.71e-05 | 85338 tok/s (avg 83327) ETA 97m10s | gtok=698,542,080 | GPU 1.3/33.2GB
step 19000 ep6/10 [19000/32130  59%]  loss=3.1554 ppl=23.5 lr=3.68e-05 | 85230 tok/s (avg 83332) ETA 96m48s | gtok=700,385,280 | GPU 1.3/33.2GB
step 19050 ep6/10 [19050/32130  59%]  loss=3.1379 ppl=23.1 lr=3.66e-05 | 85335 tok/s (avg 83337) ETA 96m25s | gtok=702,228,480 | GPU 1.3/33.2GB
step 19100 ep6/10 [19100/32130  59%]  loss=3.1183 ppl=22.6 lr=3.63e-05 | 85217 tok/s (avg 83342) ETA 96m03s | gtok=704,071,680 | GPU 1.3/33.2GB
step 19150 ep6/10 [19150/32130  60%]  loss=3.1624 ppl=23.6 lr=3.61e-05 | 85215 tok/s (avg 83346) ETA 95m40s | gtok=705,914,880 | GPU 1.3/33.2GB
step 19200 ep6/10 [19200/32130  60%]  loss=3.0985 ppl=22.2 lr=3.59e-05 | 85344 tok/s (avg 83352) ETA 95m18s | gtok=707,758,080 | GPU 1.3/33.2GB
step 19250 ep6/10 [19250/32130  60%]  loss=3.2812 ppl=26.6 lr=3.56e-05 | 85343 tok/s (avg 83357) ETA 94m55s | gtok=709,601,280 | GPU 1.3/33.2GB
=== Epoch 6/10 done | step 19278 | train_loss=3.1895 ppl=24.28 | gtok=710,627,328 | 23.2 min | best_val_ppl=24.94 ===
step 19300 ep7/10 [19300/32130  60%]  loss=3.1966 ppl=24.4 lr=3.54e-05 | 85327 tok/s (avg 83362) ETA 94m33s | gtok=711,438,336 | GPU 1.3/33.2GB
step 19350 ep7/10 [19350/32130  60%]  loss=3.0403 ppl=20.9 lr=3.52e-05 | 85243 tok/s (avg 83366) ETA 94m10s | gtok=713,281,536 | GPU 1.3/33.2GB
step 19400 ep7/10 [19400/32130  60%]  loss=3.2115 ppl=24.8 lr=3.49e-05 | 85286 tok/s (avg 83371) ETA 93m48s | gtok=715,124,736 | GPU 1.3/33.2GB
step 19450 ep7/10 [19450/32130  61%]  loss=2.9816 ppl=19.7 lr=3.47e-05 | 85206 tok/s (avg 83376) ETA 93m26s | gtok=716,967,936 | GPU 1.3/33.2GB
step 19500 ep7/10 [19500/32130  61%]  loss=3.1546 ppl=23.4 lr=3.44e-05 | 85208 tok/s (avg 83380) ETA 93m03s | gtok=718,811,136 | GPU 1.3/33.2GB
step 19550 ep7/10 [19550/32130  61%]  loss=2.9608 ppl=19.3 lr=3.42e-05 | 85303 tok/s (avg 83385) ETA 92m41s | gtok=720,654,336 | GPU 1.3/33.2GB
step 19600 ep7/10 [19600/32130  61%]  loss=3.2028 ppl=24.6 lr=3.40e-05 | 85321 tok/s (avg 83390) ETA 92m18s | gtok=722,497,536 | GPU 1.3/33.2GB
step 19650 ep7/10 [19650/32130  61%]  loss=2.8412 ppl=17.1 lr=3.37e-05 | 85326 tok/s (avg 83395) ETA 91m56s | gtok=724,340,736 | GPU 1.3/33.2GB
step 19700 ep7/10 [19700/32130  61%]  loss=2.9367 ppl=18.9 lr=3.35e-05 | 85208 tok/s (avg 83399) ETA 91m34s | gtok=726,183,936 | GPU 1.3/33.2GB
step 19750 ep7/10 [19750/32130  61%]  loss=3.2045 ppl=24.6 lr=3.33e-05 | 85325 tok/s (avg 83404) ETA 91m11s | gtok=728,027,136 | GPU 1.3/33.2GB
step 19800 ep7/10 [19800/32130  62%]  loss=3.1920 ppl=24.3 lr=3.30e-05 | 85322 tok/s (avg 83409) ETA 90m49s | gtok=729,870,336 | GPU 1.3/33.2GB
step 19850 ep7/10 [19850/32130  62%]  loss=3.0575 ppl=21.3 lr=3.28e-05 | 85330 tok/s (avg 83413) ETA 90m26s | gtok=731,713,536 | GPU 1.3/33.2GB
step 19900 ep7/10 [19900/32130  62%]  loss=3.1275 ppl=22.8 lr=3.26e-05 | 85284 tok/s (avg 83418) ETA 90m04s | gtok=733,556,736 | GPU 1.3/33.2GB
step 19950 ep7/10 [19950/32130  62%]  loss=3.2002 ppl=24.5 lr=3.23e-05 | 85235 tok/s (avg 83423) ETA 89m42s | gtok=735,399,936 | GPU 1.3/33.2GB
step 20000 ep7/10 [20000/32130  62%]  loss=3.2271 ppl=25.2 lr=3.21e-05 | 85308 tok/s (avg 83427) ETA 89m19s | gtok=737,243,136 | GPU 1.3/33.2GB
  [checkpoint] step 20000 -> checkpoints_v13_sempty/wikitext_chrono_a1conv_fair_817aa35/best_model.pt
  [val @ step 20000] val_loss=3.1976 val_ppl=24.47 *best* (best 24.47)
  [checkpoint] step 20000 -> checkpoints_v13_sempty/wikitext_chrono_a1conv_fair_817aa35/latest.pt
  [diag] step 20000 cgu=+0.69 +0.74 +0.80 +0.86 +0.92 +0.97 +1.03 +1.14 +1.23 +1.29 +1.40 +1.51 +1.60 +1.65 +1.69 +1.54  pam=+0.22 +0.23 +0.23 +0.16 +0.20 +0.18 +0.18 +0.14 +0.17 +0.18 +0.32 +0.26 +0.27 +0.32 +0.28 +0.21
  [diag] dtbias=-3.95 -3.94 -3.94 -3.97 -3.96 -3.96 -3.93 -3.98 -3.96 -3.97 -3.92 -3.96 -3.96 -3.94 -3.95 -3.97  ret=0.81 0.78 0.78 0.85 0.84 0.85 0.73 0.89 0.87 0.87 0.70 0.81 0.84 0.77 0.75 0.86
  [diag] gnorm=1.0e-01 9.8e-02 1.0e-01 1.2e-01 1.0e-01 1.1e-01 1.3e-01 1.3e-01 1.4e-01 1.8e-01 1.8e-01 1.9e-01 1.5e-01 1.4e-01 1.4e-01 1.6e-01  wnorm=59.2 59.5 59.9 59.9 60.0 60.1 60.7 60.7 60.9 61.6 62.4 62.8 63.3 63.9 64.5 64.1
step 20050 ep7/10 [20050/32130  62%]  loss=3.2072 ppl=24.7 lr=3.19e-05 | 66743 tok/s (avg 83375) ETA 89m00s | gtok=739,086,336 | GPU 1.3/33.2GB
step 20100 ep7/10 [20100/32130  63%]  loss=3.2075 ppl=24.7 lr=3.16e-05 | 85328 tok/s (avg 83380) ETA 88m38s | gtok=740,929,536 | GPU 1.3/33.2GB
step 20150 ep7/10 [20150/32130  63%]  loss=3.2637 ppl=26.1 lr=3.14e-05 | 85260 tok/s (avg 83384) ETA 88m16s | gtok=742,772,736 | GPU 1.3/33.2GB
step 20200 ep7/10 [20200/32130  63%]  loss=3.1913 ppl=24.3 lr=3.12e-05 | 85193 tok/s (avg 83389) ETA 87m53s | gtok=744,615,936 | GPU 1.3/33.2GB
step 20250 ep7/10 [20250/32130  63%]  loss=3.2450 ppl=25.7 lr=3.10e-05 | 85202 tok/s (avg 83393) ETA 87m31s | gtok=746,459,136 | GPU 1.3/33.2GB
step 20300 ep7/10 [20300/32130  63%]  loss=3.2123 ppl=24.8 lr=3.07e-05 | 85214 tok/s (avg 83398) ETA 87m08s | gtok=748,302,336 | GPU 1.3/33.2GB
step 20350 ep7/10 [20350/32130  63%]  loss=3.1484 ppl=23.3 lr=3.05e-05 | 85204 tok/s (avg 83402) ETA 86m46s | gtok=750,145,536 | GPU 1.3/33.2GB
step 20400 ep7/10 [20400/32130  63%]  loss=3.0916 ppl=22.0 lr=3.03e-05 | 85074 tok/s (avg 83406) ETA 86m24s | gtok=751,988,736 | GPU 1.3/33.2GB
step 20450 ep7/10 [20450/32130  64%]  loss=3.0792 ppl=21.7 lr=3.00e-05 | 85207 tok/s (avg 83410) ETA 86m01s | gtok=753,831,936 | GPU 1.3/33.2GB
step 20500 ep7/10 [20500/32130  64%]  loss=3.3430 ppl=28.3 lr=2.98e-05 | 85214 tok/s (avg 83415) ETA 85m39s | gtok=755,675,136 | GPU 1.3/33.2GB
step 20550 ep7/10 [20550/32130  64%]  loss=3.1771 ppl=24.0 lr=2.96e-05 | 85219 tok/s (avg 83419) ETA 85m17s | gtok=757,518,336 | GPU 1.3/33.2GB
step 20600 ep7/10 [20600/32130  64%]  loss=2.9846 ppl=19.8 lr=2.94e-05 | 85282 tok/s (avg 83423) ETA 84m54s | gtok=759,361,536 | GPU 1.3/33.2GB
step 20650 ep7/10 [20650/32130  64%]  loss=3.2170 ppl=25.0 lr=2.91e-05 | 85329 tok/s (avg 83428) ETA 84m32s | gtok=761,204,736 | GPU 1.3/33.2GB
step 20700 ep7/10 [20700/32130  64%]  loss=3.2086 ppl=24.7 lr=2.89e-05 | 85105 tok/s (avg 83432) ETA 84m10s | gtok=763,047,936 | GPU 1.3/33.2GB
step 20750 ep7/10 [20750/32130  65%]  loss=3.0983 ppl=22.2 lr=2.87e-05 | 85333 tok/s (avg 83436) ETA 83m47s | gtok=764,891,136 | GPU 1.3/33.2GB
step 20800 ep7/10 [20800/32130  65%]  loss=3.1626 ppl=23.6 lr=2.85e-05 | 85318 tok/s (avg 83441) ETA 83m25s | gtok=766,734,336 | GPU 1.3/33.2GB
step 20850 ep7/10 [20850/32130  65%]  loss=3.1039 ppl=22.3 lr=2.82e-05 | 85340 tok/s (avg 83445) ETA 83m02s | gtok=768,577,536 | GPU 1.3/33.2GB
step 20900 ep7/10 [20900/32130  65%]  loss=3.2087 ppl=24.7 lr=2.80e-05 | 85349 tok/s (avg 83450) ETA 82m40s | gtok=770,420,736 | GPU 1.3/33.2GB
step 20950 ep7/10 [20950/32130  65%]  loss=3.1341 ppl=23.0 lr=2.78e-05 | 85171 tok/s (avg 83454) ETA 82m18s | gtok=772,263,936 | GPU 1.3/33.2GB
step 21000 ep7/10 [21000/32130  65%]  loss=3.1805 ppl=24.1 lr=2.76e-05 | 85280 tok/s (avg 83458) ETA 81m55s | gtok=774,107,136 | GPU 1.3/33.2GB
step 21050 ep7/10 [21050/32130  66%]  loss=3.1031 ppl=22.3 lr=2.73e-05 | 85199 tok/s (avg 83462) ETA 81m33s | gtok=775,950,336 | GPU 1.3/33.2GB
step 21100 ep7/10 [21100/32130  66%]  loss=3.0966 ppl=22.1 lr=2.71e-05 | 84952 tok/s (avg 83465) ETA 81m11s | gtok=777,793,536 | GPU 1.3/33.2GB
step 21150 ep7/10 [21150/32130  66%]  loss=3.1511 ppl=23.4 lr=2.69e-05 | 85219 tok/s (avg 83469) ETA 80m49s | gtok=779,636,736 | GPU 1.3/33.2GB
step 21200 ep7/10 [21200/32130  66%]  loss=3.1295 ppl=22.9 lr=2.67e-05 | 85294 tok/s (avg 83474) ETA 80m26s | gtok=781,479,936 | GPU 1.3/33.2GB
step 21250 ep7/10 [21250/32130  66%]  loss=3.2850 ppl=26.7 lr=2.65e-05 | 85304 tok/s (avg 83478) ETA 80m04s | gtok=783,323,136 | GPU 1.3/33.2GB
step 21300 ep7/10 [21300/32130  66%]  loss=3.0963 ppl=22.1 lr=2.62e-05 | 85315 tok/s (avg 83482) ETA 79m42s | gtok=785,166,336 | GPU 1.3/33.2GB
step 21350 ep7/10 [21350/32130  66%]  loss=2.9876 ppl=19.8 lr=2.60e-05 | 85313 tok/s (avg 83486) ETA 79m19s | gtok=787,009,536 | GPU 1.3/33.2GB
step 21400 ep7/10 [21400/32130  67%]  loss=3.1543 ppl=23.4 lr=2.58e-05 | 85002 tok/s (avg 83490) ETA 78m57s | gtok=788,852,736 | GPU 1.3/33.2GB
step 21450 ep7/10 [21450/32130  67%]  loss=3.0595 ppl=21.3 lr=2.56e-05 | 85182 tok/s (avg 83494) ETA 78m35s | gtok=790,695,936 | GPU 1.3/33.2GB
step 21500 ep7/10 [21500/32130  67%]  loss=3.2095 ppl=24.8 lr=2.54e-05 | 85213 tok/s (avg 83498) ETA 78m12s | gtok=792,539,136 | GPU 1.3/33.2GB
step 21550 ep7/10 [21550/32130  67%]  loss=3.0448 ppl=21.0 lr=2.52e-05 | 85212 tok/s (avg 83501) ETA 77m50s | gtok=794,382,336 | GPU 1.3/33.2GB
step 21600 ep7/10 [21600/32130  67%]  loss=3.2744 ppl=26.4 lr=2.49e-05 | 85219 tok/s (avg 83505) ETA 77m28s | gtok=796,225,536 | GPU 1.3/33.2GB
step 21650 ep7/10 [21650/32130  67%]  loss=3.1576 ppl=23.5 lr=2.47e-05 | 85274 tok/s (avg 83509) ETA 77m06s | gtok=798,068,736 | GPU 1.3/33.2GB
step 21700 ep7/10 [21700/32130  68%]  loss=3.0213 ppl=20.5 lr=2.45e-05 | 85313 tok/s (avg 83513) ETA 76m43s | gtok=799,911,936 | GPU 1.3/33.2GB
step 21750 ep7/10 [21750/32130  68%]  loss=3.0915 ppl=22.0 lr=2.43e-05 | 85221 tok/s (avg 83517) ETA 76m21s | gtok=801,755,136 | GPU 1.3/33.2GB
step 21800 ep7/10 [21800/32130  68%]  loss=3.1343 ppl=23.0 lr=2.41e-05 | 85334 tok/s (avg 83521) ETA 75m59s | gtok=803,598,336 | GPU 1.3/33.2GB
step 21850 ep7/10 [21850/32130  68%]  loss=3.1328 ppl=22.9 lr=2.39e-05 | 85351 tok/s (avg 83525) ETA 75m36s | gtok=805,441,536 | GPU 1.3/33.2GB
step 21900 ep7/10 [21900/32130  68%]  loss=3.2576 ppl=26.0 lr=2.37e-05 | 85188 tok/s (avg 83529) ETA 75m14s | gtok=807,284,736 | GPU 1.3/33.2GB
step 21950 ep7/10 [21950/32130  68%]  loss=3.2105 ppl=24.8 lr=2.35e-05 | 85312 tok/s (avg 83533) ETA 74m52s | gtok=809,127,936 | GPU 1.3/33.2GB
step 22000 ep7/10 [22000/32130  68%]  loss=3.1847 ppl=24.2 lr=2.32e-05 | 85293 tok/s (avg 83537) ETA 74m30s | gtok=810,971,136 | GPU 1.3/33.2GB
  [checkpoint] step 22000 -> checkpoints_v13_sempty/wikitext_chrono_a1conv_fair_817aa35/best_model.pt
  [val @ step 22000] val_loss=3.1786 val_ppl=24.01 *best* (best 24.01)
  [diag] step 22000 cgu=+0.70 +0.75 +0.81 +0.87 +0.93 +0.98 +1.04 +1.15 +1.24 +1.30 +1.40 +1.52 +1.61 +1.66 +1.70 +1.55  pam=+0.23 +0.24 +0.24 +0.16 +0.20 +0.18 +0.18 +0.15 +0.17 +0.18 +0.32 +0.26 +0.27 +0.33 +0.29 +0.21
  [diag] dtbias=-3.95 -3.94 -3.94 -3.97 -3.96 -3.96 -3.93 -3.98 -3.96 -3.97 -3.92 -3.96 -3.96 -3.94 -3.94 -3.97  ret=0.81 0.78 0.78 0.85 0.84 0.85 0.73 0.88 0.86 0.86 0.68 0.81 0.84 0.76 0.75 0.86
  [diag] gnorm=9.6e-02 9.4e-02 1.0e-01 1.1e-01 1.1e-01 1.1e-01 1.3e-01 1.3e-01 1.4e-01 1.8e-01 1.6e-01 1.8e-01 1.4e-01 1.4e-01 1.4e-01 1.6e-01  wnorm=59.3 59.6 60.0 60.0 60.1 60.2 60.8 60.8 61.0 61.7 62.5 62.8 63.3 63.9 64.6 64.2
step 22050 ep7/10 [22050/32130  69%]  loss=2.9814 ppl=19.7 lr=2.30e-05 | 71882 tok/s (avg 83506) ETA 74m09s | gtok=812,814,336 | GPU 1.3/33.2GB
step 22100 ep7/10 [22100/32130  69%]  loss=3.1777 ppl=24.0 lr=2.28e-05 | 85204 tok/s (avg 83510) ETA 73m47s | gtok=814,657,536 | GPU 1.3/33.2GB
step 22150 ep7/10 [22150/32130  69%]  loss=3.0516 ppl=21.1 lr=2.26e-05 | 85315 tok/s (avg 83514) ETA 73m25s | gtok=816,500,736 | GPU 1.3/33.2GB
step 22200 ep7/10 [22200/32130  69%]  loss=3.2310 ppl=25.3 lr=2.24e-05 | 85324 tok/s (avg 83518) ETA 73m02s | gtok=818,343,936 | GPU 1.3/33.2GB
step 22250 ep7/10 [22250/32130  69%]  loss=3.0916 ppl=22.0 lr=2.22e-05 | 85305 tok/s (avg 83522) ETA 72m40s | gtok=820,187,136 | GPU 1.3/33.2GB
step 22300 ep7/10 [22300/32130  69%]  loss=3.0088 ppl=20.3 lr=2.20e-05 | 85272 tok/s (avg 83526) ETA 72m18s | gtok=822,030,336 | GPU 1.3/33.2GB
step 22350 ep7/10 [22350/32130  70%]  loss=3.1762 ppl=24.0 lr=2.18e-05 | 85325 tok/s (avg 83530) ETA 71m55s | gtok=823,873,536 | GPU 1.3/33.2GB
step 22400 ep7/10 [22400/32130  70%]  loss=3.0485 ppl=21.1 lr=2.16e-05 | 85320 tok/s (avg 83534) ETA 71m33s | gtok=825,716,736 | GPU 1.3/33.2GB
step 22450 ep7/10 [22450/32130  70%]  loss=3.1454 ppl=23.2 lr=2.14e-05 | 85098 tok/s (avg 83537) ETA 71m11s | gtok=827,559,936 | GPU 1.3/33.2GB
=== Epoch 7/10 done | step 22491 | train_loss=3.1316 ppl=22.91 | gtok=829,065,216 | 23.3 min | best_val_ppl=24.01 ===
step 22500 ep8/10 [22500/32130  70%]  loss=3.1513 ppl=23.4 lr=2.12e-05 | 85357 tok/s (avg 83541) ETA 70m49s | gtok=829,396,992 | GPU 1.3/33.2GB
step 22550 ep8/10 [22550/32130  70%]  loss=3.1162 ppl=22.6 lr=2.10e-05 | 85314 tok/s (avg 83545) ETA 70m26s | gtok=831,240,192 | GPU 1.3/33.2GB
step 22600 ep8/10 [22600/32130  70%]  loss=3.0590 ppl=21.3 lr=2.08e-05 | 85198 tok/s (avg 83548) ETA 70m04s | gtok=833,083,392 | GPU 1.3/33.2GB
step 22650 ep8/10 [22650/32130  70%]  loss=2.9283 ppl=18.7 lr=2.06e-05 | 85221 tok/s (avg 83552) ETA 69m42s | gtok=834,926,592 | GPU 1.3/33.2GB
step 22700 ep8/10 [22700/32130  71%]  loss=3.1897 ppl=24.3 lr=2.04e-05 | 85226 tok/s (avg 83556) ETA 69m20s | gtok=836,769,792 | GPU 1.3/33.2GB
step 22750 ep8/10 [22750/32130  71%]  loss=3.1700 ppl=23.8 lr=2.02e-05 | 85073 tok/s (avg 83559) ETA 68m57s | gtok=838,612,992 | GPU 1.3/33.2GB
step 22800 ep8/10 [22800/32130  71%]  loss=3.0210 ppl=20.5 lr=2.00e-05 | 85230 tok/s (avg 83563) ETA 68m35s | gtok=840,456,192 | GPU 1.3/33.2GB
step 22850 ep8/10 [22850/32130  71%]  loss=2.9770 ppl=19.6 lr=1.98e-05 | 85335 tok/s (avg 83566) ETA 68m13s | gtok=842,299,392 | GPU 1.3/33.2GB
step 22900 ep8/10 [22900/32130  71%]  loss=3.1129 ppl=22.5 lr=1.96e-05 | 85341 tok/s (avg 83570) ETA 67m51s | gtok=844,142,592 | GPU 1.3/33.2GB
step 22950 ep8/10 [22950/32130  71%]  loss=3.0274 ppl=20.6 lr=1.94e-05 | 85342 tok/s (avg 83574) ETA 67m29s | gtok=845,985,792 | GPU 1.3/33.2GB
step 23000 ep8/10 [23000/32130  72%]  loss=3.1428 ppl=23.2 lr=1.92e-05 | 85340 tok/s (avg 83578) ETA 67m06s | gtok=847,828,992 | GPU 1.3/33.2GB
step 23050 ep8/10 [23050/32130  72%]  loss=2.9187 ppl=18.5 lr=1.90e-05 | 85343 tok/s (avg 83581) ETA 66m44s | gtok=849,672,192 | GPU 1.3/33.2GB
step 23100 ep8/10 [23100/32130  72%]  loss=3.1408 ppl=23.1 lr=1.88e-05 | 85360 tok/s (avg 83585) ETA 66m22s | gtok=851,515,392 | GPU 1.3/33.2GB
step 23150 ep8/10 [23150/32130  72%]  loss=3.0487 ppl=21.1 lr=1.86e-05 | 85098 tok/s (avg 83588) ETA 66m00s | gtok=853,358,592 | GPU 1.3/33.2GB
step 23200 ep8/10 [23200/32130  72%]  loss=3.0761 ppl=21.7 lr=1.84e-05 | 85362 tok/s (avg 83592) ETA 65m37s | gtok=855,201,792 | GPU 1.3/33.2GB
step 23250 ep8/10 [23250/32130  72%]  loss=3.0282 ppl=20.7 lr=1.82e-05 | 85340 tok/s (avg 83596) ETA 65m15s | gtok=857,044,992 | GPU 1.3/33.2GB
step 23300 ep8/10 [23300/32130  73%]  loss=2.9922 ppl=19.9 lr=1.80e-05 | 85357 tok/s (avg 83600) ETA 64m53s | gtok=858,888,192 | GPU 1.3/33.2GB
step 23350 ep8/10 [23350/32130  73%]  loss=3.0166 ppl=20.4 lr=1.78e-05 | 85362 tok/s (avg 83603) ETA 64m31s | gtok=860,731,392 | GPU 1.3/33.2GB
step 23400 ep8/10 [23400/32130  73%]  loss=3.3037 ppl=27.2 lr=1.76e-05 | 85337 tok/s (avg 83607) ETA 64m09s | gtok=862,574,592 | GPU 1.3/33.2GB
step 23450 ep8/10 [23450/32130  73%]  loss=3.0810 ppl=21.8 lr=1.75e-05 | 85176 tok/s (avg 83610) ETA 63m46s | gtok=864,417,792 | GPU 1.3/33.2GB
step 23500 ep8/10 [23500/32130  73%]  loss=3.2077 ppl=24.7 lr=1.73e-05 | 85313 tok/s (avg 83614) ETA 63m24s | gtok=866,260,992 | GPU 1.3/33.2GB
step 23550 ep8/10 [23550/32130  73%]  loss=3.0271 ppl=20.6 lr=1.71e-05 | 85185 tok/s (avg 83617) ETA 63m02s | gtok=868,104,192 | GPU 1.3/33.2GB
step 23600 ep8/10 [23600/32130  73%]  loss=3.1429 ppl=23.2 lr=1.69e-05 | 85191 tok/s (avg 83620) ETA 62m40s | gtok=869,947,392 | GPU 1.3/33.2GB
step 23650 ep8/10 [23650/32130  74%]  loss=3.0450 ppl=21.0 lr=1.67e-05 | 85220 tok/s (avg 83624) ETA 62m18s | gtok=871,790,592 | GPU 1.3/33.2GB
step 23700 ep8/10 [23700/32130  74%]  loss=3.0973 ppl=22.1 lr=1.65e-05 | 85315 tok/s (avg 83627) ETA 61m55s | gtok=873,633,792 | GPU 1.3/33.2GB
step 23750 ep8/10 [23750/32130  74%]  loss=2.9558 ppl=19.2 lr=1.63e-05 | 85213 tok/s (avg 83630) ETA 61m33s | gtok=875,476,992 | GPU 1.3/33.2GB
step 23800 ep8/10 [23800/32130  74%]  loss=3.0826 ppl=21.8 lr=1.62e-05 | 84976 tok/s (avg 83633) ETA 61m11s | gtok=877,320,192 | GPU 1.3/33.2GB
step 23850 ep8/10 [23850/32130  74%]  loss=3.2520 ppl=25.8 lr=1.60e-05 | 85218 tok/s (avg 83636) ETA 60m49s | gtok=879,163,392 | GPU 1.3/33.2GB
step 23900 ep8/10 [23900/32130  74%]  loss=2.7598 ppl=15.8 lr=1.58e-05 | 85219 tok/s (avg 83640) ETA 60m27s | gtok=881,006,592 | GPU 1.3/33.2GB
step 23950 ep8/10 [23950/32130  75%]  loss=3.1552 ppl=23.5 lr=1.56e-05 | 85238 tok/s (avg 83643) ETA 60m05s | gtok=882,849,792 | GPU 1.3/33.2GB
step 24000 ep8/10 [24000/32130  75%]  loss=2.9912 ppl=19.9 lr=1.54e-05 | 85326 tok/s (avg 83646) ETA 59m42s | gtok=884,692,992 | GPU 1.3/33.2GB
  [gen @ step 24000, 884,692,992 tok] prompt: In 1923, the University of
    In 1923, the University of Cambridge published a book called The Royal Geographical Society , which was based on his history . 


 = = Biography and career = = 



 = = = Early life ( 1885 – 1915 ) = = = 


 Born in the village of Taunton on the Isle of Thanet , King William I received an early education at St George 's College in the village
  [checkpoint] step 24000 -> checkpoints_v13_sempty/wikitext_chrono_a1conv_fair_817aa35/best_model.pt
  [val @ step 24000] val_loss=3.1706 val_ppl=23.82 *best* (best 23.82)
  [checkpoint] step 24000 -> checkpoints_v13_sempty/wikitext_chrono_a1conv_fair_817aa35/latest.pt
  [diag] step 24000 cgu=+0.70 +0.76 +0.82 +0.88 +0.94 +0.99 +1.05 +1.16 +1.25 +1.31 +1.41 +1.52 +1.62 +1.68 +1.71 +1.56  pam=+0.23 +0.24 +0.24 +0.16 +0.21 +0.19 +0.18 +0.15 +0.17 +0.18 +0.32 +0.26 +0.28 +0.33 +0.29 +0.22
  [diag] dtbias=-3.95 -3.94 -3.94 -3.97 -3.96 -3.96 -3.93 -3.98 -3.96 -3.97 -3.92 -3.96 -3.96 -3.94 -3.94 -3.97  ret=0.81 0.78 0.78 0.86 0.84 0.86 0.73 0.88 0.87 0.87 0.70 0.81 0.85 0.77 0.76 0.87
  [diag] gnorm=9.7e-02 9.6e-02 1.1e-01 1.1e-01 1.1e-01 1.1e-01 1.3e-01 1.4e-01 1.4e-01 1.8e-01 1.7e-01 1.8e-01 1.4e-01 1.4e-01 1.4e-01 1.6e-01  wnorm=59.3 59.7 60.0 60.0 60.1 60.2 60.8 60.9 61.0 61.7 62.6 62.9 63.4 64.0 64.7 64.3
step 24050 ep8/10 [24050/32130  75%]  loss=2.9829 ppl=19.7 lr=1.53e-05 | 63399 tok/s (avg 83591) ETA 59m23s | gtok=886,536,192 | GPU 1.3/33.2GB
step 24100 ep8/10 [24100/32130  75%]  loss=3.0282 ppl=20.7 lr=1.51e-05 | 85108 tok/s (avg 83594) ETA 59m00s | gtok=888,379,392 | GPU 1.3/33.2GB
step 24150 ep8/10 [24150/32130  75%]  loss=3.0359 ppl=20.8 lr=1.49e-05 | 85345 tok/s (avg 83597) ETA 58m38s | gtok=890,222,592 | GPU 1.3/33.2GB
step 24200 ep8/10 [24200/32130  75%]  loss=3.0305 ppl=20.7 lr=1.47e-05 | 85344 tok/s (avg 83601) ETA 58m16s | gtok=892,065,792 | GPU 1.3/33.2GB
step 24250 ep8/10 [24250/32130  75%]  loss=3.0247 ppl=20.6 lr=1.45e-05 | 85368 tok/s (avg 83605) ETA 57m54s | gtok=893,908,992 | GPU 1.3/33.2GB
step 24300 ep8/10 [24300/32130  76%]  loss=3.0409 ppl=20.9 lr=1.44e-05 | 85362 tok/s (avg 83608) ETA 57m32s | gtok=895,752,192 | GPU 1.3/33.2GB
step 24350 ep8/10 [24350/32130  76%]  loss=3.0294 ppl=20.7 lr=1.42e-05 | 85364 tok/s (avg 83612) ETA 57m10s | gtok=897,595,392 | GPU 1.3/33.2GB
step 24400 ep8/10 [24400/32130  76%]  loss=2.8380 ppl=17.1 lr=1.40e-05 | 85369 tok/s (avg 83615) ETA 56m47s | gtok=899,438,592 | GPU 1.3/33.2GB
step 24450 ep8/10 [24450/32130  76%]  loss=2.9559 ppl=19.2 lr=1.39e-05 | 85116 tok/s (avg 83618) ETA 56m25s | gtok=901,281,792 | GPU 1.3/33.2GB
step 24500 ep8/10 [24500/32130  76%]  loss=3.1830 ppl=24.1 lr=1.37e-05 | 85365 tok/s (avg 83622) ETA 56m03s | gtok=903,124,992 | GPU 1.3/33.2GB
step 24550 ep8/10 [24550/32130  76%]  loss=3.0006 ppl=20.1 lr=1.35e-05 | 85365 tok/s (avg 83625) ETA 55m41s | gtok=904,968,192 | GPU 1.3/33.2GB
step 24600 ep8/10 [24600/32130  77%]  loss=3.0138 ppl=20.4 lr=1.33e-05 | 85240 tok/s (avg 83628) ETA 55m19s | gtok=906,811,392 | GPU 1.3/33.2GB
step 24650 ep8/10 [24650/32130  77%]  loss=3.1316 ppl=22.9 lr=1.32e-05 | 85269 tok/s (avg 83632) ETA 54m56s | gtok=908,654,592 | GPU 1.3/33.2GB
step 24700 ep8/10 [24700/32130  77%]  loss=2.8954 ppl=18.1 lr=1.30e-05 | 85301 tok/s (avg 83635) ETA 54m34s | gtok=910,497,792 | GPU 1.3/33.2GB
step 24750 ep8/10 [24750/32130  77%]  loss=3.1731 ppl=23.9 lr=1.28e-05 | 84962 tok/s (avg 83638) ETA 54m12s | gtok=912,340,992 | GPU 1.3/33.2GB
step 24800 ep8/10 [24800/32130  77%]  loss=3.0847 ppl=21.9 lr=1.27e-05 | 85326 tok/s (avg 83641) ETA 53m50s | gtok=914,184,192 | GPU 1.3/33.2GB
step 24850 ep8/10 [24850/32130  77%]  loss=3.1798 ppl=24.0 lr=1.25e-05 | 85363 tok/s (avg 83644) ETA 53m28s | gtok=916,027,392 | GPU 1.3/33.2GB
step 24900 ep8/10 [24900/32130  77%]  loss=3.2155 ppl=24.9 lr=1.23e-05 | 85367 tok/s (avg 83648) ETA 53m06s | gtok=917,870,592 | GPU 1.3/33.2GB
step 24950 ep8/10 [24950/32130  78%]  loss=3.0855 ppl=21.9 lr=1.22e-05 | 85348 tok/s (avg 83651) ETA 52m43s | gtok=919,713,792 | GPU 1.3/33.2GB
step 25000 ep8/10 [25000/32130  78%]  loss=3.1665 ppl=23.7 lr=1.20e-05 | 85345 tok/s (avg 83654) ETA 52m21s | gtok=921,556,992 | GPU 1.3/33.2GB
step 25050 ep8/10 [25050/32130  78%]  loss=3.0171 ppl=20.4 lr=1.19e-05 | 85357 tok/s (avg 83658) ETA 51m59s | gtok=923,400,192 | GPU 1.3/33.2GB
step 25100 ep8/10 [25100/32130  78%]  loss=3.0313 ppl=20.7 lr=1.17e-05 | 85252 tok/s (avg 83661) ETA 51m37s | gtok=925,243,392 | GPU 1.3/33.2GB
step 25150 ep8/10 [25150/32130  78%]  loss=3.2153 ppl=24.9 lr=1.15e-05 | 85345 tok/s (avg 83664) ETA 51m15s | gtok=927,086,592 | GPU 1.3/33.2GB
step 25200 ep8/10 [25200/32130  78%]  loss=3.0853 ppl=21.9 lr=1.14e-05 | 85336 tok/s (avg 83667) ETA 50m53s | gtok=928,929,792 | GPU 1.3/33.2GB
step 25250 ep8/10 [25250/32130  79%]  loss=3.1013 ppl=22.2 lr=1.12e-05 | 85356 tok/s (avg 83671) ETA 50m31s | gtok=930,772,992 | GPU 1.3/33.2GB
step 25300 ep8/10 [25300/32130  79%]  loss=3.2975 ppl=27.0 lr=1.11e-05 | 85196 tok/s (avg 83674) ETA 50m08s | gtok=932,616,192 | GPU 1.3/33.2GB
step 25350 ep8/10 [25350/32130  79%]  loss=2.9378 ppl=18.9 lr=1.09e-05 | 85315 tok/s (avg 83677) ETA 49m46s | gtok=934,459,392 | GPU 1.3/33.2GB
step 25400 ep8/10 [25400/32130  79%]  loss=3.1451 ppl=23.2 lr=1.08e-05 | 85324 tok/s (avg 83680) ETA 49m24s | gtok=936,302,592 | GPU 1.3/33.2GB
step 25450 ep8/10 [25450/32130  79%]  loss=3.1408 ppl=23.1 lr=1.06e-05 | 85202 tok/s (avg 83683) ETA 49m02s | gtok=938,145,792 | GPU 1.3/33.2GB
step 25500 ep8/10 [25500/32130  79%]  loss=3.1369 ppl=23.0 lr=1.05e-05 | 85327 tok/s (avg 83686) ETA 48m40s | gtok=939,988,992 | GPU 1.3/33.2GB
step 25550 ep8/10 [25550/32130  80%]  loss=3.1200 ppl=22.6 lr=1.03e-05 | 85323 tok/s (avg 83689) ETA 48m18s | gtok=941,832,192 | GPU 1.3/33.2GB
step 25600 ep8/10 [25600/32130  80%]  loss=3.0049 ppl=20.2 lr=1.02e-05 | 85326 tok/s (avg 83692) ETA 47m56s | gtok=943,675,392 | GPU 1.3/33.2GB
step 25650 ep8/10 [25650/32130  80%]  loss=3.2537 ppl=25.9 lr=1.00e-05 | 85330 tok/s (avg 83695) ETA 47m34s | gtok=945,518,592 | GPU 1.3/33.2GB
step 25700 ep8/10 [25700/32130  80%]  loss=3.1935 ppl=24.4 lr=9.85e-06 | 85321 tok/s (avg 83698) ETA 47m11s | gtok=947,361,792 | GPU 1.3/33.2GB
=== Epoch 8/10 done | step 25704 | train_loss=3.0908 ppl=21.99 | gtok=947,503,104 | 23.3 min | best_val_ppl=23.82 ===
step 25750 ep9/10 [25750/32130  80%]  loss=3.1056 ppl=22.3 lr=9.71e-06 | 85280 tok/s (avg 83702) ETA 46m49s | gtok=949,198,848 | GPU 1.3/33.2GB
step 25800 ep9/10 [25800/32130  80%]  loss=3.0796 ppl=21.7 lr=9.56e-06 | 85063 tok/s (avg 83704) ETA 46m27s | gtok=951,042,048 | GPU 1.3/33.2GB
step 25850 ep9/10 [25850/32130  80%]  loss=3.0644 ppl=21.4 lr=9.42e-06 | 85194 tok/s (avg 83707) ETA 46m05s | gtok=952,885,248 | GPU 1.3/33.2GB
step 25900 ep9/10 [25900/32130  81%]  loss=3.0618 ppl=21.4 lr=9.27e-06 | 85279 tok/s (avg 83710) ETA 45m43s | gtok=954,728,448 | GPU 1.3/33.2GB
step 25950 ep9/10 [25950/32130  81%]  loss=3.0480 ppl=21.1 lr=9.13e-06 | 85207 tok/s (avg 83713) ETA 45m21s | gtok=956,571,648 | GPU 1.3/33.2GB
step 26000 ep9/10 [26000/32130  81%]  loss=3.1209 ppl=22.7 lr=8.98e-06 | 85185 tok/s (avg 83716) ETA 44m59s | gtok=958,414,848 | GPU 1.3/33.2GB
  [checkpoint] step 26000 -> checkpoints_v13_sempty/wikitext_chrono_a1conv_fair_817aa35/best_model.pt
  [val @ step 26000] val_loss=3.1628 val_ppl=23.64 *best* (best 23.64)
  [diag] step 26000 cgu=+0.71 +0.76 +0.82 +0.89 +0.94 +1.00 +1.06 +1.16 +1.25 +1.31 +1.42 +1.53 +1.62 +1.68 +1.72 +1.57  pam=+0.24 +0.25 +0.25 +0.16 +0.21 +0.19 +0.19 +0.15 +0.17 +0.18 +0.33 +0.26 +0.28 +0.34 +0.29 +0.22
  [diag] dtbias=-3.94 -3.94 -3.94 -3.97 -3.96 -3.96 -3.93 -3.98 -3.96 -3.97 -3.92 -3.96 -3.96 -3.94 -3.94 -3.97  ret=0.81 0.78 0.78 0.85 0.83 0.85 0.73 0.88 0.86 0.86 0.68 0.81 0.84 0.76 0.75 0.86
  [diag] gnorm=1.1e-01 1.0e-01 1.1e-01 1.2e-01 1.1e-01 1.1e-01 1.3e-01 1.4e-01 1.4e-01 1.9e-01 1.7e-01 1.9e-01 1.5e-01 1.4e-01 1.5e-01 1.6e-01  wnorm=59.4 59.7 60.0 60.0 60.2 60.3 60.8 60.9 61.1 61.8 62.6 62.9 63.4 64.0 64.7 64.3
step 26050 ep9/10 [26050/32130  81%]  loss=2.9979 ppl=20.0 lr=8.84e-06 | 71684 tok/s (avg 83689) ETA 44m38s | gtok=960,258,048 | GPU 1.3/33.2GB
step 26100 ep9/10 [26100/32130  81%]  loss=3.1031 ppl=22.3 lr=8.70e-06 | 85160 tok/s (avg 83691) ETA 44m15s | gtok=962,101,248 | GPU 1.3/33.2GB
step 26150 ep9/10 [26150/32130  81%]  loss=3.0424 ppl=21.0 lr=8.56e-06 | 84970 tok/s (avg 83694) ETA 43m53s | gtok=963,944,448 | GPU 1.3/33.2GB
step 26200 ep9/10 [26200/32130  82%]  loss=3.1560 ppl=23.5 lr=8.42e-06 | 85200 tok/s (avg 83697) ETA 43m31s | gtok=965,787,648 | GPU 1.3/33.2GB
step 26250 ep9/10 [26250/32130  82%]  loss=3.0602 ppl=21.3 lr=8.29e-06 | 85197 tok/s (avg 83699) ETA 43m09s | gtok=967,630,848 | GPU 1.3/33.2GB
step 26300 ep9/10 [26300/32130  82%]  loss=2.9953 ppl=20.0 lr=8.15e-06 | 85228 tok/s (avg 83702) ETA 42m47s | gtok=969,474,048 | GPU 1.3/33.2GB
step 26350 ep9/10 [26350/32130  82%]  loss=3.0306 ppl=20.7 lr=8.02e-06 | 85180 tok/s (avg 83705) ETA 42m25s | gtok=971,317,248 | GPU 1.3/33.2GB
step 26400 ep9/10 [26400/32130  82%]  loss=3.0856 ppl=21.9 lr=7.88e-06 | 85186 tok/s (avg 83708) ETA 42m03s | gtok=973,160,448 | GPU 1.3/33.2GB
step 26450 ep9/10 [26450/32130  82%]  loss=3.1501 ppl=23.3 lr=7.75e-06 | 85251 tok/s (avg 83711) ETA 41m41s | gtok=975,003,648 | GPU 1.3/33.2GB
step 26500 ep9/10 [26500/32130  82%]  loss=3.1037 ppl=22.3 lr=7.62e-06 | 85069 tok/s (avg 83713) ETA 41m19s | gtok=976,846,848 | GPU 1.3/33.2GB
step 26550 ep9/10 [26550/32130  83%]  loss=3.0757 ppl=21.7 lr=7.48e-06 | 85274 tok/s (avg 83716) ETA 40m57s | gtok=978,690,048 | GPU 1.3/33.2GB
step 26600 ep9/10 [26600/32130  83%]  loss=3.1374 ppl=23.0 lr=7.35e-06 | 85297 tok/s (avg 83719) ETA 40m34s | gtok=980,533,248 | GPU 1.3/33.2GB
step 26650 ep9/10 [26650/32130  83%]  loss=2.9018 ppl=18.2 lr=7.23e-06 | 85187 tok/s (avg 83722) ETA 40m12s | gtok=982,376,448 | GPU 1.3/33.2GB
step 26700 ep9/10 [26700/32130  83%]  loss=2.8909 ppl=18.0 lr=7.10e-06 | 85302 tok/s (avg 83725) ETA 39m50s | gtok=984,219,648 | GPU 1.3/33.2GB
step 26750 ep9/10 [26750/32130  83%]  loss=3.1087 ppl=22.4 lr=6.97e-06 | 85282 tok/s (avg 83727) ETA 39m28s | gtok=986,062,848 | GPU 1.3/33.2GB
step 26800 ep9/10 [26800/32130  83%]  loss=3.1036 ppl=22.3 lr=6.84e-06 | 85317 tok/s (avg 83730) ETA 39m06s | gtok=987,906,048 | GPU 1.3/33.2GB
step 26850 ep9/10 [26850/32130  84%]  loss=2.9877 ppl=19.8 lr=6.72e-06 | 85083 tok/s (avg 83733) ETA 38m44s | gtok=989,749,248 | GPU 1.3/33.2GB
step 26900 ep9/10 [26900/32130  84%]  loss=3.0249 ppl=20.6 lr=6.60e-06 | 85325 tok/s (avg 83736) ETA 38m22s | gtok=991,592,448 | GPU 1.3/33.2GB
step 26950 ep9/10 [26950/32130  84%]  loss=3.2969 ppl=27.0 lr=6.47e-06 | 85311 tok/s (avg 83739) ETA 38m00s | gtok=993,435,648 | GPU 1.3/33.2GB
step 27000 ep9/10 [27000/32130  84%]  loss=3.0197 ppl=20.5 lr=6.35e-06 | 85329 tok/s (avg 83741) ETA 37m38s | gtok=995,278,848 | GPU 1.3/33.2GB
step 27050 ep9/10 [27050/32130  84%]  loss=3.1398 ppl=23.1 lr=6.23e-06 | 85206 tok/s (avg 83744) ETA 37m16s | gtok=997,122,048 | GPU 1.3/33.2GB
step 27100 ep9/10 [27100/32130  84%]  loss=3.1233 ppl=22.7 lr=6.11e-06 | 85316 tok/s (avg 83747) ETA 36m54s | gtok=998,965,248 | GPU 1.3/33.2GB
step 27150 ep9/10 [27150/32130  85%]  loss=2.9925 ppl=19.9 lr=5.99e-06 | 85313 tok/s (avg 83750) ETA 36m31s | gtok=1,000,808,448 | GPU 1.3/33.2GB
step 27200 ep9/10 [27200/32130  85%]  loss=2.9991 ppl=20.1 lr=5.88e-06 | 85129 tok/s (avg 83752) ETA 36m09s | gtok=1,002,651,648 | GPU 1.3/33.2GB
step 27250 ep9/10 [27250/32130  85%]  loss=3.0298 ppl=20.7 lr=5.76e-06 | 85180 tok/s (avg 83755) ETA 35m47s | gtok=1,004,494,848 | GPU 1.3/33.2GB
step 27300 ep9/10 [27300/32130  85%]  loss=3.0373 ppl=20.8 lr=5.64e-06 | 85190 tok/s (avg 83757) ETA 35m25s | gtok=1,006,338,048 | GPU 1.3/33.2GB
step 27350 ep9/10 [27350/32130  85%]  loss=3.3565 ppl=28.7 lr=5.53e-06 | 85193 tok/s (avg 83760) ETA 35m03s | gtok=1,008,181,248 | GPU 1.3/33.2GB
step 27400 ep9/10 [27400/32130  85%]  loss=3.0137 ppl=20.4 lr=5.42e-06 | 85257 tok/s (avg 83763) ETA 34m41s | gtok=1,010,024,448 | GPU 1.3/33.2GB
step 27450 ep9/10 [27450/32130  85%]  loss=3.0924 ppl=22.0 lr=5.31e-06 | 85331 tok/s (avg 83765) ETA 34m19s | gtok=1,011,867,648 | GPU 1.3/33.2GB
step 27500 ep9/10 [27500/32130  86%]  loss=3.0009 ppl=20.1 lr=5.19e-06 | 85303 tok/s (avg 83768) ETA 33m57s | gtok=1,013,710,848 | GPU 1.3/33.2GB
step 27550 ep9/10 [27550/32130  86%]  loss=2.9622 ppl=19.3 lr=5.08e-06 | 85221 tok/s (avg 83771) ETA 33m35s | gtok=1,015,554,048 | GPU 1.3/33.2GB
step 27600 ep9/10 [27600/32130  86%]  loss=2.9574 ppl=19.2 lr=4.98e-06 | 85333 tok/s (avg 83774) ETA 33m13s | gtok=1,017,397,248 | GPU 1.3/33.2GB
step 27650 ep9/10 [27650/32130  86%]  loss=2.9290 ppl=18.7 lr=4.87e-06 | 85324 tok/s (avg 83776) ETA 32m51s | gtok=1,019,240,448 | GPU 1.3/33.2GB
step 27700 ep9/10 [27700/32130  86%]  loss=3.1207 ppl=22.7 lr=4.76e-06 | 85324 tok/s (avg 83779) ETA 32m29s | gtok=1,021,083,648 | GPU 1.3/33.2GB
step 27750 ep9/10 [27750/32130  86%]  loss=3.0991 ppl=22.2 lr=4.66e-06 | 85317 tok/s (avg 83782) ETA 32m07s | gtok=1,022,926,848 | GPU 1.3/33.2GB
step 27800 ep9/10 [27800/32130  87%]  loss=3.1397 ppl=23.1 lr=4.55e-06 | 85323 tok/s (avg 83784) ETA 31m45s | gtok=1,024,770,048 | GPU 1.3/33.2GB
step 27850 ep9/10 [27850/32130  87%]  loss=3.1590 ppl=23.5 lr=4.45e-06 | 85334 tok/s (avg 83787) ETA 31m22s | gtok=1,026,613,248 | GPU 1.3/33.2GB
step 27900 ep9/10 [27900/32130  87%]  loss=3.0930 ppl=22.0 lr=4.35e-06 | 85230 tok/s (avg 83790) ETA 31m00s | gtok=1,028,456,448 | GPU 1.3/33.2GB
step 27950 ep9/10 [27950/32130  87%]  loss=2.9613 ppl=19.3 lr=4.25e-06 | 85334 tok/s (avg 83792) ETA 30m38s | gtok=1,030,299,648 | GPU 1.3/33.2GB
step 28000 ep9/10 [28000/32130  87%]  loss=3.1990 ppl=24.5 lr=4.15e-06 | 85299 tok/s (avg 83795) ETA 30m16s | gtok=1,032,142,848 | GPU 1.3/33.2GB
  [checkpoint] step 28000 -> checkpoints_v13_sempty/wikitext_chrono_a1conv_fair_817aa35/best_model.pt
  [val @ step 28000] val_loss=3.1584 val_ppl=23.53 *best* (best 23.53)
  [checkpoint] step 28000 -> checkpoints_v13_sempty/wikitext_chrono_a1conv_fair_817aa35/latest.pt
  [diag] step 28000 cgu=+0.71 +0.76 +0.83 +0.89 +0.95 +1.00 +1.06 +1.17 +1.26 +1.32 +1.42 +1.53 +1.63 +1.68 +1.73 +1.57  pam=+0.24 +0.25 +0.25 +0.16 +0.21 +0.19 +0.19 +0.15 +0.18 +0.18 +0.33 +0.26 +0.28 +0.34 +0.29 +0.22
  [diag] dtbias=-3.94 -3.94 -3.94 -3.97 -3.96 -3.96 -3.93 -3.98 -3.96 -3.97 -3.92 -3.96 -3.96 -3.94 -3.94 -3.97  ret=0.81 0.78 0.78 0.86 0.84 0.86 0.73 0.88 0.87 0.87 0.70 0.81 0.85 0.77 0.76 0.87
  [diag] gnorm=1.0e-01 1.0e-01 1.1e-01 1.2e-01 1.1e-01 1.1e-01 1.3e-01 1.3e-01 1.5e-01 1.8e-01 1.6e-01 1.9e-01 1.5e-01 1.4e-01 1.4e-01 1.6e-01  wnorm=59.4 59.7 60.1 60.1 60.2 60.3 60.8 60.9 61.1 61.8 62.6 62.9 63.4 64.0 64.7 64.3
step 28050 ep9/10 [28050/32130  87%]  loss=2.9531 ppl=19.2 lr=4.05e-06 | 66955 tok/s (avg 83758) ETA 29m55s | gtok=1,033,986,048 | GPU 1.3/33.2GB
step 28100 ep9/10 [28100/32130  87%]  loss=2.8604 ppl=17.5 lr=3.95e-06 | 85207 tok/s (avg 83760) ETA 29m33s | gtok=1,035,829,248 | GPU 1.3/33.2GB
step 28150 ep9/10 [28150/32130  88%]  loss=3.1350 ppl=23.0 lr=3.86e-06 | 85202 tok/s (avg 83763) ETA 29m11s | gtok=1,037,672,448 | GPU 1.3/33.2GB
step 28200 ep9/10 [28200/32130  88%]  loss=2.9258 ppl=18.6 lr=3.76e-06 | 84958 tok/s (avg 83765) ETA 28m49s | gtok=1,039,515,648 | GPU 1.3/33.2GB
step 28250 ep9/10 [28250/32130  88%]  loss=3.2212 ppl=25.1 lr=3.67e-06 | 85285 tok/s (avg 83767) ETA 28m27s | gtok=1,041,358,848 | GPU 1.3/33.2GB
step 28300 ep9/10 [28300/32130  88%]  loss=3.2495 ppl=25.8 lr=3.57e-06 | 85328 tok/s (avg 83770) ETA 28m05s | gtok=1,043,202,048 | GPU 1.3/33.2GB
step 28350 ep9/10 [28350/32130  88%]  loss=3.1066 ppl=22.3 lr=3.48e-06 | 85259 tok/s (avg 83773) ETA 27m43s | gtok=1,045,045,248 | GPU 1.3/33.2GB
step 28400 ep9/10 [28400/32130  88%]  loss=2.9391 ppl=18.9 lr=3.39e-06 | 85317 tok/s (avg 83775) ETA 27m21s | gtok=1,046,888,448 | GPU 1.3/33.2GB
step 28450 ep9/10 [28450/32130  89%]  loss=3.0180 ppl=20.5 lr=3.30e-06 | 85320 tok/s (avg 83778) ETA 26m59s | gtok=1,048,731,648 | GPU 1.3/33.2GB
step 28500 ep9/10 [28500/32130  89%]  loss=3.0834 ppl=21.8 lr=3.21e-06 | 85325 tok/s (avg 83781) ETA 26m37s | gtok=1,050,574,848 | GPU 1.3/33.2GB
step 28550 ep9/10 [28550/32130  89%]  loss=3.1700 ppl=23.8 lr=3.13e-06 | 85208 tok/s (avg 83783) ETA 26m15s | gtok=1,052,418,048 | GPU 1.3/33.2GB
step 28600 ep9/10 [28600/32130  89%]  loss=3.0718 ppl=21.6 lr=3.04e-06 | 85335 tok/s (avg 83786) ETA 25m53s | gtok=1,054,261,248 | GPU 1.3/33.2GB
step 28650 ep9/10 [28650/32130  89%]  loss=3.1833 ppl=24.1 lr=2.96e-06 | 85331 tok/s (avg 83788) ETA 25m31s | gtok=1,056,104,448 | GPU 1.3/33.2GB
step 28700 ep9/10 [28700/32130  89%]  loss=2.9873 ppl=19.8 lr=2.87e-06 | 85329 tok/s (avg 83791) ETA 25m08s | gtok=1,057,947,648 | GPU 1.3/33.2GB
step 28750 ep9/10 [28750/32130  89%]  loss=3.2320 ppl=25.3 lr=2.79e-06 | 85318 tok/s (avg 83794) ETA 24m46s | gtok=1,059,790,848 | GPU 1.3/33.2GB
step 28800 ep9/10 [28800/32130  90%]  loss=3.0146 ppl=20.4 lr=2.71e-06 | 85298 tok/s (avg 83796) ETA 24m24s | gtok=1,061,634,048 | GPU 1.3/33.2GB
step 28850 ep9/10 [28850/32130  90%]  loss=3.0680 ppl=21.5 lr=2.63e-06 | 85201 tok/s (avg 83799) ETA 24m02s | gtok=1,063,477,248 | GPU 1.3/33.2GB
step 28900 ep9/10 [28900/32130  90%]  loss=3.2270 ppl=25.2 lr=2.55e-06 | 85093 tok/s (avg 83801) ETA 23m40s | gtok=1,065,320,448 | GPU 1.3/33.2GB
=== Epoch 9/10 done | step 28917 | train_loss=3.0649 ppl=21.43 | gtok=1,065,940,992 | 23.3 min | best_val_ppl=23.53 ===
step 28950 ep10/10 [28950/32130  90%]  loss=2.8976 ppl=18.1 lr=2.47e-06 | 85230 tok/s (avg 83803) ETA 23m18s | gtok=1,067,157,504 | GPU 1.3/33.2GB
step 29000 ep10/10 [29000/32130  90%]  loss=2.9772 ppl=19.6 lr=2.40e-06 | 85201 tok/s (avg 83806) ETA 22m56s | gtok=1,069,000,704 | GPU 1.3/33.2GB
step 29050 ep10/10 [29050/32130  90%]  loss=2.9751 ppl=19.6 lr=2.32e-06 | 85303 tok/s (avg 83808) ETA 22m34s | gtok=1,070,843,904 | GPU 1.3/33.2GB
step 29100 ep10/10 [29100/32130  91%]  loss=3.1251 ppl=22.8 lr=2.25e-06 | 85329 tok/s (avg 83811) ETA 22m12s | gtok=1,072,687,104 | GPU 1.3/33.2GB
step 29150 ep10/10 [29150/32130  91%]  loss=2.9756 ppl=19.6 lr=2.17e-06 | 85338 tok/s (avg 83813) ETA 21m50s | gtok=1,074,530,304 | GPU 1.3/33.2GB
step 29200 ep10/10 [29200/32130  91%]  loss=3.0460 ppl=21.0 lr=2.10e-06 | 85340 tok/s (avg 83816) ETA 21m28s | gtok=1,076,373,504 | GPU 1.3/33.2GB
step 29250 ep10/10 [29250/32130  91%]  loss=3.0110 ppl=20.3 lr=2.03e-06 | 85230 tok/s (avg 83818) ETA 21m06s | gtok=1,078,216,704 | GPU 1.3/33.2GB
step 29300 ep10/10 [29300/32130  91%]  loss=3.0927 ppl=22.0 lr=1.96e-06 | 85340 tok/s (avg 83821) ETA 20m44s | gtok=1,080,059,904 | GPU 1.3/33.2GB
step 29350 ep10/10 [29350/32130  91%]  loss=3.0527 ppl=21.2 lr=1.89e-06 | 85220 tok/s (avg 83823) ETA 20m22s | gtok=1,081,903,104 | GPU 1.3/33.2GB
step 29400 ep10/10 [29400/32130  92%]  loss=3.0570 ppl=21.3 lr=1.83e-06 | 85200 tok/s (avg 83825) ETA 20m00s | gtok=1,083,746,304 | GPU 1.3/33.2GB
step 29450 ep10/10 [29450/32130  92%]  loss=2.9570 ppl=19.2 lr=1.76e-06 | 85172 tok/s (avg 83828) ETA 19m38s | gtok=1,085,589,504 | GPU 1.3/33.2GB
step 29500 ep10/10 [29500/32130  92%]  loss=3.0707 ppl=21.6 lr=1.70e-06 | 85313 tok/s (avg 83830) ETA 19m16s | gtok=1,087,432,704 | GPU 1.3/33.2GB
step 29550 ep10/10 [29550/32130  92%]  loss=3.0140 ppl=20.4 lr=1.63e-06 | 85336 tok/s (avg 83833) ETA 18m54s | gtok=1,089,275,904 | GPU 1.3/33.2GB
step 29600 ep10/10 [29600/32130  92%]  loss=3.0582 ppl=21.3 lr=1.57e-06 | 85104 tok/s (avg 83835) ETA 18m32s | gtok=1,091,119,104 | GPU 1.3/33.2GB
step 29650 ep10/10 [29650/32130  92%]  loss=2.9550 ppl=19.2 lr=1.51e-06 | 85330 tok/s (avg 83837) ETA 18m10s | gtok=1,092,962,304 | GPU 1.3/33.2GB
step 29700 ep10/10 [29700/32130  92%]  loss=3.1594 ppl=23.6 lr=1.45e-06 | 85330 tok/s (avg 83840) ETA 17m48s | gtok=1,094,805,504 | GPU 1.3/33.2GB
step 29750 ep10/10 [29750/32130  93%]  loss=3.1882 ppl=24.2 lr=1.39e-06 | 85341 tok/s (avg 83842) ETA 17m26s | gtok=1,096,648,704 | GPU 1.3/33.2GB
step 29800 ep10/10 [29800/32130  93%]  loss=3.1388 ppl=23.1 lr=1.33e-06 | 85333 tok/s (avg 83845) ETA 17m04s | gtok=1,098,491,904 | GPU 1.3/33.2GB
step 29850 ep10/10 [29850/32130  93%]  loss=3.0368 ppl=20.8 lr=1.28e-06 | 85343 tok/s (avg 83847) ETA 16m42s | gtok=1,100,335,104 | GPU 1.3/33.2GB
step 29900 ep10/10 [29900/32130  93%]  loss=3.0549 ppl=21.2 lr=1.22e-06 | 85102 tok/s (avg 83849) ETA 16m20s | gtok=1,102,178,304 | GPU 1.3/33.2GB
step 29950 ep10/10 [29950/32130  93%]  loss=3.1298 ppl=22.9 lr=1.17e-06 | 85341 tok/s (avg 83852) ETA 15m58s | gtok=1,104,021,504 | GPU 1.3/33.2GB
step 30000 ep10/10 [30000/32130  93%]  loss=3.1244 ppl=22.7 lr=1.11e-06 | 85325 tok/s (avg 83854) ETA 15m36s | gtok=1,105,864,704 | GPU 1.3/33.2GB
  [checkpoint] step 30000 -> checkpoints_v13_sempty/wikitext_chrono_a1conv_fair_817aa35/best_model.pt
  [val @ step 30000] val_loss=3.1571 val_ppl=23.50 *best* (best 23.50)
  [diag] step 30000 cgu=+0.71 +0.77 +0.83 +0.90 +0.95 +1.00 +1.06 +1.17 +1.26 +1.32 +1.42 +1.53 +1.63 +1.69 +1.73 +1.57  pam=+0.24 +0.25 +0.25 +0.16 +0.21 +0.19 +0.19 +0.15 +0.18 +0.18 +0.33 +0.27 +0.28 +0.34 +0.29 +0.22
  [diag] dtbias=-3.94 -3.94 -3.94 -3.97 -3.96 -3.96 -3.93 -3.98 -3.96 -3.97 -3.92 -3.96 -3.96 -3.94 -3.94 -3.97  ret=0.81 0.77 0.77 0.85 0.83 0.85 0.72 0.88 0.86 0.86 0.68 0.80 0.83 0.76 0.74 0.86
  [diag] gnorm=1.0e-01 1.0e-01 1.1e-01 1.2e-01 1.1e-01 1.1e-01 1.3e-01 1.4e-01 1.4e-01 1.8e-01 1.6e-01 1.9e-01 1.5e-01 1.4e-01 1.4e-01 1.6e-01  wnorm=59.4 59.7 60.1 60.1 60.2 60.3 60.8 60.9 61.1 61.8 62.6 62.9 63.4 64.0 64.7 64.3
step 30050 ep10/10 [30050/32130  94%]  loss=3.1181 ppl=22.6 lr=1.06e-06 | 71766 tok/s (avg 83830) ETA 15m14s | gtok=1,107,707,904 | GPU 1.3/33.2GB
step 30100 ep10/10 [30100/32130  94%]  loss=3.1181 ppl=22.6 lr=1.01e-06 | 85339 tok/s (avg 83833) ETA 14m52s | gtok=1,109,551,104 | GPU 1.3/33.2GB
step 30150 ep10/10 [30150/32130  94%]  loss=3.0060 ppl=20.2 lr=9.64e-07 | 85345 tok/s (avg 83835) ETA 14m30s | gtok=1,111,394,304 | GPU 1.3/33.2GB
step 30200 ep10/10 [30200/32130  94%]  loss=3.1371 ppl=23.0 lr=9.16e-07 | 85344 tok/s (avg 83838) ETA 14m08s | gtok=1,113,237,504 | GPU 1.3/33.2GB
step 30250 ep10/10 [30250/32130  94%]  loss=3.0318 ppl=20.7 lr=8.69e-07 | 85202 tok/s (avg 83840) ETA 13m46s | gtok=1,115,080,704 | GPU 1.3/33.2GB
step 30300 ep10/10 [30300/32130  94%]  loss=3.0382 ppl=20.9 lr=8.24e-07 | 85336 tok/s (avg 83842) ETA 13m24s | gtok=1,116,923,904 | GPU 1.3/33.2GB
step 30350 ep10/10 [30350/32130  94%]  loss=3.0852 ppl=21.9 lr=7.79e-07 | 85342 tok/s (avg 83845) ETA 13m02s | gtok=1,118,767,104 | GPU 1.3/33.2GB
step 30400 ep10/10 [30400/32130  95%]  loss=3.0892 ppl=22.0 lr=7.36e-07 | 85343 tok/s (avg 83847) ETA 12m40s | gtok=1,120,610,304 | GPU 1.3/33.2GB
step 30450 ep10/10 [30450/32130  95%]  loss=2.9335 ppl=18.8 lr=6.94e-07 | 85195 tok/s (avg 83850) ETA 12m18s | gtok=1,122,453,504 | GPU 1.3/33.2GB
step 30500 ep10/10 [30500/32130  95%]  loss=3.0456 ppl=21.0 lr=6.54e-07 | 85198 tok/s (avg 83852) ETA 11m56s | gtok=1,124,296,704 | GPU 1.3/33.2GB
step 30550 ep10/10 [30550/32130  95%]  loss=3.1142 ppl=22.5 lr=6.14e-07 | 85253 tok/s (avg 83854) ETA 11m34s | gtok=1,126,139,904 | GPU 1.3/33.2GB
step 30600 ep10/10 [30600/32130  95%]  loss=2.9578 ppl=19.3 lr=5.76e-07 | 84941 tok/s (avg 83856) ETA 11m12s | gtok=1,127,983,104 | GPU 1.3/33.2GB
step 30650 ep10/10 [30650/32130  95%]  loss=3.0761 ppl=21.7 lr=5.39e-07 | 85205 tok/s (avg 83858) ETA 10m50s | gtok=1,129,826,304 | GPU 1.3/33.2GB
step 30700 ep10/10 [30700/32130  96%]  loss=2.9689 ppl=19.5 lr=5.03e-07 | 85204 tok/s (avg 83860) ETA 10m28s | gtok=1,131,669,504 | GPU 1.3/33.2GB
step 30750 ep10/10 [30750/32130  96%]  loss=3.0708 ppl=21.6 lr=4.69e-07 | 85210 tok/s (avg 83862) ETA 10m06s | gtok=1,133,512,704 | GPU 1.3/33.2GB
step 30800 ep10/10 [30800/32130  96%]  loss=3.0811 ppl=21.8 lr=4.36e-07 | 85304 tok/s (avg 83864) ETA 9m44s | gtok=1,135,355,904 | GPU 1.3/33.2GB
step 30850 ep10/10 [30850/32130  96%]  loss=3.1880 ppl=24.2 lr=4.04e-07 | 85321 tok/s (avg 83867) ETA 9m22s | gtok=1,137,199,104 | GPU 1.3/33.2GB
step 30900 ep10/10 [30900/32130  96%]  loss=3.1698 ppl=23.8 lr=3.73e-07 | 85318 tok/s (avg 83869) ETA 9m00s | gtok=1,139,042,304 | GPU 1.3/33.2GB
step 30950 ep10/10 [30950/32130  96%]  loss=2.8729 ppl=17.7 lr=3.43e-07 | 85059 tok/s (avg 83871) ETA 8m38s | gtok=1,140,885,504 | GPU 1.3/33.2GB
step 31000 ep10/10 [31000/32130  96%]  loss=3.0263 ppl=20.6 lr=3.15e-07 | 85274 tok/s (avg 83873) ETA 8m16s | gtok=1,142,728,704 | GPU 1.3/33.2GB
step 31050 ep10/10 [31050/32130  97%]  loss=2.9831 ppl=19.7 lr=2.87e-07 | 85350 tok/s (avg 83876) ETA 7m54s | gtok=1,144,571,904 | GPU 1.3/33.2GB
step 31100 ep10/10 [31100/32130  97%]  loss=3.0840 ppl=21.8 lr=2.61e-07 | 85358 tok/s (avg 83878) ETA 7m32s | gtok=1,146,415,104 | GPU 1.3/33.2GB
step 31150 ep10/10 [31150/32130  97%]  loss=3.0404 ppl=20.9 lr=2.37e-07 | 85349 tok/s (avg 83880) ETA 7m10s | gtok=1,148,258,304 | GPU 1.3/33.2GB
step 31200 ep10/10 [31200/32130  97%]  loss=3.0812 ppl=21.8 lr=2.13e-07 | 85360 tok/s (avg 83883) ETA 6m48s | gtok=1,150,101,504 | GPU 1.3/33.2GB
step 31250 ep10/10 [31250/32130  97%]  loss=3.1213 ppl=22.7 lr=1.91e-07 | 85327 tok/s (avg 83885) ETA 6m26s | gtok=1,151,944,704 | GPU 1.3/33.2GB
step 31300 ep10/10 [31300/32130  97%]  loss=3.0298 ppl=20.7 lr=1.70e-07 | 85097 tok/s (avg 83887) ETA 6m04s | gtok=1,153,787,904 | GPU 1.3/33.2GB
step 31350 ep10/10 [31350/32130  98%]  loss=3.0835 ppl=21.8 lr=1.50e-07 | 85354 tok/s (avg 83889) ETA 5m42s | gtok=1,155,631,104 | GPU 1.3/33.2GB
step 31400 ep10/10 [31400/32130  98%]  loss=3.1327 ppl=22.9 lr=1.31e-07 | 85219 tok/s (avg 83891) ETA 5m20s | gtok=1,157,474,304 | GPU 1.3/33.2GB
step 31450 ep10/10 [31450/32130  98%]  loss=3.0089 ppl=20.3 lr=1.14e-07 | 85209 tok/s (avg 83893) ETA 4m58s | gtok=1,159,317,504 | GPU 1.3/33.2GB
step 31500 ep10/10 [31500/32130  98%]  loss=3.0871 ppl=21.9 lr=9.79e-08 | 85284 tok/s (avg 83895) ETA 4m36s | gtok=1,161,160,704 | GPU 1.3/33.2GB
step 31550 ep10/10 [31550/32130  98%]  loss=3.2308 ppl=25.3 lr=8.29e-08 | 85337 tok/s (avg 83898) ETA 4m14s | gtok=1,163,003,904 | GPU 1.3/33.2GB
step 31600 ep10/10 [31600/32130  98%]  loss=3.1451 ppl=23.2 lr=6.93e-08 | 85091 tok/s (avg 83899) ETA 3m52s | gtok=1,164,847,104 | GPU 1.3/33.2GB
step 31650 ep10/10 [31650/32130  99%]  loss=3.0799 ppl=21.8 lr=5.68e-08 | 85313 tok/s (avg 83902) ETA 3m30s | gtok=1,166,690,304 | GPU 1.3/33.2GB
step 31700 ep10/10 [31700/32130  99%]  loss=3.0463 ppl=21.0 lr=4.56e-08 | 85302 tok/s (avg 83904) ETA 3m08s | gtok=1,168,533,504 | GPU 1.3/33.2GB
step 31750 ep10/10 [31750/32130  99%]  loss=3.1114 ppl=22.5 lr=3.56e-08 | 85213 tok/s (avg 83906) ETA 2m46s | gtok=1,170,376,704 | GPU 1.3/33.2GB
step 31800 ep10/10 [31800/32130  99%]  loss=3.0742 ppl=21.6 lr=2.69e-08 | 85333 tok/s (avg 83908) ETA 2m24s | gtok=1,172,219,904 | GPU 1.3/33.2GB
step 31850 ep10/10 [31850/32130  99%]  loss=3.0643 ppl=21.4 lr=1.93e-08 | 85275 tok/s (avg 83910) ETA 2m03s | gtok=1,174,063,104 | GPU 1.3/33.2GB
step 31900 ep10/10 [31900/32130  99%]  loss=3.1319 ppl=22.9 lr=1.30e-08 | 85331 tok/s (avg 83912) ETA 1m41s | gtok=1,175,906,304 | GPU 1.3/33.2GB
step 31950 ep10/10 [31950/32130  99%]  loss=3.0639 ppl=21.4 lr=7.99e-09 | 85159 tok/s (avg 83914) ETA 1m19s | gtok=1,177,749,504 | GPU 1.3/33.2GB
step 32000 ep10/10 [32000/32130 100%]  loss=2.7791 ppl=16.1 lr=4.17e-09 | 85306 tok/s (avg 83916) ETA 0m57s | gtok=1,179,592,704 | GPU 1.3/33.2GB
  [gen @ step 32000, 1,179,592,704 tok] prompt: In 1923, the University of
    In 1923, the University of Southern California gave birth to their first child , Mary ( Elizabeth ) Marie . 

 Mary married Betty 's mother on 1 February 1924 in Wardshall Park . They had four children : Sarah ( b . 1927 ) , Susan ( b . 1929 ) , Robert ( b . 1932 ) and Mary ( b . 1931 ) . In 1936 Mary became a successful singer @-@ songwriter with her
  [checkpoint] step 32000 -> checkpoints_v13_sempty/wikitext_chrono_a1conv_fair_817aa35/best_model.pt
  [val @ step 32000] val_loss=3.1566 val_ppl=23.49 *best* (best 23.49)
  [checkpoint] step 32000 -> checkpoints_v13_sempty/wikitext_chrono_a1conv_fair_817aa35/latest.pt
  [diag] step 32000 cgu=+0.71 +0.77 +0.83 +0.90 +0.95 +1.00 +1.06 +1.17 +1.26 +1.32 +1.42 +1.53 +1.63 +1.69 +1.73 +1.57  pam=+0.24 +0.25 +0.25 +0.17 +0.21 +0.19 +0.19 +0.15 +0.18 +0.18 +0.33 +0.27 +0.28 +0.34 +0.29 +0.22
  [diag] dtbias=-3.94 -3.94 -3.94 -3.97 -3.96 -3.96 -3.93 -3.98 -3.96 -3.97 -3.92 -3.96 -3.96 -3.94 -3.94 -3.97  ret=0.81 0.77 0.77 0.85 0.83 0.85 0.72 0.88 0.86 0.86 0.68 0.80 0.83 0.75 0.74 0.86
  [diag] gnorm=9.8e-02 9.8e-02 1.0e-01 1.2e-01 1.1e-01 1.1e-01 1.3e-01 1.4e-01 1.4e-01 1.9e-01 1.7e-01 1.9e-01 1.5e-01 1.4e-01 1.4e-01 1.6e-01  wnorm=59.4 59.7 60.1 60.1 60.2 60.3 60.8 60.9 61.1 61.8 62.6 62.9 63.4 64.0 64.7 64.3
step 32050 ep10/10 [32050/32130 100%]  loss=3.0973 ppl=22.1 lr=1.58e-09 | 63504 tok/s (avg 83874) ETA 0m35s | gtok=1,181,435,904 | GPU 1.3/33.2GB
step 32100 ep10/10 [32100/32130 100%]  loss=2.8576 ppl=17.4 lr=2.22e-10 | 85333 tok/s (avg 83877) ETA 0m13s | gtok=1,183,279,104 | GPU 1.3/33.2GB
=== Epoch 10/10 done | step 32130 | train_loss=3.0521 ppl=21.16 | gtok=1,184,378,880 | 23.3 min | best_val_ppl=23.49 ===

Training complete. steps=32130 tokens=1,184,378,880 best_val_ppl=23.49
train loss: 10.9637 -> 2.9783 (delta -7.9855)
  [checkpoint] step 32130 -> checkpoints_v13_sempty/wikitext_chrono_a1conv_fair_817aa35/latest.pt
v13_sempty/tmp_wikitext_fair.sh: line 72: ag_every: command not found
=== wikitext_chrono_a1conv_fair end 1788533570 exit=127 ===
