=== wikitext_chrono_fair start 2026-09-04T06:20:54Z commit=7b24e44 log=logs/v13_sempty_wikitext_chrono_fair_7b24e44_20260904_0620.log ===
Warning: You are sending unauthenticated requests to the HF Hub. Please set a HF_TOKEN to enable higher rate limits and faster downloads.
[cache] Loaded WikiText-103 train from .cache/v7_tokens/wikitext103_train_v2_full_sl2048.pt (118,496,145 tokens)
[cache] Loaded WikiText-103 validation from .cache/v7_tokens/wikitext103_validation_v2_full_sl2048.pt (248,461 tokens)
Train chunks: 57831, Val chunks: 121
========================================================================
  v13_sempty trainer  (real-arm PAM, O(1) memory)
  wall clock start : 2026-09-04 06:21:01
  commit           : 7b24e44
  preset / dataset : baseline_real_pm / wikitext103
========================================================================
[env]
  device=cuda gpu=NVIDIA RTX PRO 6000 Blackwell Server Edition torch=2.8.0+cu128
  fused_pam=True fused_ce=True ce_gemm_dtype=auto amp=bf16 grad_ckpt=True
[geometry]
  batch_size=18 seq_len=2048 tokens/step=36,864
  steps=32,130 steps/epoch=3213 epochs_implied=10.00
  planned_tokens=1,184,440,320  lr=0.0001 warmup=500 wd=0.01 grad_clip=1.0
[data]
  train_chunks=57831 val_chunks=121 recall_frac=0.0 vocab=50257 tokenizer=gpt2
[params]
  total=101,945,996 (101.95M dense)
[config] {'vocab_size': 50257, 'dim': 588, 'n_heads': 6, 'head_dim': 98, 'n_layers': 16, 'expand': 3, 'dropout': 0.1, 'max_seq_len': 2048, 'use_rope': True, 'tie_weights': True, 'gradient_checkpointing': True, 'activation': 'swish', 'chunk_size': 256, 'base_dt_bias': -4.0, 'is_complex': False, 'short_conv': False, 'short_conv_k': 4, 'n_states': 1, 'state_dt_spread': 2.0, 'vault': False, 'delta': False, 'cond_mem': False, 'cond_mem_slots': 262144, 'cond_mem_dim': 64, 'cond_mem_layers': (0, 1), 'chrono': True}
[args] {'preset': 'baseline_real_pm', 'dataset': 'wikitext103', 'device': 'cuda', 'steps': 32130, 'epochs': 1, 'batch_size': 18, 'seq_len': 2048, 'lr': 0.0001, 'weight_decay': 0.01, 'warmup_steps': 500, 'gradient_clip': 1.0, 'amp_dtype': 'bf16', 'fused_ce': True, 'no_fused_ce': False, 'fused_ce_chunk': 4096, 'ce_gemm_dtype': 'auto', 'fused_pam': True, 'max_samples': 0, 'seed': 42, 'target_tokens': 0, 'pretrain_sources': 'dclm,fineweb', 'pretrain_weights': '', 'edu_score_min': 3, 'fineweb_name': 'sample-10BT', 'holdout_pct': 5, 'blend_warmup_tokens': 0, 'num_workers': 2, 'no_wiki_val': False, 'checkpoint_dir': 'checkpoints_v13_sempty/wikitext_chrono_fair_7b24e44', 'gradient_checkpointing': True, 'log_interval': 50, 'val_every': 2000, 'gen_every': 8000, 'gen_prompt': 'In 1923, the University of', 'gen_max_tokens': 80, 'save_every_steps': 4000, 'diag_every': 2000, 'max_val_batches': 0, 'recall_frac': 0.0, 'short_conv': False, 'n_states': None, 'vault': False, 'delta': False, 'cond_mem': False, 'chrono': True}
========================================================================
In file included from /home/ubuntu/.local/share/uv/python/cpython-3.11.9-linux-x86_64-gnu/include/python3.11/Python.h:12,
                 from /tmp/tmp6k391p87/__triton_launcher.c:4:
/home/ubuntu/.local/share/uv/python/cpython-3.11.9-linux-x86_64-gnu/include/python3.11/pyconfig.h:1793:9: warning: ‘_POSIX_C_SOURCE’ redefined
 1793 | #define _POSIX_C_SOURCE 200809L
      |         ^~~~~~~~~~~~~~~
In file included from /usr/include/x86_64-linux-gnu/bits/libc-header-start.h:33,
                 from /usr/include/stdlib.h:26,
                 from /home/ubuntu/Development/qllm-private/.venv/lib/python3.11/site-packages/triton/backends/nvidia/include/cuda.h:56,
                 from /tmp/tmp6k391p87/__triton_launcher.c:2:
/usr/include/features.h:319:10: note: this is the location of the previous definition
  319 | # define _POSIX_C_SOURCE        202405L
      |          ^~~~~~~~~~~~~~~
In file included from /home/ubuntu/.local/share/uv/python/cpython-3.11.9-linux-x86_64-gnu/include/python3.11/Python.h:12,
                 from /tmp/tmp63nla92n/__triton_launcher.c:4:
/home/ubuntu/.local/share/uv/python/cpython-3.11.9-linux-x86_64-gnu/include/python3.11/pyconfig.h:1793:9: warning: ‘_POSIX_C_SOURCE’ redefined
 1793 | #define _POSIX_C_SOURCE 200809L
      |         ^~~~~~~~~~~~~~~
In file included from /usr/include/x86_64-linux-gnu/bits/libc-header-start.h:33,
                 from /usr/include/stdlib.h:26,
                 from /home/ubuntu/Development/qllm-private/.venv/lib/python3.11/site-packages/triton/backends/nvidia/include/cuda.h:56,
                 from /tmp/tmp63nla92n/__triton_launcher.c:2:
/usr/include/features.h:319:10: note: this is the location of the previous definition
  319 | # define _POSIX_C_SOURCE        202405L
      |          ^~~~~~~~~~~~~~~
In file included from /home/ubuntu/.local/share/uv/python/cpython-3.11.9-linux-x86_64-gnu/include/python3.11/Python.h:12,
                 from /tmp/tmppo5z5n1p/__triton_launcher.c:4:
/home/ubuntu/.local/share/uv/python/cpython-3.11.9-linux-x86_64-gnu/include/python3.11/pyconfig.h:1793:9: warning: ‘_POSIX_C_SOURCE’ redefined
 1793 | #define _POSIX_C_SOURCE 200809L
      |         ^~~~~~~~~~~~~~~
In file included from /usr/include/x86_64-linux-gnu/bits/libc-header-start.h:33,
                 from /usr/include/stdlib.h:26,
                 from /home/ubuntu/Development/qllm-private/.venv/lib/python3.11/site-packages/triton/backends/nvidia/include/cuda.h:56,
                 from /tmp/tmppo5z5n1p/__triton_launcher.c:2:
/usr/include/features.h:319:10: note: this is the location of the previous definition
  319 | # define _POSIX_C_SOURCE        202405L
      |          ^~~~~~~~~~~~~~~
In file included from /home/ubuntu/.local/share/uv/python/cpython-3.11.9-linux-x86_64-gnu/include/python3.11/Python.h:12,
                 from /tmp/tmpj4gq7sjc/__triton_launcher.c:4:
/home/ubuntu/.local/share/uv/python/cpython-3.11.9-linux-x86_64-gnu/include/python3.11/pyconfig.h:1793:9: warning: ‘_POSIX_C_SOURCE’ redefined
 1793 | #define _POSIX_C_SOURCE 200809L
      |         ^~~~~~~~~~~~~~~
In file included from /usr/include/x86_64-linux-gnu/bits/libc-header-start.h:33,
                 from /usr/include/stdlib.h:26,
                 from /home/ubuntu/Development/qllm-private/.venv/lib/python3.11/site-packages/triton/backends/nvidia/include/cuda.h:56,
                 from /tmp/tmpj4gq7sjc/__triton_launcher.c:2:
/usr/include/features.h:319:10: note: this is the location of the previous definition
  319 | # define _POSIX_C_SOURCE        202405L
      |          ^~~~~~~~~~~~~~~
In file included from /home/ubuntu/.local/share/uv/python/cpython-3.11.9-linux-x86_64-gnu/include/python3.11/Python.h:12,
                 from /tmp/tmp0e6_gs8_/__triton_launcher.c:4:
/home/ubuntu/.local/share/uv/python/cpython-3.11.9-linux-x86_64-gnu/include/python3.11/pyconfig.h:1793:9: warning: ‘_POSIX_C_SOURCE’ redefined
 1793 | #define _POSIX_C_SOURCE 200809L
      |         ^~~~~~~~~~~~~~~
In file included from /usr/include/x86_64-linux-gnu/bits/libc-header-start.h:33,
                 from /usr/include/stdlib.h:26,
                 from /home/ubuntu/Development/qllm-private/.venv/lib/python3.11/site-packages/triton/backends/nvidia/include/cuda.h:56,
                 from /tmp/tmp0e6_gs8_/__triton_launcher.c:2:
/usr/include/features.h:319:10: note: this is the location of the previous definition
  319 | # define _POSIX_C_SOURCE        202405L
      |          ^~~~~~~~~~~~~~~
step 50 ep1/10 [50/32130   0%]  loss=10.3857 ppl=32393.8 lr=1.00e-05 | 68537 tok/s (avg 68537) ETA 287m34s | gtok=1,843,200 | GPU 1.3/5.0GB
step 100 ep1/10 [100/32130   0%]  loss=9.5731 ppl=14372.5 lr=2.00e-05 | 83246 tok/s (avg 75178) ETA 261m46s | gtok=3,686,400 | GPU 1.3/5.0GB
step 150 ep1/10 [150/32130   0%]  loss=8.4883 ppl=4857.4 lr=3.00e-05 | 83210 tok/s (avg 77677) ETA 252m57s | gtok=5,529,600 | GPU 1.3/5.0GB
step 200 ep1/10 [200/32130   1%]  loss=7.6950 ppl=2197.3 lr=4.00e-05 | 83625 tok/s (avg 79083) ETA 248m03s | gtok=7,372,800 | GPU 1.3/5.0GB
step 250 ep1/10 [250/32130   1%]  loss=6.9711 ppl=1065.4 lr=5.00e-05 | 83439 tok/s (avg 79917) ETA 245m05s | gtok=9,216,000 | GPU 1.3/5.0GB
step 300 ep1/10 [300/32130   1%]  loss=6.5955 ppl=731.8 lr=6.00e-05 | 83521 tok/s (avg 80496) ETA 242m56s | gtok=11,059,200 | GPU 1.3/5.0GB
step 350 ep1/10 [350/32130   1%]  loss=6.3937 ppl=598.1 lr=7.00e-05 | 83116 tok/s (avg 80860) ETA 241m28s | gtok=12,902,400 | GPU 1.3/5.0GB
step 400 ep1/10 [400/32130   1%]  loss=6.2245 ppl=505.0 lr=8.00e-05 | 83550 tok/s (avg 81187) ETA 240m07s | gtok=14,745,600 | GPU 1.3/5.0GB
step 450 ep1/10 [450/32130   1%]  loss=5.9999 ppl=403.4 lr=9.00e-05 | 83314 tok/s (avg 81418) ETA 239m03s | gtok=16,588,800 | GPU 1.3/5.0GB
step 500 ep1/10 [500/32130   2%]  loss=5.8565 ppl=349.5 lr=1.00e-04 | 83288 tok/s (avg 81601) ETA 238m09s | gtok=18,432,000 | GPU 1.3/5.0GB
step 550 ep1/10 [550/32130   2%]  loss=5.8752 ppl=356.1 lr=1.00e-04 | 83462 tok/s (avg 81766) ETA 237m17s | gtok=20,275,200 | GPU 1.3/5.0GB
step 600 ep1/10 [600/32130   2%]  loss=5.8063 ppl=332.4 lr=1.00e-04 | 83301 tok/s (avg 81892) ETA 236m33s | gtok=22,118,400 | GPU 1.3/5.0GB
step 650 ep1/10 [650/32130   2%]  loss=5.7259 ppl=306.7 lr=1.00e-04 | 83359 tok/s (avg 82003) ETA 235m51s | gtok=23,961,600 | GPU 1.3/5.0GB
step 700 ep1/10 [700/32130   2%]  loss=5.4521 ppl=233.2 lr=1.00e-04 | 83204 tok/s (avg 82088) ETA 235m14s | gtok=25,804,800 | GPU 1.3/5.0GB
step 750 ep1/10 [750/32130   2%]  loss=5.4847 ppl=241.0 lr=1.00e-04 | 83428 tok/s (avg 82176) ETA 234m37s | gtok=27,648,000 | GPU 1.3/5.0GB
step 800 ep1/10 [800/32130   2%]  loss=5.4968 ppl=243.9 lr=1.00e-04 | 83340 tok/s (avg 82247) ETA 234m02s | gtok=29,491,200 | GPU 1.3/5.0GB
step 850 ep1/10 [850/32130   3%]  loss=5.3415 ppl=208.8 lr=1.00e-04 | 83431 tok/s (avg 82316) ETA 233m28s | gtok=31,334,400 | GPU 1.3/5.0GB
step 900 ep1/10 [900/32130   3%]  loss=5.2789 ppl=196.1 lr=1.00e-04 | 83559 tok/s (avg 82384) ETA 232m54s | gtok=33,177,600 | GPU 1.3/5.0GB
step 950 ep1/10 [950/32130   3%]  loss=5.2692 ppl=194.3 lr=1.00e-04 | 83253 tok/s (avg 82429) ETA 232m24s | gtok=35,020,800 | GPU 1.3/5.0GB
step 1000 ep1/10 [1000/32130   3%]  loss=5.0763 ppl=160.2 lr=9.99e-05 | 83576 tok/s (avg 82486) ETA 231m52s | gtok=36,864,000 | GPU 1.3/5.0GB
step 1050 ep1/10 [1050/32130   3%]  loss=4.9609 ppl=142.7 lr=9.99e-05 | 83403 tok/s (avg 82529) ETA 231m22s | gtok=38,707,200 | GPU 1.3/5.0GB
step 1100 ep1/10 [1100/32130   3%]  loss=5.0311 ppl=153.1 lr=9.99e-05 | 83569 tok/s (avg 82576) ETA 230m52s | gtok=40,550,400 | GPU 1.3/5.0GB
step 1150 ep1/10 [1150/32130   4%]  loss=5.0828 ppl=161.2 lr=9.99e-05 | 83096 tok/s (avg 82598) ETA 230m26s | gtok=42,393,600 | GPU 1.3/5.0GB
step 1200 ep1/10 [1200/32130   4%]  loss=4.9202 ppl=137.0 lr=9.99e-05 | 83272 tok/s (avg 82626) ETA 229m59s | gtok=44,236,800 | GPU 1.3/5.0GB
step 1250 ep1/10 [1250/32130   4%]  loss=5.0938 ppl=163.0 lr=9.99e-05 | 83155 tok/s (avg 82647) ETA 229m33s | gtok=46,080,000 | GPU 1.3/5.0GB
step 1300 ep1/10 [1300/32130   4%]  loss=4.8185 ppl=123.8 lr=9.98e-05 | 83382 tok/s (avg 82675) ETA 229m06s | gtok=47,923,200 | GPU 1.3/5.0GB
step 1350 ep1/10 [1350/32130   4%]  loss=4.9156 ppl=136.4 lr=9.98e-05 | 83282 tok/s (avg 82697) ETA 228m40s | gtok=49,766,400 | GPU 1.3/5.0GB
step 1400 ep1/10 [1400/32130   4%]  loss=4.9460 ppl=140.6 lr=9.98e-05 | 83294 tok/s (avg 82718) ETA 228m15s | gtok=51,609,600 | GPU 1.3/5.0GB
step 1450 ep1/10 [1450/32130   5%]  loss=4.7971 ppl=121.2 lr=9.98e-05 | 83540 tok/s (avg 82746) ETA 227m48s | gtok=53,452,800 | GPU 1.3/5.0GB
step 1500 ep1/10 [1500/32130   5%]  loss=4.7653 ppl=117.4 lr=9.98e-05 | 83284 tok/s (avg 82764) ETA 227m22s | gtok=55,296,000 | GPU 1.3/5.0GB
step 1550 ep1/10 [1550/32130   5%]  loss=4.8350 ppl=125.8 lr=9.97e-05 | 83392 tok/s (avg 82784) ETA 226m57s | gtok=57,139,200 | GPU 1.3/5.0GB
step 1600 ep1/10 [1600/32130   5%]  loss=4.8009 ppl=121.6 lr=9.97e-05 | 83172 tok/s (avg 82796) ETA 226m33s | gtok=58,982,400 | GPU 1.3/5.0GB
step 1650 ep1/10 [1650/32130   5%]  loss=4.5054 ppl=90.5 lr=9.97e-05 | 83290 tok/s (avg 82811) ETA 226m08s | gtok=60,825,600 | GPU 1.3/5.0GB
step 1700 ep1/10 [1700/32130   5%]  loss=4.5597 ppl=95.6 lr=9.96e-05 | 83030 tok/s (avg 82818) ETA 225m45s | gtok=62,668,800 | GPU 1.3/5.0GB
step 1750 ep1/10 [1750/32130   5%]  loss=4.6492 ppl=104.5 lr=9.96e-05 | 83380 tok/s (avg 82833) ETA 225m20s | gtok=64,512,000 | GPU 1.3/5.0GB
step 1800 ep1/10 [1800/32130   6%]  loss=4.7890 ppl=120.2 lr=9.96e-05 | 83328 tok/s (avg 82847) ETA 224m55s | gtok=66,355,200 | GPU 1.3/5.0GB
step 1850 ep1/10 [1850/32130   6%]  loss=4.5461 ppl=94.3 lr=9.96e-05 | 83192 tok/s (avg 82856) ETA 224m32s | gtok=68,198,400 | GPU 1.3/5.0GB
step 1900 ep1/10 [1900/32130   6%]  loss=4.5949 ppl=99.0 lr=9.95e-05 | 83325 tok/s (avg 82869) ETA 224m07s | gtok=70,041,600 | GPU 1.3/5.0GB
step 1950 ep1/10 [1950/32130   6%]  loss=4.5314 ppl=92.9 lr=9.95e-05 | 83323 tok/s (avg 82880) ETA 223m43s | gtok=71,884,800 | GPU 1.3/5.0GB
step 2000 ep1/10 [2000/32130   6%]  loss=4.6561 ppl=105.2 lr=9.94e-05 | 83446 tok/s (avg 82894) ETA 223m19s | gtok=73,728,000 | GPU 1.3/5.0GB
  [checkpoint] step 2000 -> checkpoints_v13_sempty/wikitext_chrono_fair_7b24e44/best_model.pt
  [val @ step 2000] val_loss=4.4604 val_ppl=86.52 *best* (best 86.52)
  [diag] step 2000 cgu=+1.04 +1.05 +1.05 +1.06 +1.07 +1.09 +1.10 +1.11 +1.12 +1.13 +1.14 +1.14 +1.15 +1.15 +1.16 +1.14  pam=+0.13 +0.15 +0.14 +0.15 +0.16 +0.17 +0.14 +0.13 +0.15 +0.15 +0.17 +0.17 +0.16 +0.17 +0.16 +0.14
  [diag] dtbias=-3.99 -3.98 -3.99 -3.99 -3.98 -3.98 -3.99 -3.99 -3.99 -3.99 -3.98 -3.98 -3.99 -3.99 -3.99 -3.99  ret=0.86 0.84 0.90 0.90 0.87 0.85 0.91 0.93 0.91 0.90 0.88 0.88 0.89 0.88 0.87 0.94
  [diag] gnorm=7.8e-02 8.3e-02 6.9e-02 6.9e-02 7.7e-02 7.0e-02 7.9e-02 9.6e-02 7.6e-02 8.6e-02 9.0e-02 1.0e-01 9.6e-02 1.8e-01 1.0e-01 9.9e-02  wnorm=56.5 56.6 56.6 56.7 56.8 56.9 56.8 56.8 57.0 57.2 57.4 57.6 57.8 58.0 58.5 58.2
step 2050 ep1/10 [2050/32130   6%]  loss=4.5974 ppl=99.2 lr=9.94e-05 | 71319 tok/s (avg 82567) ETA 223m49s | gtok=75,571,200 | GPU 1.3/8.9GB
step 2100 ep1/10 [2100/32130   7%]  loss=4.5252 ppl=92.3 lr=9.94e-05 | 82943 tok/s (avg 82576) ETA 223m26s | gtok=77,414,400 | GPU 1.3/8.9GB
step 2150 ep1/10 [2150/32130   7%]  loss=4.3701 ppl=79.1 lr=9.93e-05 | 83347 tok/s (avg 82594) ETA 223m00s | gtok=79,257,600 | GPU 1.3/8.9GB
step 2200 ep1/10 [2200/32130   7%]  loss=4.4241 ppl=83.4 lr=9.93e-05 | 83109 tok/s (avg 82606) ETA 222m36s | gtok=81,100,800 | GPU 1.3/8.9GB
step 2250 ep1/10 [2250/32130   7%]  loss=4.4523 ppl=85.8 lr=9.92e-05 | 83378 tok/s (avg 82623) ETA 222m11s | gtok=82,944,000 | GPU 1.3/8.9GB
step 2300 ep1/10 [2300/32130   7%]  loss=4.2657 ppl=71.2 lr=9.92e-05 | 83191 tok/s (avg 82635) ETA 221m47s | gtok=84,787,200 | GPU 1.3/8.9GB
step 2350 ep1/10 [2350/32130   7%]  loss=4.2707 ppl=71.6 lr=9.92e-05 | 83263 tok/s (avg 82648) ETA 221m22s | gtok=86,630,400 | GPU 1.3/8.9GB
step 2400 ep1/10 [2400/32130   7%]  loss=4.3948 ppl=81.0 lr=9.91e-05 | 83194 tok/s (avg 82659) ETA 220m58s | gtok=88,473,600 | GPU 1.3/8.9GB
step 2450 ep1/10 [2450/32130   8%]  loss=4.3831 ppl=80.1 lr=9.91e-05 | 83441 tok/s (avg 82675) ETA 220m34s | gtok=90,316,800 | GPU 1.3/8.9GB
step 2500 ep1/10 [2500/32130   8%]  loss=4.2471 ppl=69.9 lr=9.90e-05 | 83235 tok/s (avg 82686) ETA 220m09s | gtok=92,160,000 | GPU 1.3/8.9GB
step 2550 ep1/10 [2550/32130   8%]  loss=4.2621 ppl=71.0 lr=9.90e-05 | 83349 tok/s (avg 82699) ETA 219m45s | gtok=94,003,200 | GPU 1.3/8.9GB
step 2600 ep1/10 [2600/32130   8%]  loss=4.5519 ppl=94.8 lr=9.89e-05 | 83446 tok/s (avg 82713) ETA 219m21s | gtok=95,846,400 | GPU 1.3/8.9GB
step 2650 ep1/10 [2650/32130   8%]  loss=4.2105 ppl=67.4 lr=9.89e-05 | 83181 tok/s (avg 82722) ETA 218m57s | gtok=97,689,600 | GPU 1.3/8.9GB
step 2700 ep1/10 [2700/32130   8%]  loss=4.3236 ppl=75.5 lr=9.88e-05 | 83298 tok/s (avg 82733) ETA 218m33s | gtok=99,532,800 | GPU 1.3/8.9GB
step 2750 ep1/10 [2750/32130   9%]  loss=4.3031 ppl=73.9 lr=9.88e-05 | 83151 tok/s (avg 82740) ETA 218m09s | gtok=101,376,000 | GPU 1.3/8.9GB
step 2800 ep1/10 [2800/32130   9%]  loss=4.2771 ppl=72.0 lr=9.87e-05 | 83447 tok/s (avg 82753) ETA 217m45s | gtok=103,219,200 | GPU 1.3/8.9GB
step 2850 ep1/10 [2850/32130   9%]  loss=4.1399 ppl=62.8 lr=9.86e-05 | 83117 tok/s (avg 82759) ETA 217m22s | gtok=105,062,400 | GPU 1.3/8.9GB
step 2900 ep1/10 [2900/32130   9%]  loss=4.1825 ppl=65.5 lr=9.86e-05 | 83389 tok/s (avg 82770) ETA 216m58s | gtok=106,905,600 | GPU 1.3/8.9GB
step 2950 ep1/10 [2950/32130   9%]  loss=4.4128 ppl=82.5 lr=9.85e-05 | 83043 tok/s (avg 82774) ETA 216m35s | gtok=108,748,800 | GPU 1.3/8.9GB
step 3000 ep1/10 [3000/32130   9%]  loss=4.2015 ppl=66.8 lr=9.85e-05 | 83343 tok/s (avg 82784) ETA 216m11s | gtok=110,592,000 | GPU 1.3/8.9GB
step 3050 ep1/10 [3050/32130   9%]  loss=4.1729 ppl=64.9 lr=9.84e-05 | 83361 tok/s (avg 82793) ETA 215m47s | gtok=112,435,200 | GPU 1.3/8.9GB
step 3100 ep1/10 [3100/32130  10%]  loss=4.2334 ppl=69.0 lr=9.83e-05 | 83426 tok/s (avg 82803) ETA 215m24s | gtok=114,278,400 | GPU 1.3/8.9GB
step 3150 ep1/10 [3150/32130  10%]  loss=4.1658 ppl=64.4 lr=9.83e-05 | 83363 tok/s (avg 82812) ETA 215m00s | gtok=116,121,600 | GPU 1.3/8.9GB
step 3200 ep1/10 [3200/32130  10%]  loss=4.1981 ppl=66.6 lr=9.82e-05 | 83490 tok/s (avg 82823) ETA 214m36s | gtok=117,964,800 | GPU 1.3/8.9GB
=== Epoch 1/10 done | step 3213 | train_loss=5.1899 ppl=179.45 | gtok=118,437,888 | 23.8 min | best_val_ppl=86.52 ===
step 3250 ep2/10 [3250/32130  10%]  loss=4.0707 ppl=58.6 lr=9.81e-05 | 83220 tok/s (avg 82829) ETA 214m12s | gtok=119,801,856 | GPU 1.3/8.9GB
step 3300 ep2/10 [3300/32130  10%]  loss=4.1757 ppl=65.1 lr=9.81e-05 | 83343 tok/s (avg 82836) ETA 213m49s | gtok=121,645,056 | GPU 1.3/8.9GB
step 3350 ep2/10 [3350/32130  10%]  loss=4.0410 ppl=56.9 lr=9.80e-05 | 83210 tok/s (avg 82842) ETA 213m26s | gtok=123,488,256 | GPU 1.3/8.9GB
step 3400 ep2/10 [3400/32130  11%]  loss=3.8909 ppl=49.0 lr=9.79e-05 | 83360 tok/s (avg 82849) ETA 213m02s | gtok=125,331,456 | GPU 1.3/8.9GB
step 3450 ep2/10 [3450/32130  11%]  loss=4.0600 ppl=58.0 lr=9.79e-05 | 83383 tok/s (avg 82857) ETA 212m39s | gtok=127,174,656 | GPU 1.3/8.9GB
step 3500 ep2/10 [3500/32130  11%]  loss=4.2103 ppl=67.4 lr=9.78e-05 | 83349 tok/s (avg 82864) ETA 212m16s | gtok=129,017,856 | GPU 1.3/8.9GB
step 3550 ep2/10 [3550/32130  11%]  loss=4.1775 ppl=65.2 lr=9.77e-05 | 83431 tok/s (avg 82872) ETA 211m52s | gtok=130,861,056 | GPU 1.3/8.9GB
step 3600 ep2/10 [3600/32130  11%]  loss=3.9016 ppl=49.5 lr=9.76e-05 | 83084 tok/s (avg 82875) ETA 211m29s | gtok=132,704,256 | GPU 1.3/8.9GB
step 3650 ep2/10 [3650/32130  11%]  loss=3.9929 ppl=54.2 lr=9.76e-05 | 83480 tok/s (avg 82883) ETA 211m06s | gtok=134,547,456 | GPU 1.3/8.9GB
step 3700 ep2/10 [3700/32130  12%]  loss=3.9273 ppl=50.8 lr=9.75e-05 | 83089 tok/s (avg 82886) ETA 210m43s | gtok=136,390,656 | GPU 1.3/8.9GB
step 3750 ep2/10 [3750/32130  12%]  loss=4.0262 ppl=56.0 lr=9.74e-05 | 83343 tok/s (avg 82892) ETA 210m20s | gtok=138,233,856 | GPU 1.3/8.9GB
step 3800 ep2/10 [3800/32130  12%]  loss=4.0441 ppl=57.1 lr=9.73e-05 | 82970 tok/s (avg 82893) ETA 209m58s | gtok=140,077,056 | GPU 1.3/8.9GB
step 3850 ep2/10 [3850/32130  12%]  loss=4.0091 ppl=55.1 lr=9.73e-05 | 83229 tok/s (avg 82897) ETA 209m35s | gtok=141,920,256 | GPU 1.3/8.9GB
step 3900 ep2/10 [3900/32130  12%]  loss=4.1403 ppl=62.8 lr=9.72e-05 | 83508 tok/s (avg 82905) ETA 209m12s | gtok=143,763,456 | GPU 1.3/8.9GB
step 3950 ep2/10 [3950/32130  12%]  loss=4.0048 ppl=54.9 lr=9.71e-05 | 83312 tok/s (avg 82910) ETA 208m49s | gtok=145,606,656 | GPU 1.3/8.9GB
step 4000 ep2/10 [4000/32130  12%]  loss=3.8799 ppl=48.4 lr=9.70e-05 | 83464 tok/s (avg 82917) ETA 208m25s | gtok=147,449,856 | GPU 1.3/8.9GB
  [checkpoint] step 4000 -> checkpoints_v13_sempty/wikitext_chrono_fair_7b24e44/best_model.pt
  [val @ step 4000] val_loss=3.8931 val_ppl=49.06 *best* (best 49.06)
  [checkpoint] step 4000 -> checkpoints_v13_sempty/wikitext_chrono_fair_7b24e44/latest.pt
  [diag] step 4000 cgu=+0.94 +0.95 +0.97 +0.98 +1.00 +1.04 +1.07 +1.10 +1.14 +1.17 +1.23 +1.26 +1.29 +1.28 +1.30 +1.24  pam=+0.15 +0.16 +0.14 +0.16 +0.19 +0.21 +0.13 +0.12 +0.16 +0.16 +0.20 +0.20 +0.19 +0.22 +0.20 +0.16
  [diag] dtbias=-3.98 -3.97 -3.98 -3.98 -3.97 -3.97 -3.99 -3.99 -3.98 -3.98 -3.97 -3.97 -3.98 -3.99 -3.97 -3.98  ret=0.83 0.81 0.88 0.87 0.84 0.81 0.90 0.92 0.89 0.88 0.84 0.84 0.86 0.85 0.83 0.92
  [diag] gnorm=7.6e-02 8.3e-02 7.4e-02 7.9e-02 8.2e-02 8.2e-02 9.4e-02 1.3e-01 9.3e-02 1.1e-01 1.1e-01 1.4e-01 1.2e-01 2.3e-01 1.1e-01 1.1e-01  wnorm=56.9 57.1 57.0 57.2 57.4 57.6 57.5 57.5 57.8 58.0 58.5 58.9 59.1 59.6 60.3 59.8
step 4050 ep2/10 [4050/32130  13%]  loss=3.6236 ppl=37.5 lr=9.69e-05 | 69566 tok/s (avg 82721) ETA 208m33s | gtok=149,293,056 | GPU 1.3/8.9GB
step 4100 ep2/10 [4100/32130  13%]  loss=3.8777 ppl=48.3 lr=9.68e-05 | 83312 tok/s (avg 82728) ETA 208m09s | gtok=151,136,256 | GPU 1.3/8.9GB
step 4150 ep2/10 [4150/32130  13%]  loss=3.8971 ppl=49.3 lr=9.68e-05 | 83093 tok/s (avg 82733) ETA 207m46s | gtok=152,979,456 | GPU 1.3/8.9GB
step 4200 ep2/10 [4200/32130  13%]  loss=3.9984 ppl=54.5 lr=9.67e-05 | 83251 tok/s (avg 82739) ETA 207m23s | gtok=154,822,656 | GPU 1.3/8.9GB
step 4250 ep2/10 [4250/32130  13%]  loss=3.7323 ppl=41.8 lr=9.66e-05 | 83152 tok/s (avg 82744) ETA 207m00s | gtok=156,665,856 | GPU 1.3/8.9GB
step 4300 ep2/10 [4300/32130  13%]  loss=3.9062 ppl=49.7 lr=9.65e-05 | 83056 tok/s (avg 82747) ETA 206m37s | gtok=158,509,056 | GPU 1.3/8.9GB
step 4350 ep2/10 [4350/32130  14%]  loss=3.7887 ppl=44.2 lr=9.64e-05 | 83326 tok/s (avg 82754) ETA 206m14s | gtok=160,352,256 | GPU 1.3/8.9GB
step 4400 ep2/10 [4400/32130  14%]  loss=3.9821 ppl=53.6 lr=9.63e-05 | 83201 tok/s (avg 82759) ETA 205m51s | gtok=162,195,456 | GPU 1.3/8.9GB
step 4450 ep2/10 [4450/32130  14%]  loss=3.8254 ppl=45.9 lr=9.62e-05 | 83443 tok/s (avg 82766) ETA 205m28s | gtok=164,038,656 | GPU 1.3/8.9GB
step 4500 ep2/10 [4500/32130  14%]  loss=3.8756 ppl=48.2 lr=9.61e-05 | 83049 tok/s (avg 82770) ETA 205m05s | gtok=165,881,856 | GPU 1.3/8.9GB
step 4550 ep2/10 [4550/32130  14%]  loss=3.9143 ppl=50.1 lr=9.60e-05 | 83460 tok/s (avg 82777) ETA 204m42s | gtok=167,725,056 | GPU 1.3/8.9GB
step 4600 ep2/10 [4600/32130  14%]  loss=4.0095 ppl=55.1 lr=9.59e-05 | 83174 tok/s (avg 82781) ETA 204m19s | gtok=169,568,256 | GPU 1.3/8.9GB
step 4650 ep2/10 [4650/32130  14%]  loss=3.9064 ppl=49.7 lr=9.58e-05 | 83327 tok/s (avg 82787) ETA 203m56s | gtok=171,411,456 | GPU 1.3/8.9GB
step 4700 ep2/10 [4700/32130  15%]  loss=3.8639 ppl=47.7 lr=9.57e-05 | 82992 tok/s (avg 82789) ETA 203m33s | gtok=173,254,656 | GPU 1.3/8.9GB
step 4750 ep2/10 [4750/32130  15%]  loss=3.7571 ppl=42.8 lr=9.56e-05 | 83372 tok/s (avg 82795) ETA 203m10s | gtok=175,097,856 | GPU 1.3/8.9GB
step 4800 ep2/10 [4800/32130  15%]  loss=3.9599 ppl=52.5 lr=9.55e-05 | 83306 tok/s (avg 82801) ETA 202m47s | gtok=176,941,056 | GPU 1.3/8.9GB
step 4850 ep2/10 [4850/32130  15%]  loss=3.7840 ppl=44.0 lr=9.54e-05 | 83348 tok/s (avg 82806) ETA 202m24s | gtok=178,784,256 | GPU 1.3/8.9GB
step 4900 ep2/10 [4900/32130  15%]  loss=3.8666 ppl=47.8 lr=9.53e-05 | 83312 tok/s (avg 82811) ETA 202m01s | gtok=180,627,456 | GPU 1.3/8.9GB
step 4950 ep2/10 [4950/32130  15%]  loss=3.9072 ppl=49.8 lr=9.52e-05 | 82927 tok/s (avg 82813) ETA 201m38s | gtok=182,470,656 | GPU 1.3/8.9GB
step 5000 ep2/10 [5000/32130  16%]  loss=3.7454 ppl=42.3 lr=9.51e-05 | 83319 tok/s (avg 82818) ETA 201m15s | gtok=184,313,856 | GPU 1.3/8.9GB
step 5050 ep2/10 [5050/32130  16%]  loss=3.8960 ppl=49.2 lr=9.50e-05 | 83178 tok/s (avg 82821) ETA 200m53s | gtok=186,157,056 | GPU 1.3/8.9GB
step 5100 ep2/10 [5100/32130  16%]  loss=3.7111 ppl=40.9 lr=9.49e-05 | 83165 tok/s (avg 82824) ETA 200m30s | gtok=188,000,256 | GPU 1.3/8.9GB
step 5150 ep2/10 [5150/32130  16%]  loss=3.5629 ppl=35.3 lr=9.48e-05 | 83358 tok/s (avg 82830) ETA 200m07s | gtok=189,843,456 | GPU 1.3/8.9GB
step 5200 ep2/10 [5200/32130  16%]  loss=3.8001 ppl=44.7 lr=9.47e-05 | 83051 tok/s (avg 82832) ETA 199m44s | gtok=191,686,656 | GPU 1.3/8.9GB
step 5250 ep2/10 [5250/32130  16%]  loss=3.7425 ppl=42.2 lr=9.45e-05 | 83197 tok/s (avg 82835) ETA 199m21s | gtok=193,529,856 | GPU 1.3/8.9GB
step 5300 ep2/10 [5300/32130  16%]  loss=3.7324 ppl=41.8 lr=9.44e-05 | 82965 tok/s (avg 82836) ETA 198m59s | gtok=195,373,056 | GPU 1.3/8.9GB
step 5350 ep2/10 [5350/32130  17%]  loss=3.7901 ppl=44.3 lr=9.43e-05 | 83424 tok/s (avg 82842) ETA 198m36s | gtok=197,216,256 | GPU 1.3/8.9GB
step 5400 ep2/10 [5400/32130  17%]  loss=3.9219 ppl=50.5 lr=9.42e-05 | 83163 tok/s (avg 82845) ETA 198m13s | gtok=199,059,456 | GPU 1.3/8.9GB
step 5450 ep2/10 [5450/32130  17%]  loss=3.6719 ppl=39.3 lr=9.41e-05 | 83239 tok/s (avg 82848) ETA 197m51s | gtok=200,902,656 | GPU 1.3/8.9GB
step 5500 ep2/10 [5500/32130  17%]  loss=3.6569 ppl=38.7 lr=9.40e-05 | 83230 tok/s (avg 82852) ETA 197m28s | gtok=202,745,856 | GPU 1.3/8.9GB
step 5550 ep2/10 [5550/32130  17%]  loss=3.7060 ppl=40.7 lr=9.38e-05 | 83506 tok/s (avg 82858) ETA 197m05s | gtok=204,589,056 | GPU 1.3/8.9GB
step 5600 ep2/10 [5600/32130  17%]  loss=3.7479 ppl=42.4 lr=9.37e-05 | 83258 tok/s (avg 82861) ETA 196m42s | gtok=206,432,256 | GPU 1.3/8.9GB
step 5650 ep2/10 [5650/32130  18%]  loss=3.7663 ppl=43.2 lr=9.36e-05 | 83279 tok/s (avg 82865) ETA 196m19s | gtok=208,275,456 | GPU 1.3/8.9GB
step 5700 ep2/10 [5700/32130  18%]  loss=3.7023 ppl=40.5 lr=9.35e-05 | 83502 tok/s (avg 82870) ETA 195m56s | gtok=210,118,656 | GPU 1.3/8.9GB
step 5750 ep2/10 [5750/32130  18%]  loss=3.6960 ppl=40.3 lr=9.34e-05 | 83094 tok/s (avg 82872) ETA 195m34s | gtok=211,961,856 | GPU 1.3/8.9GB
step 5800 ep2/10 [5800/32130  18%]  loss=3.7912 ppl=44.3 lr=9.32e-05 | 83294 tok/s (avg 82876) ETA 195m11s | gtok=213,805,056 | GPU 1.3/8.9GB
step 5850 ep2/10 [5850/32130  18%]  loss=3.7165 ppl=41.1 lr=9.31e-05 | 83046 tok/s (avg 82877) ETA 194m49s | gtok=215,648,256 | GPU 1.3/8.9GB
step 5900 ep2/10 [5900/32130  18%]  loss=3.6439 ppl=38.2 lr=9.30e-05 | 83217 tok/s (avg 82880) ETA 194m26s | gtok=217,491,456 | GPU 1.3/8.9GB
step 5950 ep2/10 [5950/32130  19%]  loss=3.7511 ppl=42.6 lr=9.29e-05 | 83170 tok/s (avg 82883) ETA 194m03s | gtok=219,334,656 | GPU 1.3/8.9GB
step 6000 ep2/10 [6000/32130  19%]  loss=3.7716 ppl=43.4 lr=9.27e-05 | 83378 tok/s (avg 82887) ETA 193m41s | gtok=221,177,856 | GPU 1.3/8.9GB
  [checkpoint] step 6000 -> checkpoints_v13_sempty/wikitext_chrono_fair_7b24e44/best_model.pt
  [val @ step 6000] val_loss=3.6277 val_ppl=37.63 *best* (best 37.63)
  [diag] step 6000 cgu=+0.85 +0.87 +0.89 +0.91 +0.94 +0.98 +1.02 +1.07 +1.13 +1.18 +1.27 +1.31 +1.35 +1.33 +1.39 +1.30  pam=+0.16 +0.17 +0.14 +0.16 +0.19 +0.22 +0.12 +0.11 +0.16 +0.15 +0.21 +0.22 +0.20 +0.25 +0.22 +0.17
  [diag] dtbias=-3.97 -3.97 -3.98 -3.97 -3.96 -3.96 -3.98 -3.99 -3.97 -3.97 -3.96 -3.96 -3.97 -3.99 -3.97 -3.98  ret=0.80 0.78 0.87 0.85 0.81 0.78 0.89 0.91 0.87 0.86 0.81 0.80 0.84 0.83 0.79 0.89
  [diag] gnorm=7.5e-02 8.0e-02 7.3e-02 7.9e-02 8.5e-02 8.1e-02 1.0e-01 1.1e-01 9.3e-02 1.2e-01 1.2e-01 1.3e-01 1.2e-01 2.5e-01 1.1e-01 1.2e-01  wnorm=57.3 57.5 57.4 57.6 57.9 58.1 58.0 58.0 58.4 58.7 59.2 59.7 60.0 60.6 61.4 60.9
step 6050 ep2/10 [6050/32130  19%]  loss=3.7135 ppl=41.0 lr=9.26e-05 | 71048 tok/s (avg 82773) ETA 193m34s | gtok=223,021,056 | GPU 1.3/8.9GB
step 6100 ep2/10 [6100/32130  19%]  loss=3.6499 ppl=38.5 lr=9.25e-05 | 83385 tok/s (avg 82778) ETA 193m11s | gtok=224,864,256 | GPU 1.3/8.9GB
step 6150 ep2/10 [6150/32130  19%]  loss=3.7628 ppl=43.1 lr=9.23e-05 | 83242 tok/s (avg 82782) ETA 192m49s | gtok=226,707,456 | GPU 1.3/8.9GB
step 6200 ep2/10 [6200/32130  19%]  loss=3.7407 ppl=42.1 lr=9.22e-05 | 83070 tok/s (avg 82784) ETA 192m26s | gtok=228,550,656 | GPU 1.3/8.9GB
step 6250 ep2/10 [6250/32130  19%]  loss=3.6053 ppl=36.8 lr=9.21e-05 | 83447 tok/s (avg 82789) ETA 192m03s | gtok=230,393,856 | GPU 1.3/8.9GB
step 6300 ep2/10 [6300/32130  20%]  loss=3.7246 ppl=41.5 lr=9.19e-05 | 83249 tok/s (avg 82793) ETA 191m40s | gtok=232,237,056 | GPU 1.3/8.9GB
step 6350 ep2/10 [6350/32130  20%]  loss=3.6158 ppl=37.2 lr=9.18e-05 | 83399 tok/s (avg 82797) ETA 191m17s | gtok=234,080,256 | GPU 1.3/8.9GB
step 6400 ep2/10 [6400/32130  20%]  loss=3.6700 ppl=39.3 lr=9.17e-05 | 83114 tok/s (avg 82800) ETA 190m55s | gtok=235,923,456 | GPU 1.3/8.9GB
=== Epoch 2/10 done | step 6426 | train_loss=3.8646 ppl=47.69 | gtok=236,875,776 | 23.8 min | best_val_ppl=37.63 ===
step 6450 ep3/10 [6450/32130  20%]  loss=3.6575 ppl=38.8 lr=9.15e-05 | 83119 tok/s (avg 82802) ETA 190m32s | gtok=237,760,512 | GPU 1.3/8.9GB
step 6500 ep3/10 [6500/32130  20%]  loss=3.5892 ppl=36.2 lr=9.14e-05 | 83431 tok/s (avg 82807) ETA 190m09s | gtok=239,603,712 | GPU 1.3/8.9GB
step 6550 ep3/10 [6550/32130  20%]  loss=3.6303 ppl=37.7 lr=9.12e-05 | 83264 tok/s (avg 82811) ETA 189m46s | gtok=241,446,912 | GPU 1.3/8.9GB
step 6600 ep3/10 [6600/32130  21%]  loss=3.5849 ppl=36.0 lr=9.11e-05 | 83535 tok/s (avg 82816) ETA 189m23s | gtok=243,290,112 | GPU 1.3/8.9GB
step 6650 ep3/10 [6650/32130  21%]  loss=3.6751 ppl=39.5 lr=9.10e-05 | 83256 tok/s (avg 82819) ETA 189m00s | gtok=245,133,312 | GPU 1.3/8.9GB
step 6700 ep3/10 [6700/32130  21%]  loss=3.7526 ppl=42.6 lr=9.08e-05 | 83533 tok/s (avg 82825) ETA 188m37s | gtok=246,976,512 | GPU 1.3/8.9GB
step 6750 ep3/10 [6750/32130  21%]  loss=3.7524 ppl=42.6 lr=9.07e-05 | 83056 tok/s (avg 82826) ETA 188m15s | gtok=248,819,712 | GPU 1.3/8.9GB
step 6800 ep3/10 [6800/32130  21%]  loss=3.4848 ppl=32.6 lr=9.05e-05 | 83362 tok/s (avg 82830) ETA 187m52s | gtok=250,662,912 | GPU 1.3/8.9GB
step 6850 ep3/10 [6850/32130  21%]  loss=3.5994 ppl=36.6 lr=9.04e-05 | 83366 tok/s (avg 82834) ETA 187m29s | gtok=252,506,112 | GPU 1.3/8.9GB
step 6900 ep3/10 [6900/32130  21%]  loss=3.6137 ppl=37.1 lr=9.02e-05 | 83351 tok/s (avg 82838) ETA 187m07s | gtok=254,349,312 | GPU 1.3/8.9GB
step 6950 ep3/10 [6950/32130  22%]  loss=3.6174 ppl=37.2 lr=9.01e-05 | 83353 tok/s (avg 82841) ETA 186m44s | gtok=256,192,512 | GPU 1.3/8.9GB
step 7000 ep3/10 [7000/32130  22%]  loss=3.6348 ppl=37.9 lr=8.99e-05 | 83136 tok/s (avg 82844) ETA 186m21s | gtok=258,035,712 | GPU 1.3/8.9GB
step 7050 ep3/10 [7050/32130  22%]  loss=3.5525 ppl=34.9 lr=8.98e-05 | 83453 tok/s (avg 82848) ETA 185m59s | gtok=259,878,912 | GPU 1.3/8.9GB
step 7100 ep3/10 [7100/32130  22%]  loss=3.6534 ppl=38.6 lr=8.96e-05 | 83366 tok/s (avg 82851) ETA 185m36s | gtok=261,722,112 | GPU 1.3/8.9GB
step 7150 ep3/10 [7150/32130  22%]  loss=3.6775 ppl=39.5 lr=8.95e-05 | 83473 tok/s (avg 82856) ETA 185m13s | gtok=263,565,312 | GPU 1.3/8.9GB
step 7200 ep3/10 [7200/32130  22%]  loss=3.4937 ppl=32.9 lr=8.93e-05 | 83273 tok/s (avg 82859) ETA 184m50s | gtok=265,408,512 | GPU 1.3/8.9GB
step 7250 ep3/10 [7250/32130  23%]  loss=3.6308 ppl=37.7 lr=8.92e-05 | 83519 tok/s (avg 82863) ETA 184m28s | gtok=267,251,712 | GPU 1.3/8.9GB
step 7300 ep3/10 [7300/32130  23%]  loss=3.6051 ppl=36.8 lr=8.90e-05 | 83295 tok/s (avg 82866) ETA 184m05s | gtok=269,094,912 | GPU 1.3/8.9GB
step 7350 ep3/10 [7350/32130  23%]  loss=3.7486 ppl=42.5 lr=8.89e-05 | 83507 tok/s (avg 82870) ETA 183m42s | gtok=270,938,112 | GPU 1.3/8.9GB
step 7400 ep3/10 [7400/32130  23%]  loss=3.6573 ppl=38.8 lr=8.87e-05 | 83113 tok/s (avg 82872) ETA 183m20s | gtok=272,781,312 | GPU 1.3/8.9GB
step 7450 ep3/10 [7450/32130  23%]  loss=3.7604 ppl=43.0 lr=8.86e-05 | 83232 tok/s (avg 82874) ETA 182m57s | gtok=274,624,512 | GPU 1.3/8.9GB
step 7500 ep3/10 [7500/32130  23%]  loss=3.6652 ppl=39.1 lr=8.84e-05 | 83337 tok/s (avg 82878) ETA 182m34s | gtok=276,467,712 | GPU 1.3/8.9GB
step 7550 ep3/10 [7550/32130  23%]  loss=3.6843 ppl=39.8 lr=8.82e-05 | 83339 tok/s (avg 82881) ETA 182m12s | gtok=278,310,912 | GPU 1.3/8.9GB
step 7600 ep3/10 [7600/32130  24%]  loss=3.5596 ppl=35.1 lr=8.81e-05 | 83461 tok/s (avg 82884) ETA 181m49s | gtok=280,154,112 | GPU 1.3/8.9GB
step 7650 ep3/10 [7650/32130  24%]  loss=3.5677 ppl=35.4 lr=8.79e-05 | 83144 tok/s (avg 82886) ETA 181m27s | gtok=281,997,312 | GPU 1.3/8.9GB
step 7700 ep3/10 [7700/32130  24%]  loss=3.7302 ppl=41.7 lr=8.78e-05 | 83501 tok/s (avg 82890) ETA 181m04s | gtok=283,840,512 | GPU 1.3/8.9GB
step 7750 ep3/10 [7750/32130  24%]  loss=3.5225 ppl=33.9 lr=8.76e-05 | 83187 tok/s (avg 82892) ETA 180m41s | gtok=285,683,712 | GPU 1.3/8.9GB
step 7800 ep3/10 [7800/32130  24%]  loss=3.4916 ppl=32.8 lr=8.74e-05 | 83493 tok/s (avg 82896) ETA 180m19s | gtok=287,526,912 | GPU 1.3/8.9GB
step 7850 ep3/10 [7850/32130  24%]  loss=3.6152 ppl=37.2 lr=8.73e-05 | 83142 tok/s (avg 82897) ETA 179m56s | gtok=289,370,112 | GPU 1.3/8.9GB
step 7900 ep3/10 [7900/32130  25%]  loss=3.5133 ppl=33.6 lr=8.71e-05 | 83528 tok/s (avg 82901) ETA 179m33s | gtok=291,213,312 | GPU 1.3/8.9GB
step 7950 ep3/10 [7950/32130  25%]  loss=3.6792 ppl=39.6 lr=8.69e-05 | 83246 tok/s (avg 82903) ETA 179m11s | gtok=293,056,512 | GPU 1.3/8.9GB
step 8000 ep3/10 [8000/32130  25%]  loss=3.5913 ppl=36.3 lr=8.68e-05 | 83333 tok/s (avg 82906) ETA 178m48s | gtok=294,899,712 | GPU 1.3/8.9GB
In file included from /home/ubuntu/.local/share/uv/python/cpython-3.11.9-linux-x86_64-gnu/include/python3.11/Python.h:12,
                 from /tmp/tmpni6ledes/__triton_launcher.c:4:
/home/ubuntu/.local/share/uv/python/cpython-3.11.9-linux-x86_64-gnu/include/python3.11/pyconfig.h:1793:9: warning: ‘_POSIX_C_SOURCE’ redefined
 1793 | #define _POSIX_C_SOURCE 200809L
      |         ^~~~~~~~~~~~~~~
In file included from /usr/include/x86_64-linux-gnu/bits/libc-header-start.h:33,
                 from /usr/include/stdlib.h:26,
                 from /home/ubuntu/Development/qllm-private/.venv/lib/python3.11/site-packages/triton/backends/nvidia/include/cuda.h:56,
                 from /tmp/tmpni6ledes/__triton_launcher.c:2:
/usr/include/features.h:319:10: note: this is the location of the previous definition
  319 | # define _POSIX_C_SOURCE        202405L
      |          ^~~~~~~~~~~~~~~
In file included from /home/ubuntu/.local/share/uv/python/cpython-3.11.9-linux-x86_64-gnu/include/python3.11/Python.h:12,
                 from /tmp/tmpamsyw5vp/__triton_launcher.c:4:
/home/ubuntu/.local/share/uv/python/cpython-3.11.9-linux-x86_64-gnu/include/python3.11/pyconfig.h:1793:9: warning: ‘_POSIX_C_SOURCE’ redefined
 1793 | #define _POSIX_C_SOURCE 200809L
      |         ^~~~~~~~~~~~~~~
In file included from /usr/include/x86_64-linux-gnu/bits/libc-header-start.h:33,
                 from /usr/include/stdlib.h:26,
                 from /home/ubuntu/Development/qllm-private/.venv/lib/python3.11/site-packages/triton/backends/nvidia/include/cuda.h:56,
                 from /tmp/tmpamsyw5vp/__triton_launcher.c:2:
/usr/include/features.h:319:10: note: this is the location of the previous definition
  319 | # define _POSIX_C_SOURCE        202405L
      |          ^~~~~~~~~~~~~~~
  [gen @ step 8000] failed: multi-state / delta / chrono decode is not implemented; run rungs with --gen_every 0 (probe/val use the chunked path)
  [checkpoint] step 8000 -> checkpoints_v13_sempty/wikitext_chrono_fair_7b24e44/best_model.pt
  [val @ step 8000] val_loss=3.4806 val_ppl=32.48 *best* (best 32.48)
  [checkpoint] step 8000 -> checkpoints_v13_sempty/wikitext_chrono_fair_7b24e44/latest.pt
  [diag] step 8000 cgu=+0.79 +0.82 +0.84 +0.86 +0.90 +0.95 +1.00 +1.06 +1.14 +1.20 +1.30 +1.35 +1.40 +1.37 +1.45 +1.35  pam=+0.17 +0.18 +0.14 +0.17 +0.20 +0.23 +0.12 +0.11 +0.17 +0.16 +0.23 +0.23 +0.21 +0.26 +0.24 +0.18
  [diag] dtbias=-3.97 -3.96 -3.97 -3.97 -3.96 -3.95 -3.98 -3.99 -3.97 -3.97 -3.96 -3.96 -3.97 -3.99 -3.96 -3.97  ret=0.79 0.78 0.87 0.84 0.81 0.78 0.89 0.91 0.87 0.86 0.81 0.79 0.83 0.83 0.78 0.88
  [diag] gnorm=7.6e-02 9.4e-02 7.4e-02 7.8e-02 8.7e-02 8.4e-02 9.5e-02 1.1e-01 9.8e-02 1.2e-01 1.2e-01 1.3e-01 1.3e-01 2.4e-01 1.1e-01 1.1e-01  wnorm=57.7 57.9 57.9 58.1 58.4 58.7 58.5 58.6 59.0 59.3 59.9 60.5 60.8 61.4 62.3 61.8
step 8050 ep3/10 [8050/32130  25%]  loss=3.4739 ppl=32.3 lr=8.66e-05 | 63152 tok/s (avg 82745) ETA 178m47s | gtok=296,742,912 | GPU 1.3/8.9GB
step 8100 ep3/10 [8100/32130  25%]  loss=3.5636 ppl=35.3 lr=8.64e-05 | 83231 tok/s (avg 82748) ETA 178m24s | gtok=298,586,112 | GPU 1.3/8.9GB
step 8150 ep3/10 [8150/32130  25%]  loss=3.5302 ppl=34.1 lr=8.62e-05 | 83472 tok/s (avg 82753) ETA 178m01s | gtok=300,429,312 | GPU 1.3/8.9GB
step 8200 ep3/10 [8200/32130  26%]  loss=3.5790 ppl=35.8 lr=8.61e-05 | 83161 tok/s (avg 82755) ETA 177m39s | gtok=302,272,512 | GPU 1.3/8.9GB
step 8250 ep3/10 [8250/32130  26%]  loss=3.5419 ppl=34.5 lr=8.59e-05 | 83279 tok/s (avg 82758) ETA 177m16s | gtok=304,115,712 | GPU 1.3/8.9GB
step 8300 ep3/10 [8300/32130  26%]  loss=3.4232 ppl=30.7 lr=8.57e-05 | 83357 tok/s (avg 82762) ETA 176m53s | gtok=305,958,912 | GPU 1.3/8.9GB
step 8350 ep3/10 [8350/32130  26%]  loss=3.3726 ppl=29.2 lr=8.56e-05 | 83119 tok/s (avg 82764) ETA 176m31s | gtok=307,802,112 | GPU 1.3/8.9GB
step 8400 ep3/10 [8400/32130  26%]  loss=3.4257 ppl=30.7 lr=8.54e-05 | 83462 tok/s (avg 82768) ETA 176m08s | gtok=309,645,312 | GPU 1.3/8.9GB
step 8450 ep3/10 [8450/32130  26%]  loss=3.5507 ppl=34.8 lr=8.52e-05 | 83102 tok/s (avg 82770) ETA 175m46s | gtok=311,488,512 | GPU 1.3/8.9GB
step 8500 ep3/10 [8500/32130  26%]  loss=3.5647 ppl=35.3 lr=8.50e-05 | 83331 tok/s (avg 82773) ETA 175m23s | gtok=313,331,712 | GPU 1.3/8.9GB
step 8550 ep3/10 [8550/32130  27%]  loss=3.4732 ppl=32.2 lr=8.49e-05 | 83302 tok/s (avg 82776) ETA 175m00s | gtok=315,174,912 | GPU 1.3/8.9GB
step 8600 ep3/10 [8600/32130  27%]  loss=3.4859 ppl=32.7 lr=8.47e-05 | 83394 tok/s (avg 82780) ETA 174m38s | gtok=317,018,112 | GPU 1.3/8.9GB
step 8650 ep3/10 [8650/32130  27%]  loss=3.5499 ppl=34.8 lr=8.45e-05 | 83128 tok/s (avg 82782) ETA 174m15s | gtok=318,861,312 | GPU 1.3/8.9GB
step 8700 ep3/10 [8700/32130  27%]  loss=3.5130 ppl=33.5 lr=8.43e-05 | 83267 tok/s (avg 82785) ETA 173m52s | gtok=320,704,512 | GPU 1.3/8.9GB
step 8750 ep3/10 [8750/32130  27%]  loss=3.6330 ppl=37.8 lr=8.41e-05 | 83478 tok/s (avg 82789) ETA 173m30s | gtok=322,547,712 | GPU 1.3/8.9GB
step 8800 ep3/10 [8800/32130  27%]  loss=3.3355 ppl=28.1 lr=8.40e-05 | 83213 tok/s (avg 82791) ETA 173m07s | gtok=324,390,912 | GPU 1.3/8.9GB
step 8850 ep3/10 [8850/32130  28%]  loss=3.5627 ppl=35.3 lr=8.38e-05 | 83479 tok/s (avg 82795) ETA 172m44s | gtok=326,234,112 | GPU 1.3/8.9GB
step 8900 ep3/10 [8900/32130  28%]  loss=3.7068 ppl=40.7 lr=8.36e-05 | 83288 tok/s (avg 82798) ETA 172m22s | gtok=328,077,312 | GPU 1.3/8.9GB
step 8950 ep3/10 [8950/32130  28%]  loss=3.4824 ppl=32.5 lr=8.34e-05 | 83480 tok/s (avg 82801) ETA 171m59s | gtok=329,920,512 | GPU 1.3/8.9GB
step 9000 ep3/10 [9000/32130  28%]  loss=3.4483 ppl=31.4 lr=8.32e-05 | 83081 tok/s (avg 82803) ETA 171m37s | gtok=331,763,712 | GPU 1.3/8.9GB
step 9050 ep3/10 [9050/32130  28%]  loss=3.4585 ppl=31.8 lr=8.30e-05 | 83310 tok/s (avg 82806) ETA 171m14s | gtok=333,606,912 | GPU 1.3/8.9GB
step 9100 ep3/10 [9100/32130  28%]  loss=3.4880 ppl=32.7 lr=8.28e-05 | 82889 tok/s (avg 82806) ETA 170m52s | gtok=335,450,112 | GPU 1.3/8.9GB
step 9150 ep3/10 [9150/32130  28%]  loss=3.3248 ppl=27.8 lr=8.27e-05 | 83355 tok/s (avg 82809) ETA 170m29s | gtok=337,293,312 | GPU 1.3/8.9GB
step 9200 ep3/10 [9200/32130  29%]  loss=3.3642 ppl=28.9 lr=8.25e-05 | 83045 tok/s (avg 82810) ETA 170m07s | gtok=339,136,512 | GPU 1.3/8.9GB
step 9250 ep3/10 [9250/32130  29%]  loss=3.3339 ppl=28.0 lr=8.23e-05 | 83343 tok/s (avg 82813) ETA 169m44s | gtok=340,979,712 | GPU 1.3/8.9GB
step 9300 ep3/10 [9300/32130  29%]  loss=3.5112 ppl=33.5 lr=8.21e-05 | 83041 tok/s (avg 82814) ETA 169m22s | gtok=342,822,912 | GPU 1.3/8.9GB
step 9350 ep3/10 [9350/32130  29%]  loss=3.1854 ppl=24.2 lr=8.19e-05 | 83242 tok/s (avg 82817) ETA 168m59s | gtok=344,666,112 | GPU 1.3/8.9GB
step 9400 ep3/10 [9400/32130  29%]  loss=3.4855 ppl=32.6 lr=8.17e-05 | 83508 tok/s (avg 82820) ETA 168m36s | gtok=346,509,312 | GPU 1.3/8.9GB
step 9450 ep3/10 [9450/32130  29%]  loss=3.5232 ppl=33.9 lr=8.15e-05 | 83338 tok/s (avg 82823) ETA 168m14s | gtok=348,352,512 | GPU 1.3/8.9GB
step 9500 ep3/10 [9500/32130  30%]  loss=3.5640 ppl=35.3 lr=8.13e-05 | 83484 tok/s (avg 82827) ETA 167m51s | gtok=350,195,712 | GPU 1.3/8.9GB
step 9550 ep3/10 [9550/32130  30%]  loss=3.5932 ppl=36.3 lr=8.11e-05 | 83116 tok/s (avg 82828) ETA 167m29s | gtok=352,038,912 | GPU 1.3/8.9GB
step 9600 ep3/10 [9600/32130  30%]  loss=3.5419 ppl=34.5 lr=8.09e-05 | 83487 tok/s (avg 82831) ETA 167m06s | gtok=353,882,112 | GPU 1.3/8.9GB
=== Epoch 3/10 done | step 9639 | train_loss=3.5398 ppl=34.46 | gtok=355,313,664 | 23.8 min | best_val_ppl=32.48 ===
step 9650 ep4/10 [9650/32130  30%]  loss=3.4864 ppl=32.7 lr=8.07e-05 | 83172 tok/s (avg 82833) ETA 166m43s | gtok=355,719,168 | GPU 1.3/8.9GB
step 9700 ep4/10 [9700/32130  30%]  loss=3.4314 ppl=30.9 lr=8.05e-05 | 83494 tok/s (avg 82837) ETA 166m21s | gtok=357,562,368 | GPU 1.3/8.9GB
step 9750 ep4/10 [9750/32130  30%]  loss=3.3939 ppl=29.8 lr=8.03e-05 | 83116 tok/s (avg 82838) ETA 165m58s | gtok=359,405,568 | GPU 1.3/8.9GB
step 9800 ep4/10 [9800/32130  31%]  loss=3.4528 ppl=31.6 lr=8.01e-05 | 83520 tok/s (avg 82841) ETA 165m36s | gtok=361,248,768 | GPU 1.3/8.9GB
step 9850 ep4/10 [9850/32130  31%]  loss=3.2934 ppl=26.9 lr=7.99e-05 | 83192 tok/s (avg 82843) ETA 165m13s | gtok=363,091,968 | GPU 1.3/8.9GB
step 9900 ep4/10 [9900/32130  31%]  loss=3.4464 ppl=31.4 lr=7.97e-05 | 83192 tok/s (avg 82845) ETA 164m51s | gtok=364,935,168 | GPU 1.3/8.9GB
step 9950 ep4/10 [9950/32130  31%]  loss=3.4851 ppl=32.6 lr=7.95e-05 | 83356 tok/s (avg 82848) ETA 164m28s | gtok=366,778,368 | GPU 1.3/8.9GB
step 10000 ep4/10 [10000/32130  31%]  loss=3.4095 ppl=30.2 lr=7.93e-05 | 83099 tok/s (avg 82849) ETA 164m06s | gtok=368,621,568 | GPU 1.3/8.9GB
  [checkpoint] step 10000 -> checkpoints_v13_sempty/wikitext_chrono_fair_7b24e44/best_model.pt
  [val @ step 10000] val_loss=3.3801 val_ppl=29.37 *best* (best 29.37)
  [diag] step 10000 cgu=+0.75 +0.78 +0.80 +0.83 +0.87 +0.93 +0.99 +1.05 +1.14 +1.21 +1.32 +1.38 +1.44 +1.39 +1.50 +1.39  pam=+0.19 +0.19 +0.15 +0.17 +0.21 +0.24 +0.12 +0.10 +0.17 +0.15 +0.23 +0.24 +0.22 +0.27 +0.25 +0.19
  [diag] dtbias=-3.96 -3.95 -3.97 -3.96 -3.95 -3.94 -3.98 -3.99 -3.97 -3.97 -3.95 -3.95 -3.96 -3.99 -3.96 -3.97  ret=0.79 0.78 0.87 0.84 0.80 0.77 0.89 0.91 0.87 0.86 0.80 0.79 0.83 0.83 0.77 0.87
  [diag] gnorm=8.0e-02 8.8e-02 8.0e-02 8.6e-02 8.8e-02 9.0e-02 1.0e-01 1.2e-01 1.1e-01 1.5e-01 1.3e-01 1.4e-01 1.3e-01 2.6e-01 1.2e-01 1.2e-01  wnorm=58.1 58.2 58.2 58.5 58.8 59.1 58.9 59.1 59.5 59.8 60.4 61.0 61.3 62.0 63.0 62.6
step 10050 ep4/10 [10050/32130  31%]  loss=3.2844 ppl=26.7 lr=7.91e-05 | 71182 tok/s (avg 82781) ETA 163m52s | gtok=370,464,768 | GPU 1.3/8.9GB
step 10100 ep4/10 [10100/32130  31%]  loss=3.5607 ppl=35.2 lr=7.89e-05 | 83156 tok/s (avg 82783) ETA 163m29s | gtok=372,307,968 | GPU 1.3/8.9GB
step 10150 ep4/10 [10150/32130  32%]  loss=3.3531 ppl=28.6 lr=7.87e-05 | 83376 tok/s (avg 82786) ETA 163m07s | gtok=374,151,168 | GPU 1.3/8.9GB
step 10200 ep4/10 [10200/32130  32%]  loss=3.2706 ppl=26.3 lr=7.85e-05 | 83378 tok/s (avg 82789) ETA 162m44s | gtok=375,994,368 | GPU 1.3/8.9GB
step 10250 ep4/10 [10250/32130  32%]  loss=3.3427 ppl=28.3 lr=7.83e-05 | 83337 tok/s (avg 82792) ETA 162m21s | gtok=377,837,568 | GPU 1.3/8.9GB
step 10300 ep4/10 [10300/32130  32%]  loss=3.6237 ppl=37.5 lr=7.81e-05 | 83444 tok/s (avg 82795) ETA 161m59s | gtok=379,680,768 | GPU 1.3/8.9GB
step 10350 ep4/10 [10350/32130  32%]  loss=3.4602 ppl=31.8 lr=7.79e-05 | 83014 tok/s (avg 82796) ETA 161m36s | gtok=381,523,968 | GPU 1.3/8.9GB
step 10400 ep4/10 [10400/32130  32%]  loss=3.5260 ppl=34.0 lr=7.77e-05 | 83488 tok/s (avg 82799) ETA 161m14s | gtok=383,367,168 | GPU 1.3/8.9GB
step 10450 ep4/10 [10450/32130  33%]  loss=3.3304 ppl=27.9 lr=7.75e-05 | 83184 tok/s (avg 82801) ETA 160m51s | gtok=385,210,368 | GPU 1.3/8.9GB
step 10500 ep4/10 [10500/32130  33%]  loss=3.5108 ppl=33.5 lr=7.73e-05 | 83496 tok/s (avg 82804) ETA 160m29s | gtok=387,053,568 | GPU 1.3/8.9GB
step 10550 ep4/10 [10550/32130  33%]  loss=3.5457 ppl=34.7 lr=7.71e-05 | 83005 tok/s (avg 82805) ETA 160m06s | gtok=388,896,768 | GPU 1.3/8.9GB
step 10600 ep4/10 [10600/32130  33%]  loss=3.4575 ppl=31.7 lr=7.69e-05 | 83384 tok/s (avg 82808) ETA 159m44s | gtok=390,739,968 | GPU 1.3/8.9GB
step 10650 ep4/10 [10650/32130  33%]  loss=3.3749 ppl=29.2 lr=7.67e-05 | 83070 tok/s (avg 82809) ETA 159m21s | gtok=392,583,168 | GPU 1.3/8.9GB
step 10700 ep4/10 [10700/32130  33%]  loss=3.3818 ppl=29.4 lr=7.65e-05 | 83206 tok/s (avg 82811) ETA 158m59s | gtok=394,426,368 | GPU 1.3/8.9GB
step 10750 ep4/10 [10750/32130  33%]  loss=3.1626 ppl=23.6 lr=7.63e-05 | 83386 tok/s (avg 82814) ETA 158m36s | gtok=396,269,568 | GPU 1.3/8.9GB
step 10800 ep4/10 [10800/32130  34%]  loss=3.4055 ppl=30.1 lr=7.60e-05 | 82998 tok/s (avg 82814) ETA 158m14s | gtok=398,112,768 | GPU 1.3/8.9GB
step 10850 ep4/10 [10850/32130  34%]  loss=3.3261 ppl=27.8 lr=7.58e-05 | 83328 tok/s (avg 82817) ETA 157m51s | gtok=399,955,968 | GPU 1.3/8.9GB
step 10900 ep4/10 [10900/32130  34%]  loss=3.4753 ppl=32.3 lr=7.56e-05 | 83243 tok/s (avg 82819) ETA 157m29s | gtok=401,799,168 | GPU 1.3/8.9GB
step 10950 ep4/10 [10950/32130  34%]  loss=3.3022 ppl=27.2 lr=7.54e-05 | 83476 tok/s (avg 82822) ETA 157m06s | gtok=403,642,368 | GPU 1.3/8.9GB
step 11000 ep4/10 [11000/32130  34%]  loss=3.3214 ppl=27.7 lr=7.52e-05 | 83097 tok/s (avg 82823) ETA 156m44s | gtok=405,485,568 | GPU 1.3/8.9GB
step 11050 ep4/10 [11050/32130  34%]  loss=3.3664 ppl=29.0 lr=7.50e-05 | 83365 tok/s (avg 82825) ETA 156m21s | gtok=407,328,768 | GPU 1.3/8.9GB
step 11100 ep4/10 [11100/32130  35%]  loss=3.2810 ppl=26.6 lr=7.48e-05 | 83224 tok/s (avg 82827) ETA 155m59s | gtok=409,171,968 | GPU 1.3/8.9GB
step 11150 ep4/10 [11150/32130  35%]  loss=3.5777 ppl=35.8 lr=7.45e-05 | 83365 tok/s (avg 82829) ETA 155m36s | gtok=411,015,168 | GPU 1.3/8.9GB
step 11200 ep4/10 [11200/32130  35%]  loss=3.4518 ppl=31.6 lr=7.43e-05 | 83425 tok/s (avg 82832) ETA 155m14s | gtok=412,858,368 | GPU 1.3/8.9GB
step 11250 ep4/10 [11250/32130  35%]  loss=3.2341 ppl=25.4 lr=7.41e-05 | 83024 tok/s (avg 82833) ETA 154m52s | gtok=414,701,568 | GPU 1.3/8.9GB
step 11300 ep4/10 [11300/32130  35%]  loss=3.2898 ppl=26.8 lr=7.39e-05 | 83372 tok/s (avg 82835) ETA 154m29s | gtok=416,544,768 | GPU 1.3/8.9GB
step 11350 ep4/10 [11350/32130  35%]  loss=3.3322 ppl=28.0 lr=7.37e-05 | 83349 tok/s (avg 82838) ETA 154m07s | gtok=418,387,968 | GPU 1.3/8.9GB
step 11400 ep4/10 [11400/32130  35%]  loss=3.3227 ppl=27.7 lr=7.35e-05 | 83504 tok/s (avg 82840) ETA 153m44s | gtok=420,231,168 | GPU 1.3/8.9GB
step 11450 ep4/10 [11450/32130  36%]  loss=3.4905 ppl=32.8 lr=7.32e-05 | 83136 tok/s (avg 82842) ETA 153m22s | gtok=422,074,368 | GPU 1.3/8.9GB
step 11500 ep4/10 [11500/32130  36%]  loss=3.4882 ppl=32.7 lr=7.30e-05 | 83317 tok/s (avg 82844) ETA 152m59s | gtok=423,917,568 | GPU 1.3/8.9GB
step 11550 ep4/10 [11550/32130  36%]  loss=3.2904 ppl=26.9 lr=7.28e-05 | 83119 tok/s (avg 82845) ETA 152m37s | gtok=425,760,768 | GPU 1.3/8.9GB
step 11600 ep4/10 [11600/32130  36%]  loss=3.3330 ppl=28.0 lr=7.26e-05 | 83362 tok/s (avg 82847) ETA 152m14s | gtok=427,603,968 | GPU 1.3/8.9GB
step 11650 ep4/10 [11650/32130  36%]  loss=3.2644 ppl=26.2 lr=7.23e-05 | 83080 tok/s (avg 82848) ETA 151m52s | gtok=429,447,168 | GPU 1.3/8.9GB
step 11700 ep4/10 [11700/32130  36%]  loss=3.3524 ppl=28.6 lr=7.21e-05 | 83070 tok/s (avg 82849) ETA 151m30s | gtok=431,290,368 | GPU 1.3/8.9GB
step 11750 ep4/10 [11750/32130  37%]  loss=3.4152 ppl=30.4 lr=7.19e-05 | 83491 tok/s (avg 82852) ETA 151m07s | gtok=433,133,568 | GPU 1.3/8.9GB
step 11800 ep4/10 [11800/32130  37%]  loss=3.2479 ppl=25.7 lr=7.17e-05 | 83092 tok/s (avg 82853) ETA 150m45s | gtok=434,976,768 | GPU 1.3/8.9GB
step 11850 ep4/10 [11850/32130  37%]  loss=3.4024 ppl=30.0 lr=7.15e-05 | 83313 tok/s (avg 82855) ETA 150m22s | gtok=436,819,968 | GPU 1.3/8.9GB
step 11900 ep4/10 [11900/32130  37%]  loss=3.4056 ppl=30.1 lr=7.12e-05 | 83091 tok/s (avg 82856) ETA 150m00s | gtok=438,663,168 | GPU 1.3/8.9GB
step 11950 ep4/10 [11950/32130  37%]  loss=3.3289 ppl=27.9 lr=7.10e-05 | 83217 tok/s (avg 82857) ETA 149m37s | gtok=440,506,368 | GPU 1.3/8.9GB
step 12000 ep4/10 [12000/32130  37%]  loss=3.4529 ppl=31.6 lr=7.08e-05 | 83192 tok/s (avg 82859) ETA 149m15s | gtok=442,349,568 | GPU 1.3/8.9GB
  [checkpoint] step 12000 -> checkpoints_v13_sempty/wikitext_chrono_fair_7b24e44/best_model.pt
  [val @ step 12000] val_loss=3.3123 val_ppl=27.45 *best* (best 27.45)
  [checkpoint] step 12000 -> checkpoints_v13_sempty/wikitext_chrono_fair_7b24e44/latest.pt
  [diag] step 12000 cgu=+0.72 +0.75 +0.78 +0.81 +0.86 +0.92 +0.99 +1.05 +1.15 +1.22 +1.34 +1.40 +1.46 +1.41 +1.54 +1.42  pam=+0.20 +0.20 +0.15 +0.17 +0.21 +0.24 +0.12 +0.10 +0.17 +0.15 +0.24 +0.24 +0.23 +0.27 +0.26 +0.20
  [diag] dtbias=-3.96 -3.95 -3.97 -3.96 -3.95 -3.94 -3.98 -3.99 -3.96 -3.97 -3.95 -3.95 -3.96 -3.99 -3.96 -3.96  ret=0.79 0.78 0.87 0.84 0.80 0.77 0.89 0.91 0.87 0.86 0.79 0.78 0.82 0.82 0.77 0.86
  [diag] gnorm=8.4e-02 1.0e-01 8.2e-02 9.3e-02 9.4e-02 1.0e-01 1.1e-01 1.5e-01 1.1e-01 1.5e-01 1.3e-01 1.6e-01 1.4e-01 2.7e-01 1.3e-01 1.2e-01  wnorm=58.4 58.6 58.6 58.9 59.2 59.5 59.3 59.5 59.9 60.2 60.9 61.5 61.8 62.5 63.5 63.2
step 12050 ep4/10 [12050/32130  38%]  loss=3.3638 ppl=28.9 lr=7.06e-05 | 66415 tok/s (avg 82774) ETA 149m02s | gtok=444,192,768 | GPU 1.3/8.9GB
step 12100 ep4/10 [12100/32130  38%]  loss=3.4549 ppl=31.7 lr=7.03e-05 | 83201 tok/s (avg 82775) ETA 148m39s | gtok=446,035,968 | GPU 1.3/8.9GB
step 12150 ep4/10 [12150/32130  38%]  loss=3.3717 ppl=29.1 lr=7.01e-05 | 83193 tok/s (avg 82777) ETA 148m17s | gtok=447,879,168 | GPU 1.3/8.9GB
step 12200 ep4/10 [12200/32130  38%]  loss=3.2407 ppl=25.6 lr=6.99e-05 | 83329 tok/s (avg 82779) ETA 147m55s | gtok=449,722,368 | GPU 1.3/8.9GB
step 12250 ep4/10 [12250/32130  38%]  loss=3.2603 ppl=26.1 lr=6.96e-05 | 83232 tok/s (avg 82781) ETA 147m32s | gtok=451,565,568 | GPU 1.3/8.9GB
step 12300 ep4/10 [12300/32130  38%]  loss=3.2813 ppl=26.6 lr=6.94e-05 | 83215 tok/s (avg 82783) ETA 147m10s | gtok=453,408,768 | GPU 1.3/8.9GB
step 12350 ep4/10 [12350/32130  38%]  loss=3.2662 ppl=26.2 lr=6.92e-05 | 83050 tok/s (avg 82784) ETA 146m47s | gtok=455,251,968 | GPU 1.3/8.9GB
step 12400 ep4/10 [12400/32130  39%]  loss=3.3460 ppl=28.4 lr=6.90e-05 | 83496 tok/s (avg 82787) ETA 146m25s | gtok=457,095,168 | GPU 1.3/8.9GB
step 12450 ep4/10 [12450/32130  39%]  loss=3.4504 ppl=31.5 lr=6.87e-05 | 83236 tok/s (avg 82789) ETA 146m02s | gtok=458,938,368 | GPU 1.3/8.9GB
step 12500 ep4/10 [12500/32130  39%]  loss=3.4589 ppl=31.8 lr=6.85e-05 | 83264 tok/s (avg 82790) ETA 145m40s | gtok=460,781,568 | GPU 1.3/8.9GB
step 12550 ep4/10 [12550/32130  39%]  loss=3.3508 ppl=28.5 lr=6.83e-05 | 83098 tok/s (avg 82792) ETA 145m17s | gtok=462,624,768 | GPU 1.3/8.9GB
step 12600 ep4/10 [12600/32130  39%]  loss=3.0632 ppl=21.4 lr=6.80e-05 | 83439 tok/s (avg 82794) ETA 144m55s | gtok=464,467,968 | GPU 1.3/8.9GB
step 12650 ep4/10 [12650/32130  39%]  loss=3.3610 ppl=28.8 lr=6.78e-05 | 83149 tok/s (avg 82796) ETA 144m32s | gtok=466,311,168 | GPU 1.3/8.9GB
step 12700 ep4/10 [12700/32130  40%]  loss=3.3506 ppl=28.5 lr=6.76e-05 | 83468 tok/s (avg 82798) ETA 144m10s | gtok=468,154,368 | GPU 1.3/8.9GB
step 12750 ep4/10 [12750/32130  40%]  loss=3.4816 ppl=32.5 lr=6.73e-05 | 83083 tok/s (avg 82799) ETA 143m48s | gtok=469,997,568 | GPU 1.3/8.9GB
step 12800 ep4/10 [12800/32130  40%]  loss=3.3588 ppl=28.8 lr=6.71e-05 | 83361 tok/s (avg 82802) ETA 143m25s | gtok=471,840,768 | GPU 1.3/8.9GB
step 12850 ep4/10 [12850/32130  40%]  loss=3.1707 ppl=23.8 lr=6.69e-05 | 83154 tok/s (avg 82803) ETA 143m03s | gtok=473,683,968 | GPU 1.3/8.9GB
=== Epoch 4/10 done | step 12852 | train_loss=3.3698 ppl=29.07 | gtok=473,751,552 | 23.9 min | best_val_ppl=27.45 ===
step 12900 ep5/10 [12900/32130  40%]  loss=3.2619 ppl=26.1 lr=6.66e-05 | 83409 tok/s (avg 82805) ETA 142m40s | gtok=475,521,024 | GPU 1.3/8.9GB
step 12950 ep5/10 [12950/32130  40%]  loss=3.2285 ppl=25.2 lr=6.64e-05 | 83525 tok/s (avg 82808) ETA 142m18s | gtok=477,364,224 | GPU 1.3/8.9GB
step 13000 ep5/10 [13000/32130  40%]  loss=3.3199 ppl=27.7 lr=6.62e-05 | 83172 tok/s (avg 82809) ETA 141m55s | gtok=479,207,424 | GPU 1.3/8.9GB
step 13050 ep5/10 [13050/32130  41%]  loss=3.3730 ppl=29.2 lr=6.59e-05 | 83477 tok/s (avg 82812) ETA 141m33s | gtok=481,050,624 | GPU 1.3/8.9GB
step 13100 ep5/10 [13100/32130  41%]  loss=3.4803 ppl=32.5 lr=6.57e-05 | 83298 tok/s (avg 82814) ETA 141m10s | gtok=482,893,824 | GPU 1.3/8.9GB
step 13150 ep5/10 [13150/32130  41%]  loss=3.2349 ppl=25.4 lr=6.55e-05 | 83529 tok/s (avg 82816) ETA 140m48s | gtok=484,737,024 | GPU 1.3/8.9GB
step 13200 ep5/10 [13200/32130  41%]  loss=3.4218 ppl=30.6 lr=6.52e-05 | 83278 tok/s (avg 82818) ETA 140m25s | gtok=486,580,224 | GPU 1.3/8.9GB
step 13250 ep5/10 [13250/32130  41%]  loss=3.2998 ppl=27.1 lr=6.50e-05 | 83508 tok/s (avg 82821) ETA 140m03s | gtok=488,423,424 | GPU 1.3/8.9GB
step 13300 ep5/10 [13300/32130  41%]  loss=3.1441 ppl=23.2 lr=6.48e-05 | 83141 tok/s (avg 82822) ETA 139m40s | gtok=490,266,624 | GPU 1.3/8.9GB
step 13350 ep5/10 [13350/32130  42%]  loss=3.2450 ppl=25.7 lr=6.45e-05 | 83430 tok/s (avg 82824) ETA 139m18s | gtok=492,109,824 | GPU 1.3/8.9GB
step 13400 ep5/10 [13400/32130  42%]  loss=3.3279 ppl=27.9 lr=6.43e-05 | 83378 tok/s (avg 82826) ETA 138m55s | gtok=493,953,024 | GPU 1.3/8.9GB
step 13450 ep5/10 [13450/32130  42%]  loss=3.2165 ppl=24.9 lr=6.40e-05 | 83299 tok/s (avg 82828) ETA 138m33s | gtok=495,796,224 | GPU 1.3/8.9GB
step 13500 ep5/10 [13500/32130  42%]  loss=3.3078 ppl=27.3 lr=6.38e-05 | 83370 tok/s (avg 82830) ETA 138m10s | gtok=497,639,424 | GPU 1.3/8.9GB
step 13550 ep5/10 [13550/32130  42%]  loss=3.1419 ppl=23.1 lr=6.36e-05 | 83140 tok/s (avg 82831) ETA 137m48s | gtok=499,482,624 | GPU 1.3/8.9GB
step 13600 ep5/10 [13600/32130  42%]  loss=3.3178 ppl=27.6 lr=6.33e-05 | 83454 tok/s (avg 82833) ETA 137m26s | gtok=501,325,824 | GPU 1.3/8.9GB
step 13650 ep5/10 [13650/32130  42%]  loss=3.2833 ppl=26.7 lr=6.31e-05 | 83310 tok/s (avg 82835) ETA 137m03s | gtok=503,169,024 | GPU 1.3/8.9GB
step 13700 ep5/10 [13700/32130  43%]  loss=3.1483 ppl=23.3 lr=6.28e-05 | 83516 tok/s (avg 82838) ETA 136m41s | gtok=505,012,224 | GPU 1.3/8.9GB
step 13750 ep5/10 [13750/32130  43%]  loss=3.2274 ppl=25.2 lr=6.26e-05 | 83297 tok/s (avg 82839) ETA 136m18s | gtok=506,855,424 | GPU 1.3/8.9GB
step 13800 ep5/10 [13800/32130  43%]  loss=3.3277 ppl=27.9 lr=6.24e-05 | 83458 tok/s (avg 82841) ETA 135m56s | gtok=508,698,624 | GPU 1.3/8.9GB
step 13850 ep5/10 [13850/32130  43%]  loss=3.3114 ppl=27.4 lr=6.21e-05 | 83191 tok/s (avg 82843) ETA 135m33s | gtok=510,541,824 | GPU 1.3/8.9GB
step 13900 ep5/10 [13900/32130  43%]  loss=3.1689 ppl=23.8 lr=6.19e-05 | 83351 tok/s (avg 82845) ETA 135m11s | gtok=512,385,024 | GPU 1.3/8.9GB
step 13950 ep5/10 [13950/32130  43%]  loss=3.1233 ppl=22.7 lr=6.16e-05 | 83370 tok/s (avg 82846) ETA 134m49s | gtok=514,228,224 | GPU 1.3/8.9GB
step 14000 ep5/10 [14000/32130  44%]  loss=3.2521 ppl=25.8 lr=6.14e-05 | 83303 tok/s (avg 82848) ETA 134m26s | gtok=516,071,424 | GPU 1.3/8.9GB
  [checkpoint] step 14000 -> checkpoints_v13_sempty/wikitext_chrono_fair_7b24e44/best_model.pt
  [val @ step 14000] val_loss=3.2680 val_ppl=26.26 *best* (best 26.26)
  [diag] step 14000 cgu=+0.70 +0.74 +0.77 +0.81 +0.86 +0.92 +0.99 +1.06 +1.16 +1.23 +1.36 +1.42 +1.48 +1.43 +1.58 +1.45  pam=+0.21 +0.21 +0.16 +0.18 +0.22 +0.25 +0.12 +0.10 +0.18 +0.15 +0.25 +0.25 +0.23 +0.28 +0.27 +0.21
  [diag] dtbias=-3.95 -3.95 -3.97 -3.96 -3.95 -3.94 -3.98 -3.99 -3.96 -3.97 -3.95 -3.95 -3.96 -3.99 -3.95 -3.96  ret=0.78 0.78 0.87 0.83 0.79 0.76 0.88 0.91 0.86 0.86 0.79 0.78 0.82 0.82 0.76 0.85
  [diag] gnorm=8.2e-02 9.4e-02 8.5e-02 9.0e-02 9.4e-02 1.0e-01 1.1e-01 1.2e-01 1.1e-01 1.6e-01 1.3e-01 1.4e-01 1.4e-01 2.5e-01 1.3e-01 1.2e-01  wnorm=58.7 58.9 58.9 59.2 59.5 59.8 59.6 59.8 60.3 60.6 61.2 61.8 62.2 62.8 63.9 63.6
step 14050 ep5/10 [14050/32130  44%]  loss=3.3465 ppl=28.4 lr=6.12e-05 | 70978 tok/s (avg 82799) ETA 134m09s | gtok=517,914,624 | GPU 1.3/8.9GB
step 14100 ep5/10 [14100/32130  44%]  loss=3.2052 ppl=24.7 lr=6.09e-05 | 83157 tok/s (avg 82800) ETA 133m46s | gtok=519,757,824 | GPU 1.3/8.9GB
step 14150 ep5/10 [14150/32130  44%]  loss=3.3646 ppl=28.9 lr=6.07e-05 | 83435 tok/s (avg 82802) ETA 133m24s | gtok=521,601,024 | GPU 1.3/8.9GB
step 14200 ep5/10 [14200/32130  44%]  loss=3.2182 ppl=25.0 lr=6.04e-05 | 83514 tok/s (avg 82805) ETA 133m01s | gtok=523,444,224 | GPU 1.3/8.9GB
step 14250 ep5/10 [14250/32130  44%]  loss=3.3654 ppl=28.9 lr=6.02e-05 | 83125 tok/s (avg 82806) ETA 132m39s | gtok=525,287,424 | GPU 1.3/8.9GB
step 14300 ep5/10 [14300/32130  45%]  loss=3.1595 ppl=23.6 lr=5.99e-05 | 83331 tok/s (avg 82808) ETA 132m17s | gtok=527,130,624 | GPU 1.3/8.9GB
step 14350 ep5/10 [14350/32130  45%]  loss=3.1649 ppl=23.7 lr=5.97e-05 | 83271 tok/s (avg 82809) ETA 131m54s | gtok=528,973,824 | GPU 1.3/8.9GB
step 14400 ep5/10 [14400/32130  45%]  loss=3.2651 ppl=26.2 lr=5.95e-05 | 83119 tok/s (avg 82810) ETA 131m32s | gtok=530,817,024 | GPU 1.3/8.9GB
step 14450 ep5/10 [14450/32130  45%]  loss=3.2780 ppl=26.5 lr=5.92e-05 | 83494 tok/s (avg 82813) ETA 131m09s | gtok=532,660,224 | GPU 1.3/8.9GB
step 14500 ep5/10 [14500/32130  45%]  loss=3.4393 ppl=31.2 lr=5.90e-05 | 83225 tok/s (avg 82814) ETA 130m47s | gtok=534,503,424 | GPU 1.3/8.9GB
step 14550 ep5/10 [14550/32130  45%]  loss=3.2553 ppl=25.9 lr=5.87e-05 | 83428 tok/s (avg 82816) ETA 130m25s | gtok=536,346,624 | GPU 1.3/8.9GB
step 14600 ep5/10 [14600/32130  45%]  loss=3.1755 ppl=23.9 lr=5.85e-05 | 83050 tok/s (avg 82817) ETA 130m02s | gtok=538,189,824 | GPU 1.3/8.9GB
step 14650 ep5/10 [14650/32130  46%]  loss=3.2751 ppl=26.4 lr=5.82e-05 | 83488 tok/s (avg 82819) ETA 129m40s | gtok=540,033,024 | GPU 1.3/8.9GB
step 14700 ep5/10 [14700/32130  46%]  loss=3.3457 ppl=28.4 lr=5.80e-05 | 83186 tok/s (avg 82820) ETA 129m17s | gtok=541,876,224 | GPU 1.3/8.9GB
step 14750 ep5/10 [14750/32130  46%]  loss=3.1695 ppl=23.8 lr=5.77e-05 | 83492 tok/s (avg 82823) ETA 128m55s | gtok=543,719,424 | GPU 1.3/8.9GB
step 14800 ep5/10 [14800/32130  46%]  loss=3.2864 ppl=26.7 lr=5.75e-05 | 83048 tok/s (avg 82823) ETA 128m33s | gtok=545,562,624 | GPU 1.3/8.9GB
step 14850 ep5/10 [14850/32130  46%]  loss=3.2887 ppl=26.8 lr=5.72e-05 | 83231 tok/s (avg 82825) ETA 128m10s | gtok=547,405,824 | GPU 1.3/8.9GB
step 14900 ep5/10 [14900/32130  46%]  loss=3.2937 ppl=26.9 lr=5.70e-05 | 83505 tok/s (avg 82827) ETA 127m48s | gtok=549,249,024 | GPU 1.3/8.9GB
step 14950 ep5/10 [14950/32130  47%]  loss=3.1870 ppl=24.2 lr=5.68e-05 | 83334 tok/s (avg 82829) ETA 127m25s | gtok=551,092,224 | GPU 1.3/8.9GB
step 15000 ep5/10 [15000/32130  47%]  loss=3.3509 ppl=28.5 lr=5.65e-05 | 83487 tok/s (avg 82831) ETA 127m03s | gtok=552,935,424 | GPU 1.3/8.9GB
step 15050 ep5/10 [15050/32130  47%]  loss=3.3307 ppl=28.0 lr=5.63e-05 | 83140 tok/s (avg 82832) ETA 126m41s | gtok=554,778,624 | GPU 1.3/8.9GB
step 15100 ep5/10 [15100/32130  47%]  loss=3.1418 ppl=23.1 lr=5.60e-05 | 83498 tok/s (avg 82834) ETA 126m18s | gtok=556,621,824 | GPU 1.3/8.9GB
step 15150 ep5/10 [15150/32130  47%]  loss=3.1555 ppl=23.5 lr=5.58e-05 | 83174 tok/s (avg 82835) ETA 125m56s | gtok=558,465,024 | GPU 1.3/8.9GB
step 15200 ep5/10 [15200/32130  47%]  loss=3.2409 ppl=25.6 lr=5.55e-05 | 83493 tok/s (avg 82837) ETA 125m33s | gtok=560,308,224 | GPU 1.3/8.9GB
step 15250 ep5/10 [15250/32130  47%]  loss=3.0607 ppl=21.3 lr=5.53e-05 | 83134 tok/s (avg 82838) ETA 125m11s | gtok=562,151,424 | GPU 1.3/8.9GB
step 15300 ep5/10 [15300/32130  48%]  loss=3.4966 ppl=33.0 lr=5.50e-05 | 83256 tok/s (avg 82840) ETA 124m49s | gtok=563,994,624 | GPU 1.3/8.9GB
step 15350 ep5/10 [15350/32130  48%]  loss=3.2403 ppl=25.5 lr=5.48e-05 | 83451 tok/s (avg 82842) ETA 124m26s | gtok=565,837,824 | GPU 1.3/8.9GB
step 15400 ep5/10 [15400/32130  48%]  loss=3.3979 ppl=29.9 lr=5.45e-05 | 83104 tok/s (avg 82843) ETA 124m04s | gtok=567,681,024 | GPU 1.3/8.9GB
step 15450 ep5/10 [15450/32130  48%]  loss=3.0732 ppl=21.6 lr=5.43e-05 | 83194 tok/s (avg 82844) ETA 123m41s | gtok=569,524,224 | GPU 1.3/8.9GB
step 15500 ep5/10 [15500/32130  48%]  loss=3.3558 ppl=28.7 lr=5.40e-05 | 83025 tok/s (avg 82844) ETA 123m19s | gtok=571,367,424 | GPU 1.3/8.9GB
step 15550 ep5/10 [15550/32130  48%]  loss=3.1555 ppl=23.5 lr=5.38e-05 | 83482 tok/s (avg 82846) ETA 122m57s | gtok=573,210,624 | GPU 1.3/8.9GB
step 15600 ep5/10 [15600/32130  49%]  loss=3.3702 ppl=29.1 lr=5.35e-05 | 83290 tok/s (avg 82848) ETA 122m34s | gtok=575,053,824 | GPU 1.3/8.9GB
step 15650 ep5/10 [15650/32130  49%]  loss=3.1605 ppl=23.6 lr=5.33e-05 | 83510 tok/s (avg 82850) ETA 122m12s | gtok=576,897,024 | GPU 1.3/8.9GB
step 15700 ep5/10 [15700/32130  49%]  loss=3.1626 ppl=23.6 lr=5.31e-05 | 83110 tok/s (avg 82851) ETA 121m50s | gtok=578,740,224 | GPU 1.3/8.9GB
step 15750 ep5/10 [15750/32130  49%]  loss=3.2722 ppl=26.4 lr=5.28e-05 | 83356 tok/s (avg 82852) ETA 121m27s | gtok=580,583,424 | GPU 1.3/8.9GB
step 15800 ep5/10 [15800/32130  49%]  loss=3.2502 ppl=25.8 lr=5.26e-05 | 82971 tok/s (avg 82853) ETA 121m05s | gtok=582,426,624 | GPU 1.3/8.9GB
step 15850 ep5/10 [15850/32130  49%]  loss=3.3466 ppl=28.4 lr=5.23e-05 | 83390 tok/s (avg 82854) ETA 120m43s | gtok=584,269,824 | GPU 1.3/8.9GB
step 15900 ep5/10 [15900/32130  49%]  loss=3.3256 ppl=27.8 lr=5.21e-05 | 83350 tok/s (avg 82856) ETA 120m20s | gtok=586,113,024 | GPU 1.3/8.9GB
step 15950 ep5/10 [15950/32130  50%]  loss=3.2784 ppl=26.5 lr=5.18e-05 | 83345 tok/s (avg 82857) ETA 119m58s | gtok=587,956,224 | GPU 1.3/8.9GB
step 16000 ep5/10 [16000/32130  50%]  loss=3.2483 ppl=25.7 lr=5.16e-05 | 83319 tok/s (avg 82859) ETA 119m35s | gtok=589,799,424 | GPU 1.3/8.9GB
  [gen @ step 16000] failed: multi-state / delta / chrono decode is not implemented; run rungs with --gen_every 0 (probe/val use the chunked path)
  [checkpoint] step 16000 -> checkpoints_v13_sempty/wikitext_chrono_fair_7b24e44/best_model.pt
  [val @ step 16000] val_loss=3.2240 val_ppl=25.13 *best* (best 25.13)
  [checkpoint] step 16000 -> checkpoints_v13_sempty/wikitext_chrono_fair_7b24e44/latest.pt
  [diag] step 16000 cgu=+0.69 +0.73 +0.77 +0.81 +0.86 +0.92 +0.99 +1.06 +1.16 +1.24 +1.36 +1.43 +1.50 +1.44 +1.60 +1.47  pam=+0.22 +0.21 +0.16 +0.18 +0.22 +0.26 +0.12 +0.10 +0.18 +0.14 +0.25 +0.25 +0.24 +0.28 +0.28 +0.22
  [diag] dtbias=-3.95 -3.94 -3.96 -3.95 -3.94 -3.93 -3.97 -3.99 -3.96 -3.97 -3.94 -3.94 -3.95 -3.99 -3.95 -3.96  ret=0.78 0.77 0.86 0.82 0.78 0.75 0.88 0.91 0.86 0.86 0.79 0.77 0.82 0.82 0.76 0.85
  [diag] gnorm=1.0e-01 1.0e-01 9.6e-02 1.0e-01 1.1e-01 1.1e-01 1.2e-01 1.5e-01 1.3e-01 1.6e-01 1.6e-01 1.6e-01 1.5e-01 2.9e-01 1.5e-01 1.5e-01  wnorm=58.9 59.1 59.1 59.4 59.7 60.0 59.9 60.0 60.5 60.8 61.4 62.1 62.4 63.1 64.2 63.9
step 16050 ep5/10 [16050/32130  50%]  loss=3.2499 ppl=25.8 lr=5.13e-05 | 66379 tok/s (avg 82795) ETA 119m19s | gtok=591,642,624 | GPU 1.3/8.9GB
=== Epoch 5/10 done | step 16065 | train_loss=3.2604 ppl=26.06 | gtok=592,189,440 | 23.9 min | best_val_ppl=25.13 ===
step 16100 ep6/10 [16100/32130  50%]  loss=3.1678 ppl=23.8 lr=5.11e-05 | 83388 tok/s (avg 82797) ETA 118m56s | gtok=593,479,680 | GPU 1.3/8.9GB
step 16150 ep6/10 [16150/32130  50%]  loss=3.1763 ppl=24.0 lr=5.08e-05 | 83081 tok/s (avg 82797) ETA 118m34s | gtok=595,322,880 | GPU 1.3/8.9GB
step 16200 ep6/10 [16200/32130  50%]  loss=3.0460 ppl=21.0 lr=5.06e-05 | 83267 tok/s (avg 82799) ETA 118m12s | gtok=597,166,080 | GPU 1.3/8.9GB
step 16250 ep6/10 [16250/32130  51%]  loss=3.3127 ppl=27.5 lr=5.03e-05 | 83179 tok/s (avg 82800) ETA 117m49s | gtok=599,009,280 | GPU 1.3/8.9GB
step 16300 ep6/10 [16300/32130  51%]  loss=3.2793 ppl=26.6 lr=5.01e-05 | 83290 tok/s (avg 82802) ETA 117m27s | gtok=600,852,480 | GPU 1.3/8.9GB
step 16350 ep6/10 [16350/32130  51%]  loss=3.2408 ppl=25.6 lr=4.98e-05 | 82951 tok/s (avg 82802) ETA 117m05s | gtok=602,695,680 | GPU 1.3/8.9GB
step 16400 ep6/10 [16400/32130  51%]  loss=3.1097 ppl=22.4 lr=4.96e-05 | 83163 tok/s (avg 82803) ETA 116m42s | gtok=604,538,880 | GPU 1.3/8.9GB
step 16450 ep6/10 [16450/32130  51%]  loss=3.1368 ppl=23.0 lr=4.93e-05 | 83186 tok/s (avg 82804) ETA 116m20s | gtok=606,382,080 | GPU 1.3/8.9GB
step 16500 ep6/10 [16500/32130  51%]  loss=3.1472 ppl=23.3 lr=4.91e-05 | 83189 tok/s (avg 82805) ETA 115m57s | gtok=608,225,280 | GPU 1.3/8.9GB
step 16550 ep6/10 [16550/32130  52%]  loss=3.0703 ppl=21.5 lr=4.88e-05 | 83313 tok/s (avg 82807) ETA 115m35s | gtok=610,068,480 | GPU 1.3/8.9GB
step 16600 ep6/10 [16600/32130  52%]  loss=3.1339 ppl=23.0 lr=4.86e-05 | 83117 tok/s (avg 82808) ETA 115m13s | gtok=611,911,680 | GPU 1.3/8.9GB
step 16650 ep6/10 [16650/32130  52%]  loss=3.2286 ppl=25.2 lr=4.83e-05 | 83345 tok/s (avg 82809) ETA 114m50s | gtok=613,754,880 | GPU 1.3/8.9GB
step 16700 ep6/10 [16700/32130  52%]  loss=3.0253 ppl=20.6 lr=4.81e-05 | 83134 tok/s (avg 82810) ETA 114m28s | gtok=615,598,080 | GPU 1.3/8.9GB
step 16750 ep6/10 [16750/32130  52%]  loss=3.0951 ppl=22.1 lr=4.78e-05 | 83451 tok/s (avg 82812) ETA 114m06s | gtok=617,441,280 | GPU 1.3/8.9GB
step 16800 ep6/10 [16800/32130  52%]  loss=3.2578 ppl=26.0 lr=4.76e-05 | 83121 tok/s (avg 82813) ETA 113m43s | gtok=619,284,480 | GPU 1.3/8.9GB
step 16850 ep6/10 [16850/32130  52%]  loss=3.2005 ppl=24.5 lr=4.73e-05 | 83508 tok/s (avg 82815) ETA 113m21s | gtok=621,127,680 | GPU 1.3/8.9GB
step 16900 ep6/10 [16900/32130  53%]  loss=3.3199 ppl=27.7 lr=4.71e-05 | 83238 tok/s (avg 82816) ETA 112m58s | gtok=622,970,880 | GPU 1.3/8.9GB
step 16950 ep6/10 [16950/32130  53%]  loss=3.2888 ppl=26.8 lr=4.68e-05 | 83507 tok/s (avg 82819) ETA 112m36s | gtok=624,814,080 | GPU 1.3/8.9GB
step 17000 ep6/10 [17000/32130  53%]  loss=3.1364 ppl=23.0 lr=4.66e-05 | 83044 tok/s (avg 82819) ETA 112m14s | gtok=626,657,280 | GPU 1.3/8.9GB
step 17050 ep6/10 [17050/32130  53%]  loss=3.3559 ppl=28.7 lr=4.64e-05 | 83242 tok/s (avg 82820) ETA 111m51s | gtok=628,500,480 | GPU 1.3/8.9GB
step 17100 ep6/10 [17100/32130  53%]  loss=3.1381 ppl=23.1 lr=4.61e-05 | 83504 tok/s (avg 82822) ETA 111m29s | gtok=630,343,680 | GPU 1.3/8.9GB
step 17150 ep6/10 [17150/32130  53%]  loss=3.4079 ppl=30.2 lr=4.59e-05 | 83320 tok/s (avg 82824) ETA 111m07s | gtok=632,186,880 | GPU 1.3/8.9GB
step 17200 ep6/10 [17200/32130  54%]  loss=3.1777 ppl=24.0 lr=4.56e-05 | 83396 tok/s (avg 82825) ETA 110m44s | gtok=634,030,080 | GPU 1.3/8.9GB
step 17250 ep6/10 [17250/32130  54%]  loss=3.2791 ppl=26.6 lr=4.54e-05 | 82974 tok/s (avg 82826) ETA 110m22s | gtok=635,873,280 | GPU 1.3/8.9GB
step 17300 ep6/10 [17300/32130  54%]  loss=3.2562 ppl=26.0 lr=4.51e-05 | 83339 tok/s (avg 82827) ETA 110m00s | gtok=637,716,480 | GPU 1.3/8.9GB
step 17350 ep6/10 [17350/32130  54%]  loss=2.9766 ppl=19.6 lr=4.49e-05 | 83038 tok/s (avg 82828) ETA 109m37s | gtok=639,559,680 | GPU 1.3/8.9GB
step 17400 ep6/10 [17400/32130  54%]  loss=3.2507 ppl=25.8 lr=4.46e-05 | 83368 tok/s (avg 82830) ETA 109m15s | gtok=641,402,880 | GPU 1.3/8.9GB
step 17450 ep6/10 [17450/32130  54%]  loss=3.3285 ppl=27.9 lr=4.44e-05 | 82953 tok/s (avg 82830) ETA 108m53s | gtok=643,246,080 | GPU 1.3/8.9GB
step 17500 ep6/10 [17500/32130  54%]  loss=3.2890 ppl=26.8 lr=4.41e-05 | 83367 tok/s (avg 82831) ETA 108m30s | gtok=645,089,280 | GPU 1.3/8.9GB
step 17550 ep6/10 [17550/32130  55%]  loss=3.1764 ppl=24.0 lr=4.39e-05 | 83088 tok/s (avg 82832) ETA 108m08s | gtok=646,932,480 | GPU 1.3/8.9GB
step 17600 ep6/10 [17600/32130  55%]  loss=3.2265 ppl=25.2 lr=4.36e-05 | 83244 tok/s (avg 82833) ETA 107m46s | gtok=648,775,680 | GPU 1.3/8.9GB
step 17650 ep6/10 [17650/32130  55%]  loss=3.1879 ppl=24.2 lr=4.34e-05 | 83366 tok/s (avg 82835) ETA 107m23s | gtok=650,618,880 | GPU 1.3/8.9GB
step 17700 ep6/10 [17700/32130  55%]  loss=3.3351 ppl=28.1 lr=4.31e-05 | 82956 tok/s (avg 82835) ETA 107m01s | gtok=652,462,080 | GPU 1.3/8.9GB
step 17750 ep6/10 [17750/32130  55%]  loss=3.2750 ppl=26.4 lr=4.29e-05 | 83444 tok/s (avg 82837) ETA 106m39s | gtok=654,305,280 | GPU 1.3/8.9GB
step 17800 ep6/10 [17800/32130  55%]  loss=3.0659 ppl=21.5 lr=4.27e-05 | 83177 tok/s (avg 82838) ETA 106m16s | gtok=656,148,480 | GPU 1.3/8.9GB
step 17850 ep6/10 [17850/32130  56%]  loss=3.1750 ppl=23.9 lr=4.24e-05 | 83475 tok/s (avg 82840) ETA 105m54s | gtok=657,991,680 | GPU 1.3/8.9GB
step 17900 ep6/10 [17900/32130  56%]  loss=3.1018 ppl=22.2 lr=4.22e-05 | 83007 tok/s (avg 82840) ETA 105m32s | gtok=659,834,880 | GPU 1.3/8.9GB
step 17950 ep6/10 [17950/32130  56%]  loss=3.0428 ppl=21.0 lr=4.19e-05 | 83435 tok/s (avg 82842) ETA 105m09s | gtok=661,678,080 | GPU 1.3/8.9GB
step 18000 ep6/10 [18000/32130  56%]  loss=3.1394 ppl=23.1 lr=4.17e-05 | 83185 tok/s (avg 82843) ETA 104m47s | gtok=663,521,280 | GPU 1.3/8.9GB
  [checkpoint] step 18000 -> checkpoints_v13_sempty/wikitext_chrono_fair_7b24e44/best_model.pt
  [val @ step 18000] val_loss=3.2003 val_ppl=24.54 *best* (best 24.54)
  [diag] step 18000 cgu=+0.69 +0.73 +0.78 +0.81 +0.87 +0.94 +1.01 +1.07 +1.18 +1.25 +1.38 +1.45 +1.51 +1.46 +1.62 +1.49  pam=+0.24 +0.22 +0.17 +0.19 +0.23 +0.26 +0.13 +0.10 +0.18 +0.15 +0.25 +0.26 +0.24 +0.28 +0.29 +0.23
  [diag] dtbias=-3.95 -3.94 -3.96 -3.95 -3.94 -3.93 -3.97 -3.99 -3.96 -3.97 -3.94 -3.94 -3.95 -3.98 -3.95 -3.95  ret=0.77 0.76 0.86 0.82 0.78 0.75 0.88 0.91 0.86 0.86 0.78 0.77 0.81 0.81 0.75 0.84
  [diag] gnorm=8.2e-02 8.8e-02 8.7e-02 9.5e-02 1.0e-01 1.0e-01 1.2e-01 1.2e-01 1.2e-01 1.5e-01 1.4e-01 1.5e-01 1.4e-01 2.5e-01 1.4e-01 1.3e-01  wnorm=59.1 59.3 59.3 59.6 59.9 60.2 60.1 60.2 60.7 61.0 61.6 62.2 62.6 63.3 64.4 64.2
step 18050 ep6/10 [18050/32130  56%]  loss=2.9665 ppl=19.4 lr=4.14e-05 | 71134 tok/s (avg 82805) ETA 104m28s | gtok=665,364,480 | GPU 1.3/8.9GB
step 18100 ep6/10 [18100/32130  56%]  loss=3.2054 ppl=24.7 lr=4.12e-05 | 83468 tok/s (avg 82807) ETA 104m05s | gtok=667,207,680 | GPU 1.3/8.9GB
step 18150 ep6/10 [18150/32130  56%]  loss=3.1415 ppl=23.1 lr=4.09e-05 | 83181 tok/s (avg 82808) ETA 103m43s | gtok=669,050,880 | GPU 1.3/8.9GB
step 18200 ep6/10 [18200/32130  57%]  loss=3.2212 ppl=25.1 lr=4.07e-05 | 83333 tok/s (avg 82809) ETA 103m20s | gtok=670,894,080 | GPU 1.3/8.9GB
step 18250 ep6/10 [18250/32130  57%]  loss=3.1780 ppl=24.0 lr=4.04e-05 | 83193 tok/s (avg 82810) ETA 102m58s | gtok=672,737,280 | GPU 1.3/8.9GB
step 18300 ep6/10 [18300/32130  57%]  loss=3.2041 ppl=24.6 lr=4.02e-05 | 83281 tok/s (avg 82811) ETA 102m36s | gtok=674,580,480 | GPU 1.3/8.9GB
step 18350 ep6/10 [18350/32130  57%]  loss=3.0088 ppl=20.3 lr=4.00e-05 | 83242 tok/s (avg 82813) ETA 102m13s | gtok=676,423,680 | GPU 1.3/8.9GB
step 18400 ep6/10 [18400/32130  57%]  loss=3.2248 ppl=25.1 lr=3.97e-05 | 83299 tok/s (avg 82814) ETA 101m51s | gtok=678,266,880 | GPU 1.3/8.9GB
step 18450 ep6/10 [18450/32130  57%]  loss=3.0823 ppl=21.8 lr=3.95e-05 | 83434 tok/s (avg 82816) ETA 101m29s | gtok=680,110,080 | GPU 1.3/8.9GB
step 18500 ep6/10 [18500/32130  58%]  loss=3.1534 ppl=23.4 lr=3.92e-05 | 83110 tok/s (avg 82816) ETA 101m06s | gtok=681,953,280 | GPU 1.3/8.9GB
step 18550 ep6/10 [18550/32130  58%]  loss=3.2145 ppl=24.9 lr=3.90e-05 | 83473 tok/s (avg 82818) ETA 100m44s | gtok=683,796,480 | GPU 1.3/8.9GB
step 18600 ep6/10 [18600/32130  58%]  loss=3.3501 ppl=28.5 lr=3.87e-05 | 83152 tok/s (avg 82819) ETA 100m22s | gtok=685,639,680 | GPU 1.3/8.9GB
step 18650 ep6/10 [18650/32130  58%]  loss=3.1416 ppl=23.1 lr=3.85e-05 | 83468 tok/s (avg 82821) ETA 99m59s | gtok=687,482,880 | GPU 1.3/8.9GB
step 18700 ep6/10 [18700/32130  58%]  loss=3.2392 ppl=25.5 lr=3.83e-05 | 83103 tok/s (avg 82821) ETA 99m37s | gtok=689,326,080 | GPU 1.3/8.9GB
step 18750 ep6/10 [18750/32130  58%]  loss=3.0093 ppl=20.3 lr=3.80e-05 | 83432 tok/s (avg 82823) ETA 99m15s | gtok=691,169,280 | GPU 1.3/8.9GB
step 18800 ep6/10 [18800/32130  59%]  loss=3.1270 ppl=22.8 lr=3.78e-05 | 83074 tok/s (avg 82824) ETA 98m52s | gtok=693,012,480 | GPU 1.3/8.9GB
step 18850 ep6/10 [18850/32130  59%]  loss=3.2850 ppl=26.7 lr=3.75e-05 | 83368 tok/s (avg 82825) ETA 98m30s | gtok=694,855,680 | GPU 1.3/8.9GB
step 18900 ep6/10 [18900/32130  59%]  loss=3.1751 ppl=23.9 lr=3.73e-05 | 83082 tok/s (avg 82826) ETA 98m08s | gtok=696,698,880 | GPU 1.3/8.9GB
step 18950 ep6/10 [18950/32130  59%]  loss=3.2749 ppl=26.4 lr=3.71e-05 | 82998 tok/s (avg 82826) ETA 97m45s | gtok=698,542,080 | GPU 1.3/8.9GB
step 19000 ep6/10 [19000/32130  59%]  loss=3.2533 ppl=25.9 lr=3.68e-05 | 83270 tok/s (avg 82827) ETA 97m23s | gtok=700,385,280 | GPU 1.3/8.9GB
step 19050 ep6/10 [19050/32130  59%]  loss=3.2506 ppl=25.8 lr=3.66e-05 | 83333 tok/s (avg 82829) ETA 97m01s | gtok=702,228,480 | GPU 1.3/8.9GB
step 19100 ep6/10 [19100/32130  59%]  loss=3.0775 ppl=21.7 lr=3.63e-05 | 83516 tok/s (avg 82831) ETA 96m38s | gtok=704,071,680 | GPU 1.3/8.9GB
step 19150 ep6/10 [19150/32130  60%]  loss=3.2059 ppl=24.7 lr=3.61e-05 | 83192 tok/s (avg 82832) ETA 96m16s | gtok=705,914,880 | GPU 1.3/8.9GB
step 19200 ep6/10 [19200/32130  60%]  loss=3.2657 ppl=26.2 lr=3.59e-05 | 83382 tok/s (avg 82833) ETA 95m54s | gtok=707,758,080 | GPU 1.3/8.9GB
step 19250 ep6/10 [19250/32130  60%]  loss=3.1670 ppl=23.7 lr=3.56e-05 | 83218 tok/s (avg 82834) ETA 95m31s | gtok=709,601,280 | GPU 1.3/8.9GB
=== Epoch 6/10 done | step 19278 | train_loss=3.1828 ppl=24.11 | gtok=710,627,328 | 23.8 min | best_val_ppl=24.54 ===
step 19300 ep7/10 [19300/32130  60%]  loss=3.1330 ppl=22.9 lr=3.54e-05 | 83539 tok/s (avg 82836) ETA 95m09s | gtok=711,438,336 | GPU 1.3/8.9GB
step 19350 ep7/10 [19350/32130  60%]  loss=3.0459 ppl=21.0 lr=3.52e-05 | 83200 tok/s (avg 82837) ETA 94m47s | gtok=713,281,536 | GPU 1.3/8.9GB
step 19400 ep7/10 [19400/32130  60%]  loss=3.1448 ppl=23.2 lr=3.49e-05 | 83297 tok/s (avg 82838) ETA 94m24s | gtok=715,124,736 | GPU 1.3/8.9GB
step 19450 ep7/10 [19450/32130  61%]  loss=3.2288 ppl=25.3 lr=3.47e-05 | 83521 tok/s (avg 82840) ETA 94m02s | gtok=716,967,936 | GPU 1.3/8.9GB
step 19500 ep7/10 [19500/32130  61%]  loss=3.2506 ppl=25.8 lr=3.44e-05 | 83276 tok/s (avg 82841) ETA 93m40s | gtok=718,811,136 | GPU 1.3/8.9GB
step 19550 ep7/10 [19550/32130  61%]  loss=3.1343 ppl=23.0 lr=3.42e-05 | 83284 tok/s (avg 82842) ETA 93m17s | gtok=720,654,336 | GPU 1.3/8.9GB
step 19600 ep7/10 [19600/32130  61%]  loss=3.1326 ppl=22.9 lr=3.40e-05 | 83191 tok/s (avg 82843) ETA 92m55s | gtok=722,497,536 | GPU 1.3/8.9GB
step 19650 ep7/10 [19650/32130  61%]  loss=3.1719 ppl=23.9 lr=3.37e-05 | 83460 tok/s (avg 82844) ETA 92m33s | gtok=724,340,736 | GPU 1.3/8.9GB
step 19700 ep7/10 [19700/32130  61%]  loss=3.4135 ppl=30.4 lr=3.35e-05 | 83137 tok/s (avg 82845) ETA 92m10s | gtok=726,183,936 | GPU 1.3/8.9GB
step 19750 ep7/10 [19750/32130  61%]  loss=3.0016 ppl=20.1 lr=3.33e-05 | 83427 tok/s (avg 82846) ETA 91m48s | gtok=728,027,136 | GPU 1.3/8.9GB
step 19800 ep7/10 [19800/32130  62%]  loss=3.1880 ppl=24.2 lr=3.30e-05 | 83363 tok/s (avg 82848) ETA 91m26s | gtok=729,870,336 | GPU 1.3/8.9GB
step 19850 ep7/10 [19850/32130  62%]  loss=3.0038 ppl=20.2 lr=3.28e-05 | 83373 tok/s (avg 82849) ETA 91m03s | gtok=731,713,536 | GPU 1.3/8.9GB
step 19900 ep7/10 [19900/32130  62%]  loss=3.0846 ppl=21.9 lr=3.26e-05 | 83375 tok/s (avg 82850) ETA 90m41s | gtok=733,556,736 | GPU 1.3/8.9GB
step 19950 ep7/10 [19950/32130  62%]  loss=3.0614 ppl=21.4 lr=3.23e-05 | 83432 tok/s (avg 82852) ETA 90m19s | gtok=735,399,936 | GPU 1.3/8.9GB
step 20000 ep7/10 [20000/32130  62%]  loss=3.2585 ppl=26.0 lr=3.21e-05 | 83361 tok/s (avg 82853) ETA 89m56s | gtok=737,243,136 | GPU 1.3/8.9GB
  [checkpoint] step 20000 -> checkpoints_v13_sempty/wikitext_chrono_fair_7b24e44/best_model.pt
  [val @ step 20000] val_loss=3.1820 val_ppl=24.09 *best* (best 24.09)
  [checkpoint] step 20000 -> checkpoints_v13_sempty/wikitext_chrono_fair_7b24e44/latest.pt
  [diag] step 20000 cgu=+0.69 +0.74 +0.78 +0.82 +0.88 +0.95 +1.02 +1.08 +1.19 +1.27 +1.39 +1.46 +1.53 +1.47 +1.64 +1.51  pam=+0.25 +0.23 +0.17 +0.20 +0.24 +0.27 +0.13 +0.11 +0.19 +0.15 +0.26 +0.26 +0.25 +0.28 +0.30 +0.23
  [diag] dtbias=-3.95 -3.94 -3.96 -3.95 -3.94 -3.93 -3.97 -3.99 -3.96 -3.96 -3.94 -3.94 -3.95 -3.98 -3.95 -3.95  ret=0.78 0.77 0.86 0.83 0.79 0.76 0.88 0.91 0.86 0.86 0.79 0.78 0.82 0.82 0.76 0.85
  [diag] gnorm=9.3e-02 1.0e-01 9.2e-02 1.0e-01 1.1e-01 1.1e-01 1.1e-01 1.3e-01 1.2e-01 1.6e-01 1.5e-01 1.5e-01 1.5e-01 2.5e-01 1.3e-01 1.3e-01  wnorm=59.2 59.4 59.4 59.7 60.1 60.3 60.2 60.4 60.8 61.1 61.8 62.4 62.8 63.5 64.6 64.4
step 20050 ep7/10 [20050/32130  62%]  loss=3.1606 ppl=23.6 lr=3.19e-05 | 66530 tok/s (avg 82802) ETA 89m37s | gtok=739,086,336 | GPU 1.3/8.9GB
step 20100 ep7/10 [20100/32130  63%]  loss=3.2589 ppl=26.0 lr=3.16e-05 | 83438 tok/s (avg 82804) ETA 89m15s | gtok=740,929,536 | GPU 1.3/8.9GB
step 20150 ep7/10 [20150/32130  63%]  loss=3.1460 ppl=23.2 lr=3.14e-05 | 83316 tok/s (avg 82805) ETA 88m53s | gtok=742,772,736 | GPU 1.3/8.9GB
step 20200 ep7/10 [20200/32130  63%]  loss=3.1803 ppl=24.1 lr=3.12e-05 | 83518 tok/s (avg 82807) ETA 88m30s | gtok=744,615,936 | GPU 1.3/8.9GB
step 20250 ep7/10 [20250/32130  63%]  loss=3.0442 ppl=21.0 lr=3.10e-05 | 83194 tok/s (avg 82808) ETA 88m08s | gtok=746,459,136 | GPU 1.3/8.9GB
step 20300 ep7/10 [20300/32130  63%]  loss=3.2399 ppl=25.5 lr=3.07e-05 | 83492 tok/s (avg 82810) ETA 87m46s | gtok=748,302,336 | GPU 1.3/8.9GB
step 20350 ep7/10 [20350/32130  63%]  loss=3.1768 ppl=24.0 lr=3.05e-05 | 83084 tok/s (avg 82810) ETA 87m23s | gtok=750,145,536 | GPU 1.3/8.9GB
step 20400 ep7/10 [20400/32130  63%]  loss=3.0799 ppl=21.8 lr=3.03e-05 | 83397 tok/s (avg 82812) ETA 87m01s | gtok=751,988,736 | GPU 1.3/8.9GB
step 20450 ep7/10 [20450/32130  64%]  loss=3.0783 ppl=21.7 lr=3.00e-05 | 83143 tok/s (avg 82813) ETA 86m39s | gtok=753,831,936 | GPU 1.3/8.9GB
step 20500 ep7/10 [20500/32130  64%]  loss=3.3008 ppl=27.1 lr=2.98e-05 | 83140 tok/s (avg 82813) ETA 86m16s | gtok=755,675,136 | GPU 1.3/8.9GB
step 20550 ep7/10 [20550/32130  64%]  loss=3.1748 ppl=23.9 lr=2.96e-05 | 83412 tok/s (avg 82815) ETA 85m54s | gtok=757,518,336 | GPU 1.3/8.9GB
step 20600 ep7/10 [20600/32130  64%]  loss=3.1250 ppl=22.8 lr=2.94e-05 | 83236 tok/s (avg 82816) ETA 85m32s | gtok=759,361,536 | GPU 1.3/8.9GB
step 20650 ep7/10 [20650/32130  64%]  loss=3.0101 ppl=20.3 lr=2.91e-05 | 83437 tok/s (avg 82817) ETA 85m09s | gtok=761,204,736 | GPU 1.3/8.9GB
step 20700 ep7/10 [20700/32130  64%]  loss=2.9902 ppl=19.9 lr=2.89e-05 | 83041 tok/s (avg 82818) ETA 84m47s | gtok=763,047,936 | GPU 1.3/8.9GB
step 20750 ep7/10 [20750/32130  65%]  loss=3.0588 ppl=21.3 lr=2.87e-05 | 83434 tok/s (avg 82819) ETA 84m25s | gtok=764,891,136 | GPU 1.3/8.9GB
step 20800 ep7/10 [20800/32130  65%]  loss=2.9738 ppl=19.6 lr=2.85e-05 | 83183 tok/s (avg 82820) ETA 84m02s | gtok=766,734,336 | GPU 1.3/8.9GB
step 20850 ep7/10 [20850/32130  65%]  loss=3.2373 ppl=25.5 lr=2.82e-05 | 83491 tok/s (avg 82822) ETA 83m40s | gtok=768,577,536 | GPU 1.3/8.9GB
step 20900 ep7/10 [20900/32130  65%]  loss=3.0433 ppl=21.0 lr=2.80e-05 | 83010 tok/s (avg 82822) ETA 83m18s | gtok=770,420,736 | GPU 1.3/8.9GB
step 20950 ep7/10 [20950/32130  65%]  loss=3.1118 ppl=22.5 lr=2.78e-05 | 83224 tok/s (avg 82823) ETA 82m55s | gtok=772,263,936 | GPU 1.3/8.9GB
step 21000 ep7/10 [21000/32130  65%]  loss=3.2264 ppl=25.2 lr=2.76e-05 | 83464 tok/s (avg 82825) ETA 82m33s | gtok=774,107,136 | GPU 1.3/8.9GB
step 21050 ep7/10 [21050/32130  66%]  loss=3.1030 ppl=22.3 lr=2.73e-05 | 83326 tok/s (avg 82826) ETA 82m11s | gtok=775,950,336 | GPU 1.3/8.9GB
step 21100 ep7/10 [21100/32130  66%]  loss=3.0820 ppl=21.8 lr=2.71e-05 | 83430 tok/s (avg 82827) ETA 81m48s | gtok=777,793,536 | GPU 1.3/8.9GB
step 21150 ep7/10 [21150/32130  66%]  loss=3.0587 ppl=21.3 lr=2.69e-05 | 82977 tok/s (avg 82828) ETA 81m26s | gtok=779,636,736 | GPU 1.3/8.9GB
step 21200 ep7/10 [21200/32130  66%]  loss=3.1858 ppl=24.2 lr=2.67e-05 | 83347 tok/s (avg 82829) ETA 81m04s | gtok=781,479,936 | GPU 1.3/8.9GB
step 21250 ep7/10 [21250/32130  66%]  loss=3.2779 ppl=26.5 lr=2.65e-05 | 83151 tok/s (avg 82830) ETA 80m42s | gtok=783,323,136 | GPU 1.3/8.9GB
step 21300 ep7/10 [21300/32130  66%]  loss=3.0553 ppl=21.2 lr=2.62e-05 | 83492 tok/s (avg 82831) ETA 80m19s | gtok=785,166,336 | GPU 1.3/8.9GB
step 21350 ep7/10 [21350/32130  66%]  loss=3.0397 ppl=20.9 lr=2.60e-05 | 83138 tok/s (avg 82832) ETA 79m57s | gtok=787,009,536 | GPU 1.3/8.9GB
step 21400 ep7/10 [21400/32130  67%]  loss=3.1812 ppl=24.1 lr=2.58e-05 | 83504 tok/s (avg 82833) ETA 79m35s | gtok=788,852,736 | GPU 1.3/8.9GB
step 21450 ep7/10 [21450/32130  67%]  loss=3.2284 ppl=25.2 lr=2.56e-05 | 83052 tok/s (avg 82834) ETA 79m12s | gtok=790,695,936 | GPU 1.3/8.9GB
step 21500 ep7/10 [21500/32130  67%]  loss=2.8158 ppl=16.7 lr=2.54e-05 | 83282 tok/s (avg 82835) ETA 78m50s | gtok=792,539,136 | GPU 1.3/8.9GB
step 21550 ep7/10 [21550/32130  67%]  loss=3.0380 ppl=20.9 lr=2.52e-05 | 83392 tok/s (avg 82836) ETA 78m28s | gtok=794,382,336 | GPU 1.3/8.9GB
step 21600 ep7/10 [21600/32130  67%]  loss=3.1906 ppl=24.3 lr=2.49e-05 | 83018 tok/s (avg 82837) ETA 78m05s | gtok=796,225,536 | GPU 1.3/8.9GB
step 21650 ep7/10 [21650/32130  67%]  loss=3.1035 ppl=22.3 lr=2.47e-05 | 83422 tok/s (avg 82838) ETA 77m43s | gtok=798,068,736 | GPU 1.3/8.9GB
step 21700 ep7/10 [21700/32130  68%]  loss=3.1334 ppl=23.0 lr=2.45e-05 | 83181 tok/s (avg 82839) ETA 77m21s | gtok=799,911,936 | GPU 1.3/8.9GB
step 21750 ep7/10 [21750/32130  68%]  loss=2.9599 ppl=19.3 lr=2.43e-05 | 83487 tok/s (avg 82840) ETA 76m58s | gtok=801,755,136 | GPU 1.3/8.9GB
step 21800 ep7/10 [21800/32130  68%]  loss=3.1974 ppl=24.5 lr=2.41e-05 | 83049 tok/s (avg 82841) ETA 76m36s | gtok=803,598,336 | GPU 1.3/8.9GB
step 21850 ep7/10 [21850/32130  68%]  loss=3.2854 ppl=26.7 lr=2.39e-05 | 83365 tok/s (avg 82842) ETA 76m14s | gtok=805,441,536 | GPU 1.3/8.9GB
step 21900 ep7/10 [21900/32130  68%]  loss=3.2093 ppl=24.8 lr=2.37e-05 | 83196 tok/s (avg 82843) ETA 75m52s | gtok=807,284,736 | GPU 1.3/8.9GB
step 21950 ep7/10 [21950/32130  68%]  loss=3.0729 ppl=21.6 lr=2.35e-05 | 83320 tok/s (avg 82844) ETA 75m29s | gtok=809,127,936 | GPU 1.3/8.9GB
step 22000 ep7/10 [22000/32130  68%]  loss=3.1622 ppl=23.6 lr=2.32e-05 | 83352 tok/s (avg 82845) ETA 75m07s | gtok=810,971,136 | GPU 1.3/8.9GB
  [checkpoint] step 22000 -> checkpoints_v13_sempty/wikitext_chrono_fair_7b24e44/best_model.pt
  [val @ step 22000] val_loss=3.1628 val_ppl=23.64 *best* (best 23.64)
  [diag] step 22000 cgu=+0.70 +0.74 +0.79 +0.83 +0.89 +0.96 +1.03 +1.09 +1.20 +1.27 +1.40 +1.47 +1.54 +1.48 +1.65 +1.52  pam=+0.26 +0.24 +0.18 +0.20 +0.24 +0.27 +0.13 +0.11 +0.19 +0.15 +0.26 +0.26 +0.25 +0.29 +0.30 +0.24
  [diag] dtbias=-3.95 -3.94 -3.96 -3.95 -3.94 -3.93 -3.97 -3.99 -3.96 -3.96 -3.94 -3.94 -3.95 -3.98 -3.95 -3.95  ret=0.77 0.77 0.86 0.82 0.79 0.76 0.88 0.91 0.86 0.86 0.78 0.77 0.81 0.82 0.75 0.84
  [diag] gnorm=9.8e-02 1.0e-01 9.6e-02 1.0e-01 1.1e-01 1.1e-01 1.3e-01 1.4e-01 1.3e-01 1.9e-01 1.5e-01 1.5e-01 1.5e-01 2.7e-01 1.3e-01 1.3e-01  wnorm=59.3 59.5 59.5 59.8 60.1 60.4 60.2 60.4 60.9 61.2 61.8 62.4 62.8 63.5 64.7 64.5
step 22050 ep7/10 [22050/32130  69%]  loss=3.1671 ppl=23.7 lr=2.30e-05 | 71034 tok/s (avg 82814) ETA 74m46s | gtok=812,814,336 | GPU 1.3/8.9GB
step 22100 ep7/10 [22100/32130  69%]  loss=3.1370 ppl=23.0 lr=2.28e-05 | 83405 tok/s (avg 82815) ETA 74m24s | gtok=814,657,536 | GPU 1.3/8.9GB
step 22150 ep7/10 [22150/32130  69%]  loss=3.1162 ppl=22.6 lr=2.26e-05 | 83142 tok/s (avg 82816) ETA 74m02s | gtok=816,500,736 | GPU 1.3/8.9GB
step 22200 ep7/10 [22200/32130  69%]  loss=3.1362 ppl=23.0 lr=2.24e-05 | 83475 tok/s (avg 82817) ETA 73m39s | gtok=818,343,936 | GPU 1.3/8.9GB
step 22250 ep7/10 [22250/32130  69%]  loss=3.1780 ppl=24.0 lr=2.22e-05 | 83189 tok/s (avg 82818) ETA 73m17s | gtok=820,187,136 | GPU 1.3/8.9GB
step 22300 ep7/10 [22300/32130  69%]  loss=3.2324 ppl=25.3 lr=2.20e-05 | 83353 tok/s (avg 82819) ETA 72m55s | gtok=822,030,336 | GPU 1.3/8.9GB
step 22350 ep7/10 [22350/32130  70%]  loss=3.2010 ppl=24.6 lr=2.18e-05 | 83501 tok/s (avg 82821) ETA 72m32s | gtok=823,873,536 | GPU 1.3/8.9GB
step 22400 ep7/10 [22400/32130  70%]  loss=3.1258 ppl=22.8 lr=2.16e-05 | 83284 tok/s (avg 82822) ETA 72m10s | gtok=825,716,736 | GPU 1.3/8.9GB
step 22450 ep7/10 [22450/32130  70%]  loss=3.0518 ppl=21.2 lr=2.14e-05 | 83509 tok/s (avg 82823) ETA 71m48s | gtok=827,559,936 | GPU 1.3/8.9GB
=== Epoch 7/10 done | step 22491 | train_loss=3.1259 ppl=22.78 | gtok=829,065,216 | 23.9 min | best_val_ppl=23.64 ===
step 22500 ep8/10 [22500/32130  70%]  loss=3.0336 ppl=20.8 lr=2.12e-05 | 83317 tok/s (avg 82824) ETA 71m25s | gtok=829,396,992 | GPU 1.3/8.9GB
step 22550 ep8/10 [22550/32130  70%]  loss=3.0125 ppl=20.3 lr=2.10e-05 | 83468 tok/s (avg 82826) ETA 71m03s | gtok=831,240,192 | GPU 1.3/8.9GB
step 22600 ep8/10 [22600/32130  70%]  loss=3.0547 ppl=21.2 lr=2.08e-05 | 83177 tok/s (avg 82827) ETA 70m41s | gtok=833,083,392 | GPU 1.3/8.9GB
step 22650 ep8/10 [22650/32130  70%]  loss=3.0264 ppl=20.6 lr=2.06e-05 | 83389 tok/s (avg 82828) ETA 70m19s | gtok=834,926,592 | GPU 1.3/8.9GB
step 22700 ep8/10 [22700/32130  71%]  loss=3.1843 ppl=24.2 lr=2.04e-05 | 83294 tok/s (avg 82829) ETA 69m56s | gtok=836,769,792 | GPU 1.3/8.9GB
step 22750 ep8/10 [22750/32130  71%]  loss=3.1267 ppl=22.8 lr=2.02e-05 | 83095 tok/s (avg 82829) ETA 69m34s | gtok=838,612,992 | GPU 1.3/8.9GB
step 22800 ep8/10 [22800/32130  71%]  loss=3.0768 ppl=21.7 lr=2.00e-05 | 83471 tok/s (avg 82831) ETA 69m12s | gtok=840,456,192 | GPU 1.3/8.9GB
step 22850 ep8/10 [22850/32130  71%]  loss=3.1204 ppl=22.7 lr=1.98e-05 | 83282 tok/s (avg 82832) ETA 68m49s | gtok=842,299,392 | GPU 1.3/8.9GB
step 22900 ep8/10 [22900/32130  71%]  loss=3.0260 ppl=20.6 lr=1.96e-05 | 83518 tok/s (avg 82833) ETA 68m27s | gtok=844,142,592 | GPU 1.3/8.9GB
step 22950 ep8/10 [22950/32130  71%]  loss=3.0162 ppl=20.4 lr=1.94e-05 | 83204 tok/s (avg 82834) ETA 68m05s | gtok=845,985,792 | GPU 1.3/8.9GB
step 23000 ep8/10 [23000/32130  72%]  loss=3.1609 ppl=23.6 lr=1.92e-05 | 83199 tok/s (avg 82835) ETA 67m42s | gtok=847,828,992 | GPU 1.3/8.9GB
step 23050 ep8/10 [23050/32130  72%]  loss=3.0968 ppl=22.1 lr=1.90e-05 | 83039 tok/s (avg 82835) ETA 67m20s | gtok=849,672,192 | GPU 1.3/8.9GB
step 23100 ep8/10 [23100/32130  72%]  loss=3.0186 ppl=20.5 lr=1.88e-05 | 83080 tok/s (avg 82836) ETA 66m58s | gtok=851,515,392 | GPU 1.3/8.9GB
step 23150 ep8/10 [23150/32130  72%]  loss=2.9695 ppl=19.5 lr=1.86e-05 | 83511 tok/s (avg 82837) ETA 66m36s | gtok=853,358,592 | GPU 1.3/8.9GB
step 23200 ep8/10 [23200/32130  72%]  loss=3.0615 ppl=21.4 lr=1.84e-05 | 83284 tok/s (avg 82838) ETA 66m13s | gtok=855,201,792 | GPU 1.3/8.9GB
step 23250 ep8/10 [23250/32130  72%]  loss=3.0224 ppl=20.5 lr=1.82e-05 | 83488 tok/s (avg 82840) ETA 65m51s | gtok=857,044,992 | GPU 1.3/8.9GB
step 23300 ep8/10 [23300/32130  73%]  loss=3.2427 ppl=25.6 lr=1.80e-05 | 83233 tok/s (avg 82840) ETA 65m29s | gtok=858,888,192 | GPU 1.3/8.9GB
step 23350 ep8/10 [23350/32130  73%]  loss=3.1226 ppl=22.7 lr=1.78e-05 | 83447 tok/s (avg 82842) ETA 65m06s | gtok=860,731,392 | GPU 1.3/8.9GB
step 23400 ep8/10 [23400/32130  73%]  loss=3.0387 ppl=20.9 lr=1.76e-05 | 83130 tok/s (avg 82842) ETA 64m44s | gtok=862,574,592 | GPU 1.3/8.9GB
step 23450 ep8/10 [23450/32130  73%]  loss=2.9382 ppl=18.9 lr=1.75e-05 | 83192 tok/s (avg 82843) ETA 64m22s | gtok=864,417,792 | GPU 1.3/8.9GB
step 23500 ep8/10 [23500/32130  73%]  loss=3.1268 ppl=22.8 lr=1.73e-05 | 83496 tok/s (avg 82844) ETA 63m59s | gtok=866,260,992 | GPU 1.3/8.9GB
step 23550 ep8/10 [23550/32130  73%]  loss=3.1180 ppl=22.6 lr=1.71e-05 | 83189 tok/s (avg 82845) ETA 63m37s | gtok=868,104,192 | GPU 1.3/8.9GB
step 23600 ep8/10 [23600/32130  73%]  loss=3.1884 ppl=24.2 lr=1.69e-05 | 83470 tok/s (avg 82846) ETA 63m15s | gtok=869,947,392 | GPU 1.3/8.9GB
step 23650 ep8/10 [23650/32130  74%]  loss=3.1319 ppl=22.9 lr=1.67e-05 | 83185 tok/s (avg 82847) ETA 62m53s | gtok=871,790,592 | GPU 1.3/8.9GB
step 23700 ep8/10 [23700/32130  74%]  loss=3.0494 ppl=21.1 lr=1.65e-05 | 83326 tok/s (avg 82848) ETA 62m30s | gtok=873,633,792 | GPU 1.3/8.9GB
step 23750 ep8/10 [23750/32130  74%]  loss=2.9696 ppl=19.5 lr=1.63e-05 | 83283 tok/s (avg 82849) ETA 62m08s | gtok=875,476,992 | GPU 1.3/8.9GB
step 23800 ep8/10 [23800/32130  74%]  loss=3.1280 ppl=22.8 lr=1.62e-05 | 83180 tok/s (avg 82850) ETA 61m46s | gtok=877,320,192 | GPU 1.3/8.9GB
step 23850 ep8/10 [23850/32130  74%]  loss=3.0600 ppl=21.3 lr=1.60e-05 | 83471 tok/s (avg 82851) ETA 61m23s | gtok=879,163,392 | GPU 1.3/8.9GB
step 23900 ep8/10 [23900/32130  74%]  loss=3.0895 ppl=22.0 lr=1.58e-05 | 83274 tok/s (avg 82852) ETA 61m01s | gtok=881,006,592 | GPU 1.3/8.9GB
step 23950 ep8/10 [23950/32130  75%]  loss=3.0411 ppl=20.9 lr=1.56e-05 | 83512 tok/s (avg 82853) ETA 60m39s | gtok=882,849,792 | GPU 1.3/8.9GB
step 24000 ep8/10 [24000/32130  75%]  loss=2.9894 ppl=19.9 lr=1.54e-05 | 83114 tok/s (avg 82854) ETA 60m17s | gtok=884,692,992 | GPU 1.3/8.9GB
  [gen @ step 24000] failed: multi-state / delta / chrono decode is not implemented; run rungs with --gen_every 0 (probe/val use the chunked path)
  [checkpoint] step 24000 -> checkpoints_v13_sempty/wikitext_chrono_fair_7b24e44/best_model.pt
  [val @ step 24000] val_loss=3.1550 val_ppl=23.45 *best* (best 23.45)
  [checkpoint] step 24000 -> checkpoints_v13_sempty/wikitext_chrono_fair_7b24e44/latest.pt
  [diag] step 24000 cgu=+0.70 +0.75 +0.80 +0.84 +0.90 +0.97 +1.04 +1.10 +1.20 +1.28 +1.41 +1.48 +1.55 +1.49 +1.67 +1.53  pam=+0.26 +0.24 +0.18 +0.20 +0.25 +0.28 +0.13 +0.11 +0.19 +0.15 +0.27 +0.27 +0.25 +0.29 +0.30 +0.24
  [diag] dtbias=-3.95 -3.94 -3.96 -3.95 -3.94 -3.93 -3.97 -3.99 -3.96 -3.96 -3.94 -3.94 -3.95 -3.98 -3.95 -3.95  ret=0.77 0.76 0.86 0.82 0.78 0.75 0.88 0.90 0.85 0.85 0.77 0.76 0.81 0.81 0.74 0.83
  [diag] gnorm=9.9e-02 1.0e-01 9.7e-02 1.1e-01 1.1e-01 1.1e-01 1.2e-01 1.4e-01 1.3e-01 1.6e-01 1.5e-01 1.5e-01 1.5e-01 2.5e-01 1.4e-01 1.3e-01  wnorm=59.3 59.5 59.6 59.8 60.2 60.5 60.3 60.5 60.9 61.3 61.9 62.5 62.9 63.6 64.7 64.6
step 24050 ep8/10 [24050/32130  75%]  loss=2.9727 ppl=19.5 lr=1.53e-05 | 66516 tok/s (avg 82812) ETA 59m56s | gtok=886,536,192 | GPU 1.3/8.9GB
step 24100 ep8/10 [24100/32130  75%]  loss=3.2021 ppl=24.6 lr=1.51e-05 | 83197 tok/s (avg 82812) ETA 59m34s | gtok=888,379,392 | GPU 1.3/8.9GB
step 24150 ep8/10 [24150/32130  75%]  loss=3.1295 ppl=22.9 lr=1.49e-05 | 83482 tok/s (avg 82814) ETA 59m12s | gtok=890,222,592 | GPU 1.3/8.9GB
step 24200 ep8/10 [24200/32130  75%]  loss=3.1196 ppl=22.6 lr=1.47e-05 | 83315 tok/s (avg 82815) ETA 58m49s | gtok=892,065,792 | GPU 1.3/8.9GB
step 24250 ep8/10 [24250/32130  75%]  loss=3.0756 ppl=21.7 lr=1.45e-05 | 83505 tok/s (avg 82816) ETA 58m27s | gtok=893,908,992 | GPU 1.3/8.9GB
step 24300 ep8/10 [24300/32130  76%]  loss=3.1148 ppl=22.5 lr=1.44e-05 | 83209 tok/s (avg 82817) ETA 58m05s | gtok=895,752,192 | GPU 1.3/8.9GB
step 24350 ep8/10 [24350/32130  76%]  loss=3.0231 ppl=20.6 lr=1.42e-05 | 83469 tok/s (avg 82818) ETA 57m42s | gtok=897,595,392 | GPU 1.3/8.9GB
step 24400 ep8/10 [24400/32130  76%]  loss=3.1864 ppl=24.2 lr=1.40e-05 | 83087 tok/s (avg 82819) ETA 57m20s | gtok=899,438,592 | GPU 1.3/8.9GB
step 24450 ep8/10 [24450/32130  76%]  loss=2.8944 ppl=18.1 lr=1.39e-05 | 83407 tok/s (avg 82820) ETA 56m58s | gtok=901,281,792 | GPU 1.3/8.9GB
step 24500 ep8/10 [24500/32130  76%]  loss=3.1101 ppl=22.4 lr=1.37e-05 | 83099 tok/s (avg 82821) ETA 56m36s | gtok=903,124,992 | GPU 1.3/8.9GB
step 24550 ep8/10 [24550/32130  76%]  loss=3.0121 ppl=20.3 lr=1.35e-05 | 83153 tok/s (avg 82821) ETA 56m13s | gtok=904,968,192 | GPU 1.3/8.9GB
step 24600 ep8/10 [24600/32130  77%]  loss=3.0990 ppl=22.2 lr=1.33e-05 | 83535 tok/s (avg 82823) ETA 55m51s | gtok=906,811,392 | GPU 1.3/8.9GB
step 24650 ep8/10 [24650/32130  77%]  loss=2.9606 ppl=19.3 lr=1.32e-05 | 83258 tok/s (avg 82824) ETA 55m29s | gtok=908,654,592 | GPU 1.3/8.9GB
step 24700 ep8/10 [24700/32130  77%]  loss=3.1861 ppl=24.2 lr=1.30e-05 | 83457 tok/s (avg 82825) ETA 55m06s | gtok=910,497,792 | GPU 1.3/8.9GB
step 24750 ep8/10 [24750/32130  77%]  loss=3.2225 ppl=25.1 lr=1.28e-05 | 83041 tok/s (avg 82825) ETA 54m44s | gtok=912,340,992 | GPU 1.3/8.9GB
step 24800 ep8/10 [24800/32130  77%]  loss=2.9449 ppl=19.0 lr=1.27e-05 | 83378 tok/s (avg 82826) ETA 54m22s | gtok=914,184,192 | GPU 1.3/8.9GB
step 24850 ep8/10 [24850/32130  77%]  loss=3.0202 ppl=20.5 lr=1.25e-05 | 83287 tok/s (avg 82827) ETA 53m59s | gtok=916,027,392 | GPU 1.3/8.9GB
step 24900 ep8/10 [24900/32130  77%]  loss=3.1108 ppl=22.4 lr=1.23e-05 | 83416 tok/s (avg 82829) ETA 53m37s | gtok=917,870,592 | GPU 1.3/8.9GB
step 24950 ep8/10 [24950/32130  78%]  loss=3.2342 ppl=25.4 lr=1.22e-05 | 83326 tok/s (avg 82829) ETA 53m15s | gtok=919,713,792 | GPU 1.3/8.9GB
step 25000 ep8/10 [25000/32130  78%]  loss=3.1147 ppl=22.5 lr=1.20e-05 | 83268 tok/s (avg 82830) ETA 52m53s | gtok=921,556,992 | GPU 1.3/8.9GB
step 25050 ep8/10 [25050/32130  78%]  loss=3.0730 ppl=21.6 lr=1.19e-05 | 83275 tok/s (avg 82831) ETA 52m30s | gtok=923,400,192 | GPU 1.3/8.9GB
step 25100 ep8/10 [25100/32130  78%]  loss=3.1661 ppl=23.7 lr=1.17e-05 | 83119 tok/s (avg 82832) ETA 52m08s | gtok=925,243,392 | GPU 1.3/8.9GB
step 25150 ep8/10 [25150/32130  78%]  loss=3.0581 ppl=21.3 lr=1.15e-05 | 83336 tok/s (avg 82833) ETA 51m46s | gtok=927,086,592 | GPU 1.3/8.9GB
step 25200 ep8/10 [25200/32130  78%]  loss=2.9878 ppl=19.8 lr=1.14e-05 | 83224 tok/s (avg 82834) ETA 51m23s | gtok=928,929,792 | GPU 1.3/8.9GB
step 25250 ep8/10 [25250/32130  79%]  loss=3.1361 ppl=23.0 lr=1.12e-05 | 83527 tok/s (avg 82835) ETA 51m01s | gtok=930,772,992 | GPU 1.3/8.9GB
step 25300 ep8/10 [25300/32130  79%]  loss=3.0408 ppl=20.9 lr=1.11e-05 | 83279 tok/s (avg 82836) ETA 50m39s | gtok=932,616,192 | GPU 1.3/8.9GB
step 25350 ep8/10 [25350/32130  79%]  loss=3.1112 ppl=22.4 lr=1.09e-05 | 83436 tok/s (avg 82837) ETA 50m17s | gtok=934,459,392 | GPU 1.3/8.9GB
step 25400 ep8/10 [25400/32130  79%]  loss=3.0164 ppl=20.4 lr=1.08e-05 | 83376 tok/s (avg 82838) ETA 49m54s | gtok=936,302,592 | GPU 1.3/8.9GB
step 25450 ep8/10 [25450/32130  79%]  loss=3.0710 ppl=21.6 lr=1.06e-05 | 83452 tok/s (avg 82839) ETA 49m32s | gtok=938,145,792 | GPU 1.3/8.9GB
step 25500 ep8/10 [25500/32130  79%]  loss=3.0317 ppl=20.7 lr=1.05e-05 | 83292 tok/s (avg 82840) ETA 49m10s | gtok=939,988,992 | GPU 1.3/8.9GB
step 25550 ep8/10 [25550/32130  80%]  loss=3.0127 ppl=20.3 lr=1.03e-05 | 83495 tok/s (avg 82841) ETA 48m47s | gtok=941,832,192 | GPU 1.3/8.9GB
step 25600 ep8/10 [25600/32130  80%]  loss=3.0580 ppl=21.3 lr=1.02e-05 | 83128 tok/s (avg 82842) ETA 48m25s | gtok=943,675,392 | GPU 1.3/8.9GB
step 25650 ep8/10 [25650/32130  80%]  loss=3.0967 ppl=22.1 lr=1.00e-05 | 83276 tok/s (avg 82843) ETA 48m03s | gtok=945,518,592 | GPU 1.3/8.9GB
step 25700 ep8/10 [25700/32130  80%]  loss=3.2140 ppl=24.9 lr=9.85e-06 | 83510 tok/s (avg 82844) ETA 47m41s | gtok=947,361,792 | GPU 1.3/8.9GB
=== Epoch 8/10 done | step 25704 | train_loss=3.0856 ppl=21.88 | gtok=947,503,104 | 23.8 min | best_val_ppl=23.45 ===
step 25750 ep9/10 [25750/32130  80%]  loss=2.9235 ppl=18.6 lr=9.71e-06 | 83430 tok/s (avg 82845) ETA 47m18s | gtok=949,198,848 | GPU 1.3/8.9GB
step 25800 ep9/10 [25800/32130  80%]  loss=3.0645 ppl=21.4 lr=9.56e-06 | 83545 tok/s (avg 82847) ETA 46m56s | gtok=951,042,048 | GPU 1.3/8.9GB
step 25850 ep9/10 [25850/32130  80%]  loss=3.1615 ppl=23.6 lr=9.42e-06 | 83243 tok/s (avg 82847) ETA 46m34s | gtok=952,885,248 | GPU 1.3/8.9GB
step 25900 ep9/10 [25900/32130  81%]  loss=3.1947 ppl=24.4 lr=9.27e-06 | 83534 tok/s (avg 82849) ETA 46m11s | gtok=954,728,448 | GPU 1.3/8.9GB
step 25950 ep9/10 [25950/32130  81%]  loss=3.2625 ppl=26.1 lr=9.13e-06 | 83115 tok/s (avg 82849) ETA 45m49s | gtok=956,571,648 | GPU 1.3/8.9GB
step 26000 ep9/10 [26000/32130  81%]  loss=2.9557 ppl=19.2 lr=8.98e-06 | 83429 tok/s (avg 82850) ETA 45m27s | gtok=958,414,848 | GPU 1.3/8.9GB
  [checkpoint] step 26000 -> checkpoints_v13_sempty/wikitext_chrono_fair_7b24e44/best_model.pt
  [val @ step 26000] val_loss=3.1476 val_ppl=23.28 *best* (best 23.28)
  [diag] step 26000 cgu=+0.70 +0.76 +0.81 +0.85 +0.91 +0.97 +1.04 +1.11 +1.21 +1.29 +1.41 +1.49 +1.55 +1.49 +1.67 +1.54  pam=+0.27 +0.25 +0.19 +0.21 +0.25 +0.28 +0.13 +0.11 +0.19 +0.15 +0.27 +0.27 +0.26 +0.29 +0.31 +0.24
  [diag] dtbias=-3.95 -3.94 -3.96 -3.95 -3.94 -3.93 -3.97 -3.99 -3.96 -3.96 -3.94 -3.94 -3.95 -3.98 -3.95 -3.95  ret=0.77 0.76 0.86 0.82 0.78 0.75 0.88 0.90 0.85 0.85 0.78 0.76 0.81 0.81 0.75 0.83
  [diag] gnorm=9.5e-02 1.1e-01 9.5e-02 1.1e-01 1.1e-01 1.1e-01 1.2e-01 1.3e-01 1.3e-01 1.6e-01 1.5e-01 1.5e-01 1.5e-01 2.4e-01 1.4e-01 1.3e-01  wnorm=59.4 59.6 59.6 59.9 60.2 60.5 60.3 60.5 60.9 61.3 61.9 62.5 62.9 63.6 64.7 64.6
step 26050 ep9/10 [26050/32130  81%]  loss=3.1848 ppl=24.2 lr=8.84e-06 | 71266 tok/s (avg 82824) ETA 45m05s | gtok=960,258,048 | GPU 1.3/8.9GB
step 26100 ep9/10 [26100/32130  81%]  loss=3.1726 ppl=23.9 lr=8.70e-06 | 83128 tok/s (avg 82825) ETA 44m43s | gtok=962,101,248 | GPU 1.3/8.9GB
step 26150 ep9/10 [26150/32130  81%]  loss=3.0718 ppl=21.6 lr=8.56e-06 | 83467 tok/s (avg 82826) ETA 44m21s | gtok=963,944,448 | GPU 1.3/8.9GB
step 26200 ep9/10 [26200/32130  82%]  loss=3.1000 ppl=22.2 lr=8.42e-06 | 83225 tok/s (avg 82827) ETA 43m59s | gtok=965,787,648 | GPU 1.3/8.9GB
step 26250 ep9/10 [26250/32130  82%]  loss=3.1133 ppl=22.5 lr=8.29e-06 | 83356 tok/s (avg 82828) ETA 43m36s | gtok=967,630,848 | GPU 1.3/8.9GB
step 26300 ep9/10 [26300/32130  82%]  loss=3.0303 ppl=20.7 lr=8.15e-06 | 82990 tok/s (avg 82828) ETA 43m14s | gtok=969,474,048 | GPU 1.3/8.9GB
step 26350 ep9/10 [26350/32130  82%]  loss=3.0362 ppl=20.8 lr=8.02e-06 | 83247 tok/s (avg 82829) ETA 42m52s | gtok=971,317,248 | GPU 1.3/8.9GB
step 26400 ep9/10 [26400/32130  82%]  loss=3.0787 ppl=21.7 lr=7.88e-06 | 83031 tok/s (avg 82829) ETA 42m30s | gtok=973,160,448 | GPU 1.3/8.9GB
step 26450 ep9/10 [26450/32130  82%]  loss=2.9318 ppl=18.8 lr=7.75e-06 | 83309 tok/s (avg 82830) ETA 42m07s | gtok=975,003,648 | GPU 1.3/8.9GB
step 26500 ep9/10 [26500/32130  82%]  loss=2.9842 ppl=19.8 lr=7.62e-06 | 83392 tok/s (avg 82831) ETA 41m45s | gtok=976,846,848 | GPU 1.3/8.9GB
step 26550 ep9/10 [26550/32130  83%]  loss=3.0689 ppl=21.5 lr=7.48e-06 | 83344 tok/s (avg 82832) ETA 41m23s | gtok=978,690,048 | GPU 1.3/8.9GB
step 26600 ep9/10 [26600/32130  83%]  loss=3.0829 ppl=21.8 lr=7.35e-06 | 83461 tok/s (avg 82833) ETA 41m00s | gtok=980,533,248 | GPU 1.3/8.9GB
step 26650 ep9/10 [26650/32130  83%]  loss=3.0941 ppl=22.1 lr=7.23e-06 | 83125 tok/s (avg 82834) ETA 40m38s | gtok=982,376,448 | GPU 1.3/8.9GB
step 26700 ep9/10 [26700/32130  83%]  loss=2.9998 ppl=20.1 lr=7.10e-06 | 83517 tok/s (avg 82835) ETA 40m16s | gtok=984,219,648 | GPU 1.3/8.9GB
step 26750 ep9/10 [26750/32130  83%]  loss=3.1256 ppl=22.8 lr=6.97e-06 | 83060 tok/s (avg 82836) ETA 39m54s | gtok=986,062,848 | GPU 1.3/8.9GB
step 26800 ep9/10 [26800/32130  83%]  loss=3.1483 ppl=23.3 lr=6.84e-06 | 83465 tok/s (avg 82837) ETA 39m31s | gtok=987,906,048 | GPU 1.3/8.9GB
step 26850 ep9/10 [26850/32130  84%]  loss=2.9280 ppl=18.7 lr=6.72e-06 | 83155 tok/s (avg 82837) ETA 39m09s | gtok=989,749,248 | GPU 1.3/8.9GB
step 26900 ep9/10 [26900/32130  84%]  loss=3.0067 ppl=20.2 lr=6.60e-06 | 83295 tok/s (avg 82838) ETA 38m47s | gtok=991,592,448 | GPU 1.3/8.9GB
step 26950 ep9/10 [26950/32130  84%]  loss=3.1760 ppl=23.9 lr=6.47e-06 | 83390 tok/s (avg 82839) ETA 38m25s | gtok=993,435,648 | GPU 1.3/8.9GB
step 27000 ep9/10 [27000/32130  84%]  loss=3.2161 ppl=24.9 lr=6.35e-06 | 83195 tok/s (avg 82840) ETA 38m02s | gtok=995,278,848 | GPU 1.3/8.9GB
step 27050 ep9/10 [27050/32130  84%]  loss=3.0194 ppl=20.5 lr=6.23e-06 | 83356 tok/s (avg 82841) ETA 37m40s | gtok=997,122,048 | GPU 1.3/8.9GB
step 27100 ep9/10 [27100/32130  84%]  loss=3.1739 ppl=23.9 lr=6.11e-06 | 83141 tok/s (avg 82841) ETA 37m18s | gtok=998,965,248 | GPU 1.3/8.9GB
step 27150 ep9/10 [27150/32130  85%]  loss=3.1690 ppl=23.8 lr=5.99e-06 | 83333 tok/s (avg 82842) ETA 36m55s | gtok=1,000,808,448 | GPU 1.3/8.9GB
step 27200 ep9/10 [27200/32130  85%]  loss=3.0384 ppl=20.9 lr=5.88e-06 | 83335 tok/s (avg 82843) ETA 36m33s | gtok=1,002,651,648 | GPU 1.3/8.9GB
step 27250 ep9/10 [27250/32130  85%]  loss=2.9761 ppl=19.6 lr=5.76e-06 | 83184 tok/s (avg 82844) ETA 36m11s | gtok=1,004,494,848 | GPU 1.3/8.9GB
step 27300 ep9/10 [27300/32130  85%]  loss=3.1326 ppl=22.9 lr=5.64e-06 | 83342 tok/s (avg 82845) ETA 35m49s | gtok=1,006,338,048 | GPU 1.3/8.9GB
step 27350 ep9/10 [27350/32130  85%]  loss=3.0352 ppl=20.8 lr=5.53e-06 | 83049 tok/s (avg 82845) ETA 35m26s | gtok=1,008,181,248 | GPU 1.3/8.9GB
step 27400 ep9/10 [27400/32130  85%]  loss=3.2438 ppl=25.6 lr=5.42e-06 | 83509 tok/s (avg 82846) ETA 35m04s | gtok=1,010,024,448 | GPU 1.3/8.9GB
step 27450 ep9/10 [27450/32130  85%]  loss=3.0481 ppl=21.1 lr=5.31e-06 | 83200 tok/s (avg 82847) ETA 34m42s | gtok=1,011,867,648 | GPU 1.3/8.9GB
step 27500 ep9/10 [27500/32130  86%]  loss=3.0464 ppl=21.0 lr=5.19e-06 | 83360 tok/s (avg 82848) ETA 34m20s | gtok=1,013,710,848 | GPU 1.3/8.9GB
step 27550 ep9/10 [27550/32130  86%]  loss=3.0656 ppl=21.4 lr=5.08e-06 | 83120 tok/s (avg 82848) ETA 33m57s | gtok=1,015,554,048 | GPU 1.3/8.9GB
step 27600 ep9/10 [27600/32130  86%]  loss=3.0428 ppl=21.0 lr=4.98e-06 | 83492 tok/s (avg 82850) ETA 33m35s | gtok=1,017,397,248 | GPU 1.3/8.9GB
step 27650 ep9/10 [27650/32130  86%]  loss=2.9099 ppl=18.4 lr=4.87e-06 | 83162 tok/s (avg 82850) ETA 33m13s | gtok=1,019,240,448 | GPU 1.3/8.9GB
step 27700 ep9/10 [27700/32130  86%]  loss=2.9550 ppl=19.2 lr=4.76e-06 | 83428 tok/s (avg 82851) ETA 32m50s | gtok=1,021,083,648 | GPU 1.3/8.9GB
step 27750 ep9/10 [27750/32130  86%]  loss=3.1319 ppl=22.9 lr=4.66e-06 | 82953 tok/s (avg 82851) ETA 32m28s | gtok=1,022,926,848 | GPU 1.3/8.9GB
step 27800 ep9/10 [27800/32130  87%]  loss=2.9325 ppl=18.8 lr=4.55e-06 | 83481 tok/s (avg 82852) ETA 32m06s | gtok=1,024,770,048 | GPU 1.3/8.9GB
step 27850 ep9/10 [27850/32130  87%]  loss=2.8950 ppl=18.1 lr=4.45e-06 | 83102 tok/s (avg 82853) ETA 31m44s | gtok=1,026,613,248 | GPU 1.3/8.9GB
step 27900 ep9/10 [27900/32130  87%]  loss=3.0971 ppl=22.1 lr=4.35e-06 | 83170 tok/s (avg 82854) ETA 31m21s | gtok=1,028,456,448 | GPU 1.3/8.9GB
step 27950 ep9/10 [27950/32130  87%]  loss=3.0867 ppl=21.9 lr=4.25e-06 | 83365 tok/s (avg 82854) ETA 30m59s | gtok=1,030,299,648 | GPU 1.3/8.9GB
step 28000 ep9/10 [28000/32130  87%]  loss=2.9231 ppl=18.6 lr=4.15e-06 | 82976 tok/s (avg 82855) ETA 30m37s | gtok=1,032,142,848 | GPU 1.3/8.9GB
  [checkpoint] step 28000 -> checkpoints_v13_sempty/wikitext_chrono_fair_7b24e44/best_model.pt
  [val @ step 28000] val_loss=3.1430 val_ppl=23.17 *best* (best 23.17)
  [checkpoint] step 28000 -> checkpoints_v13_sempty/wikitext_chrono_fair_7b24e44/latest.pt
  [diag] step 28000 cgu=+0.71 +0.76 +0.81 +0.85 +0.91 +0.98 +1.05 +1.11 +1.21 +1.29 +1.41 +1.49 +1.56 +1.50 +1.68 +1.54  pam=+0.27 +0.25 +0.19 +0.21 +0.25 +0.28 +0.14 +0.11 +0.19 +0.15 +0.27 +0.27 +0.26 +0.29 +0.31 +0.25
  [diag] dtbias=-3.94 -3.94 -3.96 -3.95 -3.94 -3.93 -3.97 -3.99 -3.96 -3.96 -3.94 -3.94 -3.95 -3.98 -3.95 -3.95  ret=0.77 0.76 0.86 0.82 0.78 0.75 0.88 0.90 0.85 0.86 0.78 0.76 0.81 0.81 0.75 0.84
  [diag] gnorm=9.4e-02 1.0e-01 9.7e-02 1.1e-01 1.1e-01 1.2e-01 1.2e-01 1.3e-01 1.3e-01 1.6e-01 1.5e-01 1.5e-01 1.5e-01 2.4e-01 1.4e-01 1.4e-01  wnorm=59.4 59.6 59.6 59.9 60.2 60.5 60.3 60.5 61.0 61.3 61.9 62.5 62.9 63.6 64.8 64.6
step 28050 ep9/10 [28050/32130  87%]  loss=2.9872 ppl=19.8 lr=4.05e-06 | 66606 tok/s (avg 82819) ETA 30m15s | gtok=1,033,986,048 | GPU 1.3/8.9GB
step 28100 ep9/10 [28100/32130  87%]  loss=3.0759 ppl=21.7 lr=3.95e-06 | 83171 tok/s (avg 82819) ETA 29m53s | gtok=1,035,829,248 | GPU 1.3/8.9GB
step 28150 ep9/10 [28150/32130  88%]  loss=2.9748 ppl=19.6 lr=3.86e-06 | 83332 tok/s (avg 82820) ETA 29m31s | gtok=1,037,672,448 | GPU 1.3/8.9GB
step 28200 ep9/10 [28200/32130  88%]  loss=3.0999 ppl=22.2 lr=3.76e-06 | 83134 tok/s (avg 82821) ETA 29m09s | gtok=1,039,515,648 | GPU 1.3/8.9GB
step 28250 ep9/10 [28250/32130  88%]  loss=3.1099 ppl=22.4 lr=3.67e-06 | 83503 tok/s (avg 82822) ETA 28m46s | gtok=1,041,358,848 | GPU 1.3/8.9GB
step 28300 ep9/10 [28300/32130  88%]  loss=2.9518 ppl=19.1 lr=3.57e-06 | 83174 tok/s (avg 82823) ETA 28m24s | gtok=1,043,202,048 | GPU 1.3/8.9GB
step 28350 ep9/10 [28350/32130  88%]  loss=2.9276 ppl=18.7 lr=3.48e-06 | 83501 tok/s (avg 82824) ETA 28m02s | gtok=1,045,045,248 | GPU 1.3/8.9GB
step 28400 ep9/10 [28400/32130  88%]  loss=3.0219 ppl=20.5 lr=3.39e-06 | 83134 tok/s (avg 82824) ETA 27m40s | gtok=1,046,888,448 | GPU 1.3/8.9GB
step 28450 ep9/10 [28450/32130  89%]  loss=2.8427 ppl=17.2 lr=3.30e-06 | 83370 tok/s (avg 82825) ETA 27m17s | gtok=1,048,731,648 | GPU 1.3/8.9GB
step 28500 ep9/10 [28500/32130  89%]  loss=3.0589 ppl=21.3 lr=3.21e-06 | 83057 tok/s (avg 82826) ETA 26m55s | gtok=1,050,574,848 | GPU 1.3/8.9GB
step 28550 ep9/10 [28550/32130  89%]  loss=3.2042 ppl=24.6 lr=3.13e-06 | 83429 tok/s (avg 82827) ETA 26m33s | gtok=1,052,418,048 | GPU 1.3/8.9GB
step 28600 ep9/10 [28600/32130  89%]  loss=3.1472 ppl=23.3 lr=3.04e-06 | 83252 tok/s (avg 82827) ETA 26m11s | gtok=1,054,261,248 | GPU 1.3/8.9GB
step 28650 ep9/10 [28650/32130  89%]  loss=2.7440 ppl=15.5 lr=2.96e-06 | 83352 tok/s (avg 82828) ETA 25m48s | gtok=1,056,104,448 | GPU 1.3/8.9GB
step 28700 ep9/10 [28700/32130  89%]  loss=3.1099 ppl=22.4 lr=2.87e-06 | 83442 tok/s (avg 82829) ETA 25m26s | gtok=1,057,947,648 | GPU 1.3/8.9GB
step 28750 ep9/10 [28750/32130  89%]  loss=3.1792 ppl=24.0 lr=2.79e-06 | 83258 tok/s (avg 82830) ETA 25m04s | gtok=1,059,790,848 | GPU 1.3/8.9GB
step 28800 ep9/10 [28800/32130  90%]  loss=3.0638 ppl=21.4 lr=2.71e-06 | 83341 tok/s (avg 82831) ETA 24m41s | gtok=1,061,634,048 | GPU 1.3/8.9GB
step 28850 ep9/10 [28850/32130  90%]  loss=2.9095 ppl=18.3 lr=2.63e-06 | 83112 tok/s (avg 82831) ETA 24m19s | gtok=1,063,477,248 | GPU 1.3/8.9GB
step 28900 ep9/10 [28900/32130  90%]  loss=2.9252 ppl=18.6 lr=2.55e-06 | 83206 tok/s (avg 82832) ETA 23m57s | gtok=1,065,320,448 | GPU 1.3/8.9GB
=== Epoch 9/10 done | step 28917 | train_loss=3.0600 ppl=21.33 | gtok=1,065,940,992 | 23.9 min | best_val_ppl=23.17 ===
step 28950 ep10/10 [28950/32130  90%]  loss=3.0702 ppl=21.5 lr=2.47e-06 | 83058 tok/s (avg 82832) ETA 23m35s | gtok=1,067,157,504 | GPU 1.3/8.9GB
step 29000 ep10/10 [29000/32130  90%]  loss=3.0570 ppl=21.3 lr=2.40e-06 | 83258 tok/s (avg 82833) ETA 23m12s | gtok=1,069,000,704 | GPU 1.3/8.9GB
step 29050 ep10/10 [29050/32130  90%]  loss=2.9628 ppl=19.4 lr=2.32e-06 | 83006 tok/s (avg 82833) ETA 22m50s | gtok=1,070,843,904 | GPU 1.3/8.9GB
step 29100 ep10/10 [29100/32130  91%]  loss=3.0575 ppl=21.3 lr=2.25e-06 | 83289 tok/s (avg 82834) ETA 22m28s | gtok=1,072,687,104 | GPU 1.3/8.9GB
step 29150 ep10/10 [29150/32130  91%]  loss=3.1152 ppl=22.5 lr=2.17e-06 | 82936 tok/s (avg 82834) ETA 22m06s | gtok=1,074,530,304 | GPU 1.3/8.9GB
step 29200 ep10/10 [29200/32130  91%]  loss=3.0299 ppl=20.7 lr=2.10e-06 | 83473 tok/s (avg 82836) ETA 21m43s | gtok=1,076,373,504 | GPU 1.3/8.9GB
step 29250 ep10/10 [29250/32130  91%]  loss=2.9003 ppl=18.2 lr=2.03e-06 | 82982 tok/s (avg 82836) ETA 21m21s | gtok=1,078,216,704 | GPU 1.3/8.9GB
step 29300 ep10/10 [29300/32130  91%]  loss=2.9631 ppl=19.4 lr=1.96e-06 | 83293 tok/s (avg 82837) ETA 20m59s | gtok=1,080,059,904 | GPU 1.3/8.9GB
step 29350 ep10/10 [29350/32130  91%]  loss=3.0343 ppl=20.8 lr=1.89e-06 | 83206 tok/s (avg 82837) ETA 20m37s | gtok=1,081,903,104 | GPU 1.3/8.9GB
step 29400 ep10/10 [29400/32130  92%]  loss=3.0100 ppl=20.3 lr=1.83e-06 | 83189 tok/s (avg 82838) ETA 20m14s | gtok=1,083,746,304 | GPU 1.3/8.9GB
step 29450 ep10/10 [29450/32130  92%]  loss=2.9422 ppl=19.0 lr=1.76e-06 | 83331 tok/s (avg 82839) ETA 19m52s | gtok=1,085,589,504 | GPU 1.3/8.9GB
step 29500 ep10/10 [29500/32130  92%]  loss=3.1470 ppl=23.3 lr=1.70e-06 | 83049 tok/s (avg 82839) ETA 19m30s | gtok=1,087,432,704 | GPU 1.3/8.9GB
step 29550 ep10/10 [29550/32130  92%]  loss=3.0506 ppl=21.1 lr=1.63e-06 | 83305 tok/s (avg 82840) ETA 19m08s | gtok=1,089,275,904 | GPU 1.3/8.9GB
step 29600 ep10/10 [29600/32130  92%]  loss=3.0010 ppl=20.1 lr=1.57e-06 | 83021 tok/s (avg 82840) ETA 18m45s | gtok=1,091,119,104 | GPU 1.3/8.9GB
step 29650 ep10/10 [29650/32130  92%]  loss=3.1610 ppl=23.6 lr=1.51e-06 | 83231 tok/s (avg 82841) ETA 18m23s | gtok=1,092,962,304 | GPU 1.3/8.9GB
step 29700 ep10/10 [29700/32130  92%]  loss=2.8565 ppl=17.4 lr=1.45e-06 | 83125 tok/s (avg 82841) ETA 18m01s | gtok=1,094,805,504 | GPU 1.3/8.9GB
step 29750 ep10/10 [29750/32130  93%]  loss=3.0046 ppl=20.2 lr=1.39e-06 | 82966 tok/s (avg 82841) ETA 17m39s | gtok=1,096,648,704 | GPU 1.3/8.9GB
step 29800 ep10/10 [29800/32130  93%]  loss=3.0547 ppl=21.2 lr=1.33e-06 | 83496 tok/s (avg 82842) ETA 17m16s | gtok=1,098,491,904 | GPU 1.3/8.9GB
step 29850 ep10/10 [29850/32130  93%]  loss=3.0264 ppl=20.6 lr=1.28e-06 | 83322 tok/s (avg 82843) ETA 16m54s | gtok=1,100,335,104 | GPU 1.3/8.9GB
step 29900 ep10/10 [29900/32130  93%]  loss=3.0661 ppl=21.5 lr=1.22e-06 | 83484 tok/s (avg 82844) ETA 16m32s | gtok=1,102,178,304 | GPU 1.3/8.9GB
step 29950 ep10/10 [29950/32130  93%]  loss=2.8626 ppl=17.5 lr=1.17e-06 | 83184 tok/s (avg 82845) ETA 16m09s | gtok=1,104,021,504 | GPU 1.3/8.9GB
step 30000 ep10/10 [30000/32130  93%]  loss=3.1656 ppl=23.7 lr=1.11e-06 | 83249 tok/s (avg 82846) ETA 15m47s | gtok=1,105,864,704 | GPU 1.3/8.9GB
  [checkpoint] step 30000 -> checkpoints_v13_sempty/wikitext_chrono_fair_7b24e44/best_model.pt
  [val @ step 30000] val_loss=3.1420 val_ppl=23.15 *best* (best 23.15)
  [diag] step 30000 cgu=+0.71 +0.76 +0.82 +0.86 +0.92 +0.98 +1.05 +1.11 +1.21 +1.29 +1.42 +1.49 +1.56 +1.50 +1.68 +1.55  pam=+0.27 +0.25 +0.19 +0.21 +0.25 +0.28 +0.14 +0.11 +0.20 +0.15 +0.27 +0.27 +0.26 +0.29 +0.31 +0.25
  [diag] dtbias=-3.94 -3.94 -3.96 -3.95 -3.94 -3.93 -3.97 -3.99 -3.96 -3.96 -3.94 -3.94 -3.95 -3.98 -3.95 -3.95  ret=0.77 0.76 0.86 0.82 0.78 0.75 0.88 0.90 0.86 0.86 0.78 0.77 0.81 0.81 0.75 0.84
  [diag] gnorm=1.0e-01 1.1e-01 1.0e-01 1.1e-01 1.1e-01 1.2e-01 1.2e-01 1.4e-01 1.3e-01 1.6e-01 1.5e-01 1.5e-01 1.5e-01 2.5e-01 1.4e-01 1.4e-01  wnorm=59.4 59.6 59.6 59.9 60.2 60.5 60.3 60.5 61.0 61.3 61.9 62.5 62.9 63.6 64.8 64.6
step 30050 ep10/10 [30050/32130  94%]  loss=3.1707 ppl=23.8 lr=1.06e-06 | 70995 tok/s (avg 82823) ETA 15m25s | gtok=1,107,707,904 | GPU 1.3/8.9GB
step 30100 ep10/10 [30100/32130  94%]  loss=2.9785 ppl=19.7 lr=1.01e-06 | 83265 tok/s (avg 82823) ETA 15m03s | gtok=1,109,551,104 | GPU 1.3/8.9GB
step 30150 ep10/10 [30150/32130  94%]  loss=3.1612 ppl=23.6 lr=9.64e-07 | 83293 tok/s (avg 82824) ETA 14m41s | gtok=1,111,394,304 | GPU 1.3/8.9GB
step 30200 ep10/10 [30200/32130  94%]  loss=2.9714 ppl=19.5 lr=9.16e-07 | 82955 tok/s (avg 82824) ETA 14m18s | gtok=1,113,237,504 | GPU 1.3/8.9GB
step 30250 ep10/10 [30250/32130  94%]  loss=2.9490 ppl=19.1 lr=8.69e-07 | 83493 tok/s (avg 82825) ETA 13m56s | gtok=1,115,080,704 | GPU 1.3/8.9GB
step 30300 ep10/10 [30300/32130  94%]  loss=2.9904 ppl=19.9 lr=8.24e-07 | 83159 tok/s (avg 82826) ETA 13m34s | gtok=1,116,923,904 | GPU 1.3/8.9GB
step 30350 ep10/10 [30350/32130  94%]  loss=2.9872 ppl=19.8 lr=7.79e-07 | 83335 tok/s (avg 82827) ETA 13m12s | gtok=1,118,767,104 | GPU 1.3/8.9GB
step 30400 ep10/10 [30400/32130  95%]  loss=3.1460 ppl=23.2 lr=7.36e-07 | 83110 tok/s (avg 82827) ETA 12m49s | gtok=1,120,610,304 | GPU 1.3/8.9GB
step 30450 ep10/10 [30450/32130  95%]  loss=3.1115 ppl=22.5 lr=6.94e-07 | 83471 tok/s (avg 82828) ETA 12m27s | gtok=1,122,453,504 | GPU 1.3/8.9GB
step 30500 ep10/10 [30500/32130  95%]  loss=3.0612 ppl=21.4 lr=6.54e-07 | 83155 tok/s (avg 82829) ETA 12m05s | gtok=1,124,296,704 | GPU 1.3/8.9GB
step 30550 ep10/10 [30550/32130  95%]  loss=3.0337 ppl=20.8 lr=6.14e-07 | 83480 tok/s (avg 82830) ETA 11m43s | gtok=1,126,139,904 | GPU 1.3/8.9GB
step 30600 ep10/10 [30600/32130  95%]  loss=2.9689 ppl=19.5 lr=5.76e-07 | 83014 tok/s (avg 82830) ETA 11m20s | gtok=1,127,983,104 | GPU 1.3/8.9GB
step 30650 ep10/10 [30650/32130  95%]  loss=3.0350 ppl=20.8 lr=5.39e-07 | 83404 tok/s (avg 82831) ETA 10m58s | gtok=1,129,826,304 | GPU 1.3/8.9GB
step 30700 ep10/10 [30700/32130  96%]  loss=3.1052 ppl=22.3 lr=5.03e-07 | 83064 tok/s (avg 82831) ETA 10m36s | gtok=1,131,669,504 | GPU 1.3/8.9GB
step 30750 ep10/10 [30750/32130  96%]  loss=3.0287 ppl=20.7 lr=4.69e-07 | 83248 tok/s (avg 82832) ETA 10m14s | gtok=1,133,512,704 | GPU 1.3/8.9GB
step 30800 ep10/10 [30800/32130  96%]  loss=3.1278 ppl=22.8 lr=4.36e-07 | 83518 tok/s (avg 82833) ETA 9m51s | gtok=1,135,355,904 | GPU 1.3/8.9GB
step 30850 ep10/10 [30850/32130  96%]  loss=3.0271 ppl=20.6 lr=4.04e-07 | 83160 tok/s (avg 82834) ETA 9m29s | gtok=1,137,199,104 | GPU 1.3/8.9GB
step 30900 ep10/10 [30900/32130  96%]  loss=2.9685 ppl=19.5 lr=3.73e-07 | 83400 tok/s (avg 82835) ETA 9m07s | gtok=1,139,042,304 | GPU 1.3/8.9GB
step 30950 ep10/10 [30950/32130  96%]  loss=2.8709 ppl=17.7 lr=3.43e-07 | 83279 tok/s (avg 82835) ETA 8m45s | gtok=1,140,885,504 | GPU 1.3/8.9GB
step 31000 ep10/10 [31000/32130  96%]  loss=2.8958 ppl=18.1 lr=3.15e-07 | 83505 tok/s (avg 82836) ETA 8m22s | gtok=1,142,728,704 | GPU 1.3/8.9GB
step 31050 ep10/10 [31050/32130  97%]  loss=3.0708 ppl=21.6 lr=2.87e-07 | 83237 tok/s (avg 82837) ETA 8m00s | gtok=1,144,571,904 | GPU 1.3/8.9GB
step 31100 ep10/10 [31100/32130  97%]  loss=2.8775 ppl=17.8 lr=2.61e-07 | 83502 tok/s (avg 82838) ETA 7m38s | gtok=1,146,415,104 | GPU 1.3/8.9GB
step 31150 ep10/10 [31150/32130  97%]  loss=3.0382 ppl=20.9 lr=2.37e-07 | 83107 tok/s (avg 82839) ETA 7m16s | gtok=1,148,258,304 | GPU 1.3/8.9GB
step 31200 ep10/10 [31200/32130  97%]  loss=2.8090 ppl=16.6 lr=2.13e-07 | 83405 tok/s (avg 82839) ETA 6m53s | gtok=1,150,101,504 | GPU 1.3/8.9GB
step 31250 ep10/10 [31250/32130  97%]  loss=3.0126 ppl=20.3 lr=1.91e-07 | 83329 tok/s (avg 82840) ETA 6m31s | gtok=1,151,944,704 | GPU 1.3/8.9GB
step 31300 ep10/10 [31300/32130  97%]  loss=3.1107 ppl=22.4 lr=1.70e-07 | 83256 tok/s (avg 82841) ETA 6m09s | gtok=1,153,787,904 | GPU 1.3/8.9GB
step 31350 ep10/10 [31350/32130  98%]  loss=2.9470 ppl=19.0 lr=1.50e-07 | 83212 tok/s (avg 82842) ETA 5m47s | gtok=1,155,631,104 | GPU 1.3/8.9GB
step 31400 ep10/10 [31400/32130  98%]  loss=3.1120 ppl=22.5 lr=1.31e-07 | 83024 tok/s (avg 82842) ETA 5m24s | gtok=1,157,474,304 | GPU 1.3/8.9GB
step 31450 ep10/10 [31450/32130  98%]  loss=2.8861 ppl=17.9 lr=1.14e-07 | 83397 tok/s (avg 82843) ETA 5m02s | gtok=1,159,317,504 | GPU 1.3/8.9GB
step 31500 ep10/10 [31500/32130  98%]  loss=2.9873 ppl=19.8 lr=9.79e-08 | 83135 tok/s (avg 82843) ETA 4m40s | gtok=1,161,160,704 | GPU 1.3/8.9GB
step 31550 ep10/10 [31550/32130  98%]  loss=3.0921 ppl=22.0 lr=8.29e-08 | 83351 tok/s (avg 82844) ETA 4m18s | gtok=1,163,003,904 | GPU 1.3/8.9GB
step 31600 ep10/10 [31600/32130  98%]  loss=3.1970 ppl=24.5 lr=6.93e-08 | 83154 tok/s (avg 82844) ETA 3m55s | gtok=1,164,847,104 | GPU 1.3/8.9GB
step 31650 ep10/10 [31650/32130  99%]  loss=2.9596 ppl=19.3 lr=5.68e-08 | 83467 tok/s (avg 82845) ETA 3m33s | gtok=1,166,690,304 | GPU 1.3/8.9GB
step 31700 ep10/10 [31700/32130  99%]  loss=3.0064 ppl=20.2 lr=4.56e-08 | 82941 tok/s (avg 82846) ETA 3m11s | gtok=1,168,533,504 | GPU 1.3/8.9GB
step 31750 ep10/10 [31750/32130  99%]  loss=3.0558 ppl=21.2 lr=3.56e-08 | 83286 tok/s (avg 82846) ETA 2m49s | gtok=1,170,376,704 | GPU 1.3/8.9GB
step 31800 ep10/10 [31800/32130  99%]  loss=2.9178 ppl=18.5 lr=2.69e-08 | 82989 tok/s (avg 82846) ETA 2m26s | gtok=1,172,219,904 | GPU 1.3/8.9GB
step 31850 ep10/10 [31850/32130  99%]  loss=2.9475 ppl=19.1 lr=1.93e-08 | 83179 tok/s (avg 82847) ETA 2m04s | gtok=1,174,063,104 | GPU 1.3/8.9GB
step 31900 ep10/10 [31900/32130  99%]  loss=3.0317 ppl=20.7 lr=1.30e-08 | 83188 tok/s (avg 82847) ETA 1m42s | gtok=1,175,906,304 | GPU 1.3/8.9GB
step 31950 ep10/10 [31950/32130  99%]  loss=3.1262 ppl=22.8 lr=7.99e-09 | 83359 tok/s (avg 82848) ETA 1m20s | gtok=1,177,749,504 | GPU 1.3/8.9GB
step 32000 ep10/10 [32000/32130 100%]  loss=3.2232 ppl=25.1 lr=4.17e-09 | 83494 tok/s (avg 82849) ETA 0m57s | gtok=1,179,592,704 | GPU 1.3/8.9GB
  [gen @ step 32000] failed: multi-state / delta / chrono decode is not implemented; run rungs with --gen_every 0 (probe/val use the chunked path)
  [checkpoint] step 32000 -> checkpoints_v13_sempty/wikitext_chrono_fair_7b24e44/best_model.pt
  [val @ step 32000] val_loss=3.1416 val_ppl=23.14 *best* (best 23.14)
  [checkpoint] step 32000 -> checkpoints_v13_sempty/wikitext_chrono_fair_7b24e44/latest.pt
  [diag] step 32000 cgu=+0.71 +0.76 +0.82 +0.86 +0.92 +0.98 +1.05 +1.11 +1.21 +1.29 +1.42 +1.49 +1.56 +1.50 +1.68 +1.55  pam=+0.27 +0.25 +0.19 +0.21 +0.25 +0.28 +0.14 +0.11 +0.20 +0.15 +0.27 +0.27 +0.26 +0.29 +0.31 +0.25
  [diag] dtbias=-3.94 -3.94 -3.96 -3.95 -3.94 -3.93 -3.97 -3.99 -3.96 -3.96 -3.94 -3.94 -3.95 -3.98 -3.95 -3.95  ret=0.77 0.76 0.86 0.82 0.78 0.75 0.88 0.90 0.85 0.85 0.78 0.76 0.81 0.81 0.74 0.83
  [diag] gnorm=9.9e-02 1.1e-01 9.9e-02 1.1e-01 1.1e-01 1.2e-01 1.3e-01 1.4e-01 1.3e-01 1.6e-01 1.5e-01 1.6e-01 1.5e-01 2.5e-01 1.4e-01 1.4e-01  wnorm=59.4 59.6 59.6 59.9 60.2 60.5 60.3 60.5 61.0 61.3 61.9 62.5 62.9 63.6 64.8 64.6
step 32050 ep10/10 [32050/32130 100%]  loss=3.1430 ppl=23.2 lr=1.58e-09 | 66494 tok/s (avg 82818) ETA 0m35s | gtok=1,181,435,904 | GPU 1.3/8.9GB
step 32100 ep10/10 [32100/32130 100%]  loss=3.1370 ppl=23.0 lr=2.22e-10 | 83331 tok/s (avg 82818) ETA 0m13s | gtok=1,183,279,104 | GPU 1.3/8.9GB
=== Epoch 10/10 done | step 32130 | train_loss=3.0474 ppl=21.06 | gtok=1,184,378,880 | 23.9 min | best_val_ppl=23.14 ===

Training complete. steps=32130 tokens=1,184,378,880 best_val_ppl=23.14
train loss: 10.9432 -> 3.0607 (delta -7.8824)
  [checkpoint] step 32130 -> checkpoints_v13_sempty/wikitext_chrono_fair_7b24e44/latest.pt
=== wikitext_chrono_fair end 1788517164 exit=0 ===
