=== mix3b_delta_answ100 start 2026-09-05T17:47:24Z commit=1c913ef log=logs/v13_sempty_mix3b_delta_answ100_1c913ef_20260905_1747.log ckpt=checkpoints_v13_sempty/mix3b_delta_answ100_1c913ef ===
[resume] auto: no checkpoints_v13_sempty/mix3b_delta_answ100_1c913ef/latest.pt; starting fresh
Streaming pretrain blend: sources=['dclm', 'fineweb', 'smoltalk2_mid', 'recall'] weights=[0.44, 0.41, 0.1, 0.05] edu>=3 budget=3000000000 vocab=50261 holdout_pct=5 exclude_holdout=True mix_seed=42 warmup=300,000,000 answer_weight=100.0 skips={'dclm': 0, 'fineweb': 0, 'smoltalk2_mid': 0, 'recall': 0}
[cache] Pretrain holdout val from .cache/v7_tokens/pretrain_holdout_v1_v50261_t500000_e3_p5.pt (500,000 tokens)
[cache] Loaded WikiText-103 validation from .cache/v7_tokens/wikitext103_validation_v2_full_sl2048.pt (248,461 tokens)
Val chunks: 121
streaming pretrain: sources=('dclm', 'fineweb', 'smoltalk2_mid', 'recall') weights=(0.44, 0.41, 0.1, 0.05) target_tokens=3000000000 steps=81380 cached=False chat_vocab=True wiki_val=True
========================================================================
  v13_sempty trainer  (real-arm PAM, O(1) memory)
  wall clock start : 2026-09-05 17:47:30
  commit           : 1c913ef
  preset / dataset : baseline_real_pm / mix
========================================================================
[env]
  device=cuda gpu=NVIDIA RTX PRO 6000 Blackwell Server Edition torch=2.8.0+cu128
  fused_pam=True fused_ce=True ce_gemm_dtype=auto amp=bf16 grad_ckpt=False
[geometry]
  batch_size=18 seq_len=2048 tokens/step=36,864
  steps=81,380 steps/epoch=None epochs_implied=n/a
  planned_tokens=2,999,992,320  lr=0.0002 warmup=1000 wd=0.01 grad_clip=1.0
  checkpoints: dir=checkpoints_v13_sempty/mix3b_delta_answ100_1c913ef latest_every=1000 keep_every=10000 keep_last=1 best=on val_every=2000 resume=auto
[data]
  train_chunks=None val_chunks=244 recall_frac=0.0 vocab=50261 tokenizer=gpt2
[params]
  total=102,117,980 (102.12M dense)
[config] {'vocab_size': 50261, 'dim': 588, 'n_heads': 6, 'head_dim': 98, 'n_layers': 16, 'expand': 3, 'dropout': 0.0, 'max_seq_len': 2048, 'use_rope': True, 'tie_weights': True, 'gradient_checkpointing': False, 'activation': 'swish', 'chunk_size': 256, 'base_dt_bias': -4.0, 'is_complex': False, 'n_states': 1, 'state_dt_spread': 2.0, 'vault': False, 'delta': True, 'cond_mem': False, 'cond_mem_slots': 262144, 'cond_mem_dim': 64, 'cond_mem_layers': (0, 1), 'chrono': True, 'out_gate': True}
[args] {'preset': 'baseline_real_pm', 'dataset': 'mix', 'device': 'cuda', 'steps': 81380, 'epochs': 1, 'batch_size': 18, 'seq_len': 2048, 'lr': 0.0002, 'weight_decay': 0.01, 'dropout': 0.0, 'warmup_steps': 1000, 'gradient_clip': 1.0, 'amp_dtype': 'bf16', 'fused_ce': True, 'no_fused_ce': False, 'fused_ce_chunk': 4096, 'ce_gemm_dtype': 'auto', 'fused_pam': True, 'max_samples': 64, 'seed': 42, 'target_tokens': 3000000000, 'pretrain_sources': 'dclm,fineweb,smoltalk2_mid,recall', 'pretrain_weights': '0.44,0.41,0.10,0.05', 'edu_score_min': 3, 'fineweb_name': 'sample-10BT', 'holdout_pct': 5, 'blend_warmup_tokens': 300000000, 'answer_weight': 100.0, 'num_workers': 2, 'no_wiki_val': False, 'resume': 'auto', 'keep_every_steps': 10000, 'keep_last': 1, 'no_chat_vocab': False, 'checkpoint_dir': 'checkpoints_v13_sempty/mix3b_delta_answ100_1c913ef', 'gradient_checkpointing': False, 'log_interval': 50, 'val_every': 2000, 'gen_every': 0, 'gen_prompt': 'In 1923, the University of', 'gen_max_tokens': 80, 'save_every_steps': 1000, 'diag_every': 2000, 'max_val_batches': 0, 'recall_frac': 0.0, 'n_states': None, 'vault': False, 'delta': True, 'cond_mem': False, 'chrono': True, 'out_gate': True}
========================================================================
Token indices sequence length is longer than the specified maximum sequence length for this model (1053 > 1024). Running this sequence through the model will result in indexing errors
step 50 [50/81380   0%]  loss=10.6382 ppl=41699.0 lr=1.00e-05 | 7829 tok/s (avg 7829) ETA 6382m49s | gtok=1,843,200 | GPU 1.3/55.7GB
step 100 [100/81380   0%]  loss=10.1208 ppl=24854.0 lr=2.00e-05 | 51691 tok/s (avg 13598) ETA 3672m30s | gtok=3,686,400 | GPU 1.3/55.7GB
step 150 [150/81380   0%]  loss=8.9426 ppl=7650.9 lr=3.00e-05 | 51866 tok/s (avg 18033) ETA 2767m34s | gtok=5,529,600 | GPU 1.3/55.7GB
step 200 [200/81380   0%]  loss=8.0713 ppl=3201.1 lr=4.00e-05 | 51890 tok/s (avg 21548) ETA 2314m42s | gtok=7,372,800 | GPU 1.3/55.7GB
step 250 [250/81380   0%]  loss=7.3493 ppl=1555.0 lr=5.00e-05 | 51497 tok/s (avg 24384) ETA 2044m12s | gtok=9,216,000 | GPU 1.3/55.7GB
step 300 [300/81380   0%]  loss=7.0166 ppl=1115.0 lr=6.00e-05 | 51701 tok/s (avg 26739) ETA 1863m03s | gtok=11,059,200 | GPU 1.3/55.7GB
step 350 [350/81380   0%]  loss=6.8872 ppl=979.6 lr=7.00e-05 | 51367 tok/s (avg 28705) ETA 1734m22s | gtok=12,902,400 | GPU 1.3/55.7GB
step 400 [400/81380   0%]  loss=6.6192 ppl=749.3 lr=8.00e-05 | 51692 tok/s (avg 30394) ETA 1636m57s | gtok=14,745,600 | GPU 1.3/55.7GB
step 450 [450/81380   1%]  loss=6.5558 ppl=703.3 lr=9.00e-05 | 51424 tok/s (avg 31841) ETA 1561m36s | gtok=16,588,800 | GPU 1.3/55.7GB
step 500 [500/81380   1%]  loss=6.3622 ppl=579.5 lr=1.00e-04 | 51679 tok/s (avg 33112) ETA 1500m44s | gtok=18,432,000 | GPU 1.3/55.7GB
step 550 [550/81380   1%]  loss=6.2617 ppl=524.1 lr=1.10e-04 | 51712 tok/s (avg 34231) ETA 1450m46s | gtok=20,275,200 | GPU 1.3/55.7GB
step 600 [600/81380   1%]  loss=6.0753 ppl=435.0 lr=1.20e-04 | 51650 tok/s (avg 35221) ETA 1409m07s | gtok=22,118,400 | GPU 1.3/55.7GB
step 650 [650/81380   1%]  loss=5.9343 ppl=377.8 lr=1.30e-04 | 51928 tok/s (avg 36115) ETA 1373m24s | gtok=23,961,600 | GPU 1.3/55.7GB
step 700 [700/81380   1%]  loss=5.8285 ppl=339.8 lr=1.40e-04 | 51589 tok/s (avg 36906) ETA 1343m08s | gtok=25,804,800 | GPU 1.3/55.7GB
step 750 [750/81380   1%]  loss=5.7823 ppl=324.5 lr=1.50e-04 | 51877 tok/s (avg 37630) ETA 1316m29s | gtok=27,648,000 | GPU 1.3/55.7GB
step 800 [800/81380   1%]  loss=5.6030 ppl=271.2 lr=1.60e-04 | 51589 tok/s (avg 38277) ETA 1293m25s | gtok=29,491,200 | GPU 1.3/55.7GB
step 850 [850/81380   1%]  loss=5.6887 ppl=295.5 lr=1.70e-04 | 51827 tok/s (avg 38875) ETA 1272m44s | gtok=31,334,400 | GPU 1.3/55.7GB
step 900 [900/81380   1%]  loss=5.5816 ppl=265.5 lr=1.80e-04 | 51785 tok/s (avg 39421) ETA 1254m20s | gtok=33,177,600 | GPU 1.3/55.7GB
step 950 [950/81380   1%]  loss=5.4843 ppl=240.9 lr=1.90e-04 | 51597 tok/s (avg 39917) ETA 1237m59s | gtok=35,020,800 | GPU 1.3/55.7GB
step 1000 [1000/81380   1%]  loss=5.2492 ppl=190.4 lr=2.00e-04 | 51742 tok/s (avg 40378) ETA 1223m04s | gtok=36,864,000 | GPU 1.3/55.7GB
  [checkpoint] step 1000 -> checkpoints_v13_sempty/mix3b_delta_answ100_1c913ef/latest.pt
step 1050 [1050/81380   1%]  loss=5.3206 ppl=204.5 lr=2.00e-04 | 50610 tok/s (avg 40770) ETA 1210m33s | gtok=38,707,200 | GPU 1.3/55.7GB
step 1100 [1100/81380   1%]  loss=5.2405 ppl=188.8 lr=2.00e-04 | 51489 tok/s (avg 41160) ETA 1198m21s | gtok=40,550,400 | GPU 1.3/55.7GB
step 1150 [1150/81380   1%]  loss=5.1886 ppl=179.2 lr=2.00e-04 | 51282 tok/s (avg 41516) ETA 1187m19s | gtok=42,393,600 | GPU 1.3/55.7GB
step 1200 [1200/81380   1%]  loss=5.2591 ppl=192.3 lr=2.00e-04 | 51512 tok/s (avg 41855) ETA 1176m59s | gtok=44,236,800 | GPU 1.3/55.7GB
step 1250 [1250/81380   2%]  loss=5.1738 ppl=176.6 lr=2.00e-04 | 51328 tok/s (avg 42166) ETA 1167m34s | gtok=46,080,000 | GPU 1.3/55.7GB
step 1300 [1300/81380   2%]  loss=5.0581 ppl=157.3 lr=2.00e-04 | 51746 tok/s (avg 42468) ETA 1158m32s | gtok=47,923,200 | GPU 1.3/55.7GB
step 1350 [1350/81380   2%]  loss=4.9516 ppl=141.4 lr=2.00e-04 | 51796 tok/s (avg 42753) ETA 1150m05s | gtok=49,766,400 | GPU 1.3/55.7GB
step 1400 [1400/81380   2%]  loss=4.8637 ppl=129.5 lr=2.00e-04 | 51577 tok/s (avg 43016) ETA 1142m21s | gtok=51,609,600 | GPU 1.3/55.7GB
step 1450 [1450/81380   2%]  loss=5.0443 ppl=155.1 lr=2.00e-04 | 51759 tok/s (avg 43268) ETA 1134m59s | gtok=53,452,800 | GPU 1.3/55.7GB
step 1500 [1500/81380   2%]  loss=4.9625 ppl=142.9 lr=2.00e-04 | 51500 tok/s (avg 43500) ETA 1128m14s | gtok=55,296,000 | GPU 1.3/55.7GB
step 1550 [1550/81380   2%]  loss=4.8862 ppl=132.4 lr=2.00e-04 | 51719 tok/s (avg 43724) ETA 1121m45s | gtok=57,139,200 | GPU 1.3/55.7GB
step 1600 [1600/81380   2%]  loss=4.8735 ppl=130.8 lr=2.00e-04 | 51465 tok/s (avg 43931) ETA 1115m46s | gtok=58,982,400 | GPU 1.3/55.7GB
step 1650 [1650/81380   2%]  loss=4.6579 ppl=105.4 lr=2.00e-04 | 51784 tok/s (avg 44133) ETA 1109m57s | gtok=60,825,600 | GPU 1.3/55.7GB
step 1700 [1700/81380   2%]  loss=4.8564 ppl=128.6 lr=2.00e-04 | 51840 tok/s (avg 44327) ETA 1104m24s | gtok=62,668,800 | GPU 1.3/55.7GB
step 1750 [1750/81380   2%]  loss=4.7414 ppl=114.6 lr=2.00e-04 | 51502 tok/s (avg 44504) ETA 1099m19s | gtok=64,512,000 | GPU 1.3/55.7GB
step 1800 [1800/81380   2%]  loss=4.6173 ppl=101.2 lr=2.00e-04 | 51787 tok/s (avg 44679) ETA 1094m20s | gtok=66,355,200 | GPU 1.3/55.7GB
step 1850 [1850/81380   2%]  loss=4.6811 ppl=107.9 lr=2.00e-04 | 51554 tok/s (avg 44840) ETA 1089m42s | gtok=68,198,400 | GPU 1.3/55.7GB
step 1900 [1900/81380   2%]  loss=4.6141 ppl=100.9 lr=2.00e-04 | 51807 tok/s (avg 45000) ETA 1085m10s | gtok=70,041,600 | GPU 1.3/55.7GB
step 1950 [1950/81380   2%]  loss=4.5293 ppl=92.7 lr=2.00e-04 | 51489 tok/s (avg 45146) ETA 1080m59s | gtok=71,884,800 | GPU 1.3/55.7GB
step 2000 [2000/81380   2%]  loss=4.6982 ppl=109.8 lr=2.00e-04 | 51712 tok/s (avg 45289) ETA 1076m52s | gtok=73,728,000 | GPU 1.3/55.7GB
  [checkpoint] step 2000 -> checkpoints_v13_sempty/mix3b_delta_answ100_1c913ef/best_model.pt
  [val @ step 2000] val_loss=4.6537 val_ppl=104.97 *best* (best 104.97)
  [wiki_val @ step 2000] val_loss=5.8934 val_ppl=362.63
  [checkpoint] step 2000 -> checkpoints_v13_sempty/mix3b_delta_answ100_1c913ef/latest.pt
  [diag] step 2000 cgu=+0.96 +0.95 +0.95 +0.97 +0.98 +1.03 +1.07 +1.09 +1.12 +1.13 +1.18 +1.19 +1.20 +1.16 +1.22 +1.17  pam=+0.12 +0.14 +0.13 +0.16 +0.17 +0.17 +0.17 +0.17 +0.19 +0.18 +0.19 +0.20 +0.20 +0.19 +0.20 +0.13
  [diag] dtbias=-3.99 -3.99 -4.00 -4.00 -4.00 -4.00 -3.99 -4.02 -4.00 -3.99 -4.00 -3.99 -3.99 -3.99 -4.01 -4.00  ret=0.95 0.89 0.94 0.90 0.91 0.88 0.91 0.98 0.94 0.89 0.94 0.89 0.87 0.85 0.98 0.95
  [diag] dtbias/head(layer-mean)=-4.00 -4.00 -3.99 -3.99 -4.00 -4.00
  [diag] gnorm=6.6e-02 1.2e-01 6.1e-02 6.9e-02 9.3e-02 1.0e-01 6.3e-02 7.6e-02 8.0e-02 1.1e-01 8.1e-02 1.0e-01 8.8e-02 1.2e-01 1.4e-01 9.3e-02  wnorm=57.3 57.6 57.7 57.9 58.2 58.4 58.6 58.6 58.8 59.2 59.2 59.5 59.7 60.1 60.3 59.8
step 2050 [2050/81380   3%]  loss=4.5550 ppl=95.1 lr=2.00e-04 | 23591 tok/s (avg 44296) ETA 1100m20s | gtok=75,571,200 | GPU 1.3/55.7GB
step 2100 [2100/81380   3%]  loss=4.6224 ppl=101.7 lr=2.00e-04 | 51681 tok/s (avg 44447) ETA 1095m54s | gtok=77,414,400 | GPU 1.3/55.7GB
step 2150 [2150/81380   3%]  loss=4.5966 ppl=99.1 lr=2.00e-04 | 51417 tok/s (avg 44587) ETA 1091m45s | gtok=79,257,600 | GPU 1.3/55.7GB
step 2200 [2200/81380   3%]  loss=4.4708 ppl=87.4 lr=2.00e-04 | 51716 tok/s (avg 44727) ETA 1087m39s | gtok=81,100,800 | GPU 1.3/55.7GB
step 2250 [2250/81380   3%]  loss=4.3584 ppl=78.1 lr=2.00e-04 | 51807 tok/s (avg 44864) ETA 1083m40s | gtok=82,944,000 | GPU 1.3/55.7GB
step 2300 [2300/81380   3%]  loss=4.6251 ppl=102.0 lr=2.00e-04 | 51499 tok/s (avg 44990) ETA 1079m57s | gtok=84,787,200 | GPU 1.3/55.7GB
step 2350 [2350/81380   3%]  loss=4.4576 ppl=86.3 lr=2.00e-04 | 51820 tok/s (avg 45116) ETA 1076m14s | gtok=86,630,400 | GPU 1.3/55.7GB
step 2400 [2400/81380   3%]  loss=4.4633 ppl=86.8 lr=2.00e-04 | 51469 tok/s (avg 45233) ETA 1072m47s | gtok=88,473,600 | GPU 1.3/55.7GB
step 2450 [2450/81380   3%]  loss=4.2887 ppl=72.9 lr=2.00e-04 | 51841 tok/s (avg 45351) ETA 1069m19s | gtok=90,316,800 | GPU 1.3/55.7GB
step 2500 [2500/81380   3%]  loss=4.3292 ppl=75.9 lr=2.00e-04 | 51526 tok/s (avg 45459) ETA 1066m05s | gtok=92,160,000 | GPU 1.3/55.7GB
step 2550 [2550/81380   3%]  loss=4.4348 ppl=84.3 lr=2.00e-04 | 51744 tok/s (avg 45568) ETA 1062m52s | gtok=94,003,200 | GPU 1.3/55.7GB
step 2600 [2600/81380   3%]  loss=4.3856 ppl=80.3 lr=2.00e-04 | 51801 tok/s (avg 45674) ETA 1059m44s | gtok=95,846,400 | GPU 1.3/55.7GB
step 2650 [2650/81380   3%]  loss=4.3328 ppl=76.2 lr=2.00e-04 | 51502 tok/s (avg 45771) ETA 1056m48s | gtok=97,689,600 | GPU 1.3/55.7GB
step 2700 [2700/81380   3%]  loss=4.3475 ppl=77.3 lr=2.00e-04 | 51664 tok/s (avg 45868) ETA 1053m54s | gtok=99,532,800 | GPU 1.3/55.7GB
step 2750 [2750/81380   3%]  loss=4.3711 ppl=79.1 lr=2.00e-04 | 51311 tok/s (avg 45957) ETA 1051m12s | gtok=101,376,000 | GPU 1.3/55.7GB
step 2800 [2800/81380   3%]  loss=4.2542 ppl=70.4 lr=2.00e-04 | 51715 tok/s (avg 46048) ETA 1048m27s | gtok=103,219,200 | GPU 1.3/55.7GB
step 2850 [2850/81380   4%]  loss=4.3274 ppl=75.7 lr=2.00e-04 | 51322 tok/s (avg 46132) ETA 1045m53s | gtok=105,062,400 | GPU 1.3/55.7GB
step 2900 [2900/81380   4%]  loss=4.2174 ppl=67.9 lr=2.00e-04 | 51656 tok/s (avg 46217) ETA 1043m18s | gtok=106,905,600 | GPU 1.3/55.7GB
step 2950 [2950/81380   4%]  loss=4.2472 ppl=69.9 lr=2.00e-04 | 51682 tok/s (avg 46300) ETA 1040m46s | gtok=108,748,800 | GPU 1.3/55.7GB
step 3000 [3000/81380   4%]  loss=4.2432 ppl=69.6 lr=2.00e-04 | 51441 tok/s (avg 46377) ETA 1038m22s | gtok=110,592,000 | GPU 1.3/55.7GB
  [checkpoint] step 3000 -> checkpoints_v13_sempty/mix3b_delta_answ100_1c913ef/latest.pt
step 3050 [3050/81380   4%]  loss=4.1919 ppl=66.2 lr=2.00e-04 | 49098 tok/s (avg 46419) ETA 1036m46s | gtok=112,435,200 | GPU 1.3/55.7GB
step 3100 [3100/81380   4%]  loss=4.2035 ppl=66.9 lr=2.00e-04 | 51242 tok/s (avg 46490) ETA 1034m31s | gtok=114,278,400 | GPU 1.3/55.7GB
step 3150 [3150/81380   4%]  loss=4.1448 ppl=63.1 lr=2.00e-04 | 51609 tok/s (avg 46563) ETA 1032m14s | gtok=116,121,600 | GPU 1.3/55.7GB
step 3200 [3200/81380   4%]  loss=4.3214 ppl=75.3 lr=2.00e-04 | 51471 tok/s (avg 46633) ETA 1030m02s | gtok=117,964,800 | GPU 1.3/55.7GB
step 3250 [3250/81380   4%]  loss=4.1916 ppl=66.1 lr=2.00e-04 | 51724 tok/s (avg 46703) ETA 1027m49s | gtok=119,808,000 | GPU 1.3/55.7GB
step 3300 [3300/81380   4%]  loss=4.3573 ppl=78.0 lr=2.00e-04 | 51766 tok/s (avg 46773) ETA 1025m39s | gtok=121,651,200 | GPU 1.3/55.7GB
step 3350 [3350/81380   4%]  loss=4.1507 ppl=63.5 lr=2.00e-04 | 51370 tok/s (avg 46835) ETA 1023m37s | gtok=123,494,400 | GPU 1.3/55.7GB
step 3400 [3400/81380   4%]  loss=4.0756 ppl=58.9 lr=2.00e-04 | 51670 tok/s (avg 46900) ETA 1021m33s | gtok=125,337,600 | GPU 1.3/55.7GB
step 3450 [3450/81380   4%]  loss=4.1844 ppl=65.7 lr=2.00e-04 | 51291 tok/s (avg 46958) ETA 1019m38s | gtok=127,180,800 | GPU 1.3/55.7GB
step 3500 [3500/81380   4%]  loss=4.1504 ppl=63.5 lr=2.00e-04 | 51658 tok/s (avg 47019) ETA 1017m39s | gtok=129,024,000 | GPU 1.3/55.7GB
step 3550 [3550/81380   4%]  loss=4.0621 ppl=58.1 lr=2.00e-04 | 51361 tok/s (avg 47075) ETA 1015m47s | gtok=130,867,200 | GPU 1.3/55.7GB
step 3600 [3600/81380   4%]  loss=4.1641 ppl=64.3 lr=1.99e-04 | 51614 tok/s (avg 47133) ETA 1013m54s | gtok=132,710,400 | GPU 1.3/55.7GB
step 3650 [3650/81380   4%]  loss=4.0792 ppl=59.1 lr=1.99e-04 | 51536 tok/s (avg 47188) ETA 1012m04s | gtok=134,553,600 | GPU 1.3/55.7GB
step 3700 [3700/81380   5%]  loss=4.2477 ppl=69.9 lr=1.99e-04 | 51265 tok/s (avg 47239) ETA 1010m19s | gtok=136,396,800 | GPU 1.3/55.7GB
step 3750 [3750/81380   5%]  loss=4.2166 ppl=67.8 lr=1.99e-04 | 51622 tok/s (avg 47292) ETA 1008m32s | gtok=138,240,000 | GPU 1.3/55.7GB
step 3800 [3800/81380   5%]  loss=3.9755 ppl=53.3 lr=1.99e-04 | 51116 tok/s (avg 47339) ETA 1006m53s | gtok=140,083,200 | GPU 1.3/55.7GB
step 3850 [3850/81380   5%]  loss=4.1582 ppl=64.0 lr=1.99e-04 | 51399 tok/s (avg 47387) ETA 1005m12s | gtok=141,926,400 | GPU 1.3/55.7GB
step 3900 [3900/81380   5%]  loss=4.0815 ppl=59.2 lr=1.99e-04 | 51102 tok/s (avg 47432) ETA 1003m37s | gtok=143,769,600 | GPU 1.3/55.7GB
step 3950 [3950/81380   5%]  loss=4.0785 ppl=59.1 lr=1.99e-04 | 51472 tok/s (avg 47479) ETA 1001m59s | gtok=145,612,800 | GPU 1.3/55.7GB
step 4000 [4000/81380   5%]  loss=4.0116 ppl=55.2 lr=1.99e-04 | 51671 tok/s (avg 47527) ETA 1000m19s | gtok=147,456,000 | GPU 1.3/55.7GB
  [checkpoint] step 4000 -> checkpoints_v13_sempty/mix3b_delta_answ100_1c913ef/best_model.pt
  [val @ step 4000] val_loss=4.0749 val_ppl=58.85 *best* (best 58.85)
  [wiki_val @ step 4000] val_loss=5.0431 val_ppl=154.95
  [checkpoint] step 4000 -> checkpoints_v13_sempty/mix3b_delta_answ100_1c913ef/latest.pt
  [diag] step 4000 cgu=+0.81 +0.77 +0.72 +0.76 +0.77 +0.87 +0.94 +0.97 +1.04 +1.08 +1.18 +1.23 +1.26 +1.24 +1.28 +1.26  pam=+0.11 +0.15 +0.13 +0.17 +0.20 +0.20 +0.20 +0.22 +0.23 +0.24 +0.24 +0.26 +0.29 +0.23 +0.34 +0.15
  [diag] dtbias=-3.98 -3.98 -4.01 -3.99 -3.99 -3.99 -3.98 -4.03 -3.99 -3.99 -4.00 -3.99 -3.97 -3.98 -4.02 -3.99  ret=0.94 0.88 0.93 0.88 0.89 0.86 0.89 0.98 0.93 0.87 0.92 0.87 0.80 0.81 0.97 0.91
  [diag] dtbias/head(layer-mean)=-3.99 -4.00 -3.98 -3.98 -4.00 -3.99
  [diag] gnorm=7.0e-02 8.7e-02 6.9e-02 7.0e-02 1.3e-01 8.7e-02 7.4e-02 9.2e-02 8.9e-02 1.0e-01 1.0e-01 1.1e-01 1.0e-01 1.3e-01 1.8e-01 1.1e-01  wnorm=58.4 58.9 59.4 59.7 60.4 60.8 61.1 61.2 61.4 62.0 62.1 62.6 63.0 63.5 63.9 63.3
step 4050 [4050/81380   5%]  loss=4.2200 ppl=68.0 lr=1.99e-04 | 23150 tok/s (avg 46917) ETA 1012m40s | gtok=149,299,200 | GPU 1.3/55.7GB
step 4100 [4100/81380   5%]  loss=4.0460 ppl=57.2 lr=1.99e-04 | 51245 tok/s (avg 46965) ETA 1010m58s | gtok=151,142,400 | GPU 1.3/55.7GB
step 4150 [4150/81380   5%]  loss=4.0907 ppl=59.8 lr=1.99e-04 | 51503 tok/s (avg 47015) ETA 1009m14s | gtok=152,985,600 | GPU 1.3/55.7GB
step 4200 [4200/81380   5%]  loss=4.0087 ppl=55.1 lr=1.99e-04 | 51446 tok/s (avg 47064) ETA 1007m33s | gtok=154,828,800 | GPU 1.3/55.7GB
step 4250 [4250/81380   5%]  loss=3.9838 ppl=53.7 lr=1.99e-04 | 51423 tok/s (avg 47111) ETA 1005m54s | gtok=156,672,000 | GPU 1.3/55.7GB
step 4300 [4300/81380   5%]  loss=3.9257 ppl=50.7 lr=1.99e-04 | 51830 tok/s (avg 47160) ETA 1004m11s | gtok=158,515,200 | GPU 1.3/55.7GB
step 4350 [4350/81380   5%]  loss=3.9440 ppl=51.6 lr=1.99e-04 | 51459 tok/s (avg 47206) ETA 1002m34s | gtok=160,358,400 | GPU 1.3/55.7GB
step 4400 [4400/81380   5%]  loss=3.9903 ppl=54.1 lr=1.99e-04 | 51471 tok/s (avg 47250) ETA 1000m58s | gtok=162,201,600 | GPU 1.3/55.7GB
step 4450 [4450/81380   5%]  loss=4.0390 ppl=56.8 lr=1.99e-04 | 51226 tok/s (avg 47292) ETA 999m27s | gtok=164,044,800 | GPU 1.3/55.7GB
step 4500 [4500/81380   6%]  loss=3.9931 ppl=54.2 lr=1.99e-04 | 51650 tok/s (avg 47336) ETA 997m52s | gtok=165,888,000 | GPU 1.3/55.7GB
step 4550 [4550/81380   6%]  loss=4.0865 ppl=59.5 lr=1.99e-04 | 51606 tok/s (avg 47379) ETA 996m18s | gtok=167,731,200 | GPU 1.3/55.7GB
step 4600 [4600/81380   6%]  loss=4.0255 ppl=56.0 lr=1.99e-04 | 51297 tok/s (avg 47418) ETA 994m50s | gtok=169,574,400 | GPU 1.3/55.7GB
step 4650 [4650/81380   6%]  loss=3.9352 ppl=51.2 lr=1.99e-04 | 51574 tok/s (avg 47459) ETA 993m19s | gtok=171,417,600 | GPU 1.3/55.7GB
step 4700 [4700/81380   6%]  loss=3.9920 ppl=54.2 lr=1.99e-04 | 51346 tok/s (avg 47498) ETA 991m53s | gtok=173,260,800 | GPU 1.3/55.7GB
step 4750 [4750/81380   6%]  loss=3.9265 ppl=50.7 lr=1.99e-04 | 51658 tok/s (avg 47538) ETA 990m23s | gtok=175,104,000 | GPU 1.3/55.7GB
step 4800 [4800/81380   6%]  loss=3.9522 ppl=52.1 lr=1.99e-04 | 51447 tok/s (avg 47576) ETA 988m58s | gtok=176,947,200 | GPU 1.3/55.7GB
step 4850 [4850/81380   6%]  loss=4.0191 ppl=55.7 lr=1.99e-04 | 51671 tok/s (avg 47615) ETA 987m30s | gtok=178,790,400 | GPU 1.3/55.7GB
step 4900 [4900/81380   6%]  loss=4.1059 ppl=60.7 lr=1.99e-04 | 51729 tok/s (avg 47653) ETA 986m04s | gtok=180,633,600 | GPU 1.3/55.7GB
step 4950 [4950/81380   6%]  loss=4.0616 ppl=58.1 lr=1.99e-04 | 51398 tok/s (avg 47688) ETA 984m41s | gtok=182,476,800 | GPU 1.3/55.7GB
step 5000 [5000/81380   6%]  loss=4.0095 ppl=55.1 lr=1.99e-04 | 51573 tok/s (avg 47724) ETA 983m18s | gtok=184,320,000 | GPU 1.3/55.7GB
  [checkpoint] step 5000 -> checkpoints_v13_sempty/mix3b_delta_answ100_1c913ef/latest.pt
step 5050 [5050/81380   6%]  loss=4.0093 ppl=55.1 lr=1.99e-04 | 48924 tok/s (avg 47736) ETA 982m25s | gtok=186,163,200 | GPU 1.3/55.7GB
step 5100 [5100/81380   6%]  loss=3.8705 ppl=48.0 lr=1.99e-04 | 51680 tok/s (avg 47772) ETA 981m03s | gtok=188,006,400 | GPU 1.3/55.7GB
step 5150 [5150/81380   6%]  loss=4.0699 ppl=58.5 lr=1.99e-04 | 51694 tok/s (avg 47807) ETA 979m41s | gtok=189,849,600 | GPU 1.3/55.7GB
step 5200 [5200/81380   6%]  loss=3.8412 ppl=46.6 lr=1.99e-04 | 51462 tok/s (avg 47839) ETA 978m22s | gtok=191,692,800 | GPU 1.3/55.7GB
step 5250 [5250/81380   6%]  loss=3.8882 ppl=48.8 lr=1.99e-04 | 51699 tok/s (avg 47873) ETA 977m02s | gtok=193,536,000 | GPU 1.3/55.7GB
step 5300 [5300/81380   7%]  loss=3.8686 ppl=47.9 lr=1.99e-04 | 51528 tok/s (avg 47906) ETA 975m44s | gtok=195,379,200 | GPU 1.3/55.7GB
step 5350 [5350/81380   7%]  loss=3.8355 ppl=46.3 lr=1.99e-04 | 51818 tok/s (avg 47939) ETA 974m24s | gtok=197,222,400 | GPU 1.3/55.7GB
step 5400 [5400/81380   7%]  loss=3.9145 ppl=50.1 lr=1.99e-04 | 51507 tok/s (avg 47970) ETA 973m08s | gtok=199,065,600 | GPU 1.3/55.7GB
step 5450 [5450/81380   7%]  loss=3.7586 ppl=42.9 lr=1.98e-04 | 51796 tok/s (avg 48003) ETA 971m51s | gtok=200,908,800 | GPU 1.3/55.7GB
step 5500 [5500/81380   7%]  loss=3.8580 ppl=47.4 lr=1.98e-04 | 51806 tok/s (avg 48035) ETA 970m33s | gtok=202,752,000 | GPU 1.3/55.7GB
step 5550 [5550/81380   7%]  loss=4.0329 ppl=56.4 lr=1.98e-04 | 51486 tok/s (avg 48064) ETA 969m20s | gtok=204,595,200 | GPU 1.3/55.7GB
step 5600 [5600/81380   7%]  loss=3.9104 ppl=49.9 lr=1.98e-04 | 51724 tok/s (avg 48094) ETA 968m05s | gtok=206,438,400 | GPU 1.3/55.7GB
step 5650 [5650/81380   7%]  loss=3.9920 ppl=54.2 lr=1.98e-04 | 51339 tok/s (avg 48121) ETA 966m54s | gtok=208,281,600 | GPU 1.3/55.7GB
step 5700 [5700/81380   7%]  loss=3.9026 ppl=49.5 lr=1.98e-04 | 51698 tok/s (avg 48150) ETA 965m40s | gtok=210,124,800 | GPU 1.3/55.7GB
step 5750 [5750/81380   7%]  loss=3.6268 ppl=37.6 lr=1.98e-04 | 51335 tok/s (avg 48176) ETA 964m31s | gtok=211,968,000 | GPU 1.3/55.7GB
step 5800 [5800/81380   7%]  loss=3.7566 ppl=42.8 lr=1.98e-04 | 51644 tok/s (avg 48204) ETA 963m19s | gtok=213,811,200 | GPU 1.3/55.7GB
step 5850 [5850/81380   7%]  loss=3.8503 ppl=47.0 lr=1.98e-04 | 51635 tok/s (avg 48232) ETA 962m08s | gtok=215,654,400 | GPU 1.3/55.7GB
step 5900 [5900/81380   7%]  loss=3.7821 ppl=43.9 lr=1.98e-04 | 51331 tok/s (avg 48256) ETA 961m00s | gtok=217,497,600 | GPU 1.3/55.7GB
step 5950 [5950/81380   7%]  loss=3.7794 ppl=43.8 lr=1.98e-04 | 51545 tok/s (avg 48282) ETA 959m51s | gtok=219,340,800 | GPU 1.3/55.7GB
step 6000 [6000/81380   7%]  loss=3.9011 ppl=49.5 lr=1.98e-04 | 51535 tok/s (avg 48308) ETA 958m43s | gtok=221,184,000 | GPU 1.3/55.7GB
  [checkpoint] step 6000 -> checkpoints_v13_sempty/mix3b_delta_answ100_1c913ef/best_model.pt
  [val @ step 6000] val_loss=3.8575 val_ppl=47.35 *best* (best 47.35)
  [wiki_val @ step 6000] val_loss=4.7134 val_ppl=111.43
  [checkpoint] step 6000 -> checkpoints_v13_sempty/mix3b_delta_answ100_1c913ef/latest.pt
  [diag] step 6000 cgu=+0.70 +0.63 +0.55 +0.60 +0.63 +0.77 +0.84 +0.89 +0.96 +1.03 +1.13 +1.20 +1.25 +1.25 +1.29 +1.30  pam=+0.10 +0.15 +0.12 +0.17 +0.21 +0.21 +0.21 +0.24 +0.25 +0.25 +0.27 +0.28 +0.33 +0.25 +0.39 +0.17
  [diag] dtbias=-3.97 -3.97 -4.00 -3.99 -3.99 -3.98 -3.98 -4.04 -3.99 -3.98 -4.00 -3.98 -3.96 -3.97 -4.02 -3.98  ret=0.94 0.86 0.91 0.86 0.89 0.85 0.88 0.98 0.93 0.86 0.91 0.86 0.79 0.80 0.97 0.87
  [diag] dtbias/head(layer-mean)=-3.99 -3.99 -3.97 -3.98 -4.00 -3.99
  [diag] gnorm=6.8e-02 7.1e-02 5.7e-02 7.1e-02 1.1e-01 8.9e-02 7.1e-02 8.4e-02 8.2e-02 9.5e-02 1.1e-01 1.1e-01 1.0e-01 1.2e-01 1.8e-01 1.1e-01  wnorm=59.6 60.5 61.5 61.7 62.5 63.1 63.5 63.7 63.8 64.4 64.6 65.1 65.6 66.1 66.7 66.1
step 6050 [6050/81380   7%]  loss=3.7934 ppl=44.4 lr=1.98e-04 | 23183 tok/s (avg 47879) ETA 966m40s | gtok=223,027,200 | GPU 1.3/55.7GB
step 6100 [6100/81380   7%]  loss=3.9005 ppl=49.4 lr=1.98e-04 | 51646 tok/s (avg 47907) ETA 965m26s | gtok=224,870,400 | GPU 1.3/55.7GB
step 6150 [6150/81380   8%]  loss=3.8484 ppl=46.9 lr=1.98e-04 | 51689 tok/s (avg 47936) ETA 964m13s | gtok=226,713,600 | GPU 1.3/55.7GB
step 6200 [6200/81380   8%]  loss=3.8838 ppl=48.6 lr=1.98e-04 | 51411 tok/s (avg 47962) ETA 963m04s | gtok=228,556,800 | GPU 1.3/55.7GB
step 6250 [6250/81380   8%]  loss=3.8402 ppl=46.5 lr=1.98e-04 | 51571 tok/s (avg 47989) ETA 961m53s | gtok=230,400,000 | GPU 1.3/55.7GB
step 6300 [6300/81380   8%]  loss=3.8851 ppl=48.7 lr=1.98e-04 | 51152 tok/s (avg 48012) ETA 960m46s | gtok=232,243,200 | GPU 1.3/55.7GB
step 6350 [6350/81380   8%]  loss=3.7928 ppl=44.4 lr=1.98e-04 | 51516 tok/s (avg 48038) ETA 959m37s | gtok=234,086,400 | GPU 1.3/55.7GB
step 6400 [6400/81380   8%]  loss=3.8818 ppl=48.5 lr=1.98e-04 | 51318 tok/s (avg 48062) ETA 958m30s | gtok=235,929,600 | GPU 1.3/55.7GB
step 6450 [6450/81380   8%]  loss=3.7737 ppl=43.5 lr=1.98e-04 | 51541 tok/s (avg 48087) ETA 957m21s | gtok=237,772,800 | GPU 1.3/55.7GB
step 6500 [6500/81380   8%]  loss=3.8202 ppl=45.6 lr=1.98e-04 | 51520 tok/s (avg 48112) ETA 956m14s | gtok=239,616,000 | GPU 1.3/55.7GB
step 6550 [6550/81380   8%]  loss=3.8387 ppl=46.5 lr=1.98e-04 | 51253 tok/s (avg 48134) ETA 955m08s | gtok=241,459,200 | GPU 1.3/55.7GB
step 6600 [6600/81380   8%]  loss=3.8267 ppl=45.9 lr=1.98e-04 | 51629 tok/s (avg 48159) ETA 954m01s | gtok=243,302,400 | GPU 1.3/55.7GB
step 6650 [6650/81380   8%]  loss=3.7562 ppl=42.8 lr=1.98e-04 | 51403 tok/s (avg 48182) ETA 952m55s | gtok=245,145,600 | GPU 1.3/55.7GB
step 6700 [6700/81380   8%]  loss=3.8158 ppl=45.4 lr=1.98e-04 | 51801 tok/s (avg 48207) ETA 951m47s | gtok=246,988,800 | GPU 1.3/55.7GB
step 6750 [6750/81380   8%]  loss=3.8661 ppl=47.8 lr=1.97e-04 | 51390 tok/s (avg 48229) ETA 950m43s | gtok=248,832,000 | GPU 1.3/55.7GB
step 6800 [6800/81380   8%]  loss=3.8639 ppl=47.7 lr=1.97e-04 | 51628 tok/s (avg 48253) ETA 949m37s | gtok=250,675,200 | GPU 1.3/55.7GB
step 6850 [6850/81380   8%]  loss=3.9087 ppl=49.8 lr=1.97e-04 | 51593 tok/s (avg 48275) ETA 948m32s | gtok=252,518,400 | GPU 1.3/55.7GB
step 6900 [6900/81380   8%]  loss=3.8177 ppl=45.5 lr=1.97e-04 | 51309 tok/s (avg 48296) ETA 947m29s | gtok=254,361,600 | GPU 1.3/55.7GB
step 6950 [6950/81380   9%]  loss=3.7426 ppl=42.2 lr=1.97e-04 | 51615 tok/s (avg 48318) ETA 946m25s | gtok=256,204,800 | GPU 1.3/55.7GB
step 7000 [7000/81380   9%]  loss=3.8511 ppl=47.0 lr=1.97e-04 | 51317 tok/s (avg 48339) ETA 945m23s | gtok=258,048,000 | GPU 1.3/55.7GB
  [checkpoint] step 7000 -> checkpoints_v13_sempty/mix3b_delta_answ100_1c913ef/latest.pt
step 7050 [7050/81380   9%]  loss=3.9139 ppl=50.1 lr=1.97e-04 | 49172 tok/s (avg 48344) ETA 944m38s | gtok=259,891,200 | GPU 1.3/55.7GB
step 7100 [7100/81380   9%]  loss=3.9849 ppl=53.8 lr=1.97e-04 | 51535 tok/s (avg 48366) ETA 943m35s | gtok=261,734,400 | GPU 1.3/55.7GB
step 7150 [7150/81380   9%]  loss=3.7121 ppl=40.9 lr=1.97e-04 | 51732 tok/s (avg 48388) ETA 942m32s | gtok=263,577,600 | GPU 1.3/55.7GB
step 7200 [7200/81380   9%]  loss=3.7357 ppl=41.9 lr=1.97e-04 | 51634 tok/s (avg 48409) ETA 941m29s | gtok=265,420,800 | GPU 1.3/55.7GB
step 7250 [7250/81380   9%]  loss=3.7254 ppl=41.5 lr=1.97e-04 | 51400 tok/s (avg 48428) ETA 940m28s | gtok=267,264,000 | GPU 1.3/55.7GB
step 7300 [7300/81380   9%]  loss=3.7307 ppl=41.7 lr=1.97e-04 | 51663 tok/s (avg 48449) ETA 939m26s | gtok=269,107,200 | GPU 1.3/55.7GB
step 7350 [7350/81380   9%]  loss=3.7808 ppl=43.9 lr=1.97e-04 | 51518 tok/s (avg 48469) ETA 938m25s | gtok=270,950,400 | GPU 1.3/55.7GB
step 7400 [7400/81380   9%]  loss=3.7649 ppl=43.2 lr=1.97e-04 | 51616 tok/s (avg 48488) ETA 937m24s | gtok=272,793,600 | GPU 1.3/55.7GB
step 7450 [7450/81380   9%]  loss=3.6565 ppl=38.7 lr=1.97e-04 | 51698 tok/s (avg 48509) ETA 936m22s | gtok=274,636,800 | GPU 1.3/55.7GB
step 7500 [7500/81380   9%]  loss=3.8278 ppl=46.0 lr=1.97e-04 | 51495 tok/s (avg 48527) ETA 935m23s | gtok=276,480,000 | GPU 1.3/55.7GB
step 7550 [7550/81380   9%]  loss=3.7200 ppl=41.3 lr=1.97e-04 | 51729 tok/s (avg 48547) ETA 934m22s | gtok=278,323,200 | GPU 1.3/55.7GB
step 7600 [7600/81380   9%]  loss=3.6765 ppl=39.5 lr=1.97e-04 | 51444 tok/s (avg 48565) ETA 933m23s | gtok=280,166,400 | GPU 1.3/55.7GB
step 7650 [7650/81380   9%]  loss=3.6908 ppl=40.1 lr=1.97e-04 | 51712 tok/s (avg 48585) ETA 932m23s | gtok=282,009,600 | GPU 1.3/55.7GB
step 7700 [7700/81380   9%]  loss=3.8634 ppl=47.6 lr=1.97e-04 | 51312 tok/s (avg 48601) ETA 931m25s | gtok=283,852,800 | GPU 1.3/55.7GB
step 7750 [7750/81380  10%]  loss=3.8075 ppl=45.0 lr=1.97e-04 | 51562 tok/s (avg 48619) ETA 930m27s | gtok=285,696,000 | GPU 1.3/55.7GB
step 7800 [7800/81380  10%]  loss=3.7181 ppl=41.2 lr=1.96e-04 | 51559 tok/s (avg 48637) ETA 929m29s | gtok=287,539,200 | GPU 1.3/55.7GB
step 7850 [7850/81380  10%]  loss=3.6311 ppl=37.8 lr=1.96e-04 | 51277 tok/s (avg 48653) ETA 928m32s | gtok=289,382,400 | GPU 1.3/55.7GB
step 7900 [7900/81380  10%]  loss=3.7148 ppl=41.0 lr=1.96e-04 | 51642 tok/s (avg 48671) ETA 927m34s | gtok=291,225,600 | GPU 1.3/55.7GB
step 7950 [7950/81380  10%]  loss=3.8245 ppl=45.8 lr=1.96e-04 | 51431 tok/s (avg 48687) ETA 926m37s | gtok=293,068,800 | GPU 1.3/55.7GB
step 8000 [8000/81380  10%]  loss=3.7855 ppl=44.1 lr=1.96e-04 | 51447 tok/s (avg 48704) ETA 925m41s | gtok=294,912,000 | GPU 1.3/55.7GB
  [checkpoint] step 8000 -> checkpoints_v13_sempty/mix3b_delta_answ100_1c913ef/best_model.pt
  [val @ step 8000] val_loss=3.7535 val_ppl=42.67 *best* (best 42.67)
  [wiki_val @ step 8000] val_loss=4.5982 val_ppl=99.31
  [checkpoint] step 8000 -> checkpoints_v13_sempty/mix3b_delta_answ100_1c913ef/latest.pt
  [diag] step 8000 cgu=+0.60 +0.52 +0.45 +0.50 +0.54 +0.69 +0.76 +0.82 +0.90 +0.96 +1.07 +1.15 +1.21 +1.23 +1.27 +1.32  pam=+0.09 +0.14 +0.12 +0.17 +0.22 +0.21 +0.21 +0.25 +0.25 +0.26 +0.27 +0.29 +0.35 +0.26 +0.42 +0.18
  [diag] dtbias=-3.96 -3.96 -4.00 -3.98 -3.99 -3.98 -3.97 -4.04 -3.99 -3.98 -4.00 -3.98 -3.95 -3.97 -4.02 -3.97  ret=0.93 0.85 0.90 0.86 0.88 0.84 0.88 0.98 0.93 0.85 0.91 0.86 0.78 0.79 0.97 0.86
  [diag] dtbias/head(layer-mean)=-3.99 -3.99 -3.97 -3.98 -4.00 -3.99
  [diag] gnorm=6.9e-02 7.8e-02 4.8e-02 6.8e-02 1.1e-01 8.0e-02 7.3e-02 9.0e-02 8.5e-02 1.0e-01 1.2e-01 1.1e-01 1.0e-01 1.4e-01 2.0e-01 1.2e-01  wnorm=61.0 62.3 63.6 63.8 64.7 65.3 65.7 66.0 66.1 66.6 66.9 67.3 67.9 68.5 69.0 68.6
step 8050 [8050/81380  10%]  loss=3.6771 ppl=39.5 lr=1.96e-04 | 23205 tok/s (avg 48374) ETA 931m22s | gtok=296,755,200 | GPU 1.3/55.7GB
step 8100 [8100/81380  10%]  loss=3.7028 ppl=40.6 lr=1.96e-04 | 51675 tok/s (avg 48393) ETA 930m22s | gtok=298,598,400 | GPU 1.3/55.7GB
step 8150 [8150/81380  10%]  loss=3.7525 ppl=42.6 lr=1.96e-04 | 40231 tok/s (avg 48333) ETA 930m53s | gtok=300,441,600 | GPU 1.3/55.7GB
step 8200 [8200/81380  10%]  loss=3.3589 ppl=28.8 lr=1.96e-04 | 52094 tok/s (avg 48354) ETA 929m51s | gtok=302,284,800 | GPU 1.3/55.7GB
step 8250 [8250/81380  10%]  loss=3.3047 ppl=27.2 lr=1.96e-04 | 52052 tok/s (avg 48375) ETA 928m48s | gtok=304,128,000 | GPU 1.3/55.7GB
step 8300 [8300/81380  10%]  loss=3.0361 ppl=20.8 lr=1.96e-04 | 51707 tok/s (avg 48393) ETA 927m49s | gtok=305,971,200 | GPU 1.3/55.7GB
step 8350 [8350/81380  10%]  loss=2.9499 ppl=19.1 lr=1.96e-04 | 52052 tok/s (avg 48414) ETA 926m47s | gtok=307,814,400 | GPU 1.3/55.7GB
step 8400 [8400/81380  10%]  loss=2.9438 ppl=19.0 lr=1.96e-04 | 51895 tok/s (avg 48433) ETA 925m47s | gtok=309,657,600 | GPU 1.3/55.7GB
step 8450 [8450/81380  10%]  loss=2.7581 ppl=15.8 lr=1.96e-04 | 51744 tok/s (avg 48451) ETA 924m48s | gtok=311,500,800 | GPU 1.3/55.7GB
step 8500 [8500/81380  10%]  loss=2.7577 ppl=15.8 lr=1.96e-04 | 51838 tok/s (avg 48470) ETA 923m48s | gtok=313,344,000 | GPU 1.3/55.7GB
step 8550 [8550/81380  11%]  loss=2.6256 ppl=13.8 lr=1.96e-04 | 51618 tok/s (avg 48487) ETA 922m51s | gtok=315,187,200 | GPU 1.3/55.7GB
step 8600 [8600/81380  11%]  loss=2.7498 ppl=15.6 lr=1.96e-04 | 45846 tok/s (avg 48471) ETA 922m31s | gtok=317,030,400 | GPU 1.3/55.7GB
step 8650 [8650/81380  11%]  loss=2.3346 ppl=10.3 lr=1.96e-04 | 51785 tok/s (avg 48489) ETA 921m33s | gtok=318,873,600 | GPU 1.3/55.7GB
step 8700 [8700/81380  11%]  loss=2.2801 ppl=9.8 lr=1.96e-04 | 51632 tok/s (avg 48506) ETA 920m35s | gtok=320,716,800 | GPU 1.3/55.7GB
step 8750 [8750/81380  11%]  loss=2.0100 ppl=7.5 lr=1.95e-04 | 51970 tok/s (avg 48525) ETA 919m36s | gtok=322,560,000 | GPU 1.3/55.7GB
step 8800 [8800/81380  11%]  loss=1.8612 ppl=6.4 lr=1.95e-04 | 51999 tok/s (avg 48543) ETA 918m37s | gtok=324,403,200 | GPU 1.3/55.7GB
step 8850 [8850/81380  11%]  loss=2.0503 ppl=7.8 lr=1.95e-04 | 51637 tok/s (avg 48559) ETA 917m41s | gtok=326,246,400 | GPU 1.3/55.7GB
step 8900 [8900/81380  11%]  loss=2.3527 ppl=10.5 lr=1.95e-04 | 51960 tok/s (avg 48577) ETA 916m43s | gtok=328,089,600 | GPU 1.3/55.7GB
step 8950 [8950/81380  11%]  loss=1.9852 ppl=7.3 lr=1.95e-04 | 52056 tok/s (avg 48595) ETA 915m44s | gtok=329,932,800 | GPU 1.3/55.7GB
step 9000 [9000/81380  11%]  loss=2.2700 ppl=9.7 lr=1.95e-04 | 45763 tok/s (avg 48579) ETA 915m25s | gtok=331,776,000 | GPU 1.3/55.7GB
  [checkpoint] step 9000 -> checkpoints_v13_sempty/mix3b_delta_answ100_1c913ef/latest.pt
step 9050 [9050/81380  11%]  loss=1.7660 ppl=5.8 lr=1.95e-04 | 49099 tok/s (avg 48582) ETA 914m44s | gtok=333,619,200 | GPU 1.3/55.7GB
step 9100 [9100/81380  11%]  loss=1.9485 ppl=7.0 lr=1.95e-04 | 51648 tok/s (avg 48597) ETA 913m48s | gtok=335,462,400 | GPU 1.3/55.7GB
step 9150 [9150/81380  11%]  loss=1.4296 ppl=4.2 lr=1.95e-04 | 51423 tok/s (avg 48612) ETA 912m54s | gtok=337,305,600 | GPU 1.3/55.7GB
step 9200 [9200/81380  11%]  loss=1.8058 ppl=6.1 lr=1.95e-04 | 51763 tok/s (avg 48628) ETA 911m58s | gtok=339,148,800 | GPU 1.3/55.7GB
step 9250 [9250/81380  11%]  loss=1.4358 ppl=4.2 lr=1.95e-04 | 51649 tok/s (avg 48643) ETA 911m03s | gtok=340,992,000 | GPU 1.3/55.7GB
step 9300 [9300/81380  11%]  loss=1.3381 ppl=3.8 lr=1.95e-04 | 51317 tok/s (avg 48657) ETA 910m09s | gtok=342,835,200 | GPU 1.3/55.7GB
step 9350 [9350/81380  11%]  loss=1.4410 ppl=4.2 lr=1.95e-04 | 51664 tok/s (avg 48672) ETA 909m15s | gtok=344,678,400 | GPU 1.3/55.7GB
step 9400 [9400/81380  12%]  loss=1.2583 ppl=3.5 lr=1.95e-04 | 51417 tok/s (avg 48686) ETA 908m21s | gtok=346,521,600 | GPU 1.3/55.7GB
step 9450 [9450/81380  12%]  loss=1.3363 ppl=3.8 lr=1.95e-04 | 51818 tok/s (avg 48702) ETA 907m26s | gtok=348,364,800 | GPU 1.3/55.7GB
step 9500 [9500/81380  12%]  loss=1.3187 ppl=3.7 lr=1.95e-04 | 51815 tok/s (avg 48717) ETA 906m31s | gtok=350,208,000 | GPU 1.3/55.7GB
step 9550 [9550/81380  12%]  loss=1.1908 ppl=3.3 lr=1.94e-04 | 51423 tok/s (avg 48730) ETA 905m38s | gtok=352,051,200 | GPU 1.3/55.7GB
step 9600 [9600/81380  12%]  loss=0.9057 ppl=2.5 lr=1.94e-04 | 51632 tok/s (avg 48745) ETA 904m44s | gtok=353,894,400 | GPU 1.3/55.7GB
step 9650 [9650/81380  12%]  loss=1.0793 ppl=2.9 lr=1.94e-04 | 45179 tok/s (avg 48725) ETA 904m29s | gtok=355,737,600 | GPU 1.3/55.7GB
step 9700 [9700/81380  12%]  loss=1.0833 ppl=3.0 lr=1.94e-04 | 51453 tok/s (avg 48738) ETA 903m36s | gtok=357,580,800 | GPU 1.3/55.7GB
step 9750 [9750/81380  12%]  loss=1.3384 ppl=3.8 lr=1.94e-04 | 51735 tok/s (avg 48753) ETA 902m42s | gtok=359,424,000 | GPU 1.3/55.7GB
step 9800 [9800/81380  12%]  loss=1.1881 ppl=3.3 lr=1.94e-04 | 51393 tok/s (avg 48765) ETA 901m50s | gtok=361,267,200 | GPU 1.3/55.7GB
step 9850 [9850/81380  12%]  loss=1.0555 ppl=2.9 lr=1.94e-04 | 51658 tok/s (avg 48779) ETA 900m57s | gtok=363,110,400 | GPU 1.3/55.7GB
step 9900 [9900/81380  12%]  loss=0.9563 ppl=2.6 lr=1.94e-04 | 51828 tok/s (avg 48794) ETA 900m03s | gtok=364,953,600 | GPU 1.3/55.7GB
step 9950 [9950/81380  12%]  loss=1.1482 ppl=3.2 lr=1.94e-04 | 51496 tok/s (avg 48807) ETA 899m11s | gtok=366,796,800 | GPU 1.3/55.7GB
step 10000 [10000/81380  12%]  loss=1.4880 ppl=4.4 lr=1.94e-04 | 51802 tok/s (avg 48821) ETA 898m18s | gtok=368,640,000 | GPU 1.3/55.7GB
  [val @ step 10000] val_loss=4.1562 val_ppl=63.83 (best 42.67)
  [wiki_val @ step 10000] val_loss=5.0842 val_ppl=161.44
  [checkpoint] step 10000 -> checkpoints_v13_sempty/mix3b_delta_answ100_1c913ef/latest.pt
  [checkpoint] step 10000 -> checkpoints_v13_sempty/mix3b_delta_answ100_1c913ef/step_010000.pt
  [diag] step 10000 cgu=+0.51 +0.43 +0.37 +0.43 +0.47 +0.62 +0.69 +0.75 +0.83 +0.90 +0.99 +1.09 +1.16 +1.20 +1.25 +1.39  pam=+0.09 +0.14 +0.11 +0.16 +0.22 +0.21 +0.22 +0.26 +0.26 +0.27 +0.28 +0.31 +0.37 +0.27 +0.48 +0.21
  [diag] dtbias=-3.96 -3.96 -4.00 -3.98 -3.99 -3.98 -3.97 -4.04 -3.99 -3.98 -4.00 -3.98 -3.95 -3.97 -4.03 -3.97  ret=0.92 0.85 0.90 0.87 0.90 0.86 0.89 0.98 0.93 0.87 0.91 0.87 0.78 0.82 0.97 0.80
  [diag] dtbias/head(layer-mean)=-3.99 -3.99 -3.97 -3.97 -4.00 -3.99
  [diag] gnorm=5.9e-02 6.8e-02 4.9e-02 6.1e-02 1.7e-01 7.8e-02 6.3e-02 7.2e-02 7.1e-02 9.2e-02 9.0e-02 1.5e-01 9.6e-02 1.2e-01 1.7e-01 8.5e-02  wnorm=62.3 64.2 65.6 65.8 66.8 67.4 67.8 68.1 68.3 68.8 69.0 69.4 70.0 70.6 71.3 71.3
step 10050 [10050/81380  12%]  loss=1.0014 ppl=2.7 lr=1.94e-04 | 22354 tok/s (avg 48535) ETA 902m57s | gtok=370,483,200 | GPU 1.3/55.7GB
step 10100 [10100/81380  12%]  loss=0.8707 ppl=2.4 lr=1.94e-04 | 51694 tok/s (avg 48549) ETA 902m03s | gtok=372,326,400 | GPU 1.3/55.7GB
step 10150 [10150/81380  12%]  loss=1.5817 ppl=4.9 lr=1.94e-04 | 51639 tok/s (avg 48564) ETA 901m09s | gtok=374,169,600 | GPU 1.3/55.7GB
step 10200 [10200/81380  13%]  loss=1.0267 ppl=2.8 lr=1.94e-04 | 51282 tok/s (avg 48576) ETA 900m17s | gtok=376,012,800 | GPU 1.3/55.7GB
step 10250 [10250/81380  13%]  loss=1.5853 ppl=4.9 lr=1.94e-04 | 51733 tok/s (avg 48591) ETA 899m23s | gtok=377,856,000 | GPU 1.3/55.7GB
step 10300 [10300/81380  13%]  loss=1.3004 ppl=3.7 lr=1.93e-04 | 51575 tok/s (avg 48605) ETA 898m30s | gtok=379,699,200 | GPU 1.3/55.7GB
step 10350 [10350/81380  13%]  loss=2.6107 ppl=13.6 lr=1.93e-04 | 51308 tok/s (avg 48617) ETA 897m38s | gtok=381,542,400 | GPU 1.3/55.7GB
step 10400 [10400/81380  13%]  loss=2.2760 ppl=9.7 lr=1.93e-04 | 51601 tok/s (avg 48630) ETA 896m45s | gtok=383,385,600 | GPU 1.3/55.7GB
step 10450 [10450/81380  13%]  loss=1.5290 ppl=4.6 lr=1.93e-04 | 51611 tok/s (avg 48644) ETA 895m53s | gtok=385,228,800 | GPU 1.3/55.7GB
step 10500 [10500/81380  13%]  loss=2.0113 ppl=7.5 lr=1.93e-04 | 51122 tok/s (avg 48655) ETA 895m02s | gtok=387,072,000 | GPU 1.3/55.7GB
step 10550 [10550/81380  13%]  loss=2.4454 ppl=11.5 lr=1.93e-04 | 51391 tok/s (avg 48667) ETA 894m11s | gtok=388,915,200 | GPU 1.3/55.7GB
step 10600 [10600/81380  13%]  loss=2.2486 ppl=9.5 lr=1.93e-04 | 51084 tok/s (avg 48678) ETA 893m21s | gtok=390,758,400 | GPU 1.3/55.7GB
step 10650 [10650/81380  13%]  loss=2.6545 ppl=14.2 lr=1.93e-04 | 51485 tok/s (avg 48691) ETA 892m30s | gtok=392,601,600 | GPU 1.3/55.7GB
step 10700 [10700/81380  13%]  loss=2.7604 ppl=15.8 lr=1.93e-04 | 51472 tok/s (avg 48703) ETA 891m38s | gtok=394,444,800 | GPU 1.3/55.7GB
step 10750 [10750/81380  13%]  loss=2.8761 ppl=17.7 lr=1.93e-04 | 51330 tok/s (avg 48715) ETA 890m48s | gtok=396,288,000 | GPU 1.3/55.7GB
step 10800 [10800/81380  13%]  loss=2.8093 ppl=16.6 lr=1.93e-04 | 51611 tok/s (avg 48727) ETA 889m56s | gtok=398,131,200 | GPU 1.3/55.7GB
step 10850 [10850/81380  13%]  loss=2.0597 ppl=7.8 lr=1.93e-04 | 51633 tok/s (avg 48740) ETA 889m04s | gtok=399,974,400 | GPU 1.3/55.7GB
step 10900 [10900/81380  13%]  loss=2.4514 ppl=11.6 lr=1.93e-04 | 51376 tok/s (avg 48751) ETA 888m14s | gtok=401,817,600 | GPU 1.3/55.7GB
step 10950 [10950/81380  13%]  loss=2.8787 ppl=17.8 lr=1.93e-04 | 51700 tok/s (avg 48764) ETA 887m22s | gtok=403,660,800 | GPU 1.3/55.7GB
step 11000 [11000/81380  14%]  loss=1.9202 ppl=6.8 lr=1.92e-04 | 51713 tok/s (avg 48777) ETA 886m31s | gtok=405,504,000 | GPU 1.3/55.7GB
  [checkpoint] step 11000 -> checkpoints_v13_sempty/mix3b_delta_answ100_1c913ef/latest.pt
step 11050 [11050/81380  14%]  loss=2.8707 ppl=17.6 lr=1.92e-04 | 48903 tok/s (avg 48777) ETA 885m52s | gtok=407,347,200 | GPU 1.3/55.7GB
step 11100 [11100/81380  14%]  loss=3.0265 ppl=20.6 lr=1.92e-04 | 51657 tok/s (avg 48790) ETA 885m01s | gtok=409,190,400 | GPU 1.3/55.7GB
step 11150 [11150/81380  14%]  loss=2.7727 ppl=16.0 lr=1.92e-04 | 51722 tok/s (avg 48802) ETA 884m10s | gtok=411,033,600 | GPU 1.3/55.7GB
step 11200 [11200/81380  14%]  loss=2.8966 ppl=18.1 lr=1.92e-04 | 51360 tok/s (avg 48813) ETA 883m20s | gtok=412,876,800 | GPU 1.3/55.7GB
step 11250 [11250/81380  14%]  loss=3.1539 ppl=23.4 lr=1.92e-04 | 51716 tok/s (avg 48825) ETA 882m29s | gtok=414,720,000 | GPU 1.3/55.7GB
step 11300 [11300/81380  14%]  loss=3.2818 ppl=26.6 lr=1.92e-04 | 51719 tok/s (avg 48837) ETA 881m38s | gtok=416,563,200 | GPU 1.3/55.7GB
step 11350 [11350/81380  14%]  loss=2.6573 ppl=14.3 lr=1.92e-04 | 51328 tok/s (avg 48847) ETA 880m49s | gtok=418,406,400 | GPU 1.3/55.7GB
step 11400 [11400/81380  14%]  loss=3.2596 ppl=26.0 lr=1.92e-04 | 51637 tok/s (avg 48859) ETA 879m59s | gtok=420,249,600 | GPU 1.3/55.7GB
step 11450 [11450/81380  14%]  loss=2.8564 ppl=17.4 lr=1.92e-04 | 51316 tok/s (avg 48869) ETA 879m10s | gtok=422,092,800 | GPU 1.3/55.7GB
step 11500 [11500/81380  14%]  loss=2.6949 ppl=14.8 lr=1.92e-04 | 51636 tok/s (avg 48881) ETA 878m20s | gtok=423,936,000 | GPU 1.3/55.7GB
step 11550 [11550/81380  14%]  loss=3.0280 ppl=20.7 lr=1.92e-04 | 51696 tok/s (avg 48892) ETA 877m30s | gtok=425,779,200 | GPU 1.3/55.7GB
step 11600 [11600/81380  14%]  loss=2.8336 ppl=17.0 lr=1.92e-04 | 51187 tok/s (avg 48902) ETA 876m42s | gtok=427,622,400 | GPU 1.3/55.7GB
step 11650 [11650/81380  14%]  loss=3.2554 ppl=25.9 lr=1.91e-04 | 51521 tok/s (avg 48912) ETA 875m53s | gtok=429,465,600 | GPU 1.3/55.7GB
step 11700 [11700/81380  14%]  loss=3.2633 ppl=26.1 lr=1.91e-04 | 45557 tok/s (avg 48897) ETA 875m32s | gtok=431,308,800 | GPU 1.3/55.7GB
step 11750 [11750/81380  14%]  loss=2.9671 ppl=19.4 lr=1.91e-04 | 51235 tok/s (avg 48906) ETA 874m44s | gtok=433,152,000 | GPU 1.3/55.7GB
step 11800 [11800/81380  14%]  loss=3.1601 ppl=23.6 lr=1.91e-04 | 51552 tok/s (avg 48917) ETA 873m55s | gtok=434,995,200 | GPU 1.3/55.7GB
step 11850 [11850/81380  15%]  loss=3.3175 ppl=27.6 lr=1.91e-04 | 51485 tok/s (avg 48927) ETA 873m06s | gtok=436,838,400 | GPU 1.3/55.7GB
step 11900 [11900/81380  15%]  loss=3.2325 ppl=25.3 lr=1.91e-04 | 51146 tok/s (avg 48936) ETA 872m19s | gtok=438,681,600 | GPU 1.3/55.7GB
step 11950 [11950/81380  15%]  loss=2.5789 ppl=13.2 lr=1.91e-04 | 51498 tok/s (avg 48946) ETA 871m31s | gtok=440,524,800 | GPU 1.3/55.7GB
step 12000 [12000/81380  15%]  loss=3.4593 ppl=31.8 lr=1.91e-04 | 51554 tok/s (avg 48957) ETA 870m42s | gtok=442,368,000 | GPU 1.3/55.7GB
  [val @ step 12000] val_loss=3.7621 val_ppl=43.04 (best 42.67)
  [wiki_val @ step 12000] val_loss=4.6311 val_ppl=102.63
  [checkpoint] step 12000 -> checkpoints_v13_sempty/mix3b_delta_answ100_1c913ef/latest.pt
  [diag] step 12000 cgu=+0.44 +0.36 +0.33 +0.38 +0.42 +0.57 +0.64 +0.69 +0.77 +0.84 +0.92 +1.02 +1.10 +1.15 +1.19 +1.36  pam=+0.08 +0.13 +0.11 +0.15 +0.21 +0.20 +0.21 +0.25 +0.26 +0.26 +0.27 +0.30 +0.37 +0.27 +0.48 +0.22
  [diag] dtbias=-3.96 -3.96 -4.00 -3.98 -3.99 -3.98 -3.97 -4.04 -3.99 -3.98 -3.99 -3.98 -3.95 -3.97 -4.03 -3.96  ret=0.92 0.84 0.90 0.86 0.87 0.84 0.88 0.97 0.93 0.86 0.90 0.86 0.78 0.80 0.96 0.80
  [diag] dtbias/head(layer-mean)=-3.99 -3.99 -3.96 -3.97 -4.00 -3.99
  [diag] gnorm=8.4e-02 8.4e-02 5.6e-02 6.4e-02 1.2e-01 9.7e-02 7.6e-02 9.3e-02 8.4e-02 1.0e-01 1.2e-01 1.2e-01 1.2e-01 1.3e-01 2.0e-01 1.5e-01  wnorm=63.7 66.1 67.6 67.7 68.7 69.4 69.8 70.0 70.2 70.6 70.9 71.2 71.8 72.4 73.0 72.9
step 12050 [12050/81380  15%]  loss=3.0864 ppl=21.9 lr=1.91e-04 | 23567 tok/s (avg 48739) ETA 873m58s | gtok=444,211,200 | GPU 1.3/55.7GB
step 12100 [12100/81380  15%]  loss=2.9305 ppl=18.7 lr=1.91e-04 | 51688 tok/s (avg 48750) ETA 873m08s | gtok=446,054,400 | GPU 1.3/55.7GB
step 12150 [12150/81380  15%]  loss=3.4287 ppl=30.8 lr=1.91e-04 | 51422 tok/s (avg 48761) ETA 872m19s | gtok=447,897,600 | GPU 1.3/55.7GB
step 12200 [12200/81380  15%]  loss=3.2142 ppl=24.9 lr=1.91e-04 | 51687 tok/s (avg 48772) ETA 871m29s | gtok=449,740,800 | GPU 1.3/55.7GB
step 12250 [12250/81380  15%]  loss=3.2469 ppl=25.7 lr=1.90e-04 | 51685 tok/s (avg 48783) ETA 870m39s | gtok=451,584,000 | GPU 1.3/55.7GB
step 12300 [12300/81380  15%]  loss=3.1177 ppl=22.6 lr=1.90e-04 | 51263 tok/s (avg 48793) ETA 869m51s | gtok=453,427,200 | GPU 1.3/55.7GB
step 12350 [12350/81380  15%]  loss=3.2487 ppl=25.8 lr=1.90e-04 | 51466 tok/s (avg 48803) ETA 869m02s | gtok=455,270,400 | GPU 1.3/55.7GB
step 12400 [12400/81380  15%]  loss=2.8517 ppl=17.3 lr=1.90e-04 | 51520 tok/s (avg 48814) ETA 868m13s | gtok=457,113,600 | GPU 1.3/55.7GB
step 12450 [12450/81380  15%]  loss=3.0339 ppl=20.8 lr=1.90e-04 | 51203 tok/s (avg 48823) ETA 867m26s | gtok=458,956,800 | GPU 1.3/55.7GB
step 12500 [12500/81380  15%]  loss=3.1936 ppl=24.4 lr=1.90e-04 | 51499 tok/s (avg 48833) ETA 866m37s | gtok=460,800,000 | GPU 1.3/55.7GB
step 12550 [12550/81380  15%]  loss=3.2816 ppl=26.6 lr=1.90e-04 | 51234 tok/s (avg 48842) ETA 865m50s | gtok=462,643,200 | GPU 1.3/55.7GB
step 12600 [12600/81380  15%]  loss=3.3632 ppl=28.9 lr=1.90e-04 | 51697 tok/s (avg 48853) ETA 865m01s | gtok=464,486,400 | GPU 1.3/55.7GB
step 12650 [12650/81380  16%]  loss=3.2629 ppl=26.1 lr=1.90e-04 | 51623 tok/s (avg 48863) ETA 864m12s | gtok=466,329,600 | GPU 1.3/55.7GB
step 12700 [12700/81380  16%]  loss=3.1192 ppl=22.6 lr=1.90e-04 | 51409 tok/s (avg 48873) ETA 863m24s | gtok=468,172,800 | GPU 1.3/55.7GB
step 12750 [12750/81380  16%]  loss=3.2898 ppl=26.8 lr=1.90e-04 | 51666 tok/s (avg 48883) ETA 862m35s | gtok=470,016,000 | GPU 1.3/55.7GB
step 12800 [12800/81380  16%]  loss=3.0036 ppl=20.2 lr=1.90e-04 | 51470 tok/s (avg 48893) ETA 861m47s | gtok=471,859,200 | GPU 1.3/55.7GB
step 12850 [12850/81380  16%]  loss=2.9821 ppl=19.7 lr=1.89e-04 | 51148 tok/s (avg 48901) ETA 861m01s | gtok=473,702,400 | GPU 1.3/55.7GB
step 12900 [12900/81380  16%]  loss=2.9733 ppl=19.6 lr=1.89e-04 | 51605 tok/s (avg 48911) ETA 860m13s | gtok=475,545,600 | GPU 1.3/55.7GB
step 12950 [12950/81380  16%]  loss=3.0669 ppl=21.5 lr=1.89e-04 | 51709 tok/s (avg 48921) ETA 859m24s | gtok=477,388,800 | GPU 1.3/55.7GB
step 13000 [13000/81380  16%]  loss=3.2399 ppl=25.5 lr=1.89e-04 | 51286 tok/s (avg 48930) ETA 858m37s | gtok=479,232,000 | GPU 1.3/55.7GB
  [checkpoint] step 13000 -> checkpoints_v13_sempty/mix3b_delta_answ100_1c913ef/latest.pt
step 13050 [13050/81380  16%]  loss=3.2095 ppl=24.8 lr=1.89e-04 | 49172 tok/s (avg 48931) ETA 857m59s | gtok=481,075,200 | GPU 1.3/55.7GB
step 13100 [13100/81380  16%]  loss=3.0692 ppl=21.5 lr=1.89e-04 | 51652 tok/s (avg 48941) ETA 857m11s | gtok=482,918,400 | GPU 1.3/55.7GB
step 13150 [13150/81380  16%]  loss=3.1906 ppl=24.3 lr=1.89e-04 | 51374 tok/s (avg 48949) ETA 856m24s | gtok=484,761,600 | GPU 1.3/55.7GB
step 13200 [13200/81380  16%]  loss=2.9732 ppl=19.6 lr=1.89e-04 | 51591 tok/s (avg 48959) ETA 855m36s | gtok=486,604,800 | GPU 1.3/55.7GB
step 13250 [13250/81380  16%]  loss=2.8791 ppl=17.8 lr=1.89e-04 | 51653 tok/s (avg 48968) ETA 854m49s | gtok=488,448,000 | GPU 1.3/55.7GB
step 13300 [13300/81380  16%]  loss=3.0518 ppl=21.2 lr=1.89e-04 | 51269 tok/s (avg 48977) ETA 854m02s | gtok=490,291,200 | GPU 1.3/55.7GB
step 13350 [13350/81380  16%]  loss=2.7133 ppl=15.1 lr=1.89e-04 | 51545 tok/s (avg 48986) ETA 853m15s | gtok=492,134,400 | GPU 1.3/55.7GB
step 13400 [13400/81380  16%]  loss=3.1997 ppl=24.5 lr=1.88e-04 | 51683 tok/s (avg 48995) ETA 852m27s | gtok=493,977,600 | GPU 1.3/55.7GB
step 13450 [13450/81380  17%]  loss=3.2187 ppl=25.0 lr=1.88e-04 | 51347 tok/s (avg 49004) ETA 851m41s | gtok=495,820,800 | GPU 1.3/55.7GB
step 13500 [13500/81380  17%]  loss=2.4895 ppl=12.1 lr=1.88e-04 | 51544 tok/s (avg 49013) ETA 850m54s | gtok=497,664,000 | GPU 1.3/55.7GB
step 13550 [13550/81380  17%]  loss=3.0921 ppl=22.0 lr=1.88e-04 | 51350 tok/s (avg 49021) ETA 850m08s | gtok=499,507,200 | GPU 1.3/55.7GB
step 13600 [13600/81380  17%]  loss=2.9740 ppl=19.6 lr=1.88e-04 | 51634 tok/s (avg 49030) ETA 849m21s | gtok=501,350,400 | GPU 1.3/55.7GB
step 13650 [13650/81380  17%]  loss=2.7964 ppl=16.4 lr=1.88e-04 | 51696 tok/s (avg 49039) ETA 848m34s | gtok=503,193,600 | GPU 1.3/55.7GB
step 13700 [13700/81380  17%]  loss=3.1620 ppl=23.6 lr=1.88e-04 | 51358 tok/s (avg 49047) ETA 847m48s | gtok=505,036,800 | GPU 1.3/55.7GB
step 13750 [13750/81380  17%]  loss=2.9107 ppl=18.4 lr=1.88e-04 | 51564 tok/s (avg 49056) ETA 847m01s | gtok=506,880,000 | GPU 1.3/55.7GB
step 13800 [13800/81380  17%]  loss=3.3519 ppl=28.6 lr=1.88e-04 | 51453 tok/s (avg 49064) ETA 846m15s | gtok=508,723,200 | GPU 1.3/55.7GB
step 13850 [13850/81380  17%]  loss=2.8205 ppl=16.8 lr=1.88e-04 | 51248 tok/s (avg 49072) ETA 845m30s | gtok=510,566,400 | GPU 1.3/55.7GB
step 13900 [13900/81380  17%]  loss=3.5351 ppl=34.3 lr=1.88e-04 | 51433 tok/s (avg 49080) ETA 844m44s | gtok=512,409,600 | GPU 1.3/55.7GB
step 13950 [13950/81380  17%]  loss=3.0680 ppl=21.5 lr=1.87e-04 | 51494 tok/s (avg 49088) ETA 843m58s | gtok=514,252,800 | GPU 1.3/55.7GB
step 14000 [14000/81380  17%]  loss=3.2947 ppl=27.0 lr=1.87e-04 | 51222 tok/s (avg 49096) ETA 843m13s | gtok=516,096,000 | GPU 1.3/55.7GB
  [checkpoint] step 14000 -> checkpoints_v13_sempty/mix3b_delta_answ100_1c913ef/best_model.pt
  [val @ step 14000] val_loss=3.6834 val_ppl=39.78 *best* (best 39.78)
  [wiki_val @ step 14000] val_loss=4.4953 val_ppl=89.60
  [checkpoint] step 14000 -> checkpoints_v13_sempty/mix3b_delta_answ100_1c913ef/latest.pt
  [diag] step 14000 cgu=+0.39 +0.32 +0.30 +0.34 +0.38 +0.53 +0.60 +0.65 +0.73 +0.80 +0.88 +0.98 +1.06 +1.12 +1.17 +1.36  pam=+0.07 +0.12 +0.10 +0.14 +0.21 +0.19 +0.20 +0.25 +0.25 +0.26 +0.27 +0.30 +0.37 +0.27 +0.48 +0.23
  [diag] dtbias=-3.96 -3.95 -4.00 -3.98 -3.99 -3.97 -3.96 -4.05 -3.99 -3.98 -3.99 -3.98 -3.94 -3.97 -4.03 -3.95  ret=0.91 0.84 0.89 0.86 0.88 0.84 0.88 0.98 0.93 0.85 0.90 0.86 0.78 0.79 0.97 0.77
  [diag] dtbias/head(layer-mean)=-3.99 -3.99 -3.96 -3.97 -4.00 -3.98
  [diag] gnorm=7.4e-02 6.1e-02 5.4e-02 5.4e-02 9.4e-02 7.9e-02 6.3e-02 7.6e-02 7.1e-02 8.5e-02 1.2e-01 9.4e-02 9.0e-02 1.1e-01 1.6e-01 1.1e-01  wnorm=65.1 67.8 69.5 69.6 70.5 71.2 71.7 71.9 72.0 72.5 72.7 73.0 73.6 74.2 74.8 74.7
step 14050 [14050/81380  17%]  loss=3.0700 ppl=21.5 lr=1.87e-04 | 21841 tok/s (avg 48878) ETA 846m20s | gtok=517,939,200 | GPU 1.3/55.7GB
step 14100 [14100/81380  17%]  loss=3.1621 ppl=23.6 lr=1.87e-04 | 51370 tok/s (avg 48887) ETA 845m33s | gtok=519,782,400 | GPU 1.3/55.7GB
step 14150 [14150/81380  17%]  loss=2.9879 ppl=19.8 lr=1.87e-04 | 51665 tok/s (avg 48896) ETA 844m46s | gtok=521,625,600 | GPU 1.3/55.7GB
step 14200 [14200/81380  17%]  loss=2.8445 ppl=17.2 lr=1.87e-04 | 51472 tok/s (avg 48905) ETA 843m59s | gtok=523,468,800 | GPU 1.3/55.7GB
step 14250 [14250/81380  18%]  loss=3.2385 ppl=25.5 lr=1.87e-04 | 51381 tok/s (avg 48913) ETA 843m13s | gtok=525,312,000 | GPU 1.3/55.7GB
step 14300 [14300/81380  18%]  loss=3.2695 ppl=26.3 lr=1.87e-04 | 51609 tok/s (avg 48922) ETA 842m26s | gtok=527,155,200 | GPU 1.3/55.7GB
step 14350 [14350/81380  18%]  loss=3.1964 ppl=24.4 lr=1.87e-04 | 51460 tok/s (avg 48930) ETA 841m40s | gtok=528,998,400 | GPU 1.3/55.7GB
step 14400 [14400/81380  18%]  loss=3.0719 ppl=21.6 lr=1.87e-04 | 51299 tok/s (avg 48938) ETA 840m54s | gtok=530,841,600 | GPU 1.3/55.7GB
step 14450 [14450/81380  18%]  loss=3.0756 ppl=21.7 lr=1.86e-04 | 51671 tok/s (avg 48947) ETA 840m07s | gtok=532,684,800 | GPU 1.3/55.7GB
step 14500 [14500/81380  18%]  loss=3.4714 ppl=32.2 lr=1.86e-04 | 51364 tok/s (avg 48955) ETA 839m21s | gtok=534,528,000 | GPU 1.3/55.7GB
step 14550 [14550/81380  18%]  loss=2.9474 ppl=19.1 lr=1.86e-04 | 51722 tok/s (avg 48964) ETA 838m34s | gtok=536,371,200 | GPU 1.3/55.7GB
step 14600 [14600/81380  18%]  loss=3.0954 ppl=22.1 lr=1.86e-04 | 51695 tok/s (avg 48973) ETA 837m48s | gtok=538,214,400 | GPU 1.3/55.7GB
step 14650 [14650/81380  18%]  loss=3.0961 ppl=22.1 lr=1.86e-04 | 51405 tok/s (avg 48981) ETA 837m02s | gtok=540,057,600 | GPU 1.3/55.7GB
step 14700 [14700/81380  18%]  loss=2.8418 ppl=17.1 lr=1.86e-04 | 51624 tok/s (avg 48989) ETA 836m15s | gtok=541,900,800 | GPU 1.3/55.7GB
step 14750 [14750/81380  18%]  loss=3.3284 ppl=27.9 lr=1.86e-04 | 51726 tok/s (avg 48998) ETA 835m29s | gtok=543,744,000 | GPU 1.3/55.7GB
step 14800 [14800/81380  18%]  loss=3.1724 ppl=23.9 lr=1.86e-04 | 51349 tok/s (avg 49006) ETA 834m43s | gtok=545,587,200 | GPU 1.3/55.7GB
step 14850 [14850/81380  18%]  loss=2.8376 ppl=17.1 lr=1.86e-04 | 51694 tok/s (avg 49014) ETA 833m57s | gtok=547,430,400 | GPU 1.3/55.7GB
step 14900 [14900/81380  18%]  loss=3.2436 ppl=25.6 lr=1.86e-04 | 51741 tok/s (avg 49023) ETA 833m11s | gtok=549,273,600 | GPU 1.3/55.7GB
step 14950 [14950/81380  18%]  loss=3.2765 ppl=26.5 lr=1.86e-04 | 51173 tok/s (avg 49030) ETA 832m26s | gtok=551,116,800 | GPU 1.3/55.7GB
step 15000 [15000/81380  18%]  loss=3.2584 ppl=26.0 lr=1.85e-04 | 51613 tok/s (avg 49038) ETA 831m40s | gtok=552,960,000 | GPU 1.3/55.7GB
  [checkpoint] step 15000 -> checkpoints_v13_sempty/mix3b_delta_answ100_1c913ef/latest.pt
step 15050 [15050/81380  18%]  loss=3.3011 ppl=27.1 lr=1.85e-04 | 49234 tok/s (avg 49039) ETA 831m02s | gtok=554,803,200 | GPU 1.3/55.7GB
step 15100 [15100/81380  19%]  loss=3.4570 ppl=31.7 lr=1.85e-04 | 51340 tok/s (avg 49046) ETA 830m17s | gtok=556,646,400 | GPU 1.3/55.7GB
step 15150 [15150/81380  19%]  loss=3.3496 ppl=28.5 lr=1.85e-04 | 51653 tok/s (avg 49054) ETA 829m31s | gtok=558,489,600 | GPU 1.3/55.7GB
step 15200 [15200/81380  19%]  loss=3.1264 ppl=22.8 lr=1.85e-04 | 51700 tok/s (avg 49062) ETA 828m45s | gtok=560,332,800 | GPU 1.3/55.7GB
step 15250 [15250/81380  19%]  loss=3.1079 ppl=22.4 lr=1.85e-04 | 51353 tok/s (avg 49070) ETA 828m00s | gtok=562,176,000 | GPU 1.3/55.7GB
step 15300 [15300/81380  19%]  loss=3.3848 ppl=29.5 lr=1.85e-04 | 51663 tok/s (avg 49078) ETA 827m15s | gtok=564,019,200 | GPU 1.3/55.7GB
step 15350 [15350/81380  19%]  loss=2.8142 ppl=16.7 lr=1.85e-04 | 51715 tok/s (avg 49086) ETA 826m29s | gtok=565,862,400 | GPU 1.3/55.7GB
step 15400 [15400/81380  19%]  loss=2.8992 ppl=18.2 lr=1.85e-04 | 51365 tok/s (avg 49093) ETA 825m44s | gtok=567,705,600 | GPU 1.3/55.7GB
step 15450 [15450/81380  19%]  loss=3.2410 ppl=25.6 lr=1.84e-04 | 51719 tok/s (avg 49101) ETA 824m58s | gtok=569,548,800 | GPU 1.3/55.7GB
step 15500 [15500/81380  19%]  loss=3.0982 ppl=22.2 lr=1.84e-04 | 51405 tok/s (avg 49108) ETA 824m14s | gtok=571,392,000 | GPU 1.3/55.7GB
step 15550 [15550/81380  19%]  loss=2.9374 ppl=18.9 lr=1.84e-04 | 14434 tok/s (avg 48732) ETA 829m58s | gtok=573,235,200 | GPU 1.3/55.7GB
step 15600 [15600/81380  19%]  loss=3.1387 ppl=23.1 lr=1.84e-04 | 51678 tok/s (avg 48741) ETA 829m11s | gtok=575,078,400 | GPU 1.3/55.7GB
step 15650 [15650/81380  19%]  loss=2.8756 ppl=17.7 lr=1.84e-04 | 51433 tok/s (avg 48749) ETA 828m25s | gtok=576,921,600 | GPU 1.3/55.7GB
step 15700 [15700/81380  19%]  loss=2.7580 ppl=15.8 lr=1.84e-04 | 51762 tok/s (avg 48758) ETA 827m38s | gtok=578,764,800 | GPU 1.3/55.7GB
step 15750 [15750/81380  19%]  loss=3.0098 ppl=20.3 lr=1.84e-04 | 51827 tok/s (avg 48767) ETA 826m51s | gtok=580,608,000 | GPU 1.3/55.7GB
step 15800 [15800/81380  19%]  loss=3.0646 ppl=21.4 lr=1.84e-04 | 51514 tok/s (avg 48775) ETA 826m04s | gtok=582,451,200 | GPU 1.3/55.7GB
step 15850 [15850/81380  19%]  loss=3.2297 ppl=25.3 lr=1.84e-04 | 51730 tok/s (avg 48784) ETA 825m18s | gtok=584,294,400 | GPU 1.3/55.7GB
step 15900 [15900/81380  20%]  loss=3.5843 ppl=36.0 lr=1.84e-04 | 51688 tok/s (avg 48793) ETA 824m31s | gtok=586,137,600 | GPU 1.3/55.7GB
step 15950 [15950/81380  20%]  loss=2.9170 ppl=18.5 lr=1.83e-04 | 51480 tok/s (avg 48801) ETA 823m45s | gtok=587,980,800 | GPU 1.3/55.7GB
step 16000 [16000/81380  20%]  loss=3.2097 ppl=24.8 lr=1.83e-04 | 51701 tok/s (avg 48809) ETA 822m59s | gtok=589,824,000 | GPU 1.3/55.7GB
  [checkpoint] step 16000 -> checkpoints_v13_sempty/mix3b_delta_answ100_1c913ef/best_model.pt
  [val @ step 16000] val_loss=3.6238 val_ppl=37.48 *best* (best 37.48)
  [wiki_val @ step 16000] val_loss=4.4179 val_ppl=82.92
  [checkpoint] step 16000 -> checkpoints_v13_sempty/mix3b_delta_answ100_1c913ef/latest.pt
  [diag] step 16000 cgu=+0.34 +0.29 +0.28 +0.32 +0.36 +0.50 +0.57 +0.62 +0.70 +0.77 +0.85 +0.94 +1.03 +1.09 +1.14 +1.35  pam=+0.07 +0.12 +0.10 +0.14 +0.20 +0.19 +0.20 +0.24 +0.25 +0.25 +0.27 +0.30 +0.37 +0.28 +0.48 +0.24
  [diag] dtbias=-3.96 -3.95 -4.00 -3.97 -3.99 -3.97 -3.96 -4.05 -3.99 -3.98 -3.99 -3.97 -3.94 -3.97 -4.03 -3.95  ret=0.91 0.83 0.89 0.85 0.88 0.84 0.88 0.98 0.93 0.85 0.90 0.86 0.78 0.79 0.96 0.76
  [diag] dtbias/head(layer-mean)=-3.98 -3.99 -3.96 -3.97 -4.00 -3.98
  [diag] gnorm=8.1e-02 6.9e-02 5.5e-02 5.8e-02 8.7e-02 7.6e-02 6.8e-02 7.6e-02 7.2e-02 8.9e-02 9.8e-02 9.8e-02 9.0e-02 9.9e-02 1.5e-01 1.0e-01  wnorm=66.5 69.6 71.3 71.4 72.3 73.0 73.4 73.6 73.8 74.2 74.4 74.6 75.3 75.8 76.4 76.3
step 16050 [16050/81380  20%]  loss=3.4234 ppl=30.7 lr=1.83e-04 | 22047 tok/s (avg 48625) ETA 825m28s | gtok=591,667,200 | GPU 1.3/55.7GB
step 16100 [16100/81380  20%]  loss=3.4329 ppl=31.0 lr=1.83e-04 | 51475 tok/s (avg 48634) ETA 824m41s | gtok=593,510,400 | GPU 1.3/55.7GB
step 16150 [16150/81380  20%]  loss=2.9585 ppl=19.3 lr=1.83e-04 | 51503 tok/s (avg 48642) ETA 823m55s | gtok=595,353,600 | GPU 1.3/55.7GB
step 16200 [16200/81380  20%]  loss=3.0156 ppl=20.4 lr=1.83e-04 | 51226 tok/s (avg 48650) ETA 823m09s | gtok=597,196,800 | GPU 1.3/55.7GB
step 16250 [16250/81380  20%]  loss=2.9785 ppl=19.7 lr=1.83e-04 | 51481 tok/s (avg 48658) ETA 822m23s | gtok=599,040,000 | GPU 1.3/55.7GB
step 16300 [16300/81380  20%]  loss=3.1789 ppl=24.0 lr=1.83e-04 | 51162 tok/s (avg 48665) ETA 821m38s | gtok=600,883,200 | GPU 1.3/55.7GB
step 16350 [16350/81380  20%]  loss=3.1490 ppl=23.3 lr=1.83e-04 | 51473 tok/s (avg 48673) ETA 820m52s | gtok=602,726,400 | GPU 1.3/55.7GB
step 16400 [16400/81380  20%]  loss=3.2763 ppl=26.5 lr=1.82e-04 | 51518 tok/s (avg 48681) ETA 820m06s | gtok=604,569,600 | GPU 1.3/55.7GB
step 16450 [16450/81380  20%]  loss=2.6948 ppl=14.8 lr=1.82e-04 | 51278 tok/s (avg 48689) ETA 819m20s | gtok=606,412,800 | GPU 1.3/55.7GB
step 16500 [16500/81380  20%]  loss=3.1086 ppl=22.4 lr=1.82e-04 | 51705 tok/s (avg 48698) ETA 818m34s | gtok=608,256,000 | GPU 1.3/55.7GB
step 16550 [16550/81380  20%]  loss=3.2263 ppl=25.2 lr=1.82e-04 | 51791 tok/s (avg 48706) ETA 817m47s | gtok=610,099,200 | GPU 1.3/55.7GB
step 16600 [16600/81380  20%]  loss=3.3540 ppl=28.6 lr=1.82e-04 | 51410 tok/s (avg 48714) ETA 817m01s | gtok=611,942,400 | GPU 1.3/55.7GB
step 16650 [16650/81380  20%]  loss=3.4495 ppl=31.5 lr=1.82e-04 | 51716 tok/s (avg 48723) ETA 816m15s | gtok=613,785,600 | GPU 1.3/55.7GB
step 16700 [16700/81380  21%]  loss=2.9869 ppl=19.8 lr=1.82e-04 | 51691 tok/s (avg 48731) ETA 815m29s | gtok=615,628,800 | GPU 1.3/55.7GB
step 16750 [16750/81380  21%]  loss=2.9252 ppl=18.6 lr=1.82e-04 | 51393 tok/s (avg 48738) ETA 814m43s | gtok=617,472,000 | GPU 1.3/55.7GB
step 16800 [16800/81380  21%]  loss=2.6619 ppl=14.3 lr=1.82e-04 | 51641 tok/s (avg 48747) ETA 813m57s | gtok=619,315,200 | GPU 1.3/55.7GB
step 16850 [16850/81380  21%]  loss=2.8373 ppl=17.1 lr=1.81e-04 | 51660 tok/s (avg 48755) ETA 813m11s | gtok=621,158,400 | GPU 1.3/55.7GB
step 16900 [16900/81380  21%]  loss=3.1424 ppl=23.2 lr=1.81e-04 | 51371 tok/s (avg 48762) ETA 812m26s | gtok=623,001,600 | GPU 1.3/55.7GB
step 16950 [16950/81380  21%]  loss=2.9532 ppl=19.2 lr=1.81e-04 | 51723 tok/s (avg 48770) ETA 811m40s | gtok=624,844,800 | GPU 1.3/55.7GB
step 17000 [17000/81380  21%]  loss=3.3064 ppl=27.3 lr=1.81e-04 | 51740 tok/s (avg 48779) ETA 810m54s | gtok=626,688,000 | GPU 1.3/55.7GB
  [checkpoint] step 17000 -> checkpoints_v13_sempty/mix3b_delta_answ100_1c913ef/latest.pt
step 17050 [17050/81380  21%]  loss=3.0168 ppl=20.4 lr=1.81e-04 | 48961 tok/s (avg 48779) ETA 810m16s | gtok=628,531,200 | GPU 1.3/55.7GB
step 17100 [17100/81380  21%]  loss=3.2278 ppl=25.2 lr=1.81e-04 | 51610 tok/s (avg 48787) ETA 809m30s | gtok=630,374,400 | GPU 1.3/55.7GB
step 17150 [17150/81380  21%]  loss=3.1847 ppl=24.2 lr=1.81e-04 | 51221 tok/s (avg 48794) ETA 808m46s | gtok=632,217,600 | GPU 1.3/55.7GB
step 17200 [17200/81380  21%]  loss=2.7067 ppl=15.0 lr=1.81e-04 | 45527 tok/s (avg 48784) ETA 808m18s | gtok=634,060,800 | GPU 1.3/55.7GB
step 17250 [17250/81380  21%]  loss=3.1292 ppl=22.9 lr=1.81e-04 | 51844 tok/s (avg 48792) ETA 807m32s | gtok=635,904,000 | GPU 1.3/55.7GB
step 17300 [17300/81380  21%]  loss=2.9579 ppl=19.3 lr=1.80e-04 | 51534 tok/s (avg 48799) ETA 806m47s | gtok=637,747,200 | GPU 1.3/55.7GB
step 17350 [17350/81380  21%]  loss=3.1682 ppl=23.8 lr=1.80e-04 | 51777 tok/s (avg 48807) ETA 806m01s | gtok=639,590,400 | GPU 1.3/55.7GB
step 17400 [17400/81380  21%]  loss=3.1435 ppl=23.2 lr=1.80e-04 | 51696 tok/s (avg 48815) ETA 805m15s | gtok=641,433,600 | GPU 1.3/55.7GB
step 17450 [17450/81380  21%]  loss=3.2273 ppl=25.2 lr=1.80e-04 | 51331 tok/s (avg 48822) ETA 804m31s | gtok=643,276,800 | GPU 1.3/55.7GB
step 17500 [17500/81380  22%]  loss=3.1651 ppl=23.7 lr=1.80e-04 | 51645 tok/s (avg 48830) ETA 803m46s | gtok=645,120,000 | GPU 1.3/55.7GB
step 17550 [17550/81380  22%]  loss=3.0220 ppl=20.5 lr=1.80e-04 | 51620 tok/s (avg 48837) ETA 803m01s | gtok=646,963,200 | GPU 1.3/55.7GB
step 17600 [17600/81380  22%]  loss=3.1869 ppl=24.2 lr=1.80e-04 | 51344 tok/s (avg 48844) ETA 802m16s | gtok=648,806,400 | GPU 1.3/55.7GB
step 17650 [17650/81380  22%]  loss=3.1006 ppl=22.2 lr=1.80e-04 | 51754 tok/s (avg 48852) ETA 801m31s | gtok=650,649,600 | GPU 1.3/55.7GB
step 17700 [17700/81380  22%]  loss=3.0062 ppl=20.2 lr=1.79e-04 | 51778 tok/s (avg 48860) ETA 800m45s | gtok=652,492,800 | GPU 1.3/55.7GB
step 17750 [17750/81380  22%]  loss=2.7413 ppl=15.5 lr=1.79e-04 | 51305 tok/s (avg 48866) ETA 800m01s | gtok=654,336,000 | GPU 1.3/55.7GB
step 17800 [17800/81380  22%]  loss=3.0149 ppl=20.4 lr=1.79e-04 | 51625 tok/s (avg 48874) ETA 799m16s | gtok=656,179,200 | GPU 1.3/55.7GB
step 17850 [17850/81380  22%]  loss=3.1475 ppl=23.3 lr=1.79e-04 | 51542 tok/s (avg 48881) ETA 798m32s | gtok=658,022,400 | GPU 1.3/55.7GB
step 17900 [17900/81380  22%]  loss=3.1503 ppl=23.3 lr=1.79e-04 | 51473 tok/s (avg 48887) ETA 797m47s | gtok=659,865,600 | GPU 1.3/55.7GB
step 17950 [17950/81380  22%]  loss=3.2513 ppl=25.8 lr=1.79e-04 | 51813 tok/s (avg 48895) ETA 797m02s | gtok=661,708,800 | GPU 1.3/55.7GB
step 18000 [18000/81380  22%]  loss=3.1686 ppl=23.8 lr=1.79e-04 | 51360 tok/s (avg 48902) ETA 796m18s | gtok=663,552,000 | GPU 1.3/55.7GB
  [checkpoint] step 18000 -> checkpoints_v13_sempty/mix3b_delta_answ100_1c913ef/best_model.pt
  [val @ step 18000] val_loss=3.5921 val_ppl=36.31 *best* (best 36.31)
  [wiki_val @ step 18000] val_loss=4.3799 val_ppl=79.83
  [checkpoint] step 18000 -> checkpoints_v13_sempty/mix3b_delta_answ100_1c913ef/latest.pt
  [diag] step 18000 cgu=+0.31 +0.27 +0.26 +0.30 +0.34 +0.48 +0.54 +0.60 +0.67 +0.74 +0.82 +0.91 +1.00 +1.07 +1.12 +1.35  pam=+0.06 +0.11 +0.09 +0.13 +0.20 +0.18 +0.20 +0.24 +0.24 +0.25 +0.26 +0.30 +0.37 +0.28 +0.48 +0.24
  [diag] dtbias=-3.95 -3.95 -4.00 -3.97 -3.99 -3.97 -3.96 -4.05 -3.99 -3.98 -3.99 -3.97 -3.94 -3.97 -4.03 -3.94  ret=0.91 0.83 0.89 0.84 0.87 0.84 0.87 0.97 0.93 0.85 0.90 0.85 0.77 0.78 0.97 0.75
  [diag] dtbias/head(layer-mean)=-3.98 -3.99 -3.95 -3.97 -4.00 -3.98
  [diag] gnorm=7.2e-02 9.7e-02 5.3e-02 6.6e-02 1.2e-01 7.2e-02 6.7e-02 7.3e-02 7.1e-02 8.6e-02 9.3e-02 9.6e-02 9.1e-02 1.0e-01 1.5e-01 1.0e-01  wnorm=67.9 71.2 72.9 73.1 73.9 74.6 75.0 75.2 75.4 75.7 75.9 76.1 76.8 77.4 77.9 77.8
step 18050 [18050/81380  22%]  loss=2.9969 ppl=20.0 lr=1.79e-04 | 23092 tok/s (avg 48751) ETA 798m08s | gtok=665,395,200 | GPU 1.3/55.7GB
step 18100 [18100/81380  22%]  loss=3.0368 ppl=20.8 lr=1.78e-04 | 51386 tok/s (avg 48758) ETA 797m23s | gtok=667,238,400 | GPU 1.3/55.7GB
step 18150 [18150/81380  22%]  loss=2.7821 ppl=16.2 lr=1.78e-04 | 51666 tok/s (avg 48765) ETA 796m38s | gtok=669,081,600 | GPU 1.3/55.7GB
step 18200 [18200/81380  22%]  loss=2.9653 ppl=19.4 lr=1.78e-04 | 51503 tok/s (avg 48772) ETA 795m53s | gtok=670,924,800 | GPU 1.3/55.7GB
step 18250 [18250/81380  22%]  loss=3.2757 ppl=26.5 lr=1.78e-04 | 51277 tok/s (avg 48779) ETA 795m09s | gtok=672,768,000 | GPU 1.3/55.7GB
step 18300 [18300/81380  22%]  loss=3.3244 ppl=27.8 lr=1.78e-04 | 51616 tok/s (avg 48786) ETA 794m24s | gtok=674,611,200 | GPU 1.3/55.7GB
step 18350 [18350/81380  23%]  loss=2.7118 ppl=15.1 lr=1.78e-04 | 51572 tok/s (avg 48793) ETA 793m39s | gtok=676,454,400 | GPU 1.3/55.7GB
step 18400 [18400/81380  23%]  loss=3.1735 ppl=23.9 lr=1.78e-04 | 51276 tok/s (avg 48800) ETA 792m55s | gtok=678,297,600 | GPU 1.3/55.7GB
step 18450 [18450/81380  23%]  loss=3.2601 ppl=26.1 lr=1.78e-04 | 51641 tok/s (avg 48807) ETA 792m11s | gtok=680,140,800 | GPU 1.3/55.7GB
step 18500 [18500/81380  23%]  loss=3.1981 ppl=24.5 lr=1.78e-04 | 45974 tok/s (avg 48799) ETA 791m41s | gtok=681,984,000 | GPU 1.3/55.7GB
step 18550 [18550/81380  23%]  loss=3.4924 ppl=32.9 lr=1.77e-04 | 51359 tok/s (avg 48805) ETA 790m57s | gtok=683,827,200 | GPU 1.3/55.7GB
step 18600 [18600/81380  23%]  loss=3.1316 ppl=22.9 lr=1.77e-04 | 51780 tok/s (avg 48813) ETA 790m11s | gtok=685,670,400 | GPU 1.3/55.7GB
step 18650 [18650/81380  23%]  loss=2.9689 ppl=19.5 lr=1.77e-04 | 51775 tok/s (avg 48821) ETA 789m26s | gtok=687,513,600 | GPU 1.3/55.7GB
step 18700 [18700/81380  23%]  loss=2.9864 ppl=19.8 lr=1.77e-04 | 51506 tok/s (avg 48827) ETA 788m42s | gtok=689,356,800 | GPU 1.3/55.7GB
step 18750 [18750/81380  23%]  loss=3.0505 ppl=21.1 lr=1.77e-04 | 51691 tok/s (avg 48835) ETA 787m57s | gtok=691,200,000 | GPU 1.3/55.7GB
step 18800 [18800/81380  23%]  loss=3.0164 ppl=20.4 lr=1.77e-04 | 51812 tok/s (avg 48842) ETA 787m12s | gtok=693,043,200 | GPU 1.3/55.7GB
step 18850 [18850/81380  23%]  loss=3.2521 ppl=25.8 lr=1.77e-04 | 51324 tok/s (avg 48848) ETA 786m29s | gtok=694,886,400 | GPU 1.3/55.7GB
step 18900 [18900/81380  23%]  loss=2.7838 ppl=16.2 lr=1.77e-04 | 51653 tok/s (avg 48855) ETA 785m44s | gtok=696,729,600 | GPU 1.3/55.7GB
step 18950 [18950/81380  23%]  loss=3.1728 ppl=23.9 lr=1.76e-04 | 51518 tok/s (avg 48862) ETA 785m00s | gtok=698,572,800 | GPU 1.3/55.7GB
step 19000 [19000/81380  23%]  loss=3.4352 ppl=31.0 lr=1.76e-04 | 51702 tok/s (avg 48869) ETA 784m15s | gtok=700,416,000 | GPU 1.3/55.7GB
  [checkpoint] step 19000 -> checkpoints_v13_sempty/mix3b_delta_answ100_1c913ef/latest.pt
step 19050 [19050/81380  23%]  loss=3.1844 ppl=24.2 lr=1.76e-04 | 49059 tok/s (avg 48870) ETA 783m37s | gtok=702,259,200 | GPU 1.3/55.7GB
step 19100 [19100/81380  23%]  loss=3.2023 ppl=24.6 lr=1.76e-04 | 51421 tok/s (avg 48876) ETA 782m53s | gtok=704,102,400 | GPU 1.3/55.7GB
step 19150 [19150/81380  24%]  loss=2.9167 ppl=18.5 lr=1.76e-04 | 51786 tok/s (avg 48883) ETA 782m09s | gtok=705,945,600 | GPU 1.3/55.7GB
step 19200 [19200/81380  24%]  loss=3.2491 ppl=25.8 lr=1.76e-04 | 51781 tok/s (avg 48890) ETA 781m24s | gtok=707,788,800 | GPU 1.3/55.7GB
step 19250 [19250/81380  24%]  loss=2.7805 ppl=16.1 lr=1.76e-04 | 51400 tok/s (avg 48896) ETA 780m41s | gtok=709,632,000 | GPU 1.3/55.7GB
step 19300 [19300/81380  24%]  loss=3.1400 ppl=23.1 lr=1.75e-04 | 51691 tok/s (avg 48903) ETA 779m56s | gtok=711,475,200 | GPU 1.3/55.7GB
step 19350 [19350/81380  24%]  loss=3.2229 ppl=25.1 lr=1.75e-04 | 51723 tok/s (avg 48910) ETA 779m12s | gtok=713,318,400 | GPU 1.3/55.7GB
step 19400 [19400/81380  24%]  loss=2.9810 ppl=19.7 lr=1.75e-04 | 51461 tok/s (avg 48916) ETA 778m28s | gtok=715,161,600 | GPU 1.3/55.7GB
step 19450 [19450/81380  24%]  loss=3.1781 ppl=24.0 lr=1.75e-04 | 51750 tok/s (avg 48923) ETA 777m44s | gtok=717,004,800 | GPU 1.3/55.7GB
step 19500 [19500/81380  24%]  loss=3.1823 ppl=24.1 lr=1.75e-04 | 51497 tok/s (avg 48929) ETA 777m01s | gtok=718,848,000 | GPU 1.3/55.7GB
step 19550 [19550/81380  24%]  loss=3.0714 ppl=21.6 lr=1.75e-04 | 51227 tok/s (avg 48935) ETA 776m18s | gtok=720,691,200 | GPU 1.3/55.7GB
step 19600 [19600/81380  24%]  loss=2.8174 ppl=16.7 lr=1.75e-04 | 51568 tok/s (avg 48941) ETA 775m34s | gtok=722,534,400 | GPU 1.3/55.7GB
step 19650 [19650/81380  24%]  loss=3.0352 ppl=20.8 lr=1.75e-04 | 51761 tok/s (avg 48948) ETA 774m50s | gtok=724,377,600 | GPU 1.3/55.7GB
step 19700 [19700/81380  24%]  loss=2.9388 ppl=18.9 lr=1.74e-04 | 51466 tok/s (avg 48954) ETA 774m06s | gtok=726,220,800 | GPU 1.3/55.7GB
step 19750 [19750/81380  24%]  loss=2.7660 ppl=15.9 lr=1.74e-04 | 51795 tok/s (avg 48961) ETA 773m22s | gtok=728,064,000 | GPU 1.3/55.7GB
step 19800 [19800/81380  24%]  loss=3.2013 ppl=24.6 lr=1.74e-04 | 51703 tok/s (avg 48968) ETA 772m38s | gtok=729,907,200 | GPU 1.3/55.7GB
step 19850 [19850/81380  24%]  loss=3.2465 ppl=25.7 lr=1.74e-04 | 51337 tok/s (avg 48973) ETA 771m55s | gtok=731,750,400 | GPU 1.3/55.7GB
step 19900 [19900/81380  24%]  loss=3.0925 ppl=22.0 lr=1.74e-04 | 51566 tok/s (avg 48980) ETA 771m12s | gtok=733,593,600 | GPU 1.3/55.7GB
step 19950 [19950/81380  25%]  loss=3.3300 ppl=27.9 lr=1.74e-04 | 51151 tok/s (avg 48985) ETA 770m29s | gtok=735,436,800 | GPU 1.3/55.7GB
step 20000 [20000/81380  25%]  loss=3.0165 ppl=20.4 lr=1.74e-04 | 51456 tok/s (avg 48991) ETA 769m46s | gtok=737,280,000 | GPU 1.3/55.7GB
  [checkpoint] step 20000 -> checkpoints_v13_sempty/mix3b_delta_answ100_1c913ef/best_model.pt
  [val @ step 20000] val_loss=3.5654 val_ppl=35.35 *best* (best 35.35)
  [wiki_val @ step 20000] val_loss=4.3456 val_ppl=77.14
  [checkpoint] step 20000 -> checkpoints_v13_sempty/mix3b_delta_answ100_1c913ef/latest.pt
  [checkpoint] step 20000 -> checkpoints_v13_sempty/mix3b_delta_answ100_1c913ef/step_020000.pt
  [checkpoint] pruned step_010000.pt
  [diag] step 20000 cgu=+0.28 +0.26 +0.25 +0.29 +0.33 +0.47 +0.52 +0.58 +0.65 +0.72 +0.79 +0.89 +0.98 +1.05 +1.11 +1.35  pam=+0.06 +0.11 +0.09 +0.13 +0.19 +0.18 +0.19 +0.23 +0.24 +0.25 +0.26 +0.29 +0.37 +0.28 +0.48 +0.25
  [diag] dtbias=-3.95 -3.95 -4.00 -3.97 -3.99 -3.97 -3.95 -4.05 -3.99 -3.98 -3.99 -3.97 -3.93 -3.96 -4.03 -3.94  ret=0.90 0.82 0.88 0.84 0.87 0.83 0.87 0.97 0.93 0.84 0.90 0.84 0.75 0.77 0.96 0.74
  [diag] dtbias/head(layer-mean)=-3.98 -3.98 -3.95 -3.97 -4.00 -3.98
  [diag] gnorm=9.5e-02 8.5e-02 5.7e-02 8.0e-02 1.2e-01 8.8e-02 7.2e-02 8.6e-02 7.4e-02 9.3e-02 1.1e-01 1.0e-01 9.3e-02 1.1e-01 1.7e-01 1.0e-01  wnorm=69.2 72.8 74.5 74.6 75.4 76.1 76.5 76.7 76.8 77.2 77.4 77.5 78.2 78.8 79.2 79.2
step 20050 [20050/81380  25%]  loss=3.3675 ppl=29.0 lr=1.74e-04 | 22927 tok/s (avg 48852) ETA 771m19s | gtok=739,123,200 | GPU 1.3/55.7GB
step 20100 [20100/81380  25%]  loss=3.0712 ppl=21.6 lr=1.73e-04 | 51766 tok/s (avg 48859) ETA 770m35s | gtok=740,966,400 | GPU 1.3/55.7GB
step 20150 [20150/81380  25%]  loss=2.8705 ppl=17.6 lr=1.73e-04 | 51768 tok/s (avg 48866) ETA 769m51s | gtok=742,809,600 | GPU 1.3/55.7GB
step 20200 [20200/81380  25%]  loss=3.1907 ppl=24.3 lr=1.73e-04 | 51433 tok/s (avg 48872) ETA 769m08s | gtok=744,652,800 | GPU 1.3/55.7GB
step 20250 [20250/81380  25%]  loss=2.9032 ppl=18.2 lr=1.73e-04 | 51721 tok/s (avg 48879) ETA 768m24s | gtok=746,496,000 | GPU 1.3/55.7GB
step 20300 [20300/81380  25%]  loss=2.9331 ppl=18.8 lr=1.73e-04 | 51740 tok/s (avg 48885) ETA 767m40s | gtok=748,339,200 | GPU 1.3/55.7GB
step 20350 [20350/81380  25%]  loss=3.0079 ppl=20.2 lr=1.73e-04 | 51510 tok/s (avg 48891) ETA 766m56s | gtok=750,182,400 | GPU 1.3/55.7GB
step 20400 [20400/81380  25%]  loss=3.4073 ppl=30.2 lr=1.73e-04 | 51711 tok/s (avg 48898) ETA 766m12s | gtok=752,025,600 | GPU 1.3/55.7GB
step 20450 [20450/81380  25%]  loss=3.3387 ppl=28.2 lr=1.72e-04 | 51820 tok/s (avg 48905) ETA 765m28s | gtok=753,868,800 | GPU 1.3/55.7GB
step 20500 [20500/81380  25%]  loss=2.8888 ppl=18.0 lr=1.72e-04 | 51464 tok/s (avg 48910) ETA 764m45s | gtok=755,712,000 | GPU 1.3/55.7GB
step 20550 [20550/81380  25%]  loss=2.6765 ppl=14.5 lr=1.72e-04 | 51770 tok/s (avg 48917) ETA 764m01s | gtok=757,555,200 | GPU 1.3/55.7GB
step 20600 [20600/81380  25%]  loss=3.1128 ppl=22.5 lr=1.72e-04 | 51871 tok/s (avg 48924) ETA 763m17s | gtok=759,398,400 | GPU 1.3/55.7GB
step 20650 [20650/81380  25%]  loss=3.2427 ppl=25.6 lr=1.72e-04 | 51487 tok/s (avg 48930) ETA 762m34s | gtok=761,241,600 | GPU 1.3/55.7GB
step 20700 [20700/81380  25%]  loss=2.9307 ppl=18.7 lr=1.72e-04 | 51724 tok/s (avg 48936) ETA 761m50s | gtok=763,084,800 | GPU 1.3/55.7GB
step 20750 [20750/81380  25%]  loss=2.8647 ppl=17.5 lr=1.72e-04 | 51793 tok/s (avg 48943) ETA 761m07s | gtok=764,928,000 | GPU 1.3/55.7GB
step 20800 [20800/81380  26%]  loss=2.8622 ppl=17.5 lr=1.72e-04 | 51381 tok/s (avg 48948) ETA 760m24s | gtok=766,771,200 | GPU 1.3/55.7GB
step 20850 [20850/81380  26%]  loss=3.0943 ppl=22.1 lr=1.71e-04 | 51728 tok/s (avg 48955) ETA 759m40s | gtok=768,614,400 | GPU 1.3/55.7GB
step 20900 [20900/81380  26%]  loss=3.1858 ppl=24.2 lr=1.71e-04 | 51416 tok/s (avg 48960) ETA 758m57s | gtok=770,457,600 | GPU 1.3/55.7GB
step 20950 [20950/81380  26%]  loss=3.1962 ppl=24.4 lr=1.71e-04 | 46009 tok/s (avg 48953) ETA 758m27s | gtok=772,300,800 | GPU 1.3/55.7GB
step 21000 [21000/81380  26%]  loss=3.0808 ppl=21.8 lr=1.71e-04 | 51650 tok/s (avg 48959) ETA 757m43s | gtok=774,144,000 | GPU 1.3/55.7GB
  [checkpoint] step 21000 -> checkpoints_v13_sempty/mix3b_delta_answ100_1c913ef/latest.pt
step 21050 [21050/81380  26%]  loss=2.7646 ppl=15.9 lr=1.71e-04 | 48999 tok/s (avg 48959) ETA 757m06s | gtok=775,987,200 | GPU 1.3/55.7GB
step 21100 [21100/81380  26%]  loss=3.1475 ppl=23.3 lr=1.71e-04 | 51778 tok/s (avg 48965) ETA 756m22s | gtok=777,830,400 | GPU 1.3/55.7GB
step 21150 [21150/81380  26%]  loss=3.0551 ppl=21.2 lr=1.71e-04 | 51854 tok/s (avg 48972) ETA 755m38s | gtok=779,673,600 | GPU 1.3/55.7GB
step 21200 [21200/81380  26%]  loss=3.1854 ppl=24.2 lr=1.70e-04 | 51451 tok/s (avg 48977) ETA 754m56s | gtok=781,516,800 | GPU 1.3/55.7GB
step 21250 [21250/81380  26%]  loss=2.6120 ppl=13.6 lr=1.70e-04 | 51740 tok/s (avg 48983) ETA 754m12s | gtok=783,360,000 | GPU 1.3/55.7GB
step 21300 [21300/81380  26%]  loss=3.2274 ppl=25.2 lr=1.70e-04 | 51748 tok/s (avg 48989) ETA 753m29s | gtok=785,203,200 | GPU 1.3/55.7GB
step 21350 [21350/81380  26%]  loss=3.0276 ppl=20.6 lr=1.70e-04 | 51484 tok/s (avg 48995) ETA 752m46s | gtok=787,046,400 | GPU 1.3/55.7GB
step 21400 [21400/81380  26%]  loss=2.8998 ppl=18.2 lr=1.70e-04 | 51723 tok/s (avg 49001) ETA 752m03s | gtok=788,889,600 | GPU 1.3/55.7GB
step 21450 [21450/81380  26%]  loss=3.0397 ppl=20.9 lr=1.70e-04 | 51706 tok/s (avg 49007) ETA 751m20s | gtok=790,732,800 | GPU 1.3/55.7GB
step 21500 [21500/81380  26%]  loss=3.2587 ppl=26.0 lr=1.70e-04 | 51292 tok/s (avg 49012) ETA 750m38s | gtok=792,576,000 | GPU 1.3/55.7GB
step 21550 [21550/81380  26%]  loss=3.0263 ppl=20.6 lr=1.69e-04 | 51719 tok/s (avg 49018) ETA 749m55s | gtok=794,419,200 | GPU 1.3/55.7GB
step 21600 [21600/81380  27%]  loss=3.2445 ppl=25.6 lr=1.69e-04 | 51783 tok/s (avg 49024) ETA 749m11s | gtok=796,262,400 | GPU 1.3/55.7GB
step 21650 [21650/81380  27%]  loss=2.9928 ppl=19.9 lr=1.69e-04 | 51386 tok/s (avg 49029) ETA 748m29s | gtok=798,105,600 | GPU 1.3/55.7GB
step 21700 [21700/81380  27%]  loss=3.1318 ppl=22.9 lr=1.69e-04 | 51718 tok/s (avg 49035) ETA 747m46s | gtok=799,948,800 | GPU 1.3/55.7GB
step 21750 [21750/81380  27%]  loss=3.2048 ppl=24.7 lr=1.69e-04 | 51473 tok/s (avg 49040) ETA 747m04s | gtok=801,792,000 | GPU 1.3/55.7GB
step 21800 [21800/81380  27%]  loss=3.0047 ppl=20.2 lr=1.69e-04 | 51770 tok/s (avg 49046) ETA 746m21s | gtok=803,635,200 | GPU 1.3/55.7GB
step 21850 [21850/81380  27%]  loss=3.0583 ppl=21.3 lr=1.69e-04 | 51767 tok/s (avg 49052) ETA 745m38s | gtok=805,478,400 | GPU 1.3/55.7GB
step 21900 [21900/81380  27%]  loss=3.3934 ppl=29.8 lr=1.68e-04 | 51457 tok/s (avg 49058) ETA 744m55s | gtok=807,321,600 | GPU 1.3/55.7GB
step 21950 [21950/81380  27%]  loss=2.6973 ppl=14.8 lr=1.68e-04 | 51854 tok/s (avg 49064) ETA 744m12s | gtok=809,164,800 | GPU 1.3/55.7GB
step 22000 [22000/81380  27%]  loss=3.0593 ppl=21.3 lr=1.68e-04 | 51771 tok/s (avg 49069) ETA 743m29s | gtok=811,008,000 | GPU 1.3/55.7GB
  [checkpoint] step 22000 -> checkpoints_v13_sempty/mix3b_delta_answ100_1c913ef/best_model.pt
  [val @ step 22000] val_loss=3.5347 val_ppl=34.28 *best* (best 34.28)
  [wiki_val @ step 22000] val_loss=4.3168 val_ppl=74.95
  [checkpoint] step 22000 -> checkpoints_v13_sempty/mix3b_delta_answ100_1c913ef/latest.pt
  [diag] step 22000 cgu=+0.26 +0.25 +0.24 +0.28 +0.31 +0.45 +0.51 +0.56 +0.63 +0.70 +0.77 +0.86 +0.96 +1.03 +1.09 +1.35  pam=+0.05 +0.11 +0.08 +0.13 +0.19 +0.17 +0.19 +0.23 +0.24 +0.25 +0.26 +0.29 +0.37 +0.28 +0.48 +0.26
  [diag] dtbias=-3.95 -3.94 -4.00 -3.97 -3.99 -3.97 -3.95 -4.05 -3.99 -3.97 -3.99 -3.97 -3.93 -3.96 -4.03 -3.93  ret=0.90 0.83 0.89 0.85 0.88 0.84 0.87 0.98 0.93 0.85 0.90 0.86 0.78 0.78 0.97 0.74
  [diag] dtbias/head(layer-mean)=-3.98 -3.98 -3.95 -3.96 -4.00 -3.98
  [diag] gnorm=7.6e-02 7.6e-02 6.5e-02 7.1e-02 9.6e-02 8.6e-02 6.7e-02 8.5e-02 7.2e-02 8.7e-02 9.8e-02 9.7e-02 8.7e-02 1.0e-01 1.6e-01 9.8e-02  wnorm=70.4 74.2 75.9 76.0 76.8 77.5 77.9 78.0 78.2 78.5 78.7 78.8 79.5 80.1 80.5 80.4
step 22050 [22050/81380  27%]  loss=3.1368 ppl=23.0 lr=1.68e-04 | 23095 tok/s (avg 48945) ETA 744m46s | gtok=812,851,200 | GPU 1.3/55.7GB
step 22100 [22100/81380  27%]  loss=2.7153 ppl=15.1 lr=1.68e-04 | 51830 tok/s (avg 48951) ETA 744m02s | gtok=814,694,400 | GPU 1.3/55.7GB
step 22150 [22150/81380  27%]  loss=3.0942 ppl=22.1 lr=1.68e-04 | 51388 tok/s (avg 48956) ETA 743m20s | gtok=816,537,600 | GPU 1.3/55.7GB
step 22200 [22200/81380  27%]  loss=3.3320 ppl=28.0 lr=1.68e-04 | 51795 tok/s (avg 48962) ETA 742m37s | gtok=818,380,800 | GPU 1.3/55.7GB
step 22250 [22250/81380  27%]  loss=2.9799 ppl=19.7 lr=1.67e-04 | 51845 tok/s (avg 48968) ETA 741m53s | gtok=820,224,000 | GPU 1.3/55.7GB
step 22300 [22300/81380  27%]  loss=3.3626 ppl=28.9 lr=1.67e-04 | 51460 tok/s (avg 48973) ETA 741m11s | gtok=822,067,200 | GPU 1.3/55.7GB
step 22350 [22350/81380  27%]  loss=3.2724 ppl=26.4 lr=1.67e-04 | 51690 tok/s (avg 48979) ETA 740m28s | gtok=823,910,400 | GPU 1.3/55.7GB
step 22400 [22400/81380  28%]  loss=3.3267 ppl=27.8 lr=1.67e-04 | 51759 tok/s (avg 48985) ETA 739m45s | gtok=825,753,600 | GPU 1.3/55.7GB
step 22450 [22450/81380  28%]  loss=3.4217 ppl=30.6 lr=1.67e-04 | 51444 tok/s (avg 48990) ETA 739m03s | gtok=827,596,800 | GPU 1.3/55.7GB
step 22500 [22500/81380  28%]  loss=2.8443 ppl=17.2 lr=1.67e-04 | 51698 tok/s (avg 48996) ETA 738m20s | gtok=829,440,000 | GPU 1.3/55.7GB
step 22550 [22550/81380  28%]  loss=2.9295 ppl=18.7 lr=1.67e-04 | 51708 tok/s (avg 49002) ETA 737m37s | gtok=831,283,200 | GPU 1.3/55.7GB
step 22600 [22600/81380  28%]  loss=3.2734 ppl=26.4 lr=1.66e-04 | 51402 tok/s (avg 49007) ETA 736m55s | gtok=833,126,400 | GPU 1.3/55.7GB
step 22650 [22650/81380  28%]  loss=2.9251 ppl=18.6 lr=1.66e-04 | 51744 tok/s (avg 49013) ETA 736m12s | gtok=834,969,600 | GPU 1.3/55.7GB
step 22700 [22700/81380  28%]  loss=2.9653 ppl=19.4 lr=1.66e-04 | 51752 tok/s (avg 49018) ETA 735m30s | gtok=836,812,800 | GPU 1.3/55.7GB
step 22750 [22750/81380  28%]  loss=2.8557 ppl=17.4 lr=1.66e-04 | 51357 tok/s (avg 49023) ETA 734m48s | gtok=838,656,000 | GPU 1.3/55.7GB
step 22800 [22800/81380  28%]  loss=3.0032 ppl=20.1 lr=1.66e-04 | 51794 tok/s (avg 49029) ETA 734m05s | gtok=840,499,200 | GPU 1.3/55.7GB
step 22850 [22850/81380  28%]  loss=3.0004 ppl=20.1 lr=1.66e-04 | 51391 tok/s (avg 49034) ETA 733m23s | gtok=842,342,400 | GPU 1.3/55.7GB
step 22900 [22900/81380  28%]  loss=2.8568 ppl=17.4 lr=1.66e-04 | 51767 tok/s (avg 49039) ETA 732m40s | gtok=844,185,600 | GPU 1.3/55.7GB
step 22950 [22950/81380  28%]  loss=2.9215 ppl=18.6 lr=1.65e-04 | 51796 tok/s (avg 49045) ETA 731m57s | gtok=846,028,800 | GPU 1.3/55.7GB
step 23000 [23000/81380  28%]  loss=2.9648 ppl=19.4 lr=1.65e-04 | 51480 tok/s (avg 49050) ETA 731m15s | gtok=847,872,000 | GPU 1.3/55.7GB
  [checkpoint] step 23000 -> checkpoints_v13_sempty/mix3b_delta_answ100_1c913ef/latest.pt
step 23050 [23050/81380  28%]  loss=2.7326 ppl=15.4 lr=1.65e-04 | 49264 tok/s (avg 49051) ETA 730m37s | gtok=849,715,200 | GPU 1.3/55.7GB
step 23100 [23100/81380  28%]  loss=3.0533 ppl=21.2 lr=1.65e-04 | 51468 tok/s (avg 49056) ETA 729m55s | gtok=851,558,400 | GPU 1.3/55.7GB
step 23150 [23150/81380  28%]  loss=2.9145 ppl=18.4 lr=1.65e-04 | 51351 tok/s (avg 49060) ETA 729m14s | gtok=853,401,600 | GPU 1.3/55.7GB
step 23200 [23200/81380  29%]  loss=2.9486 ppl=19.1 lr=1.65e-04 | 51677 tok/s (avg 49066) ETA 728m31s | gtok=855,244,800 | GPU 1.3/55.7GB
step 23250 [23250/81380  29%]  loss=3.2462 ppl=25.7 lr=1.65e-04 | 51718 tok/s (avg 49071) ETA 727m49s | gtok=857,088,000 | GPU 1.3/55.7GB
step 23300 [23300/81380  29%]  loss=3.1259 ppl=22.8 lr=1.64e-04 | 51358 tok/s (avg 49076) ETA 727m07s | gtok=858,931,200 | GPU 1.3/55.7GB
step 23350 [23350/81380  29%]  loss=2.8291 ppl=16.9 lr=1.64e-04 | 51732 tok/s (avg 49081) ETA 726m25s | gtok=860,774,400 | GPU 1.3/55.7GB
step 23400 [23400/81380  29%]  loss=2.8901 ppl=18.0 lr=1.64e-04 | 46044 tok/s (avg 49074) ETA 725m53s | gtok=862,617,600 | GPU 1.3/55.7GB
step 23450 [23450/81380  29%]  loss=2.9050 ppl=18.3 lr=1.64e-04 | 51369 tok/s (avg 49079) ETA 725m12s | gtok=864,460,800 | GPU 1.3/55.7GB
step 23500 [23500/81380  29%]  loss=2.9923 ppl=19.9 lr=1.64e-04 | 51793 tok/s (avg 49084) ETA 724m29s | gtok=866,304,000 | GPU 1.3/55.7GB
step 23550 [23550/81380  29%]  loss=2.6865 ppl=14.7 lr=1.64e-04 | 51672 tok/s (avg 49090) ETA 723m47s | gtok=868,147,200 | GPU 1.3/55.7GB
step 23600 [23600/81380  29%]  loss=3.2015 ppl=24.6 lr=1.63e-04 | 51352 tok/s (avg 49094) ETA 723m05s | gtok=869,990,400 | GPU 1.3/55.7GB
step 23650 [23650/81380  29%]  loss=2.9687 ppl=19.5 lr=1.63e-04 | 51782 tok/s (avg 49100) ETA 722m23s | gtok=871,833,600 | GPU 1.3/55.7GB
step 23700 [23700/81380  29%]  loss=3.3211 ppl=27.7 lr=1.63e-04 | 51523 tok/s (avg 49105) ETA 721m41s | gtok=873,676,800 | GPU 1.3/55.7GB
step 23750 [23750/81380  29%]  loss=3.0746 ppl=21.6 lr=1.63e-04 | 51768 tok/s (avg 49110) ETA 720m59s | gtok=875,520,000 | GPU 1.3/55.7GB
step 23800 [23800/81380  29%]  loss=2.8484 ppl=17.3 lr=1.63e-04 | 51780 tok/s (avg 49115) ETA 720m17s | gtok=877,363,200 | GPU 1.3/55.7GB
step 23850 [23850/81380  29%]  loss=3.4122 ppl=30.3 lr=1.63e-04 | 51433 tok/s (avg 49120) ETA 719m35s | gtok=879,206,400 | GPU 1.3/55.7GB
step 23900 [23900/81380  29%]  loss=2.9464 ppl=19.0 lr=1.63e-04 | 51694 tok/s (avg 49125) ETA 718m53s | gtok=881,049,600 | GPU 1.3/55.7GB
step 23950 [23950/81380  29%]  loss=2.8064 ppl=16.5 lr=1.62e-04 | 51637 tok/s (avg 49130) ETA 718m11s | gtok=882,892,800 | GPU 1.3/55.7GB
step 24000 [24000/81380  29%]  loss=2.9036 ppl=18.2 lr=1.62e-04 | 51374 tok/s (avg 49134) ETA 717m30s | gtok=884,736,000 | GPU 1.3/55.7GB
  [checkpoint] step 24000 -> checkpoints_v13_sempty/mix3b_delta_answ100_1c913ef/best_model.pt
  [val @ step 24000] val_loss=3.5136 val_ppl=33.57 *best* (best 33.57)
  [wiki_val @ step 24000] val_loss=4.2805 val_ppl=72.28
  [checkpoint] step 24000 -> checkpoints_v13_sempty/mix3b_delta_answ100_1c913ef/latest.pt
  [diag] step 24000 cgu=+0.24 +0.24 +0.23 +0.27 +0.30 +0.43 +0.49 +0.54 +0.62 +0.68 +0.76 +0.84 +0.94 +1.02 +1.08 +1.35  pam=+0.05 +0.10 +0.08 +0.12 +0.18 +0.17 +0.19 +0.22 +0.24 +0.24 +0.26 +0.29 +0.37 +0.29 +0.48 +0.27
  [diag] dtbias=-3.95 -3.94 -4.00 -3.97 -3.98 -3.97 -3.95 -4.05 -3.98 -3.97 -3.99 -3.97 -3.93 -3.96 -4.03 -3.93  ret=0.90 0.82 0.89 0.85 0.88 0.83 0.87 0.97 0.93 0.85 0.90 0.85 0.77 0.78 0.96 0.72
  [diag] dtbias/head(layer-mean)=-3.98 -3.98 -3.95 -3.96 -4.00 -3.98
  [diag] gnorm=1.1e-01 7.5e-02 5.7e-02 6.0e-02 9.3e-02 8.3e-02 6.5e-02 7.8e-02 6.9e-02 8.2e-02 9.1e-02 9.1e-02 9.5e-02 1.0e-01 1.5e-01 1.2e-01  wnorm=71.6 75.5 77.1 77.3 78.1 78.7 79.1 79.2 79.4 79.7 79.9 80.0 80.7 81.2 81.6 81.6
step 24050 [24050/81380  30%]  loss=3.1204 ppl=22.7 lr=1.62e-04 | 23302 tok/s (avg 49021) ETA 718m32s | gtok=886,579,200 | GPU 1.3/55.7GB
step 24100 [24100/81380  30%]  loss=2.9509 ppl=19.1 lr=1.62e-04 | 51396 tok/s (avg 49026) ETA 717m50s | gtok=888,422,400 | GPU 1.3/55.7GB
step 24150 [24150/81380  30%]  loss=2.7187 ppl=15.2 lr=1.62e-04 | 51794 tok/s (avg 49032) ETA 717m07s | gtok=890,265,600 | GPU 1.3/55.7GB
step 24200 [24200/81380  30%]  loss=3.1451 ppl=23.2 lr=1.62e-04 | 51680 tok/s (avg 49037) ETA 716m25s | gtok=892,108,800 | GPU 1.3/55.7GB
step 24250 [24250/81380  30%]  loss=2.7282 ppl=15.3 lr=1.61e-04 | 51507 tok/s (avg 49042) ETA 715m44s | gtok=893,952,000 | GPU 1.3/55.7GB
step 24300 [24300/81380  30%]  loss=3.1482 ppl=23.3 lr=1.61e-04 | 51732 tok/s (avg 49047) ETA 715m01s | gtok=895,795,200 | GPU 1.3/55.7GB
step 24350 [24350/81380  30%]  loss=2.6437 ppl=14.1 lr=1.61e-04 | 51714 tok/s (avg 49052) ETA 714m19s | gtok=897,638,400 | GPU 1.3/55.7GB
step 24400 [24400/81380  30%]  loss=3.1413 ppl=23.1 lr=1.61e-04 | 51464 tok/s (avg 49057) ETA 713m38s | gtok=899,481,600 | GPU 1.3/55.7GB
step 24450 [24450/81380  30%]  loss=3.0699 ppl=21.5 lr=1.61e-04 | 51799 tok/s (avg 49062) ETA 712m55s | gtok=901,324,800 | GPU 1.3/55.7GB
step 24500 [24500/81380  30%]  loss=2.5083 ppl=12.3 lr=1.61e-04 | 51437 tok/s (avg 49067) ETA 712m14s | gtok=903,168,000 | GPU 1.3/55.7GB
step 24550 [24550/81380  30%]  loss=2.9893 ppl=19.9 lr=1.61e-04 | 51845 tok/s (avg 49072) ETA 711m31s | gtok=905,011,200 | GPU 1.3/55.7GB
step 24600 [24600/81380  30%]  loss=3.1795 ppl=24.0 lr=1.60e-04 | 51782 tok/s (avg 49077) ETA 710m49s | gtok=906,854,400 | GPU 1.3/55.7GB
step 24650 [24650/81380  30%]  loss=3.2592 ppl=26.0 lr=1.60e-04 | 51498 tok/s (avg 49082) ETA 710m08s | gtok=908,697,600 | GPU 1.3/55.7GB
step 24700 [24700/81380  30%]  loss=3.0750 ppl=21.6 lr=1.60e-04 | 51774 tok/s (avg 49087) ETA 709m26s | gtok=910,540,800 | GPU 1.3/55.7GB
step 24750 [24750/81380  30%]  loss=3.0192 ppl=20.5 lr=1.60e-04 | 51730 tok/s (avg 49092) ETA 708m44s | gtok=912,384,000 | GPU 1.3/55.7GB
step 24800 [24800/81380  30%]  loss=2.8806 ppl=17.8 lr=1.60e-04 | 51332 tok/s (avg 49096) ETA 708m03s | gtok=914,227,200 | GPU 1.3/55.7GB
step 24850 [24850/81380  31%]  loss=3.2283 ppl=25.2 lr=1.60e-04 | 51701 tok/s (avg 49101) ETA 707m21s | gtok=916,070,400 | GPU 1.3/55.7GB
step 24900 [24900/81380  31%]  loss=2.8960 ppl=18.1 lr=1.59e-04 | 51729 tok/s (avg 49106) ETA 706m39s | gtok=917,913,600 | GPU 1.3/55.7GB
step 24950 [24950/81380  31%]  loss=3.1224 ppl=22.7 lr=1.59e-04 | 51250 tok/s (avg 49111) ETA 705m58s | gtok=919,756,800 | GPU 1.3/55.7GB
step 25000 [25000/81380  31%]  loss=2.7089 ppl=15.0 lr=1.59e-04 | 51532 tok/s (avg 49115) ETA 705m16s | gtok=921,600,000 | GPU 1.3/55.7GB
  [checkpoint] step 25000 -> checkpoints_v13_sempty/mix3b_delta_answ100_1c913ef/latest.pt
step 25050 [25050/81380  31%]  loss=3.1105 ppl=22.4 lr=1.59e-04 | 49034 tok/s (avg 49115) ETA 704m39s | gtok=923,443,200 | GPU 1.3/55.7GB
step 25100 [25100/81380  31%]  loss=2.9487 ppl=19.1 lr=1.59e-04 | 51188 tok/s (avg 49119) ETA 703m58s | gtok=925,286,400 | GPU 1.3/55.7GB
step 25150 [25150/81380  31%]  loss=3.0886 ppl=21.9 lr=1.59e-04 | 51737 tok/s (avg 49124) ETA 703m16s | gtok=927,129,600 | GPU 1.3/55.7GB
step 25200 [25200/81380  31%]  loss=3.0478 ppl=21.1 lr=1.59e-04 | 51367 tok/s (avg 49128) ETA 702m35s | gtok=928,972,800 | GPU 1.3/55.7GB
step 25250 [25250/81380  31%]  loss=2.8809 ppl=17.8 lr=1.58e-04 | 51750 tok/s (avg 49133) ETA 701m53s | gtok=930,816,000 | GPU 1.3/55.7GB
step 25300 [25300/81380  31%]  loss=2.8279 ppl=16.9 lr=1.58e-04 | 51708 tok/s (avg 49138) ETA 701m12s | gtok=932,659,200 | GPU 1.3/55.7GB
step 25350 [25350/81380  31%]  loss=3.2995 ppl=27.1 lr=1.58e-04 | 51552 tok/s (avg 49142) ETA 700m30s | gtok=934,502,400 | GPU 1.3/55.7GB
step 25400 [25400/81380  31%]  loss=2.7813 ppl=16.1 lr=1.58e-04 | 51767 tok/s (avg 49147) ETA 699m48s | gtok=936,345,600 | GPU 1.3/55.7GB
step 25450 [25450/81380  31%]  loss=3.1157 ppl=22.5 lr=1.58e-04 | 51752 tok/s (avg 49152) ETA 699m07s | gtok=938,188,800 | GPU 1.3/55.7GB
step 25500 [25500/81380  31%]  loss=3.1122 ppl=22.5 lr=1.58e-04 | 51123 tok/s (avg 49156) ETA 698m26s | gtok=940,032,000 | GPU 1.3/55.7GB
step 25550 [25550/81380  31%]  loss=2.9964 ppl=20.0 lr=1.57e-04 | 51484 tok/s (avg 49160) ETA 697m45s | gtok=941,875,200 | GPU 1.3/55.7GB
step 25600 [25600/81380  31%]  loss=2.9922 ppl=19.9 lr=1.57e-04 | 51605 tok/s (avg 49165) ETA 697m04s | gtok=943,718,400 | GPU 1.3/55.7GB
step 25650 [25650/81380  32%]  loss=3.0170 ppl=20.4 lr=1.57e-04 | 51370 tok/s (avg 49169) ETA 696m23s | gtok=945,561,600 | GPU 1.3/55.7GB
step 25700 [25700/81380  32%]  loss=2.7140 ppl=15.1 lr=1.57e-04 | 51719 tok/s (avg 49174) ETA 695m41s | gtok=947,404,800 | GPU 1.3/55.7GB
step 25750 [25750/81380  32%]  loss=2.9266 ppl=18.7 lr=1.57e-04 | 51640 tok/s (avg 49178) ETA 695m00s | gtok=949,248,000 | GPU 1.3/55.7GB
step 25800 [25800/81380  32%]  loss=2.9814 ppl=19.7 lr=1.57e-04 | 51447 tok/s (avg 49182) ETA 694m19s | gtok=951,091,200 | GPU 1.3/55.7GB
step 25850 [25850/81380  32%]  loss=3.2150 ppl=24.9 lr=1.56e-04 | 46170 tok/s (avg 49176) ETA 693m47s | gtok=952,934,400 | GPU 1.3/55.7GB
step 25900 [25900/81380  32%]  loss=2.9056 ppl=18.3 lr=1.56e-04 | 51720 tok/s (avg 49181) ETA 693m05s | gtok=954,777,600 | GPU 1.3/55.7GB
step 25950 [25950/81380  32%]  loss=2.9944 ppl=20.0 lr=1.56e-04 | 51437 tok/s (avg 49185) ETA 692m24s | gtok=956,620,800 | GPU 1.3/55.7GB
step 26000 [26000/81380  32%]  loss=3.2166 ppl=24.9 lr=1.56e-04 | 51780 tok/s (avg 49190) ETA 691m43s | gtok=958,464,000 | GPU 1.3/55.7GB
  [checkpoint] step 26000 -> checkpoints_v13_sempty/mix3b_delta_answ100_1c913ef/best_model.pt
  [val @ step 26000] val_loss=3.5004 val_ppl=33.13 *best* (best 33.13)
  [wiki_val @ step 26000] val_loss=4.2867 val_ppl=72.72
  [checkpoint] step 26000 -> checkpoints_v13_sempty/mix3b_delta_answ100_1c913ef/latest.pt
  [diag] step 26000 cgu=+0.22 +0.24 +0.23 +0.26 +0.29 +0.42 +0.48 +0.53 +0.61 +0.67 +0.74 +0.83 +0.93 +1.01 +1.07 +1.35  pam=+0.05 +0.10 +0.08 +0.12 +0.18 +0.17 +0.19 +0.22 +0.23 +0.24 +0.25 +0.29 +0.37 +0.29 +0.48 +0.27
  [diag] dtbias=-3.95 -3.94 -4.00 -3.97 -3.98 -3.97 -3.95 -4.05 -3.98 -3.97 -3.99 -3.97 -3.92 -3.96 -4.03 -3.92  ret=0.90 0.82 0.89 0.84 0.87 0.83 0.87 0.97 0.93 0.84 0.90 0.85 0.77 0.76 0.97 0.71
  [diag] dtbias/head(layer-mean)=-3.98 -3.98 -3.95 -3.96 -4.00 -3.97
  [diag] gnorm=1.0e-01 7.2e-02 6.0e-02 6.7e-02 1.1e-01 6.9e-02 6.8e-02 7.9e-02 7.6e-02 8.9e-02 9.7e-02 8.9e-02 8.7e-02 1.4e-01 1.5e-01 1.2e-01  wnorm=72.8 76.6 78.3 78.5 79.2 79.8 80.3 80.3 80.5 80.8 80.9 81.1 81.8 82.3 82.7 82.6
step 26050 [26050/81380  32%]  loss=3.0189 ppl=20.5 lr=1.56e-04 | 23149 tok/s (avg 49084) ETA 692m35s | gtok=960,307,200 | GPU 1.3/55.7GB
step 26100 [26100/81380  32%]  loss=2.9678 ppl=19.4 lr=1.56e-04 | 51770 tok/s (avg 49089) ETA 691m53s | gtok=962,150,400 | GPU 1.3/55.7GB
step 26150 [26150/81380  32%]  loss=2.9155 ppl=18.5 lr=1.55e-04 | 51297 tok/s (avg 49093) ETA 691m12s | gtok=963,993,600 | GPU 1.3/55.7GB
step 26200 [26200/81380  32%]  loss=3.2691 ppl=26.3 lr=1.55e-04 | 51476 tok/s (avg 49097) ETA 690m31s | gtok=965,836,800 | GPU 1.3/55.7GB
step 26250 [26250/81380  32%]  loss=3.1249 ppl=22.8 lr=1.55e-04 | 51528 tok/s (avg 49101) ETA 689m50s | gtok=967,680,000 | GPU 1.3/55.7GB
step 26300 [26300/81380  32%]  loss=3.0043 ppl=20.2 lr=1.55e-04 | 51355 tok/s (avg 49106) ETA 689m09s | gtok=969,523,200 | GPU 1.3/55.7GB
step 26350 [26350/81380  32%]  loss=2.7942 ppl=16.3 lr=1.55e-04 | 51697 tok/s (avg 49110) ETA 688m27s | gtok=971,366,400 | GPU 1.3/55.7GB
step 26400 [26400/81380  32%]  loss=3.5156 ppl=33.6 lr=1.55e-04 | 51730 tok/s (avg 49115) ETA 687m46s | gtok=973,209,600 | GPU 1.3/55.7GB
step 26450 [26450/81380  33%]  loss=3.0165 ppl=20.4 lr=1.54e-04 | 51423 tok/s (avg 49119) ETA 687m05s | gtok=975,052,800 | GPU 1.3/55.7GB
step 26500 [26500/81380  33%]  loss=2.7486 ppl=15.6 lr=1.54e-04 | 51710 tok/s (avg 49124) ETA 686m23s | gtok=976,896,000 | GPU 1.3/55.7GB
step 26550 [26550/81380  33%]  loss=2.8909 ppl=18.0 lr=1.54e-04 | 51730 tok/s (avg 49128) ETA 685m42s | gtok=978,739,200 | GPU 1.3/55.7GB
step 26600 [26600/81380  33%]  loss=3.1563 ppl=23.5 lr=1.54e-04 | 51187 tok/s (avg 49132) ETA 685m01s | gtok=980,582,400 | GPU 1.3/55.7GB
step 26650 [26650/81380  33%]  loss=2.8708 ppl=17.7 lr=1.54e-04 | 51433 tok/s (avg 49136) ETA 684m20s | gtok=982,425,600 | GPU 1.3/55.7GB
step 26700 [26700/81380  33%]  loss=3.1577 ppl=23.5 lr=1.54e-04 | 51722 tok/s (avg 49141) ETA 683m39s | gtok=984,268,800 | GPU 1.3/55.7GB
step 26750 [26750/81380  33%]  loss=2.8838 ppl=17.9 lr=1.53e-04 | 51421 tok/s (avg 49145) ETA 682m58s | gtok=986,112,000 | GPU 1.3/55.7GB
step 26800 [26800/81380  33%]  loss=3.1903 ppl=24.3 lr=1.53e-04 | 51753 tok/s (avg 49150) ETA 682m17s | gtok=987,955,200 | GPU 1.3/55.7GB
step 26850 [26850/81380  33%]  loss=3.1317 ppl=22.9 lr=1.53e-04 | 51471 tok/s (avg 49154) ETA 681m36s | gtok=989,798,400 | GPU 1.3/55.7GB
step 26900 [26900/81380  33%]  loss=3.1429 ppl=23.2 lr=1.53e-04 | 51751 tok/s (avg 49158) ETA 680m54s | gtok=991,641,600 | GPU 1.3/55.7GB
step 26950 [26950/81380  33%]  loss=2.7586 ppl=15.8 lr=1.53e-04 | 51552 tok/s (avg 49162) ETA 680m13s | gtok=993,484,800 | GPU 1.3/55.7GB
step 27000 [27000/81380  33%]  loss=3.2111 ppl=24.8 lr=1.53e-04 | 51467 tok/s (avg 49167) ETA 679m32s | gtok=995,328,000 | GPU 1.3/55.7GB
  [checkpoint] step 27000 -> checkpoints_v13_sempty/mix3b_delta_answ100_1c913ef/latest.pt
step 27050 [27050/81380  33%]  loss=3.1094 ppl=22.4 lr=1.52e-04 | 49240 tok/s (avg 49167) ETA 678m55s | gtok=997,171,200 | GPU 1.3/55.7GB
step 27100 [27100/81380  33%]  loss=3.0547 ppl=21.2 lr=1.52e-04 | 51744 tok/s (avg 49171) ETA 678m14s | gtok=999,014,400 | GPU 1.3/55.7GB
step 27150 [27150/81380  33%]  loss=2.8253 ppl=16.9 lr=1.52e-04 | 51407 tok/s (avg 49175) ETA 677m33s | gtok=1,000,857,600 | GPU 1.3/55.7GB
step 27200 [27200/81380  33%]  loss=2.8554 ppl=17.4 lr=1.52e-04 | 51770 tok/s (avg 49180) ETA 676m52s | gtok=1,002,700,800 | GPU 1.3/55.7GB
step 27250 [27250/81380  33%]  loss=2.9378 ppl=18.9 lr=1.52e-04 | 51793 tok/s (avg 49184) ETA 676m10s | gtok=1,004,544,000 | GPU 1.3/55.7GB
step 27300 [27300/81380  34%]  loss=2.8155 ppl=16.7 lr=1.52e-04 | 51448 tok/s (avg 49188) ETA 675m30s | gtok=1,006,387,200 | GPU 1.3/55.7GB
step 27350 [27350/81380  34%]  loss=2.8444 ppl=17.2 lr=1.51e-04 | 51746 tok/s (avg 49193) ETA 674m49s | gtok=1,008,230,400 | GPU 1.3/55.7GB
step 27400 [27400/81380  34%]  loss=2.7427 ppl=15.5 lr=1.51e-04 | 51654 tok/s (avg 49197) ETA 674m08s | gtok=1,010,073,600 | GPU 1.3/55.7GB
step 27450 [27450/81380  34%]  loss=2.9760 ppl=19.6 lr=1.51e-04 | 51433 tok/s (avg 49201) ETA 673m27s | gtok=1,011,916,800 | GPU 1.3/55.7GB
step 27500 [27500/81380  34%]  loss=3.2828 ppl=26.7 lr=1.51e-04 | 51754 tok/s (avg 49205) ETA 672m46s | gtok=1,013,760,000 | GPU 1.3/55.7GB
step 27550 [27550/81380  34%]  loss=3.1384 ppl=23.1 lr=1.51e-04 | 51767 tok/s (avg 49210) ETA 672m05s | gtok=1,015,603,200 | GPU 1.3/55.7GB
step 27600 [27600/81380  34%]  loss=2.8705 ppl=17.6 lr=1.51e-04 | 51461 tok/s (avg 49214) ETA 671m24s | gtok=1,017,446,400 | GPU 1.3/55.7GB
step 27650 [27650/81380  34%]  loss=2.9601 ppl=19.3 lr=1.50e-04 | 51812 tok/s (avg 49218) ETA 670m43s | gtok=1,019,289,600 | GPU 1.3/55.7GB
step 27700 [27700/81380  34%]  loss=2.7954 ppl=16.4 lr=1.50e-04 | 51425 tok/s (avg 49222) ETA 670m02s | gtok=1,021,132,800 | GPU 1.3/55.7GB
step 27750 [27750/81380  34%]  loss=3.1823 ppl=24.1 lr=1.50e-04 | 51711 tok/s (avg 49226) ETA 669m21s | gtok=1,022,976,000 | GPU 1.3/55.7GB
step 27800 [27800/81380  34%]  loss=3.1339 ppl=23.0 lr=1.50e-04 | 51705 tok/s (avg 49230) ETA 668m41s | gtok=1,024,819,200 | GPU 1.3/55.7GB
step 27850 [27850/81380  34%]  loss=2.7596 ppl=15.8 lr=1.50e-04 | 51233 tok/s (avg 49234) ETA 668m00s | gtok=1,026,662,400 | GPU 1.3/55.7GB
step 27900 [27900/81380  34%]  loss=3.1897 ppl=24.3 lr=1.50e-04 | 51693 tok/s (avg 49238) ETA 667m19s | gtok=1,028,505,600 | GPU 1.3/55.7GB
step 27950 [27950/81380  34%]  loss=2.7675 ppl=15.9 lr=1.49e-04 | 51684 tok/s (avg 49242) ETA 666m39s | gtok=1,030,348,800 | GPU 1.3/55.7GB
step 28000 [28000/81380  34%]  loss=2.8208 ppl=16.8 lr=1.49e-04 | 51460 tok/s (avg 49246) ETA 665m58s | gtok=1,032,192,000 | GPU 1.3/55.7GB
  [checkpoint] step 28000 -> checkpoints_v13_sempty/mix3b_delta_answ100_1c913ef/best_model.pt
  [val @ step 28000] val_loss=3.4920 val_ppl=32.85 *best* (best 32.85)
  [wiki_val @ step 28000] val_loss=4.2590 val_ppl=70.74
  [checkpoint] step 28000 -> checkpoints_v13_sempty/mix3b_delta_answ100_1c913ef/latest.pt
  [diag] step 28000 cgu=+0.21 +0.23 +0.22 +0.26 +0.29 +0.41 +0.47 +0.53 +0.60 +0.66 +0.73 +0.81 +0.91 +1.00 +1.06 +1.35  pam=+0.04 +0.10 +0.08 +0.12 +0.18 +0.16 +0.18 +0.22 +0.23 +0.24 +0.25 +0.29 +0.37 +0.29 +0.49 +0.28
  [diag] dtbias=-3.95 -3.94 -4.00 -3.97 -3.98 -3.97 -3.95 -4.06 -3.98 -3.97 -3.99 -3.97 -3.92 -3.96 -4.03 -3.92  ret=0.90 0.82 0.88 0.84 0.86 0.83 0.86 0.98 0.93 0.84 0.89 0.85 0.76 0.76 0.96 0.70
  [diag] dtbias/head(layer-mean)=-3.98 -3.98 -3.94 -3.96 -4.00 -3.97
  [diag] gnorm=7.7e-02 8.7e-02 4.5e-02 6.0e-02 8.3e-02 7.2e-02 6.2e-02 6.6e-02 6.7e-02 7.9e-02 9.2e-02 9.0e-02 8.4e-02 9.7e-02 1.4e-01 1.1e-01  wnorm=73.8 77.7 79.4 79.5 80.2 80.8 81.3 81.3 81.5 81.8 81.9 82.0 82.7 83.2 83.6 83.6
step 28050 [28050/81380  34%]  loss=3.0287 ppl=20.7 lr=1.49e-04 | 21956 tok/s (avg 49137) ETA 666m49s | gtok=1,034,035,200 | GPU 1.3/55.7GB
step 28100 [28100/81380  35%]  loss=2.7773 ppl=16.1 lr=1.49e-04 | 51370 tok/s (avg 49141) ETA 666m09s | gtok=1,035,878,400 | GPU 1.3/55.7GB
step 28150 [28150/81380  35%]  loss=2.9517 ppl=19.1 lr=1.49e-04 | 51731 tok/s (avg 49145) ETA 665m27s | gtok=1,037,721,600 | GPU 1.3/55.7GB
step 28200 [28200/81380  35%]  loss=2.9217 ppl=18.6 lr=1.49e-04 | 51691 tok/s (avg 49150) ETA 664m47s | gtok=1,039,564,800 | GPU 1.3/55.7GB
step 28250 [28250/81380  35%]  loss=2.8142 ppl=16.7 lr=1.48e-04 | 51319 tok/s (avg 49153) ETA 664m06s | gtok=1,041,408,000 | GPU 1.3/55.7GB
step 28300 [28300/81380  35%]  loss=2.7476 ppl=15.6 lr=1.48e-04 | 51680 tok/s (avg 49157) ETA 663m25s | gtok=1,043,251,200 | GPU 1.3/55.7GB
step 28350 [28350/81380  35%]  loss=3.0360 ppl=20.8 lr=1.48e-04 | 51707 tok/s (avg 49162) ETA 662m44s | gtok=1,045,094,400 | GPU 1.3/55.7GB
step 28400 [28400/81380  35%]  loss=3.1343 ppl=23.0 lr=1.48e-04 | 51416 tok/s (avg 49166) ETA 662m04s | gtok=1,046,937,600 | GPU 1.3/55.7GB
step 28450 [28450/81380  35%]  loss=2.9904 ppl=19.9 lr=1.48e-04 | 51756 tok/s (avg 49170) ETA 661m23s | gtok=1,048,780,800 | GPU 1.3/55.7GB
step 28500 [28500/81380  35%]  loss=2.8213 ppl=16.8 lr=1.48e-04 | 51751 tok/s (avg 49174) ETA 660m42s | gtok=1,050,624,000 | GPU 1.3/55.7GB
step 28550 [28550/81380  35%]  loss=3.2649 ppl=26.2 lr=1.47e-04 | 51388 tok/s (avg 49178) ETA 660m01s | gtok=1,052,467,200 | GPU 1.3/55.7GB
step 28600 [28600/81380  35%]  loss=3.2491 ppl=25.8 lr=1.47e-04 | 51612 tok/s (avg 49182) ETA 659m20s | gtok=1,054,310,400 | GPU 1.3/55.7GB
step 28650 [28650/81380  35%]  loss=2.8074 ppl=16.6 lr=1.47e-04 | 51722 tok/s (avg 49186) ETA 658m40s | gtok=1,056,153,600 | GPU 1.3/55.7GB
step 28700 [28700/81380  35%]  loss=2.8324 ppl=17.0 lr=1.47e-04 | 51430 tok/s (avg 49190) ETA 657m59s | gtok=1,057,996,800 | GPU 1.3/55.7GB
step 28750 [28750/81380  35%]  loss=3.0880 ppl=21.9 lr=1.47e-04 | 51716 tok/s (avg 49194) ETA 657m18s | gtok=1,059,840,000 | GPU 1.3/55.7GB
step 28800 [28800/81380  35%]  loss=2.8284 ppl=16.9 lr=1.47e-04 | 51421 tok/s (avg 49198) ETA 656m38s | gtok=1,061,683,200 | GPU 1.3/55.7GB
step 28850 [28850/81380  35%]  loss=2.8529 ppl=17.3 lr=1.46e-04 | 51653 tok/s (avg 49202) ETA 655m57s | gtok=1,063,526,400 | GPU 1.3/55.7GB
step 28900 [28900/81380  36%]  loss=3.2286 ppl=25.2 lr=1.46e-04 | 51710 tok/s (avg 49206) ETA 655m16s | gtok=1,065,369,600 | GPU 1.3/55.7GB
step 28950 [28950/81380  36%]  loss=2.8790 ppl=17.8 lr=1.46e-04 | 51391 tok/s (avg 49210) ETA 654m36s | gtok=1,067,212,800 | GPU 1.3/55.7GB
step 29000 [29000/81380  36%]  loss=2.9146 ppl=18.4 lr=1.46e-04 | 51714 tok/s (avg 49214) ETA 653m55s | gtok=1,069,056,000 | GPU 1.3/55.7GB
  [checkpoint] step 29000 -> checkpoints_v13_sempty/mix3b_delta_answ100_1c913ef/latest.pt
step 29050 [29050/81380  36%]  loss=2.9218 ppl=18.6 lr=1.46e-04 | 49317 tok/s (avg 49214) ETA 653m18s | gtok=1,070,899,200 | GPU 1.3/55.7GB
step 29100 [29100/81380  36%]  loss=3.2613 ppl=26.1 lr=1.46e-04 | 51427 tok/s (avg 49217) ETA 652m37s | gtok=1,072,742,400 | GPU 1.3/55.7GB
step 29150 [29150/81380  36%]  loss=2.7146 ppl=15.1 lr=1.45e-04 | 51702 tok/s (avg 49222) ETA 651m57s | gtok=1,074,585,600 | GPU 1.3/55.7GB
step 29200 [29200/81380  36%]  loss=2.9793 ppl=19.7 lr=1.45e-04 | 51741 tok/s (avg 49226) ETA 651m16s | gtok=1,076,428,800 | GPU 1.3/55.7GB
step 29250 [29250/81380  36%]  loss=3.0593 ppl=21.3 lr=1.45e-04 | 51404 tok/s (avg 49229) ETA 650m36s | gtok=1,078,272,000 | GPU 1.3/55.7GB
step 29300 [29300/81380  36%]  loss=2.8222 ppl=16.8 lr=1.45e-04 | 51757 tok/s (avg 49233) ETA 649m55s | gtok=1,080,115,200 | GPU 1.3/55.7GB
step 29350 [29350/81380  36%]  loss=3.0126 ppl=20.3 lr=1.45e-04 | 51672 tok/s (avg 49237) ETA 649m14s | gtok=1,081,958,400 | GPU 1.3/55.7GB
step 29400 [29400/81380  36%]  loss=2.7650 ppl=15.9 lr=1.44e-04 | 51321 tok/s (avg 49241) ETA 648m34s | gtok=1,083,801,600 | GPU 1.3/55.7GB
step 29450 [29450/81380  36%]  loss=2.7388 ppl=15.5 lr=1.44e-04 | 51680 tok/s (avg 49245) ETA 647m54s | gtok=1,085,644,800 | GPU 1.3/55.7GB
step 29500 [29500/81380  36%]  loss=3.1662 ppl=23.7 lr=1.44e-04 | 51300 tok/s (avg 49248) ETA 647m14s | gtok=1,087,488,000 | GPU 1.3/55.7GB
step 29550 [29550/81380  36%]  loss=2.9685 ppl=19.5 lr=1.44e-04 | 51675 tok/s (avg 49252) ETA 646m33s | gtok=1,089,331,200 | GPU 1.3/55.7GB
step 29600 [29600/81380  36%]  loss=3.1748 ppl=23.9 lr=1.44e-04 | 51698 tok/s (avg 49256) ETA 645m53s | gtok=1,091,174,400 | GPU 1.3/55.7GB
step 29650 [29650/81380  36%]  loss=3.0127 ppl=20.3 lr=1.44e-04 | 51339 tok/s (avg 49259) ETA 645m13s | gtok=1,093,017,600 | GPU 1.3/55.7GB
step 29700 [29700/81380  36%]  loss=2.7265 ppl=15.3 lr=1.43e-04 | 51676 tok/s (avg 49263) ETA 644m32s | gtok=1,094,860,800 | GPU 1.3/55.7GB
step 29750 [29750/81380  37%]  loss=3.2340 ppl=25.4 lr=1.43e-04 | 51697 tok/s (avg 49267) ETA 643m52s | gtok=1,096,704,000 | GPU 1.3/55.7GB
step 29800 [29800/81380  37%]  loss=3.1014 ppl=22.2 lr=1.43e-04 | 51421 tok/s (avg 49270) ETA 643m12s | gtok=1,098,547,200 | GPU 1.3/55.7GB
step 29850 [29850/81380  37%]  loss=3.1003 ppl=22.2 lr=1.43e-04 | 51684 tok/s (avg 49274) ETA 642m31s | gtok=1,100,390,400 | GPU 1.3/55.7GB
step 29900 [29900/81380  37%]  loss=2.7540 ppl=15.7 lr=1.43e-04 | 51721 tok/s (avg 49278) ETA 641m51s | gtok=1,102,233,600 | GPU 1.3/55.7GB
step 29950 [29950/81380  37%]  loss=2.6991 ppl=14.9 lr=1.43e-04 | 51427 tok/s (avg 49282) ETA 641m11s | gtok=1,104,076,800 | GPU 1.3/55.7GB
step 30000 [30000/81380  37%]  loss=2.9961 ppl=20.0 lr=1.42e-04 | 51719 tok/s (avg 49285) ETA 640m30s | gtok=1,105,920,000 | GPU 1.3/55.7GB
  [checkpoint] step 30000 -> checkpoints_v13_sempty/mix3b_delta_answ100_1c913ef/best_model.pt
  [val @ step 30000] val_loss=3.4697 val_ppl=32.13 *best* (best 32.13)
  [wiki_val @ step 30000] val_loss=4.2460 val_ppl=69.83
  [checkpoint] step 30000 -> checkpoints_v13_sempty/mix3b_delta_answ100_1c913ef/latest.pt
  [checkpoint] step 30000 -> checkpoints_v13_sempty/mix3b_delta_answ100_1c913ef/step_030000.pt
  [checkpoint] pruned step_020000.pt
  [diag] step 30000 cgu=+0.20 +0.23 +0.22 +0.25 +0.28 +0.40 +0.46 +0.52 +0.59 +0.65 +0.72 +0.81 +0.91 +0.99 +1.05 +1.35  pam=+0.04 +0.09 +0.08 +0.12 +0.18 +0.16 +0.18 +0.21 +0.23 +0.24 +0.25 +0.29 +0.37 +0.29 +0.49 +0.29
  [diag] dtbias=-3.95 -3.94 -4.00 -3.97 -3.98 -3.97 -3.94 -4.06 -3.98 -3.97 -3.99 -3.97 -3.92 -3.96 -4.03 -3.92  ret=0.90 0.81 0.89 0.84 0.87 0.83 0.86 0.97 0.93 0.85 0.90 0.85 0.77 0.77 0.97 0.70
  [diag] dtbias/head(layer-mean)=-3.98 -3.98 -3.94 -3.96 -3.99 -3.97
  [diag] gnorm=8.2e-02 7.9e-02 4.9e-02 5.8e-02 7.9e-02 7.7e-02 6.6e-02 7.2e-02 7.1e-02 8.3e-02 9.3e-02 9.4e-02 8.8e-02 9.8e-02 1.5e-01 1.1e-01  wnorm=74.8 78.7 80.3 80.5 81.2 81.7 82.2 82.2 82.4 82.7 82.8 82.9 83.6 84.1 84.5 84.4
step 30050 [30050/81380  37%]  loss=2.8545 ppl=17.4 lr=1.42e-04 | 22915 tok/s (avg 49191) ETA 641m06s | gtok=1,107,763,200 | GPU 1.3/55.7GB
step 30100 [30100/81380  37%]  loss=3.2130 ppl=24.9 lr=1.42e-04 | 51728 tok/s (avg 49195) ETA 640m26s | gtok=1,109,606,400 | GPU 1.3/55.7GB
step 30150 [30150/81380  37%]  loss=2.7075 ppl=15.0 lr=1.42e-04 | 45699 tok/s (avg 49189) ETA 639m53s | gtok=1,111,449,600 | GPU 1.3/55.7GB
step 30200 [30200/81380  37%]  loss=3.2718 ppl=26.4 lr=1.42e-04 | 51249 tok/s (avg 49192) ETA 639m13s | gtok=1,113,292,800 | GPU 1.3/55.7GB
step 30250 [30250/81380  37%]  loss=3.1617 ppl=23.6 lr=1.41e-04 | 51783 tok/s (avg 49196) ETA 638m32s | gtok=1,115,136,000 | GPU 1.3/55.7GB
step 30300 [30300/81380  37%]  loss=2.7725 ppl=16.0 lr=1.41e-04 | 51700 tok/s (avg 49200) ETA 637m52s | gtok=1,116,979,200 | GPU 1.3/55.7GB
step 30350 [30350/81380  37%]  loss=2.5572 ppl=12.9 lr=1.41e-04 | 51318 tok/s (avg 49204) ETA 637m12s | gtok=1,118,822,400 | GPU 1.3/55.7GB
step 30400 [30400/81380  37%]  loss=2.9444 ppl=19.0 lr=1.41e-04 | 51548 tok/s (avg 49207) ETA 636m32s | gtok=1,120,665,600 | GPU 1.3/55.7GB
step 30450 [30450/81380  37%]  loss=3.1616 ppl=23.6 lr=1.41e-04 | 51430 tok/s (avg 49211) ETA 635m51s | gtok=1,122,508,800 | GPU 1.3/55.7GB
step 30500 [30500/81380  37%]  loss=3.0603 ppl=21.3 lr=1.41e-04 | 51776 tok/s (avg 49215) ETA 635m11s | gtok=1,124,352,000 | GPU 1.3/55.7GB
step 30550 [30550/81380  38%]  loss=2.9920 ppl=19.9 lr=1.40e-04 | 51779 tok/s (avg 49219) ETA 634m30s | gtok=1,126,195,200 | GPU 1.3/55.7GB
step 30600 [30600/81380  38%]  loss=2.9205 ppl=18.5 lr=1.40e-04 | 51424 tok/s (avg 49222) ETA 633m50s | gtok=1,128,038,400 | GPU 1.3/55.7GB
step 30650 [30650/81380  38%]  loss=3.2076 ppl=24.7 lr=1.40e-04 | 51723 tok/s (avg 49226) ETA 633m10s | gtok=1,129,881,600 | GPU 1.3/55.7GB
step 30700 [30700/81380  38%]  loss=3.1520 ppl=23.4 lr=1.40e-04 | 51752 tok/s (avg 49230) ETA 632m29s | gtok=1,131,724,800 | GPU 1.3/55.7GB
step 30750 [30750/81380  38%]  loss=3.2739 ppl=26.4 lr=1.40e-04 | 51150 tok/s (avg 49233) ETA 631m49s | gtok=1,133,568,000 | GPU 1.3/55.7GB
step 30800 [30800/81380  38%]  loss=2.9421 ppl=19.0 lr=1.40e-04 | 51454 tok/s (avg 49237) ETA 631m09s | gtok=1,135,411,200 | GPU 1.3/55.7GB
step 30850 [30850/81380  38%]  loss=2.5936 ppl=13.4 lr=1.39e-04 | 51484 tok/s (avg 49240) ETA 630m29s | gtok=1,137,254,400 | GPU 1.3/55.7GB
step 30900 [30900/81380  38%]  loss=3.1464 ppl=23.3 lr=1.39e-04 | 51156 tok/s (avg 49243) ETA 629m50s | gtok=1,139,097,600 | GPU 1.3/55.7GB
step 30950 [30950/81380  38%]  loss=3.0333 ppl=20.8 lr=1.39e-04 | 51715 tok/s (avg 49247) ETA 629m09s | gtok=1,140,940,800 | GPU 1.3/55.7GB
step 31000 [31000/81380  38%]  loss=3.0665 ppl=21.5 lr=1.39e-04 | 51493 tok/s (avg 49250) ETA 628m29s | gtok=1,142,784,000 | GPU 1.3/55.7GB
  [checkpoint] step 31000 -> checkpoints_v13_sempty/mix3b_delta_answ100_1c913ef/latest.pt
step 31050 [31050/81380  38%]  loss=3.1310 ppl=22.9 lr=1.39e-04 | 14500 tok/s (avg 49061) ETA 630m17s | gtok=1,144,627,200 | GPU 1.3/55.7GB
step 31100 [31100/81380  38%]  loss=3.0972 ppl=22.1 lr=1.38e-04 | 51440 tok/s (avg 49065) ETA 629m37s | gtok=1,146,470,400 | GPU 1.3/55.7GB
step 31150 [31150/81380  38%]  loss=2.9546 ppl=19.2 lr=1.38e-04 | 51423 tok/s (avg 49068) ETA 628m56s | gtok=1,148,313,600 | GPU 1.3/55.7GB
step 31200 [31200/81380  38%]  loss=2.8050 ppl=16.5 lr=1.38e-04 | 51305 tok/s (avg 49072) ETA 628m16s | gtok=1,150,156,800 | GPU 1.3/55.7GB
step 31250 [31250/81380  38%]  loss=3.2696 ppl=26.3 lr=1.38e-04 | 51757 tok/s (avg 49076) ETA 627m35s | gtok=1,152,000,000 | GPU 1.3/55.7GB
step 31300 [31300/81380  38%]  loss=2.9739 ppl=19.6 lr=1.38e-04 | 51762 tok/s (avg 49080) ETA 626m55s | gtok=1,153,843,200 | GPU 1.3/55.7GB
step 31350 [31350/81380  39%]  loss=2.9680 ppl=19.5 lr=1.38e-04 | 51523 tok/s (avg 49083) ETA 626m14s | gtok=1,155,686,400 | GPU 1.3/55.7GB
step 31400 [31400/81380  39%]  loss=2.9750 ppl=19.6 lr=1.37e-04 | 51767 tok/s (avg 49087) ETA 625m34s | gtok=1,157,529,600 | GPU 1.3/55.7GB
step 31450 [31450/81380  39%]  loss=2.9601 ppl=19.3 lr=1.37e-04 | 51877 tok/s (avg 49092) ETA 624m53s | gtok=1,159,372,800 | GPU 1.3/55.7GB
step 31500 [31500/81380  39%]  loss=2.9319 ppl=18.8 lr=1.37e-04 | 51579 tok/s (avg 49095) ETA 624m13s | gtok=1,161,216,000 | GPU 1.3/55.7GB
step 31550 [31550/81380  39%]  loss=2.9966 ppl=20.0 lr=1.37e-04 | 51852 tok/s (avg 49100) ETA 623m32s | gtok=1,163,059,200 | GPU 1.3/55.7GB
step 31600 [31600/81380  39%]  loss=2.7455 ppl=15.6 lr=1.37e-04 | 51564 tok/s (avg 49103) ETA 622m52s | gtok=1,164,902,400 | GPU 1.3/55.7GB
step 31650 [31650/81380  39%]  loss=3.1204 ppl=22.7 lr=1.36e-04 | 51520 tok/s (avg 49107) ETA 622m11s | gtok=1,166,745,600 | GPU 1.3/55.7GB
step 31700 [31700/81380  39%]  loss=3.0274 ppl=20.6 lr=1.36e-04 | 51405 tok/s (avg 49110) ETA 621m31s | gtok=1,168,588,800 | GPU 1.3/55.7GB
step 31750 [31750/81380  39%]  loss=2.7908 ppl=16.3 lr=1.36e-04 | 51073 tok/s (avg 49113) ETA 620m51s | gtok=1,170,432,000 | GPU 1.3/55.7GB
step 31800 [31800/81380  39%]  loss=2.8689 ppl=17.6 lr=1.36e-04 | 51571 tok/s (avg 49117) ETA 620m11s | gtok=1,172,275,200 | GPU 1.3/55.7GB
step 31850 [31850/81380  39%]  loss=2.7759 ppl=16.1 lr=1.36e-04 | 51757 tok/s (avg 49121) ETA 619m30s | gtok=1,174,118,400 | GPU 1.3/55.7GB
step 31900 [31900/81380  39%]  loss=2.9524 ppl=19.2 lr=1.36e-04 | 51373 tok/s (avg 49124) ETA 618m50s | gtok=1,175,961,600 | GPU 1.3/55.7GB
step 31950 [31950/81380  39%]  loss=3.0715 ppl=21.6 lr=1.35e-04 | 51730 tok/s (avg 49128) ETA 618m10s | gtok=1,177,804,800 | GPU 1.3/55.7GB
step 32000 [32000/81380  39%]  loss=2.8732 ppl=17.7 lr=1.35e-04 | 51736 tok/s (avg 49132) ETA 617m30s | gtok=1,179,648,000 | GPU 1.3/55.7GB
  [checkpoint] step 32000 -> checkpoints_v13_sempty/mix3b_delta_answ100_1c913ef/best_model.pt
  [val @ step 32000] val_loss=3.4605 val_ppl=31.83 *best* (best 31.83)
  [wiki_val @ step 32000] val_loss=4.2221 val_ppl=68.18
  [checkpoint] step 32000 -> checkpoints_v13_sempty/mix3b_delta_answ100_1c913ef/latest.pt
  [diag] step 32000 cgu=+0.19 +0.22 +0.21 +0.25 +0.28 +0.40 +0.46 +0.51 +0.58 +0.64 +0.71 +0.80 +0.90 +0.99 +1.05 +1.36  pam=+0.04 +0.09 +0.07 +0.11 +0.17 +0.16 +0.18 +0.21 +0.23 +0.24 +0.25 +0.29 +0.37 +0.29 +0.49 +0.29
  [diag] dtbias=-3.95 -3.94 -4.00 -3.96 -3.98 -3.96 -3.94 -4.06 -3.98 -3.97 -3.99 -3.97 -3.92 -3.96 -4.03 -3.92  ret=0.89 0.82 0.89 0.84 0.87 0.83 0.86 0.97 0.92 0.84 0.89 0.85 0.77 0.76 0.97 0.70
  [diag] dtbias/head(layer-mean)=-3.98 -3.98 -3.94 -3.96 -3.99 -3.97
  [diag] gnorm=7.1e-02 6.5e-02 4.9e-02 6.3e-02 7.7e-02 6.7e-02 6.2e-02 7.0e-02 6.7e-02 7.9e-02 8.7e-02 9.1e-02 8.4e-02 1.0e-01 1.4e-01 1.1e-01  wnorm=75.7 79.5 81.1 81.3 82.0 82.5 82.9 83.0 83.2 83.5 83.5 83.6 84.3 84.8 85.2 85.2
step 32050 [32050/81380  39%]  loss=3.1880 ppl=24.2 lr=1.35e-04 | 23165 tok/s (avg 49046) ETA 617m57s | gtok=1,181,491,200 | GPU 1.3/55.7GB
step 32100 [32100/81380  39%]  loss=2.5351 ppl=12.6 lr=1.35e-04 | 51769 tok/s (avg 49050) ETA 617m16s | gtok=1,183,334,400 | GPU 1.3/55.7GB
step 32150 [32150/81380  40%]  loss=2.8896 ppl=18.0 lr=1.35e-04 | 51419 tok/s (avg 49054) ETA 616m36s | gtok=1,185,177,600 | GPU 1.3/55.7GB
step 32200 [32200/81380  40%]  loss=2.8595 ppl=17.5 lr=1.34e-04 | 51625 tok/s (avg 49058) ETA 615m55s | gtok=1,187,020,800 | GPU 1.3/55.7GB
step 32250 [32250/81380  40%]  loss=3.1846 ppl=24.2 lr=1.34e-04 | 51437 tok/s (avg 49061) ETA 615m15s | gtok=1,188,864,000 | GPU 1.3/55.7GB
step 32300 [32300/81380  40%]  loss=3.1123 ppl=22.5 lr=1.34e-04 | 51196 tok/s (avg 49064) ETA 614m35s | gtok=1,190,707,200 | GPU 1.3/55.7GB
step 32350 [32350/81380  40%]  loss=3.0010 ppl=20.1 lr=1.34e-04 | 51706 tok/s (avg 49068) ETA 613m55s | gtok=1,192,550,400 | GPU 1.3/55.7GB
step 32400 [32400/81380  40%]  loss=3.1243 ppl=22.7 lr=1.34e-04 | 51694 tok/s (avg 49072) ETA 613m14s | gtok=1,194,393,600 | GPU 1.3/55.7GB
step 32450 [32450/81380  40%]  loss=2.8952 ppl=18.1 lr=1.33e-04 | 51397 tok/s (avg 49075) ETA 612m34s | gtok=1,196,236,800 | GPU 1.3/55.7GB
step 32500 [32500/81380  40%]  loss=2.8348 ppl=17.0 lr=1.33e-04 | 51687 tok/s (avg 49079) ETA 611m54s | gtok=1,198,080,000 | GPU 1.3/55.7GB
step 32550 [32550/81380  40%]  loss=3.0417 ppl=20.9 lr=1.33e-04 | 51726 tok/s (avg 49083) ETA 611m13s | gtok=1,199,923,200 | GPU 1.3/55.7GB
step 32600 [32600/81380  40%]  loss=2.8828 ppl=17.9 lr=1.33e-04 | 45311 tok/s (avg 49077) ETA 610m41s | gtok=1,201,766,400 | GPU 1.3/55.7GB
step 32650 [32650/81380  40%]  loss=3.1050 ppl=22.3 lr=1.33e-04 | 51731 tok/s (avg 49081) ETA 610m00s | gtok=1,203,609,600 | GPU 1.3/55.7GB
step 32700 [32700/81380  40%]  loss=2.8843 ppl=17.9 lr=1.33e-04 | 51425 tok/s (avg 49084) ETA 609m20s | gtok=1,205,452,800 | GPU 1.3/55.7GB
step 32750 [32750/81380  40%]  loss=3.0050 ppl=20.2 lr=1.32e-04 | 51714 tok/s (avg 49088) ETA 608m40s | gtok=1,207,296,000 | GPU 1.3/55.7GB
step 32800 [32800/81380  40%]  loss=3.2860 ppl=26.7 lr=1.32e-04 | 51732 tok/s (avg 49092) ETA 607m59s | gtok=1,209,139,200 | GPU 1.3/55.7GB
step 32850 [32850/81380  40%]  loss=3.0225 ppl=20.5 lr=1.32e-04 | 51403 tok/s (avg 49095) ETA 607m19s | gtok=1,210,982,400 | GPU 1.3/55.7GB
step 32900 [32900/81380  40%]  loss=2.7745 ppl=16.0 lr=1.32e-04 | 51677 tok/s (avg 49099) ETA 606m39s | gtok=1,212,825,600 | GPU 1.3/55.7GB
step 32950 [32950/81380  40%]  loss=2.9705 ppl=19.5 lr=1.32e-04 | 51739 tok/s (avg 49103) ETA 605m58s | gtok=1,214,668,800 | GPU 1.3/55.7GB
step 33000 [33000/81380  41%]  loss=2.8572 ppl=17.4 lr=1.31e-04 | 51410 tok/s (avg 49106) ETA 605m18s | gtok=1,216,512,000 | GPU 1.3/55.7GB
  [checkpoint] step 33000 -> checkpoints_v13_sempty/mix3b_delta_answ100_1c913ef/latest.pt
step 33050 [33050/81380  41%]  loss=2.8615 ppl=17.5 lr=1.31e-04 | 49163 tok/s (avg 49106) ETA 604m41s | gtok=1,218,355,200 | GPU 1.3/55.7GB
step 33100 [33100/81380  41%]  loss=2.9189 ppl=18.5 lr=1.31e-04 | 51629 tok/s (avg 49110) ETA 604m01s | gtok=1,220,198,400 | GPU 1.3/55.7GB
step 33150 [33150/81380  41%]  loss=2.6555 ppl=14.2 lr=1.31e-04 | 51427 tok/s (avg 49113) ETA 603m21s | gtok=1,222,041,600 | GPU 1.3/55.7GB
step 33200 [33200/81380  41%]  loss=3.2417 ppl=25.6 lr=1.31e-04 | 51541 tok/s (avg 49117) ETA 602m41s | gtok=1,223,884,800 | GPU 1.3/55.7GB
step 33250 [33250/81380  41%]  loss=2.7974 ppl=16.4 lr=1.31e-04 | 51625 tok/s (avg 49120) ETA 602m00s | gtok=1,225,728,000 | GPU 1.3/55.7GB
step 33300 [33300/81380  41%]  loss=3.0894 ppl=22.0 lr=1.30e-04 | 51296 tok/s (avg 49123) ETA 601m21s | gtok=1,227,571,200 | GPU 1.3/55.7GB
step 33350 [33350/81380  41%]  loss=3.1205 ppl=22.7 lr=1.30e-04 | 51548 tok/s (avg 49127) ETA 600m41s | gtok=1,229,414,400 | GPU 1.3/55.7GB
step 33400 [33400/81380  41%]  loss=2.9576 ppl=19.3 lr=1.30e-04 | 51699 tok/s (avg 49130) ETA 600m00s | gtok=1,231,257,600 | GPU 1.3/55.7GB
step 33450 [33450/81380  41%]  loss=2.8449 ppl=17.2 lr=1.30e-04 | 51386 tok/s (avg 49134) ETA 599m20s | gtok=1,233,100,800 | GPU 1.3/55.7GB
step 33500 [33500/81380  41%]  loss=3.0818 ppl=21.8 lr=1.30e-04 | 51740 tok/s (avg 49137) ETA 598m40s | gtok=1,234,944,000 | GPU 1.3/55.7GB
step 33550 [33550/81380  41%]  loss=2.6788 ppl=14.6 lr=1.29e-04 | 51496 tok/s (avg 49141) ETA 598m00s | gtok=1,236,787,200 | GPU 1.3/55.7GB
step 33600 [33600/81380  41%]  loss=2.7175 ppl=15.1 lr=1.29e-04 | 51805 tok/s (avg 49144) ETA 597m20s | gtok=1,238,630,400 | GPU 1.3/55.7GB
step 33650 [33650/81380  41%]  loss=2.8003 ppl=16.5 lr=1.29e-04 | 51695 tok/s (avg 49148) ETA 596m40s | gtok=1,240,473,600 | GPU 1.3/55.7GB
step 33700 [33700/81380  41%]  loss=2.7090 ppl=15.0 lr=1.29e-04 | 51255 tok/s (avg 49151) ETA 596m00s | gtok=1,242,316,800 | GPU 1.3/55.7GB
step 33750 [33750/81380  41%]  loss=2.8352 ppl=17.0 lr=1.29e-04 | 51580 tok/s (avg 49154) ETA 595m20s | gtok=1,244,160,000 | GPU 1.3/55.7GB
step 33800 [33800/81380  42%]  loss=2.9994 ppl=20.1 lr=1.28e-04 | 51804 tok/s (avg 49158) ETA 594m40s | gtok=1,246,003,200 | GPU 1.3/55.7GB
step 33850 [33850/81380  42%]  loss=2.6778 ppl=14.6 lr=1.28e-04 | 51388 tok/s (avg 49161) ETA 594m00s | gtok=1,247,846,400 | GPU 1.3/55.7GB
step 33900 [33900/81380  42%]  loss=2.9480 ppl=19.1 lr=1.28e-04 | 51721 tok/s (avg 49165) ETA 593m20s | gtok=1,249,689,600 | GPU 1.3/55.7GB
step 33950 [33950/81380  42%]  loss=2.8087 ppl=16.6 lr=1.28e-04 | 51676 tok/s (avg 49168) ETA 592m40s | gtok=1,251,532,800 | GPU 1.3/55.7GB
step 34000 [34000/81380  42%]  loss=2.9835 ppl=19.8 lr=1.28e-04 | 51407 tok/s (avg 49172) ETA 592m00s | gtok=1,253,376,000 | GPU 1.3/55.7GB
  [checkpoint] step 34000 -> checkpoints_v13_sempty/mix3b_delta_answ100_1c913ef/best_model.pt
  [val @ step 34000] val_loss=3.4476 val_ppl=31.43 *best* (best 31.43)
  [wiki_val @ step 34000] val_loss=4.2126 val_ppl=67.53
  [checkpoint] step 34000 -> checkpoints_v13_sempty/mix3b_delta_answ100_1c913ef/latest.pt
  [diag] step 34000 cgu=+0.19 +0.22 +0.21 +0.25 +0.28 +0.39 +0.45 +0.51 +0.58 +0.64 +0.70 +0.79 +0.90 +0.99 +1.05 +1.36  pam=+0.04 +0.09 +0.07 +0.11 +0.17 +0.16 +0.18 +0.21 +0.23 +0.24 +0.25 +0.29 +0.37 +0.29 +0.49 +0.30
  [diag] dtbias=-3.95 -3.94 -4.00 -3.96 -3.98 -3.96 -3.94 -4.06 -3.98 -3.97 -3.99 -3.97 -3.92 -3.95 -4.03 -3.91  ret=0.89 0.81 0.88 0.83 0.87 0.83 0.86 0.97 0.93 0.84 0.89 0.85 0.77 0.77 0.96 0.69
  [diag] dtbias/head(layer-mean)=-3.98 -3.98 -3.94 -3.96 -3.99 -3.97
  [diag] gnorm=1.0e-01 1.0e-01 5.2e-02 6.6e-02 1.1e-01 7.9e-02 6.8e-02 7.5e-02 7.1e-02 8.0e-02 9.3e-02 9.1e-02 8.6e-02 9.4e-02 1.4e-01 1.1e-01  wnorm=76.5 80.3 81.9 82.0 82.7 83.2 83.7 83.6 83.9 84.1 84.2 84.3 85.0 85.5 85.9 85.8
step 34050 [34050/81380  42%]  loss=2.7596 ppl=15.8 lr=1.28e-04 | 23265 tok/s (avg 49091) ETA 592m21s | gtok=1,255,219,200 | GPU 1.3/55.7GB
step 34100 [34100/81380  42%]  loss=2.7964 ppl=16.4 lr=1.27e-04 | 51428 tok/s (avg 49095) ETA 591m41s | gtok=1,257,062,400 | GPU 1.3/55.7GB
step 34150 [34150/81380  42%]  loss=2.8431 ppl=17.2 lr=1.27e-04 | 51709 tok/s (avg 49098) ETA 591m01s | gtok=1,258,905,600 | GPU 1.3/55.7GB
step 34200 [34200/81380  42%]  loss=2.5726 ppl=13.1 lr=1.27e-04 | 51698 tok/s (avg 49102) ETA 590m21s | gtok=1,260,748,800 | GPU 1.3/55.7GB
step 34250 [34250/81380  42%]  loss=2.9652 ppl=19.4 lr=1.27e-04 | 51380 tok/s (avg 49105) ETA 589m41s | gtok=1,262,592,000 | GPU 1.3/55.7GB
step 34300 [34300/81380  42%]  loss=2.8431 ppl=17.2 lr=1.27e-04 | 51718 tok/s (avg 49109) ETA 589m01s | gtok=1,264,435,200 | GPU 1.3/55.7GB
step 34350 [34350/81380  42%]  loss=2.6701 ppl=14.4 lr=1.26e-04 | 51747 tok/s (avg 49112) ETA 588m21s | gtok=1,266,278,400 | GPU 1.3/55.7GB
step 34400 [34400/81380  42%]  loss=3.0547 ppl=21.2 lr=1.26e-04 | 45837 tok/s (avg 49107) ETA 587m47s | gtok=1,268,121,600 | GPU 1.3/55.7GB
step 34450 [34450/81380  42%]  loss=3.1169 ppl=22.6 lr=1.26e-04 | 51737 tok/s (avg 49111) ETA 587m07s | gtok=1,269,964,800 | GPU 1.3/55.7GB
step 34500 [34500/81380  42%]  loss=3.1896 ppl=24.3 lr=1.26e-04 | 51231 tok/s (avg 49114) ETA 586m27s | gtok=1,271,808,000 | GPU 1.3/55.7GB
step 34550 [34550/81380  42%]  loss=2.7397 ppl=15.5 lr=1.26e-04 | 51436 tok/s (avg 49117) ETA 585m47s | gtok=1,273,651,200 | GPU 1.3/55.7GB
step 34600 [34600/81380  43%]  loss=2.7959 ppl=16.4 lr=1.25e-04 | 51421 tok/s (avg 49120) ETA 585m07s | gtok=1,275,494,400 | GPU 1.3/55.7GB
step 34650 [34650/81380  43%]  loss=3.1400 ppl=23.1 lr=1.25e-04 | 51144 tok/s (avg 49123) ETA 584m28s | gtok=1,277,337,600 | GPU 1.3/55.7GB
step 34700 [34700/81380  43%]  loss=3.1402 ppl=23.1 lr=1.25e-04 | 51428 tok/s (avg 49126) ETA 583m48s | gtok=1,279,180,800 | GPU 1.3/55.7GB
step 34750 [34750/81380  43%]  loss=2.6877 ppl=14.7 lr=1.25e-04 | 51491 tok/s (avg 49129) ETA 583m08s | gtok=1,281,024,000 | GPU 1.3/55.7GB
step 34800 [34800/81380  43%]  loss=2.7649 ppl=15.9 lr=1.25e-04 | 51212 tok/s (avg 49132) ETA 582m29s | gtok=1,282,867,200 | GPU 1.3/55.7GB
step 34850 [34850/81380  43%]  loss=2.7360 ppl=15.4 lr=1.25e-04 | 51479 tok/s (avg 49135) ETA 581m49s | gtok=1,284,710,400 | GPU 1.3/55.7GB
step 34900 [34900/81380  43%]  loss=2.8555 ppl=17.4 lr=1.24e-04 | 51422 tok/s (avg 49139) ETA 581m09s | gtok=1,286,553,600 | GPU 1.3/55.7GB
step 34950 [34950/81380  43%]  loss=3.2235 ppl=25.1 lr=1.24e-04 | 51258 tok/s (avg 49141) ETA 580m29s | gtok=1,288,396,800 | GPU 1.3/55.7GB
step 35000 [35000/81380  43%]  loss=2.8396 ppl=17.1 lr=1.24e-04 | 51657 tok/s (avg 49145) ETA 579m50s | gtok=1,290,240,000 | GPU 1.3/55.7GB
  [checkpoint] step 35000 -> checkpoints_v13_sempty/mix3b_delta_answ100_1c913ef/latest.pt
step 35050 [35050/81380  43%]  loss=2.9284 ppl=18.7 lr=1.24e-04 | 43443 tok/s (avg 49136) ETA 579m19s | gtok=1,292,083,200 | GPU 1.3/55.7GB
step 35100 [35100/81380  43%]  loss=3.0592 ppl=21.3 lr=1.24e-04 | 51144 tok/s (avg 49138) ETA 578m39s | gtok=1,293,926,400 | GPU 1.3/55.7GB
step 35150 [35150/81380  43%]  loss=2.6245 ppl=13.8 lr=1.23e-04 | 51552 tok/s (avg 49142) ETA 577m59s | gtok=1,295,769,600 | GPU 1.3/55.7GB
step 35200 [35200/81380  43%]  loss=3.0549 ppl=21.2 lr=1.23e-04 | 51307 tok/s (avg 49145) ETA 577m20s | gtok=1,297,612,800 | GPU 1.3/55.7GB
step 35250 [35250/81380  43%]  loss=2.6453 ppl=14.1 lr=1.23e-04 | 51686 tok/s (avg 49148) ETA 576m40s | gtok=1,299,456,000 | GPU 1.3/55.7GB
step 35300 [35300/81380  43%]  loss=2.7149 ppl=15.1 lr=1.23e-04 | 51714 tok/s (avg 49151) ETA 576m00s | gtok=1,301,299,200 | GPU 1.3/55.7GB
step 35350 [35350/81380  43%]  loss=2.9370 ppl=18.9 lr=1.23e-04 | 51431 tok/s (avg 49155) ETA 575m20s | gtok=1,303,142,400 | GPU 1.3/55.7GB
step 35400 [35400/81380  43%]  loss=2.7649 ppl=15.9 lr=1.22e-04 | 51755 tok/s (avg 49158) ETA 574m40s | gtok=1,304,985,600 | GPU 1.3/55.7GB
step 35450 [35450/81380  44%]  loss=2.7782 ppl=16.1 lr=1.22e-04 | 51807 tok/s (avg 49162) ETA 574m00s | gtok=1,306,828,800 | GPU 1.3/55.7GB
step 35500 [35500/81380  44%]  loss=2.8913 ppl=18.0 lr=1.22e-04 | 51425 tok/s (avg 49165) ETA 573m21s | gtok=1,308,672,000 | GPU 1.3/55.7GB
step 35550 [35550/81380  44%]  loss=3.1343 ppl=23.0 lr=1.22e-04 | 51804 tok/s (avg 49168) ETA 572m41s | gtok=1,310,515,200 | GPU 1.3/55.7GB
step 35600 [35600/81380  44%]  loss=3.1389 ppl=23.1 lr=1.22e-04 | 51773 tok/s (avg 49172) ETA 572m01s | gtok=1,312,358,400 | GPU 1.3/55.7GB
step 35650 [35650/81380  44%]  loss=2.6818 ppl=14.6 lr=1.21e-04 | 51408 tok/s (avg 49175) ETA 571m21s | gtok=1,314,201,600 | GPU 1.3/55.7GB
step 35700 [35700/81380  44%]  loss=2.6570 ppl=14.3 lr=1.21e-04 | 51800 tok/s (avg 49178) ETA 570m41s | gtok=1,316,044,800 | GPU 1.3/55.7GB
step 35750 [35750/81380  44%]  loss=2.8195 ppl=16.8 lr=1.21e-04 | 51681 tok/s (avg 49181) ETA 570m01s | gtok=1,317,888,000 | GPU 1.3/55.7GB
step 35800 [35800/81380  44%]  loss=3.0838 ppl=21.8 lr=1.21e-04 | 51419 tok/s (avg 49184) ETA 569m22s | gtok=1,319,731,200 | GPU 1.3/55.7GB
step 35850 [35850/81380  44%]  loss=2.9057 ppl=18.3 lr=1.21e-04 | 51685 tok/s (avg 49188) ETA 568m42s | gtok=1,321,574,400 | GPU 1.3/55.7GB
step 35900 [35900/81380  44%]  loss=2.9543 ppl=19.2 lr=1.21e-04 | 51627 tok/s (avg 49191) ETA 568m02s | gtok=1,323,417,600 | GPU 1.3/55.7GB
step 35950 [35950/81380  44%]  loss=2.7160 ppl=15.1 lr=1.20e-04 | 51228 tok/s (avg 49194) ETA 567m23s | gtok=1,325,260,800 | GPU 1.3/55.7GB
step 36000 [36000/81380  44%]  loss=3.0033 ppl=20.2 lr=1.20e-04 | 51575 tok/s (avg 49197) ETA 566m43s | gtok=1,327,104,000 | GPU 1.3/55.7GB
  [checkpoint] step 36000 -> checkpoints_v13_sempty/mix3b_delta_answ100_1c913ef/best_model.pt
  [val @ step 36000] val_loss=3.4289 val_ppl=30.84 *best* (best 30.84)
  [wiki_val @ step 36000] val_loss=4.1905 val_ppl=66.05
  [checkpoint] step 36000 -> checkpoints_v13_sempty/mix3b_delta_answ100_1c913ef/latest.pt
  [diag] step 36000 cgu=+0.19 +0.22 +0.21 +0.25 +0.28 +0.39 +0.45 +0.50 +0.57 +0.64 +0.70 +0.79 +0.89 +0.99 +1.05 +1.37  pam=+0.04 +0.09 +0.07 +0.11 +0.17 +0.16 +0.18 +0.21 +0.23 +0.24 +0.25 +0.29 +0.38 +0.30 +0.50 +0.31
  [diag] dtbias=-3.95 -3.93 -4.00 -3.96 -3.98 -3.96 -3.94 -4.06 -3.98 -3.97 -3.99 -3.97 -3.91 -3.95 -4.03 -3.91  ret=0.89 0.82 0.89 0.84 0.86 0.82 0.86 0.97 0.93 0.83 0.89 0.85 0.76 0.75 0.97 0.68
  [diag] dtbias/head(layer-mean)=-3.98 -3.98 -3.94 -3.96 -3.99 -3.97
  [diag] gnorm=1.1e-01 6.8e-02 6.9e-02 7.0e-02 1.3e-01 8.1e-02 7.1e-02 7.5e-02 7.5e-02 8.7e-02 1.0e-01 1.0e-01 9.1e-02 1.0e-01 1.6e-01 1.1e-01  wnorm=77.2 80.9 82.5 82.7 83.3 83.9 84.3 84.2 84.4 84.7 84.8 84.8 85.5 86.1 86.4 86.4
step 36050 [36050/81380  44%]  loss=2.7145 ppl=15.1 lr=1.20e-04 | 23209 tok/s (avg 49121) ETA 566m59s | gtok=1,328,947,200 | GPU 1.3/55.7GB
step 36100 [36100/81380  44%]  loss=2.8771 ppl=17.8 lr=1.20e-04 | 51733 tok/s (avg 49124) ETA 566m19s | gtok=1,330,790,400 | GPU 1.3/55.7GB
step 36150 [36150/81380  44%]  loss=2.9185 ppl=18.5 lr=1.20e-04 | 51719 tok/s (avg 49127) ETA 565m39s | gtok=1,332,633,600 | GPU 1.3/55.7GB
step 36200 [36200/81380  44%]  loss=2.5550 ppl=12.9 lr=1.19e-04 | 51512 tok/s (avg 49131) ETA 564m59s | gtok=1,334,476,800 | GPU 1.3/55.7GB
step 36250 [36250/81380  45%]  loss=2.9410 ppl=18.9 lr=1.19e-04 | 51742 tok/s (avg 49134) ETA 564m19s | gtok=1,336,320,000 | GPU 1.3/55.7GB
step 36300 [36300/81380  45%]  loss=2.8952 ppl=18.1 lr=1.19e-04 | 51415 tok/s (avg 49137) ETA 563m40s | gtok=1,338,163,200 | GPU 1.3/55.7GB
step 36350 [36350/81380  45%]  loss=3.0641 ppl=21.4 lr=1.19e-04 | 51729 tok/s (avg 49140) ETA 563m00s | gtok=1,340,006,400 | GPU 1.3/55.7GB
step 36400 [36400/81380  45%]  loss=2.9261 ppl=18.7 lr=1.19e-04 | 51678 tok/s (avg 49144) ETA 562m20s | gtok=1,341,849,600 | GPU 1.3/55.7GB
step 36450 [36450/81380  45%]  loss=3.1110 ppl=22.4 lr=1.18e-04 | 51460 tok/s (avg 49147) ETA 561m41s | gtok=1,343,692,800 | GPU 1.3/55.7GB
step 36500 [36500/81380  45%]  loss=2.8656 ppl=17.6 lr=1.18e-04 | 51641 tok/s (avg 49150) ETA 561m01s | gtok=1,345,536,000 | GPU 1.3/55.7GB
step 36550 [36550/81380  45%]  loss=2.9082 ppl=18.3 lr=1.18e-04 | 51573 tok/s (avg 49153) ETA 560m21s | gtok=1,347,379,200 | GPU 1.3/55.7GB
step 36600 [36600/81380  45%]  loss=2.9220 ppl=18.6 lr=1.18e-04 | 51342 tok/s (avg 49156) ETA 559m42s | gtok=1,349,222,400 | GPU 1.3/55.7GB
step 36650 [36650/81380  45%]  loss=2.3451 ppl=10.4 lr=1.18e-04 | 51690 tok/s (avg 49159) ETA 559m02s | gtok=1,351,065,600 | GPU 1.3/55.7GB
step 36700 [36700/81380  45%]  loss=3.1089 ppl=22.4 lr=1.17e-04 | 51702 tok/s (avg 49163) ETA 558m22s | gtok=1,352,908,800 | GPU 1.3/55.7GB
step 36750 [36750/81380  45%]  loss=2.7033 ppl=14.9 lr=1.17e-04 | 51363 tok/s (avg 49165) ETA 557m43s | gtok=1,354,752,000 | GPU 1.3/55.7GB
step 36800 [36800/81380  45%]  loss=3.2328 ppl=25.4 lr=1.17e-04 | 51711 tok/s (avg 49169) ETA 557m03s | gtok=1,356,595,200 | GPU 1.3/55.7GB
step 36850 [36850/81380  45%]  loss=2.9720 ppl=19.5 lr=1.17e-04 | 51709 tok/s (avg 49172) ETA 556m23s | gtok=1,358,438,400 | GPU 1.3/55.7GB
step 36900 [36900/81380  45%]  loss=3.0516 ppl=21.1 lr=1.17e-04 | 51473 tok/s (avg 49175) ETA 555m44s | gtok=1,360,281,600 | GPU 1.3/55.7GB
step 36950 [36950/81380  45%]  loss=2.9733 ppl=19.6 lr=1.16e-04 | 51737 tok/s (avg 49178) ETA 555m04s | gtok=1,362,124,800 | GPU 1.3/55.7GB
step 37000 [37000/81380  45%]  loss=2.9750 ppl=19.6 lr=1.16e-04 | 51661 tok/s (avg 49182) ETA 554m25s | gtok=1,363,968,000 | GPU 1.3/55.7GB
  [checkpoint] step 37000 -> checkpoints_v13_sempty/mix3b_delta_answ100_1c913ef/latest.pt
step 37050 [37050/81380  46%]  loss=3.2263 ppl=25.2 lr=1.16e-04 | 48931 tok/s (avg 49181) ETA 553m47s | gtok=1,365,811,200 | GPU 1.3/55.7GB
step 37100 [37100/81380  46%]  loss=2.8500 ppl=17.3 lr=1.16e-04 | 51699 tok/s (avg 49184) ETA 553m08s | gtok=1,367,654,400 | GPU 1.3/55.7GB
step 37150 [37150/81380  46%]  loss=2.9365 ppl=18.8 lr=1.16e-04 | 51750 tok/s (avg 49188) ETA 552m28s | gtok=1,369,497,600 | GPU 1.3/55.7GB
step 37200 [37200/81380  46%]  loss=2.8276 ppl=16.9 lr=1.16e-04 | 51262 tok/s (avg 49190) ETA 551m49s | gtok=1,371,340,800 | GPU 1.3/55.7GB
step 37250 [37250/81380  46%]  loss=2.4051 ppl=11.1 lr=1.15e-04 | 51580 tok/s (avg 49193) ETA 551m09s | gtok=1,373,184,000 | GPU 1.3/55.7GB
step 37300 [37300/81380  46%]  loss=2.9610 ppl=19.3 lr=1.15e-04 | 51267 tok/s (avg 49196) ETA 550m30s | gtok=1,375,027,200 | GPU 1.3/55.7GB
step 37350 [37350/81380  46%]  loss=2.6411 ppl=14.0 lr=1.15e-04 | 51566 tok/s (avg 49199) ETA 549m50s | gtok=1,376,870,400 | GPU 1.3/55.7GB
step 37400 [37400/81380  46%]  loss=2.9057 ppl=18.3 lr=1.15e-04 | 51568 tok/s (avg 49202) ETA 549m11s | gtok=1,378,713,600 | GPU 1.3/55.7GB
step 37450 [37450/81380  46%]  loss=2.9850 ppl=19.8 lr=1.15e-04 | 51441 tok/s (avg 49205) ETA 548m32s | gtok=1,380,556,800 | GPU 1.3/55.7GB
step 37500 [37500/81380  46%]  loss=2.9838 ppl=19.8 lr=1.14e-04 | 45740 tok/s (avg 49200) ETA 547m57s | gtok=1,382,400,000 | GPU 1.3/55.7GB
step 37550 [37550/81380  46%]  loss=2.8108 ppl=16.6 lr=1.14e-04 | 51769 tok/s (avg 49203) ETA 547m18s | gtok=1,384,243,200 | GPU 1.3/55.7GB
step 37600 [37600/81380  46%]  loss=2.7534 ppl=15.7 lr=1.14e-04 | 51443 tok/s (avg 49206) ETA 546m38s | gtok=1,386,086,400 | GPU 1.3/55.7GB
step 37650 [37650/81380  46%]  loss=2.5510 ppl=12.8 lr=1.14e-04 | 51798 tok/s (avg 49209) ETA 545m59s | gtok=1,387,929,600 | GPU 1.3/55.7GB
step 37700 [37700/81380  46%]  loss=3.1369 ppl=23.0 lr=1.14e-04 | 51795 tok/s (avg 49213) ETA 545m19s | gtok=1,389,772,800 | GPU 1.3/55.7GB
step 37750 [37750/81380  46%]  loss=2.7894 ppl=16.3 lr=1.13e-04 | 51523 tok/s (avg 49216) ETA 544m40s | gtok=1,391,616,000 | GPU 1.3/55.7GB
step 37800 [37800/81380  46%]  loss=3.1118 ppl=22.5 lr=1.13e-04 | 51760 tok/s (avg 49219) ETA 544m00s | gtok=1,393,459,200 | GPU 1.3/55.7GB
step 37850 [37850/81380  47%]  loss=3.0565 ppl=21.3 lr=1.13e-04 | 51732 tok/s (avg 49222) ETA 543m21s | gtok=1,395,302,400 | GPU 1.3/55.7GB
step 37900 [37900/81380  47%]  loss=2.9143 ppl=18.4 lr=1.13e-04 | 51414 tok/s (avg 49225) ETA 542m41s | gtok=1,397,145,600 | GPU 1.3/55.7GB
step 37950 [37950/81380  47%]  loss=2.8906 ppl=18.0 lr=1.13e-04 | 51692 tok/s (avg 49228) ETA 542m02s | gtok=1,398,988,800 | GPU 1.3/55.7GB
step 38000 [38000/81380  47%]  loss=2.6486 ppl=14.1 lr=1.12e-04 | 51781 tok/s (avg 49231) ETA 541m22s | gtok=1,400,832,000 | GPU 1.3/55.7GB
  [checkpoint] step 38000 -> checkpoints_v13_sempty/mix3b_delta_answ100_1c913ef/best_model.pt
  [val @ step 38000] val_loss=3.4086 val_ppl=30.22 *best* (best 30.22)
  [wiki_val @ step 38000] val_loss=4.1775 val_ppl=65.20
  [checkpoint] step 38000 -> checkpoints_v13_sempty/mix3b_delta_answ100_1c913ef/latest.pt
  [diag] step 38000 cgu=+0.18 +0.22 +0.21 +0.25 +0.28 +0.39 +0.45 +0.50 +0.57 +0.63 +0.70 +0.79 +0.89 +0.99 +1.05 +1.38  pam=+0.04 +0.09 +0.07 +0.11 +0.17 +0.16 +0.18 +0.21 +0.23 +0.24 +0.24 +0.29 +0.38 +0.30 +0.50 +0.31
  [diag] dtbias=-3.95 -3.93 -4.00 -3.96 -3.98 -3.96 -3.94 -4.06 -3.98 -3.97 -3.99 -3.96 -3.91 -3.95 -4.03 -3.91  ret=0.90 0.82 0.89 0.84 0.87 0.83 0.86 0.97 0.93 0.84 0.89 0.85 0.76 0.76 0.97 0.67
  [diag] dtbias/head(layer-mean)=-3.98 -3.98 -3.94 -3.96 -3.99 -3.97
  [diag] gnorm=1.1e-01 7.4e-02 1.3e-01 5.9e-02 8.8e-02 7.5e-02 6.7e-02 7.1e-02 7.0e-02 8.0e-02 9.2e-02 9.2e-02 8.5e-02 9.7e-02 1.4e-01 1.1e-01  wnorm=77.8 81.5 83.0 83.2 83.9 84.4 84.8 84.7 85.0 85.2 85.3 85.3 86.0 86.5 86.9 86.9
step 38050 [38050/81380  47%]  loss=2.9542 ppl=19.2 lr=1.12e-04 | 23148 tok/s (avg 49158) ETA 541m33s | gtok=1,402,675,200 | GPU 1.3/55.7GB
step 38100 [38100/81380  47%]  loss=2.9866 ppl=19.8 lr=1.12e-04 | 51433 tok/s (avg 49161) ETA 540m54s | gtok=1,404,518,400 | GPU 1.3/55.7GB
step 38150 [38150/81380  47%]  loss=2.6706 ppl=14.4 lr=1.12e-04 | 51736 tok/s (avg 49164) ETA 540m14s | gtok=1,406,361,600 | GPU 1.3/55.7GB
step 38200 [38200/81380  47%]  loss=3.0662 ppl=21.5 lr=1.12e-04 | 51665 tok/s (avg 49167) ETA 539m34s | gtok=1,408,204,800 | GPU 1.3/55.7GB
step 38250 [38250/81380  47%]  loss=2.9468 ppl=19.0 lr=1.11e-04 | 51454 tok/s (avg 49170) ETA 538m55s | gtok=1,410,048,000 | GPU 1.3/55.7GB
step 38300 [38300/81380  47%]  loss=2.9664 ppl=19.4 lr=1.11e-04 | 51701 tok/s (avg 49173) ETA 538m15s | gtok=1,411,891,200 | GPU 1.3/55.7GB
step 38350 [38350/81380  47%]  loss=2.7682 ppl=15.9 lr=1.11e-04 | 51693 tok/s (avg 49176) ETA 537m36s | gtok=1,413,734,400 | GPU 1.3/55.7GB
step 38400 [38400/81380  47%]  loss=2.9699 ppl=19.5 lr=1.11e-04 | 51421 tok/s (avg 49179) ETA 536m57s | gtok=1,415,577,600 | GPU 1.3/55.7GB
step 38450 [38450/81380  47%]  loss=3.0420 ppl=20.9 lr=1.11e-04 | 51697 tok/s (avg 49182) ETA 536m17s | gtok=1,417,420,800 | GPU 1.3/55.7GB
step 38500 [38500/81380  47%]  loss=3.1299 ppl=22.9 lr=1.10e-04 | 51711 tok/s (avg 49186) ETA 535m38s | gtok=1,419,264,000 | GPU 1.3/55.7GB
step 38550 [38550/81380  47%]  loss=2.9275 ppl=18.7 lr=1.10e-04 | 51380 tok/s (avg 49188) ETA 534m58s | gtok=1,421,107,200 | GPU 1.3/55.7GB
step 38600 [38600/81380  47%]  loss=3.0159 ppl=20.4 lr=1.10e-04 | 51725 tok/s (avg 49191) ETA 534m19s | gtok=1,422,950,400 | GPU 1.3/55.7GB
step 38650 [38650/81380  47%]  loss=2.4598 ppl=11.7 lr=1.10e-04 | 51788 tok/s (avg 49195) ETA 533m39s | gtok=1,424,793,600 | GPU 1.3/55.7GB
step 38700 [38700/81380  48%]  loss=2.9181 ppl=18.5 lr=1.10e-04 | 51427 tok/s (avg 49197) ETA 533m00s | gtok=1,426,636,800 | GPU 1.3/55.7GB
step 38750 [38750/81380  48%]  loss=2.8446 ppl=17.2 lr=1.10e-04 | 51728 tok/s (avg 49200) ETA 532m21s | gtok=1,428,480,000 | GPU 1.3/55.7GB
step 38800 [38800/81380  48%]  loss=2.6993 ppl=14.9 lr=1.09e-04 | 51706 tok/s (avg 49203) ETA 531m41s | gtok=1,430,323,200 | GPU 1.3/55.7GB
step 38850 [38850/81380  48%]  loss=3.0511 ppl=21.1 lr=1.09e-04 | 51438 tok/s (avg 49206) ETA 531m02s | gtok=1,432,166,400 | GPU 1.3/55.7GB
step 38900 [38900/81380  48%]  loss=2.7199 ppl=15.2 lr=1.09e-04 | 51778 tok/s (avg 49209) ETA 530m22s | gtok=1,434,009,600 | GPU 1.3/55.7GB
step 38950 [38950/81380  48%]  loss=3.0394 ppl=20.9 lr=1.09e-04 | 51688 tok/s (avg 49212) ETA 529m43s | gtok=1,435,852,800 | GPU 1.3/55.7GB
step 39000 [39000/81380  48%]  loss=2.6242 ppl=13.8 lr=1.09e-04 | 51328 tok/s (avg 49215) ETA 529m04s | gtok=1,437,696,000 | GPU 1.3/55.7GB
  [checkpoint] step 39000 -> checkpoints_v13_sempty/mix3b_delta_answ100_1c913ef/latest.pt
step 39050 [39050/81380  48%]  loss=2.9145 ppl=18.4 lr=1.08e-04 | 49174 tok/s (avg 49215) ETA 528m26s | gtok=1,439,539,200 | GPU 1.3/55.7GB
step 39100 [39100/81380  48%]  loss=3.1249 ppl=22.8 lr=1.08e-04 | 51753 tok/s (avg 49218) ETA 527m47s | gtok=1,441,382,400 | GPU 1.3/55.7GB
step 39150 [39150/81380  48%]  loss=2.5987 ppl=13.4 lr=1.08e-04 | 51358 tok/s (avg 49221) ETA 527m08s | gtok=1,443,225,600 | GPU 1.3/55.7GB
step 39200 [39200/81380  48%]  loss=2.9414 ppl=18.9 lr=1.08e-04 | 51741 tok/s (avg 49224) ETA 526m28s | gtok=1,445,068,800 | GPU 1.3/55.7GB
step 39250 [39250/81380  48%]  loss=2.9291 ppl=18.7 lr=1.08e-04 | 51381 tok/s (avg 49226) ETA 525m49s | gtok=1,446,912,000 | GPU 1.3/55.7GB
step 39300 [39300/81380  48%]  loss=3.0219 ppl=20.5 lr=1.07e-04 | 51464 tok/s (avg 49229) ETA 525m10s | gtok=1,448,755,200 | GPU 1.3/55.7GB
step 39350 [39350/81380  48%]  loss=2.6090 ppl=13.6 lr=1.07e-04 | 51481 tok/s (avg 49232) ETA 524m31s | gtok=1,450,598,400 | GPU 1.3/55.7GB
step 39400 [39400/81380  48%]  loss=3.0871 ppl=21.9 lr=1.07e-04 | 51263 tok/s (avg 49234) ETA 523m52s | gtok=1,452,441,600 | GPU 1.3/55.7GB
step 39450 [39450/81380  48%]  loss=2.6760 ppl=14.5 lr=1.07e-04 | 51579 tok/s (avg 49237) ETA 523m13s | gtok=1,454,284,800 | GPU 1.3/55.7GB
step 39500 [39500/81380  49%]  loss=3.0615 ppl=21.4 lr=1.07e-04 | 51593 tok/s (avg 49240) ETA 522m33s | gtok=1,456,128,000 | GPU 1.3/55.7GB
step 39550 [39550/81380  49%]  loss=3.1375 ppl=23.0 lr=1.06e-04 | 51180 tok/s (avg 49242) ETA 521m54s | gtok=1,457,971,200 | GPU 1.3/55.7GB
step 39600 [39600/81380  49%]  loss=2.8971 ppl=18.1 lr=1.06e-04 | 51548 tok/s (avg 49245) ETA 521m15s | gtok=1,459,814,400 | GPU 1.3/55.7GB
step 39650 [39650/81380  49%]  loss=2.8794 ppl=17.8 lr=1.06e-04 | 51635 tok/s (avg 49248) ETA 520m36s | gtok=1,461,657,600 | GPU 1.3/55.7GB
step 39700 [39700/81380  49%]  loss=2.7932 ppl=16.3 lr=1.06e-04 | 51179 tok/s (avg 49250) ETA 519m57s | gtok=1,463,500,800 | GPU 1.3/55.7GB
step 39750 [39750/81380  49%]  loss=2.8565 ppl=17.4 lr=1.06e-04 | 51788 tok/s (avg 49253) ETA 519m18s | gtok=1,465,344,000 | GPU 1.3/55.7GB
step 39800 [39800/81380  49%]  loss=2.8556 ppl=17.4 lr=1.05e-04 | 51758 tok/s (avg 49256) ETA 518m38s | gtok=1,467,187,200 | GPU 1.3/55.7GB
step 39850 [39850/81380  49%]  loss=2.7857 ppl=16.2 lr=1.05e-04 | 51418 tok/s (avg 49259) ETA 517m59s | gtok=1,469,030,400 | GPU 1.3/55.7GB
step 39900 [39900/81380  49%]  loss=2.5905 ppl=13.3 lr=1.05e-04 | 45170 tok/s (avg 49253) ETA 517m25s | gtok=1,470,873,600 | GPU 1.3/55.7GB
step 39950 [39950/81380  49%]  loss=2.9800 ppl=19.7 lr=1.05e-04 | 51706 tok/s (avg 49256) ETA 516m46s | gtok=1,472,716,800 | GPU 1.3/55.7GB
step 40000 [40000/81380  49%]  loss=2.6372 ppl=14.0 lr=1.05e-04 | 51243 tok/s (avg 49259) ETA 516m07s | gtok=1,474,560,000 | GPU 1.3/55.7GB
  [checkpoint] step 40000 -> checkpoints_v13_sempty/mix3b_delta_answ100_1c913ef/best_model.pt
  [val @ step 40000] val_loss=3.3930 val_ppl=29.75 *best* (best 29.75)
  [wiki_val @ step 40000] val_loss=4.1502 val_ppl=63.45
  [checkpoint] step 40000 -> checkpoints_v13_sempty/mix3b_delta_answ100_1c913ef/latest.pt
  [checkpoint] step 40000 -> checkpoints_v13_sempty/mix3b_delta_answ100_1c913ef/step_040000.pt
  [checkpoint] pruned step_030000.pt
  [diag] step 40000 cgu=+0.18 +0.22 +0.21 +0.25 +0.27 +0.39 +0.45 +0.50 +0.57 +0.63 +0.70 +0.78 +0.89 +0.99 +1.05 +1.38  pam=+0.04 +0.09 +0.07 +0.11 +0.17 +0.16 +0.18 +0.21 +0.23 +0.24 +0.24 +0.29 +0.38 +0.30 +0.50 +0.32
  [diag] dtbias=-3.95 -3.93 -4.00 -3.96 -3.98 -3.96 -3.94 -4.06 -3.98 -3.97 -3.99 -3.96 -3.91 -3.95 -4.03 -3.91  ret=0.89 0.81 0.89 0.84 0.87 0.83 0.86 0.97 0.93 0.84 0.89 0.85 0.77 0.76 0.96 0.68
  [diag] dtbias/head(layer-mean)=-3.98 -3.98 -3.93 -3.95 -3.99 -3.97
  [diag] gnorm=9.8e-02 7.8e-02 5.5e-02 5.3e-02 7.5e-02 7.0e-02 6.6e-02 7.0e-02 7.4e-02 8.3e-02 8.6e-02 9.0e-02 8.4e-02 9.6e-02 1.3e-01 1.1e-01  wnorm=78.4 82.0 83.5 83.7 84.3 84.8 85.2 85.2 85.4 85.6 85.7 85.7 86.4 87.0 87.3 87.3
step 40050 [40050/81380  49%]  loss=3.0166 ppl=20.4 lr=1.04e-04 | 22894 tok/s (avg 49188) ETA 516m14s | gtok=1,476,403,200 | GPU 1.3/55.7GB
step 40100 [40100/81380  49%]  loss=2.7205 ppl=15.2 lr=1.04e-04 | 51742 tok/s (avg 49191) ETA 515m35s | gtok=1,478,246,400 | GPU 1.3/55.7GB
step 40150 [40150/81380  49%]  loss=2.9675 ppl=19.4 lr=1.04e-04 | 51794 tok/s (avg 49194) ETA 514m56s | gtok=1,480,089,600 | GPU 1.3/55.7GB
step 40200 [40200/81380  49%]  loss=2.8470 ppl=17.2 lr=1.04e-04 | 51238 tok/s (avg 49196) ETA 514m17s | gtok=1,481,932,800 | GPU 1.3/55.7GB
step 40250 [40250/81380  49%]  loss=2.8999 ppl=18.2 lr=1.04e-04 | 51553 tok/s (avg 49199) ETA 513m37s | gtok=1,483,776,000 | GPU 1.3/55.7GB
step 40300 [40300/81380  50%]  loss=3.0976 ppl=22.1 lr=1.03e-04 | 51537 tok/s (avg 49202) ETA 512m58s | gtok=1,485,619,200 | GPU 1.3/55.7GB
step 40350 [40350/81380  50%]  loss=3.0903 ppl=22.0 lr=1.03e-04 | 51210 tok/s (avg 49204) ETA 512m19s | gtok=1,487,462,400 | GPU 1.3/55.7GB
step 40400 [40400/81380  50%]  loss=2.9362 ppl=18.8 lr=1.03e-04 | 51549 tok/s (avg 49207) ETA 511m40s | gtok=1,489,305,600 | GPU 1.3/55.7GB
step 40450 [40450/81380  50%]  loss=2.7250 ppl=15.3 lr=1.03e-04 | 51788 tok/s (avg 49210) ETA 511m01s | gtok=1,491,148,800 | GPU 1.3/55.7GB
step 40500 [40500/81380  50%]  loss=3.0154 ppl=20.4 lr=1.03e-04 | 51444 tok/s (avg 49213) ETA 510m22s | gtok=1,492,992,000 | GPU 1.3/55.7GB
step 40550 [40550/81380  50%]  loss=2.8585 ppl=17.4 lr=1.03e-04 | 51837 tok/s (avg 49216) ETA 509m42s | gtok=1,494,835,200 | GPU 1.3/55.7GB
step 40600 [40600/81380  50%]  loss=2.7563 ppl=15.7 lr=1.02e-04 | 51698 tok/s (avg 49219) ETA 509m03s | gtok=1,496,678,400 | GPU 1.3/55.7GB
step 40650 [40650/81380  50%]  loss=2.8257 ppl=16.9 lr=1.02e-04 | 51453 tok/s (avg 49221) ETA 508m24s | gtok=1,498,521,600 | GPU 1.3/55.7GB
step 40700 [40700/81380  50%]  loss=2.9854 ppl=19.8 lr=1.02e-04 | 51729 tok/s (avg 49224) ETA 507m45s | gtok=1,500,364,800 | GPU 1.3/55.7GB
step 40750 [40750/81380  50%]  loss=3.0573 ppl=21.3 lr=1.02e-04 | 51691 tok/s (avg 49227) ETA 507m05s | gtok=1,502,208,000 | GPU 1.3/55.7GB
step 40800 [40800/81380  50%]  loss=2.9264 ppl=18.7 lr=1.02e-04 | 51438 tok/s (avg 49230) ETA 506m26s | gtok=1,504,051,200 | GPU 1.3/55.7GB
step 40850 [40850/81380  50%]  loss=2.6575 ppl=14.3 lr=1.01e-04 | 51747 tok/s (avg 49233) ETA 505m47s | gtok=1,505,894,400 | GPU 1.3/55.7GB
step 40900 [40900/81380  50%]  loss=3.0694 ppl=21.5 lr=1.01e-04 | 51756 tok/s (avg 49236) ETA 505m08s | gtok=1,507,737,600 | GPU 1.3/55.7GB
step 40950 [40950/81380  50%]  loss=2.9324 ppl=18.8 lr=1.01e-04 | 51425 tok/s (avg 49238) ETA 504m29s | gtok=1,509,580,800 | GPU 1.3/55.7GB
step 41000 [41000/81380  50%]  loss=2.6528 ppl=14.2 lr=1.01e-04 | 51715 tok/s (avg 49241) ETA 503m50s | gtok=1,511,424,000 | GPU 1.3/55.7GB
  [checkpoint] step 41000 -> checkpoints_v13_sempty/mix3b_delta_answ100_1c913ef/latest.pt
step 41050 [41050/81380  50%]  loss=2.6549 ppl=14.2 lr=1.01e-04 | 48994 tok/s (avg 49241) ETA 503m12s | gtok=1,513,267,200 | GPU 1.3/55.7GB
step 41100 [41100/81380  51%]  loss=2.8801 ppl=17.8 lr=1.00e-04 | 51776 tok/s (avg 49244) ETA 502m33s | gtok=1,515,110,400 | GPU 1.3/55.7GB
step 41150 [41150/81380  51%]  loss=3.1682 ppl=23.8 lr=1.00e-04 | 51744 tok/s (avg 49247) ETA 501m54s | gtok=1,516,953,600 | GPU 1.3/55.7GB
step 41200 [41200/81380  51%]  loss=3.0414 ppl=20.9 lr=1.00e-04 | 51398 tok/s (avg 49249) ETA 501m15s | gtok=1,518,796,800 | GPU 1.3/55.7GB
step 41250 [41250/81380  51%]  loss=2.5807 ppl=13.2 lr=9.98e-05 | 51952 tok/s (avg 49252) ETA 500m36s | gtok=1,520,640,000 | GPU 1.3/55.7GB
step 41300 [41300/81380  51%]  loss=2.5350 ppl=12.6 lr=9.96e-05 | 51831 tok/s (avg 49255) ETA 499m56s | gtok=1,522,483,200 | GPU 1.3/55.7GB
step 41350 [41350/81380  51%]  loss=3.1179 ppl=22.6 lr=9.94e-05 | 51441 tok/s (avg 49258) ETA 499m18s | gtok=1,524,326,400 | GPU 1.3/55.7GB
step 41400 [41400/81380  51%]  loss=2.9972 ppl=20.0 lr=9.92e-05 | 51744 tok/s (avg 49261) ETA 498m38s | gtok=1,526,169,600 | GPU 1.3/55.7GB
step 41450 [41450/81380  51%]  loss=2.9224 ppl=18.6 lr=9.90e-05 | 51745 tok/s (avg 49264) ETA 497m59s | gtok=1,528,012,800 | GPU 1.3/55.7GB
step 41500 [41500/81380  51%]  loss=3.0294 ppl=20.7 lr=9.88e-05 | 51514 tok/s (avg 49266) ETA 497m20s | gtok=1,529,856,000 | GPU 1.3/55.7GB
step 41550 [41550/81380  51%]  loss=2.8669 ppl=17.6 lr=9.86e-05 | 51798 tok/s (avg 49269) ETA 496m41s | gtok=1,531,699,200 | GPU 1.3/55.7GB
step 41600 [41600/81380  51%]  loss=2.8259 ppl=16.9 lr=9.84e-05 | 51846 tok/s (avg 49272) ETA 496m02s | gtok=1,533,542,400 | GPU 1.3/55.7GB
step 41650 [41650/81380  51%]  loss=2.8888 ppl=18.0 lr=9.82e-05 | 51501 tok/s (avg 49275) ETA 495m23s | gtok=1,535,385,600 | GPU 1.3/55.7GB
step 41700 [41700/81380  51%]  loss=2.7233 ppl=15.2 lr=9.80e-05 | 51784 tok/s (avg 49277) ETA 494m44s | gtok=1,537,228,800 | GPU 1.3/55.7GB
step 41750 [41750/81380  51%]  loss=3.1413 ppl=23.1 lr=9.78e-05 | 51456 tok/s (avg 49280) ETA 494m05s | gtok=1,539,072,000 | GPU 1.3/55.7GB
step 41800 [41800/81380  51%]  loss=2.9017 ppl=18.2 lr=9.76e-05 | 51737 tok/s (avg 49283) ETA 493m26s | gtok=1,540,915,200 | GPU 1.3/55.7GB
step 41850 [41850/81380  51%]  loss=3.1662 ppl=23.7 lr=9.74e-05 | 51762 tok/s (avg 49286) ETA 492m47s | gtok=1,542,758,400 | GPU 1.3/55.7GB
step 41900 [41900/81380  51%]  loss=2.9035 ppl=18.2 lr=9.72e-05 | 51451 tok/s (avg 49288) ETA 492m08s | gtok=1,544,601,600 | GPU 1.3/55.7GB
step 41950 [41950/81380  52%]  loss=2.8412 ppl=17.1 lr=9.70e-05 | 51766 tok/s (avg 49291) ETA 491m29s | gtok=1,546,444,800 | GPU 1.3/55.7GB
step 42000 [42000/81380  52%]  loss=2.7369 ppl=15.4 lr=9.68e-05 | 51777 tok/s (avg 49294) ETA 490m50s | gtok=1,548,288,000 | GPU 1.3/55.7GB
  [checkpoint] step 42000 -> checkpoints_v13_sempty/mix3b_delta_answ100_1c913ef/best_model.pt
  [val @ step 42000] val_loss=3.3805 val_ppl=29.38 *best* (best 29.38)
  [wiki_val @ step 42000] val_loss=4.1436 val_ppl=63.03
  [checkpoint] step 42000 -> checkpoints_v13_sempty/mix3b_delta_answ100_1c913ef/latest.pt
  [diag] step 42000 cgu=+0.18 +0.22 +0.21 +0.25 +0.28 +0.39 +0.45 +0.50 +0.57 +0.63 +0.70 +0.78 +0.89 +0.99 +1.05 +1.39  pam=+0.04 +0.09 +0.07 +0.11 +0.17 +0.16 +0.18 +0.21 +0.23 +0.24 +0.24 +0.29 +0.38 +0.30 +0.51 +0.32
  [diag] dtbias=-3.95 -3.93 -4.00 -3.96 -3.98 -3.96 -3.94 -4.06 -3.98 -3.97 -3.99 -3.96 -3.91 -3.95 -4.03 -3.91  ret=0.89 0.81 0.88 0.84 0.87 0.82 0.86 0.97 0.92 0.85 0.89 0.85 0.77 0.76 0.96 0.67
  [diag] dtbias/head(layer-mean)=-3.98 -3.98 -3.93 -3.95 -3.99 -3.97
  [diag] gnorm=1.1e-01 7.9e-02 5.9e-02 5.8e-02 9.2e-02 1.0e-01 6.8e-02 7.7e-02 7.2e-02 8.6e-02 9.8e-02 9.9e-02 8.8e-02 9.6e-02 1.5e-01 1.1e-01  wnorm=78.9 82.4 83.9 84.1 84.7 85.2 85.6 85.5 85.7 86.0 86.0 86.1 86.8 87.3 87.7 87.7
step 42050 [42050/81380  52%]  loss=2.9947 ppl=20.0 lr=9.66e-05 | 21508 tok/s (avg 49218) ETA 490m57s | gtok=1,550,131,200 | GPU 1.3/55.7GB
step 42100 [42100/81380  52%]  loss=2.8819 ppl=17.8 lr=9.64e-05 | 51567 tok/s (avg 49221) ETA 490m18s | gtok=1,551,974,400 | GPU 1.3/55.7GB
step 42150 [42150/81380  52%]  loss=2.9095 ppl=18.3 lr=9.62e-05 | 51419 tok/s (avg 49223) ETA 489m39s | gtok=1,553,817,600 | GPU 1.3/55.7GB
step 42200 [42200/81380  52%]  loss=3.0287 ppl=20.7 lr=9.61e-05 | 51767 tok/s (avg 49226) ETA 489m00s | gtok=1,555,660,800 | GPU 1.3/55.7GB
step 42250 [42250/81380  52%]  loss=2.7599 ppl=15.8 lr=9.59e-05 | 51565 tok/s (avg 49229) ETA 488m21s | gtok=1,557,504,000 | GPU 1.3/55.7GB
step 42300 [42300/81380  52%]  loss=2.9919 ppl=19.9 lr=9.57e-05 | 51160 tok/s (avg 49231) ETA 487m43s | gtok=1,559,347,200 | GPU 1.3/55.7GB
step 42350 [42350/81380  52%]  loss=2.8505 ppl=17.3 lr=9.55e-05 | 51502 tok/s (avg 49233) ETA 487m04s | gtok=1,561,190,400 | GPU 1.3/55.7GB
step 42400 [42400/81380  52%]  loss=2.7957 ppl=16.4 lr=9.53e-05 | 51648 tok/s (avg 49236) ETA 486m25s | gtok=1,563,033,600 | GPU 1.3/55.7GB
step 42450 [42450/81380  52%]  loss=3.1348 ppl=23.0 lr=9.51e-05 | 51398 tok/s (avg 49239) ETA 485m46s | gtok=1,564,876,800 | GPU 1.3/55.7GB
step 42500 [42500/81380  52%]  loss=2.8235 ppl=16.8 lr=9.49e-05 | 51658 tok/s (avg 49241) ETA 485m07s | gtok=1,566,720,000 | GPU 1.3/55.7GB
step 42550 [42550/81380  52%]  loss=3.0069 ppl=20.2 lr=9.47e-05 | 51506 tok/s (avg 49244) ETA 484m28s | gtok=1,568,563,200 | GPU 1.3/55.7GB
step 42600 [42600/81380  52%]  loss=2.8725 ppl=17.7 lr=9.45e-05 | 51448 tok/s (avg 49246) ETA 483m49s | gtok=1,570,406,400 | GPU 1.3/55.7GB
step 42650 [42650/81380  52%]  loss=2.8893 ppl=18.0 lr=9.43e-05 | 51652 tok/s (avg 49249) ETA 483m10s | gtok=1,572,249,600 | GPU 1.3/55.7GB
step 42700 [42700/81380  52%]  loss=2.8624 ppl=17.5 lr=9.41e-05 | 51352 tok/s (avg 49251) ETA 482m31s | gtok=1,574,092,800 | GPU 1.3/55.7GB
step 42750 [42750/81380  53%]  loss=3.0114 ppl=20.3 lr=9.39e-05 | 51681 tok/s (avg 49254) ETA 481m52s | gtok=1,575,936,000 | GPU 1.3/55.7GB
step 42800 [42800/81380  53%]  loss=2.4873 ppl=12.0 lr=9.37e-05 | 51694 tok/s (avg 49257) ETA 481m13s | gtok=1,577,779,200 | GPU 1.3/55.7GB
step 42850 [42850/81380  53%]  loss=2.8050 ppl=16.5 lr=9.35e-05 | 51398 tok/s (avg 49259) ETA 480m34s | gtok=1,579,622,400 | GPU 1.3/55.7GB
step 42900 [42900/81380  53%]  loss=2.7029 ppl=14.9 lr=9.33e-05 | 51767 tok/s (avg 49262) ETA 479m55s | gtok=1,581,465,600 | GPU 1.3/55.7GB
step 42950 [42950/81380  53%]  loss=2.3984 ppl=11.0 lr=9.31e-05 | 51635 tok/s (avg 49265) ETA 479m16s | gtok=1,583,308,800 | GPU 1.3/55.7GB
step 43000 [43000/81380  53%]  loss=2.9716 ppl=19.5 lr=9.29e-05 | 51354 tok/s (avg 49267) ETA 478m37s | gtok=1,585,152,000 | GPU 1.3/55.7GB
  [checkpoint] step 43000 -> checkpoints_v13_sempty/mix3b_delta_answ100_1c913ef/latest.pt
step 43050 [43050/81380  53%]  loss=3.0529 ppl=21.2 lr=9.27e-05 | 49080 tok/s (avg 49267) ETA 478m00s | gtok=1,586,995,200 | GPU 1.3/55.7GB
step 43100 [43100/81380  53%]  loss=2.8705 ppl=17.6 lr=9.25e-05 | 51424 tok/s (avg 49269) ETA 477m21s | gtok=1,588,838,400 | GPU 1.3/55.7GB
step 43150 [43150/81380  53%]  loss=2.9509 ppl=19.1 lr=9.23e-05 | 51130 tok/s (avg 49271) ETA 476m43s | gtok=1,590,681,600 | GPU 1.3/55.7GB
step 43200 [43200/81380  53%]  loss=2.8919 ppl=18.0 lr=9.22e-05 | 51709 tok/s (avg 49274) ETA 476m04s | gtok=1,592,524,800 | GPU 1.3/55.7GB
step 43250 [43250/81380  53%]  loss=2.8493 ppl=17.3 lr=9.20e-05 | 51444 tok/s (avg 49276) ETA 475m25s | gtok=1,594,368,000 | GPU 1.3/55.7GB
step 43300 [43300/81380  53%]  loss=2.9020 ppl=18.2 lr=9.18e-05 | 51179 tok/s (avg 49278) ETA 474m46s | gtok=1,596,211,200 | GPU 1.3/55.7GB
step 43350 [43350/81380  53%]  loss=2.8314 ppl=17.0 lr=9.16e-05 | 51533 tok/s (avg 49281) ETA 474m07s | gtok=1,598,054,400 | GPU 1.3/55.7GB
step 43400 [43400/81380  53%]  loss=2.7013 ppl=14.9 lr=9.14e-05 | 51225 tok/s (avg 49283) ETA 473m29s | gtok=1,599,897,600 | GPU 1.3/55.7GB
step 43450 [43450/81380  53%]  loss=2.9793 ppl=19.7 lr=9.12e-05 | 51603 tok/s (avg 49286) ETA 472m50s | gtok=1,601,740,800 | GPU 1.3/55.7GB
step 43500 [43500/81380  53%]  loss=2.8041 ppl=16.5 lr=9.10e-05 | 51577 tok/s (avg 49288) ETA 472m11s | gtok=1,603,584,000 | GPU 1.3/55.7GB
step 43550 [43550/81380  54%]  loss=2.5972 ppl=13.4 lr=9.08e-05 | 51386 tok/s (avg 49290) ETA 471m32s | gtok=1,605,427,200 | GPU 1.3/55.7GB
step 43600 [43600/81380  54%]  loss=2.9656 ppl=19.4 lr=9.06e-05 | 51488 tok/s (avg 49293) ETA 470m54s | gtok=1,607,270,400 | GPU 1.3/55.7GB
step 43650 [43650/81380  54%]  loss=2.9708 ppl=19.5 lr=9.04e-05 | 51693 tok/s (avg 49295) ETA 470m15s | gtok=1,609,113,600 | GPU 1.3/55.7GB
step 43700 [43700/81380  54%]  loss=2.5111 ppl=12.3 lr=9.02e-05 | 51397 tok/s (avg 49298) ETA 469m36s | gtok=1,610,956,800 | GPU 1.3/55.7GB
step 43750 [43750/81380  54%]  loss=2.9879 ppl=19.8 lr=9.00e-05 | 51531 tok/s (avg 49300) ETA 468m57s | gtok=1,612,800,000 | GPU 1.3/55.7GB
step 43800 [43800/81380  54%]  loss=2.7757 ppl=16.0 lr=8.98e-05 | 51596 tok/s (avg 49303) ETA 468m18s | gtok=1,614,643,200 | GPU 1.3/55.7GB
step 43850 [43850/81380  54%]  loss=2.8026 ppl=16.5 lr=8.96e-05 | 51443 tok/s (avg 49305) ETA 467m40s | gtok=1,616,486,400 | GPU 1.3/55.7GB
step 43900 [43900/81380  54%]  loss=2.9903 ppl=19.9 lr=8.94e-05 | 51541 tok/s (avg 49307) ETA 467m01s | gtok=1,618,329,600 | GPU 1.3/55.7GB
step 43950 [43950/81380  54%]  loss=2.7958 ppl=16.4 lr=8.92e-05 | 51433 tok/s (avg 49310) ETA 466m22s | gtok=1,620,172,800 | GPU 1.3/55.7GB
step 44000 [44000/81380  54%]  loss=2.6924 ppl=14.8 lr=8.90e-05 | 51336 tok/s (avg 49312) ETA 465m44s | gtok=1,622,016,000 | GPU 1.3/55.7GB
  [checkpoint] step 44000 -> checkpoints_v13_sempty/mix3b_delta_answ100_1c913ef/best_model.pt
  [val @ step 44000] val_loss=3.3741 val_ppl=29.20 *best* (best 29.20)
  [wiki_val @ step 44000] val_loss=4.1175 val_ppl=61.41
  [checkpoint] step 44000 -> checkpoints_v13_sempty/mix3b_delta_answ100_1c913ef/latest.pt
  [diag] step 44000 cgu=+0.18 +0.22 +0.21 +0.25 +0.27 +0.39 +0.44 +0.50 +0.57 +0.63 +0.70 +0.78 +0.90 +0.99 +1.06 +1.40  pam=+0.04 +0.09 +0.07 +0.11 +0.17 +0.16 +0.18 +0.21 +0.23 +0.24 +0.24 +0.29 +0.38 +0.30 +0.51 +0.33
  [diag] dtbias=-3.95 -3.93 -4.00 -3.96 -3.98 -3.96 -3.94 -4.06 -3.98 -3.97 -3.99 -3.96 -3.91 -3.95 -4.03 -3.91  ret=0.89 0.80 0.88 0.84 0.86 0.82 0.86 0.97 0.93 0.84 0.89 0.85 0.76 0.76 0.96 0.67
  [diag] dtbias/head(layer-mean)=-3.98 -3.98 -3.93 -3.95 -3.99 -3.97
  [diag] gnorm=9.1e-02 7.2e-02 5.2e-02 6.5e-02 8.0e-02 8.8e-02 7.2e-02 7.4e-02 6.7e-02 8.1e-02 9.5e-02 9.1e-02 8.6e-02 1.1e-01 1.4e-01 1.1e-01  wnorm=79.3 82.7 84.2 84.4 85.0 85.5 85.9 85.8 86.0 86.3 86.3 86.4 87.0 87.6 88.0 88.0
step 44050 [44050/81380  54%]  loss=3.0046 ppl=20.2 lr=8.88e-05 | 23149 tok/s (avg 49249) ETA 465m42s | gtok=1,623,859,200 | GPU 1.3/55.7GB
step 44100 [44100/81380  54%]  loss=2.7006 ppl=14.9 lr=8.87e-05 | 51242 tok/s (avg 49251) ETA 465m03s | gtok=1,625,702,400 | GPU 1.3/55.7GB
step 44150 [44150/81380  54%]  loss=3.2103 ppl=24.8 lr=8.85e-05 | 51558 tok/s (avg 49253) ETA 464m24s | gtok=1,627,545,600 | GPU 1.3/55.7GB
step 44200 [44200/81380  54%]  loss=2.7487 ppl=15.6 lr=8.83e-05 | 51553 tok/s (avg 49256) ETA 463m46s | gtok=1,629,388,800 | GPU 1.3/55.7GB
step 44250 [44250/81380  54%]  loss=2.6572 ppl=14.3 lr=8.81e-05 | 43613 tok/s (avg 49249) ETA 463m12s | gtok=1,631,232,000 | GPU 1.3/55.7GB
step 44300 [44300/81380  54%]  loss=2.7655 ppl=15.9 lr=8.79e-05 | 51777 tok/s (avg 49251) ETA 462m33s | gtok=1,633,075,200 | GPU 1.3/55.7GB
step 44350 [44350/81380  54%]  loss=3.0217 ppl=20.5 lr=8.77e-05 | 51416 tok/s (avg 49254) ETA 461m55s | gtok=1,634,918,400 | GPU 1.3/55.7GB
step 44400 [44400/81380  55%]  loss=3.0617 ppl=21.4 lr=8.75e-05 | 51759 tok/s (avg 49256) ETA 461m16s | gtok=1,636,761,600 | GPU 1.3/55.7GB
step 44450 [44450/81380  55%]  loss=2.6496 ppl=14.1 lr=8.73e-05 | 51770 tok/s (avg 49259) ETA 460m37s | gtok=1,638,604,800 | GPU 1.3/55.7GB
step 44500 [44500/81380  55%]  loss=2.6688 ppl=14.4 lr=8.71e-05 | 51479 tok/s (avg 49262) ETA 459m58s | gtok=1,640,448,000 | GPU 1.3/55.7GB
step 44550 [44550/81380  55%]  loss=3.2240 ppl=25.1 lr=8.69e-05 | 51734 tok/s (avg 49264) ETA 459m19s | gtok=1,642,291,200 | GPU 1.3/55.7GB
step 44600 [44600/81380  55%]  loss=2.8888 ppl=18.0 lr=8.67e-05 | 51760 tok/s (avg 49267) ETA 458m40s | gtok=1,644,134,400 | GPU 1.3/55.7GB
step 44650 [44650/81380  55%]  loss=2.9853 ppl=19.8 lr=8.65e-05 | 51356 tok/s (avg 49269) ETA 458m02s | gtok=1,645,977,600 | GPU 1.3/55.7GB
step 44700 [44700/81380  55%]  loss=2.8710 ppl=17.7 lr=8.63e-05 | 51787 tok/s (avg 49272) ETA 457m23s | gtok=1,647,820,800 | GPU 1.3/55.7GB
step 44750 [44750/81380  55%]  loss=3.1812 ppl=24.1 lr=8.61e-05 | 51743 tok/s (avg 49274) ETA 456m44s | gtok=1,649,664,000 | GPU 1.3/55.7GB
step 44800 [44800/81380  55%]  loss=2.6861 ppl=14.7 lr=8.59e-05 | 51392 tok/s (avg 49277) ETA 456m05s | gtok=1,651,507,200 | GPU 1.3/55.7GB
step 44850 [44850/81380  55%]  loss=2.9735 ppl=19.6 lr=8.57e-05 | 51731 tok/s (avg 49279) ETA 455m26s | gtok=1,653,350,400 | GPU 1.3/55.7GB
step 44900 [44900/81380  55%]  loss=2.7310 ppl=15.3 lr=8.56e-05 | 51775 tok/s (avg 49282) ETA 454m47s | gtok=1,655,193,600 | GPU 1.3/55.7GB
step 44950 [44950/81380  55%]  loss=3.0788 ppl=21.7 lr=8.54e-05 | 51480 tok/s (avg 49284) ETA 454m09s | gtok=1,657,036,800 | GPU 1.3/55.7GB
step 45000 [45000/81380  55%]  loss=2.9633 ppl=19.4 lr=8.52e-05 | 51742 tok/s (avg 49287) ETA 453m30s | gtok=1,658,880,000 | GPU 1.3/55.7GB
  [checkpoint] step 45000 -> checkpoints_v13_sempty/mix3b_delta_answ100_1c913ef/latest.pt
step 45050 [45050/81380  55%]  loss=2.9750 ppl=19.6 lr=8.50e-05 | 49271 tok/s (avg 49287) ETA 452m52s | gtok=1,660,723,200 | GPU 1.3/55.7GB
step 45100 [45100/81380  55%]  loss=2.7579 ppl=15.8 lr=8.48e-05 | 51447 tok/s (avg 49289) ETA 452m14s | gtok=1,662,566,400 | GPU 1.3/55.7GB
step 45150 [45150/81380  55%]  loss=2.8717 ppl=17.7 lr=8.46e-05 | 51716 tok/s (avg 49292) ETA 451m35s | gtok=1,664,409,600 | GPU 1.3/55.7GB
step 45200 [45200/81380  56%]  loss=2.8337 ppl=17.0 lr=8.44e-05 | 51744 tok/s (avg 49294) ETA 450m56s | gtok=1,666,252,800 | GPU 1.3/55.7GB
step 45250 [45250/81380  56%]  loss=2.8385 ppl=17.1 lr=8.42e-05 | 51422 tok/s (avg 49297) ETA 450m18s | gtok=1,668,096,000 | GPU 1.3/55.7GB
step 45300 [45300/81380  56%]  loss=2.7470 ppl=15.6 lr=8.40e-05 | 51730 tok/s (avg 49299) ETA 449m39s | gtok=1,669,939,200 | GPU 1.3/55.7GB
step 45350 [45350/81380  56%]  loss=3.0359 ppl=20.8 lr=8.38e-05 | 51401 tok/s (avg 49301) ETA 449m00s | gtok=1,671,782,400 | GPU 1.3/55.7GB
step 45400 [45400/81380  56%]  loss=2.4849 ppl=12.0 lr=8.36e-05 | 51737 tok/s (avg 49304) ETA 448m21s | gtok=1,673,625,600 | GPU 1.3/55.7GB
step 45450 [45450/81380  56%]  loss=3.1054 ppl=22.3 lr=8.34e-05 | 51800 tok/s (avg 49307) ETA 447m43s | gtok=1,675,468,800 | GPU 1.3/55.7GB
step 45500 [45500/81380  56%]  loss=2.7900 ppl=16.3 lr=8.32e-05 | 51425 tok/s (avg 49309) ETA 447m04s | gtok=1,677,312,000 | GPU 1.3/55.7GB
step 45550 [45550/81380  56%]  loss=2.7368 ppl=15.4 lr=8.30e-05 | 51751 tok/s (avg 49311) ETA 446m25s | gtok=1,679,155,200 | GPU 1.3/55.7GB
step 45600 [45600/81380  56%]  loss=2.7546 ppl=15.7 lr=8.28e-05 | 51744 tok/s (avg 49314) ETA 445m46s | gtok=1,680,998,400 | GPU 1.3/55.7GB
step 45650 [45650/81380  56%]  loss=2.5609 ppl=12.9 lr=8.27e-05 | 51485 tok/s (avg 49316) ETA 445m08s | gtok=1,682,841,600 | GPU 1.3/55.7GB
step 45700 [45700/81380  56%]  loss=3.0818 ppl=21.8 lr=8.25e-05 | 51742 tok/s (avg 49319) ETA 444m29s | gtok=1,684,684,800 | GPU 1.3/55.7GB
step 45750 [45750/81380  56%]  loss=3.0116 ppl=20.3 lr=8.23e-05 | 51753 tok/s (avg 49321) ETA 443m50s | gtok=1,686,528,000 | GPU 1.3/55.7GB
step 45800 [45800/81380  56%]  loss=3.0603 ppl=21.3 lr=8.21e-05 | 51216 tok/s (avg 49323) ETA 443m12s | gtok=1,688,371,200 | GPU 1.3/55.7GB
step 45850 [45850/81380  56%]  loss=2.9234 ppl=18.6 lr=8.19e-05 | 51804 tok/s (avg 49326) ETA 442m33s | gtok=1,690,214,400 | GPU 1.3/55.7GB
step 45900 [45900/81380  56%]  loss=3.2336 ppl=25.4 lr=8.17e-05 | 51783 tok/s (avg 49328) ETA 441m54s | gtok=1,692,057,600 | GPU 1.3/55.7GB
step 45950 [45950/81380  56%]  loss=2.7774 ppl=16.1 lr=8.15e-05 | 51434 tok/s (avg 49330) ETA 441m16s | gtok=1,693,900,800 | GPU 1.3/55.7GB
step 46000 [46000/81380  57%]  loss=2.8492 ppl=17.3 lr=8.13e-05 | 51780 tok/s (avg 49333) ETA 440m37s | gtok=1,695,744,000 | GPU 1.3/55.7GB
  [checkpoint] step 46000 -> checkpoints_v13_sempty/mix3b_delta_answ100_1c913ef/best_model.pt
  [val @ step 46000] val_loss=3.3597 val_ppl=28.78 *best* (best 28.78)
  [wiki_val @ step 46000] val_loss=4.1174 val_ppl=61.40
  [checkpoint] step 46000 -> checkpoints_v13_sempty/mix3b_delta_answ100_1c913ef/latest.pt
  [diag] step 46000 cgu=+0.18 +0.22 +0.21 +0.25 +0.28 +0.39 +0.44 +0.50 +0.57 +0.64 +0.70 +0.79 +0.90 +1.00 +1.06 +1.41  pam=+0.04 +0.09 +0.07 +0.11 +0.17 +0.16 +0.18 +0.21 +0.23 +0.24 +0.24 +0.29 +0.39 +0.31 +0.51 +0.33
  [diag] dtbias=-3.95 -3.93 -4.00 -3.96 -3.98 -3.96 -3.93 -4.06 -3.98 -3.97 -3.99 -3.96 -3.91 -3.95 -4.03 -3.90  ret=0.89 0.81 0.88 0.84 0.87 0.83 0.86 0.97 0.93 0.84 0.89 0.86 0.77 0.77 0.96 0.68
  [diag] dtbias/head(layer-mean)=-3.98 -3.98 -3.93 -3.95 -3.99 -3.96
  [diag] gnorm=1.1e-01 9.2e-02 6.0e-02 6.3e-02 9.7e-02 7.3e-02 6.9e-02 7.4e-02 7.8e-02 1.2e-01 9.7e-02 9.5e-02 8.9e-02 1.3e-01 1.4e-01 1.2e-01  wnorm=79.7 83.0 84.5 84.7 85.3 85.7 86.1 86.1 86.3 86.5 86.6 86.6 87.3 87.8 88.2 88.3
step 46050 [46050/81380  57%]  loss=2.8075 ppl=16.6 lr=8.11e-05 | 22929 tok/s (avg 49271) ETA 440m33s | gtok=1,697,587,200 | GPU 1.3/55.7GB
step 46100 [46100/81380  57%]  loss=2.5989 ppl=13.4 lr=8.09e-05 | 51760 tok/s (avg 49274) ETA 439m54s | gtok=1,699,430,400 | GPU 1.3/55.7GB
step 46150 [46150/81380  57%]  loss=2.5653 ppl=13.0 lr=8.07e-05 | 51425 tok/s (avg 49276) ETA 439m15s | gtok=1,701,273,600 | GPU 1.3/55.7GB
step 46200 [46200/81380  57%]  loss=2.7033 ppl=14.9 lr=8.05e-05 | 51748 tok/s (avg 49279) ETA 438m37s | gtok=1,703,116,800 | GPU 1.3/55.7GB
step 46250 [46250/81380  57%]  loss=2.7044 ppl=14.9 lr=8.04e-05 | 51744 tok/s (avg 49281) ETA 437m58s | gtok=1,704,960,000 | GPU 1.3/55.7GB
step 46300 [46300/81380  57%]  loss=2.8279 ppl=16.9 lr=8.02e-05 | 51416 tok/s (avg 49284) ETA 437m19s | gtok=1,706,803,200 | GPU 1.3/55.7GB
step 46350 [46350/81380  57%]  loss=3.1261 ppl=22.8 lr=8.00e-05 | 51676 tok/s (avg 49286) ETA 436m41s | gtok=1,708,646,400 | GPU 1.3/55.7GB
step 46400 [46400/81380  57%]  loss=2.9047 ppl=18.3 lr=7.98e-05 | 51472 tok/s (avg 49288) ETA 436m02s | gtok=1,710,489,600 | GPU 1.3/55.7GB
step 46450 [46450/81380  57%]  loss=2.5924 ppl=13.4 lr=7.96e-05 | 51262 tok/s (avg 49290) ETA 435m24s | gtok=1,712,332,800 | GPU 1.3/55.7GB
step 46500 [46500/81380  57%]  loss=2.5540 ppl=12.9 lr=7.94e-05 | 51620 tok/s (avg 49293) ETA 434m45s | gtok=1,714,176,000 | GPU 1.3/55.7GB
step 46550 [46550/81380  57%]  loss=2.8199 ppl=16.8 lr=7.92e-05 | 51793 tok/s (avg 49295) ETA 434m06s | gtok=1,716,019,200 | GPU 1.3/55.7GB
step 46600 [46600/81380  57%]  loss=3.0355 ppl=20.8 lr=7.90e-05 | 51485 tok/s (avg 49297) ETA 433m28s | gtok=1,717,862,400 | GPU 1.3/55.7GB
step 46650 [46650/81380  57%]  loss=2.9562 ppl=19.2 lr=7.88e-05 | 51820 tok/s (avg 49300) ETA 432m49s | gtok=1,719,705,600 | GPU 1.3/55.7GB
step 46700 [46700/81380  57%]  loss=2.9554 ppl=19.2 lr=7.86e-05 | 14540 tok/s (avg 49174) ETA 433m18s | gtok=1,721,548,800 | GPU 1.3/55.7GB
step 46750 [46750/81380  57%]  loss=2.6788 ppl=14.6 lr=7.84e-05 | 51467 tok/s (avg 49177) ETA 432m39s | gtok=1,723,392,000 | GPU 1.3/55.7GB
step 46800 [46800/81380  58%]  loss=3.3313 ppl=28.0 lr=7.82e-05 | 51642 tok/s (avg 49179) ETA 432m00s | gtok=1,725,235,200 | GPU 1.3/55.7GB
step 46850 [46850/81380  58%]  loss=2.9101 ppl=18.4 lr=7.81e-05 | 51731 tok/s (avg 49182) ETA 431m21s | gtok=1,727,078,400 | GPU 1.3/55.7GB
step 46900 [46900/81380  58%]  loss=2.5922 ppl=13.4 lr=7.79e-05 | 51320 tok/s (avg 49184) ETA 430m43s | gtok=1,728,921,600 | GPU 1.3/55.7GB
step 46950 [46950/81380  58%]  loss=2.8682 ppl=17.6 lr=7.77e-05 | 51709 tok/s (avg 49186) ETA 430m04s | gtok=1,730,764,800 | GPU 1.3/55.7GB
step 47000 [47000/81380  58%]  loss=2.5408 ppl=12.7 lr=7.75e-05 | 51429 tok/s (avg 49189) ETA 429m25s | gtok=1,732,608,000 | GPU 1.3/55.7GB
  [checkpoint] step 47000 -> checkpoints_v13_sempty/mix3b_delta_answ100_1c913ef/latest.pt
step 47050 [47050/81380  58%]  loss=2.8351 ppl=17.0 lr=7.73e-05 | 49162 tok/s (avg 49189) ETA 428m48s | gtok=1,734,451,200 | GPU 1.3/55.7GB
step 47100 [47100/81380  58%]  loss=2.8763 ppl=17.7 lr=7.71e-05 | 51745 tok/s (avg 49191) ETA 428m09s | gtok=1,736,294,400 | GPU 1.3/55.7GB
step 47150 [47150/81380  58%]  loss=2.8177 ppl=16.7 lr=7.69e-05 | 51433 tok/s (avg 49193) ETA 427m30s | gtok=1,738,137,600 | GPU 1.3/55.7GB
step 47200 [47200/81380  58%]  loss=2.9367 ppl=18.9 lr=7.67e-05 | 51741 tok/s (avg 49196) ETA 426m52s | gtok=1,739,980,800 | GPU 1.3/55.7GB
step 47250 [47250/81380  58%]  loss=2.9646 ppl=19.4 lr=7.65e-05 | 51710 tok/s (avg 49199) ETA 426m13s | gtok=1,741,824,000 | GPU 1.3/55.7GB
step 47300 [47300/81380  58%]  loss=2.6324 ppl=13.9 lr=7.63e-05 | 51449 tok/s (avg 49201) ETA 425m34s | gtok=1,743,667,200 | GPU 1.3/55.7GB
step 47350 [47350/81380  58%]  loss=2.5979 ppl=13.4 lr=7.62e-05 | 51754 tok/s (avg 49203) ETA 424m55s | gtok=1,745,510,400 | GPU 1.3/55.7GB
step 47400 [47400/81380  58%]  loss=2.9203 ppl=18.5 lr=7.60e-05 | 51774 tok/s (avg 49206) ETA 424m17s | gtok=1,747,353,600 | GPU 1.3/55.7GB
step 47450 [47450/81380  58%]  loss=3.1346 ppl=23.0 lr=7.58e-05 | 51251 tok/s (avg 49208) ETA 423m38s | gtok=1,749,196,800 | GPU 1.3/55.7GB
step 47500 [47500/81380  58%]  loss=2.4499 ppl=11.6 lr=7.56e-05 | 51547 tok/s (avg 49210) ETA 422m59s | gtok=1,751,040,000 | GPU 1.3/55.7GB
step 47550 [47550/81380  58%]  loss=2.8158 ppl=16.7 lr=7.54e-05 | 51475 tok/s (avg 49213) ETA 422m21s | gtok=1,752,883,200 | GPU 1.3/55.7GB
step 47600 [47600/81380  58%]  loss=2.9746 ppl=19.6 lr=7.52e-05 | 51159 tok/s (avg 49215) ETA 421m42s | gtok=1,754,726,400 | GPU 1.3/55.7GB
step 47650 [47650/81380  59%]  loss=2.9986 ppl=20.1 lr=7.50e-05 | 51528 tok/s (avg 49217) ETA 421m04s | gtok=1,756,569,600 | GPU 1.3/55.7GB
step 47700 [47700/81380  59%]  loss=2.7428 ppl=15.5 lr=7.48e-05 | 51453 tok/s (avg 49219) ETA 420m25s | gtok=1,758,412,800 | GPU 1.3/55.7GB
step 47750 [47750/81380  59%]  loss=2.7066 ppl=15.0 lr=7.46e-05 | 51328 tok/s (avg 49221) ETA 419m46s | gtok=1,760,256,000 | GPU 1.3/55.7GB
step 47800 [47800/81380  59%]  loss=2.8455 ppl=17.2 lr=7.45e-05 | 51727 tok/s (avg 49224) ETA 419m08s | gtok=1,762,099,200 | GPU 1.3/55.7GB
step 47850 [47850/81380  59%]  loss=2.9369 ppl=18.9 lr=7.43e-05 | 51356 tok/s (avg 49226) ETA 418m29s | gtok=1,763,942,400 | GPU 1.3/55.7GB
step 47900 [47900/81380  59%]  loss=2.6988 ppl=14.9 lr=7.41e-05 | 51747 tok/s (avg 49228) ETA 417m51s | gtok=1,765,785,600 | GPU 1.3/55.7GB
step 47950 [47950/81380  59%]  loss=2.8926 ppl=18.0 lr=7.39e-05 | 51738 tok/s (avg 49231) ETA 417m12s | gtok=1,767,628,800 | GPU 1.3/55.7GB
step 48000 [48000/81380  59%]  loss=2.9124 ppl=18.4 lr=7.37e-05 | 51478 tok/s (avg 49233) ETA 416m33s | gtok=1,769,472,000 | GPU 1.3/55.7GB
  [checkpoint] step 48000 -> checkpoints_v13_sempty/mix3b_delta_answ100_1c913ef/best_model.pt
  [val @ step 48000] val_loss=3.3538 val_ppl=28.61 *best* (best 28.61)
  [wiki_val @ step 48000] val_loss=4.1043 val_ppl=60.60
  [checkpoint] step 48000 -> checkpoints_v13_sempty/mix3b_delta_answ100_1c913ef/latest.pt
  [diag] step 48000 cgu=+0.18 +0.23 +0.21 +0.25 +0.28 +0.39 +0.45 +0.50 +0.57 +0.64 +0.70 +0.79 +0.90 +1.00 +1.06 +1.42  pam=+0.04 +0.09 +0.07 +0.11 +0.17 +0.16 +0.18 +0.21 +0.23 +0.24 +0.24 +0.29 +0.39 +0.31 +0.52 +0.34
  [diag] dtbias=-3.95 -3.93 -4.00 -3.96 -3.98 -3.96 -3.93 -4.06 -3.98 -3.97 -3.99 -3.96 -3.91 -3.95 -4.03 -3.90  ret=0.89 0.81 0.88 0.83 0.86 0.82 0.86 0.97 0.93 0.84 0.89 0.86 0.77 0.77 0.96 0.67
  [diag] dtbias/head(layer-mean)=-3.98 -3.98 -3.93 -3.95 -3.99 -3.96
  [diag] gnorm=1.0e-01 7.8e-02 5.3e-02 6.8e-02 1.0e-01 7.6e-02 6.9e-02 7.2e-02 7.2e-02 8.8e-02 9.0e-02 9.4e-02 9.0e-02 9.9e-02 1.4e-01 1.1e-01  wnorm=80.0 83.2 84.7 84.9 85.5 85.9 86.3 86.2 86.5 86.7 86.7 86.8 87.4 88.0 88.4 88.5
step 48050 [48050/81380  59%]  loss=2.9569 ppl=19.2 lr=7.35e-05 | 23183 tok/s (avg 49176) ETA 416m25s | gtok=1,771,315,200 | GPU 1.3/55.7GB
step 48100 [48100/81380  59%]  loss=3.0384 ppl=20.9 lr=7.33e-05 | 51456 tok/s (avg 49178) ETA 415m46s | gtok=1,773,158,400 | GPU 1.3/55.7GB
step 48150 [48150/81380  59%]  loss=2.9765 ppl=19.6 lr=7.31e-05 | 51736 tok/s (avg 49180) ETA 415m08s | gtok=1,775,001,600 | GPU 1.3/55.7GB
step 48200 [48200/81380  59%]  loss=3.3505 ppl=28.5 lr=7.29e-05 | 51766 tok/s (avg 49183) ETA 414m29s | gtok=1,776,844,800 | GPU 1.3/55.7GB
step 48250 [48250/81380  59%]  loss=2.8379 ppl=17.1 lr=7.28e-05 | 51394 tok/s (avg 49185) ETA 413m50s | gtok=1,778,688,000 | GPU 1.3/55.7GB
step 48300 [48300/81380  59%]  loss=2.7809 ppl=16.1 lr=7.26e-05 | 51738 tok/s (avg 49188) ETA 413m11s | gtok=1,780,531,200 | GPU 1.3/55.7GB
step 48350 [48350/81380  59%]  loss=2.6552 ppl=14.2 lr=7.24e-05 | 51852 tok/s (avg 49190) ETA 412m33s | gtok=1,782,374,400 | GPU 1.3/55.7GB
step 48400 [48400/81380  59%]  loss=2.9562 ppl=19.2 lr=7.22e-05 | 51434 tok/s (avg 49193) ETA 411m54s | gtok=1,784,217,600 | GPU 1.3/55.7GB
step 48450 [48450/81380  60%]  loss=2.8606 ppl=17.5 lr=7.20e-05 | 51735 tok/s (avg 49195) ETA 411m15s | gtok=1,786,060,800 | GPU 1.3/55.7GB
step 48500 [48500/81380  60%]  loss=3.1652 ppl=23.7 lr=7.18e-05 | 51598 tok/s (avg 49197) ETA 410m37s | gtok=1,787,904,000 | GPU 1.3/55.7GB
step 48550 [48550/81380  60%]  loss=2.9035 ppl=18.2 lr=7.16e-05 | 51432 tok/s (avg 49200) ETA 409m58s | gtok=1,789,747,200 | GPU 1.3/55.7GB
step 48600 [48600/81380  60%]  loss=2.9316 ppl=18.8 lr=7.14e-05 | 51741 tok/s (avg 49202) ETA 409m19s | gtok=1,791,590,400 | GPU 1.3/55.7GB
step 48650 [48650/81380  60%]  loss=2.7284 ppl=15.3 lr=7.13e-05 | 51415 tok/s (avg 49204) ETA 408m41s | gtok=1,793,433,600 | GPU 1.3/55.7GB
step 48700 [48700/81380  60%]  loss=2.9730 ppl=19.6 lr=7.11e-05 | 51698 tok/s (avg 49207) ETA 408m02s | gtok=1,795,276,800 | GPU 1.3/55.7GB
step 48750 [48750/81380  60%]  loss=2.5657 ppl=13.0 lr=7.09e-05 | 51720 tok/s (avg 49209) ETA 407m24s | gtok=1,797,120,000 | GPU 1.3/55.7GB
step 48800 [48800/81380  60%]  loss=3.1222 ppl=22.7 lr=7.07e-05 | 51421 tok/s (avg 49211) ETA 406m45s | gtok=1,798,963,200 | GPU 1.3/55.7GB
step 48850 [48850/81380  60%]  loss=2.8586 ppl=17.4 lr=7.05e-05 | 51718 tok/s (avg 49214) ETA 406m06s | gtok=1,800,806,400 | GPU 1.3/55.7GB
step 48900 [48900/81380  60%]  loss=3.0886 ppl=21.9 lr=7.03e-05 | 51684 tok/s (avg 49216) ETA 405m28s | gtok=1,802,649,600 | GPU 1.3/55.7GB
step 48950 [48950/81380  60%]  loss=2.9174 ppl=18.5 lr=7.01e-05 | 51468 tok/s (avg 49218) ETA 404m49s | gtok=1,804,492,800 | GPU 1.3/55.7GB
step 49000 [49000/81380  60%]  loss=2.7781 ppl=16.1 lr=6.99e-05 | 51770 tok/s (avg 49221) ETA 404m11s | gtok=1,806,336,000 | GPU 1.3/55.7GB
  [checkpoint] step 49000 -> checkpoints_v13_sempty/mix3b_delta_answ100_1c913ef/latest.pt
step 49050 [49050/81380  60%]  loss=2.9699 ppl=19.5 lr=6.98e-05 | 49167 tok/s (avg 49221) ETA 403m33s | gtok=1,808,179,200 | GPU 1.3/55.7GB
step 49100 [49100/81380  60%]  loss=2.4689 ppl=11.8 lr=6.96e-05 | 51446 tok/s (avg 49223) ETA 402m55s | gtok=1,810,022,400 | GPU 1.3/55.7GB
step 49150 [49150/81380  60%]  loss=2.5560 ppl=12.9 lr=6.94e-05 | 45788 tok/s (avg 49219) ETA 402m19s | gtok=1,811,865,600 | GPU 1.3/55.7GB
step 49200 [49200/81380  60%]  loss=2.9006 ppl=18.2 lr=6.92e-05 | 51633 tok/s (avg 49222) ETA 401m40s | gtok=1,813,708,800 | GPU 1.3/55.7GB
step 49250 [49250/81380  61%]  loss=2.9425 ppl=19.0 lr=6.90e-05 | 51429 tok/s (avg 49224) ETA 401m02s | gtok=1,815,552,000 | GPU 1.3/55.7GB
step 49300 [49300/81380  61%]  loss=2.5151 ppl=12.4 lr=6.88e-05 | 51736 tok/s (avg 49226) ETA 400m23s | gtok=1,817,395,200 | GPU 1.3/55.7GB
step 49350 [49350/81380  61%]  loss=2.8207 ppl=16.8 lr=6.86e-05 | 51425 tok/s (avg 49228) ETA 399m45s | gtok=1,819,238,400 | GPU 1.3/55.7GB
step 49400 [49400/81380  61%]  loss=2.8162 ppl=16.7 lr=6.85e-05 | 51691 tok/s (avg 49231) ETA 399m06s | gtok=1,821,081,600 | GPU 1.3/55.7GB
step 49450 [49450/81380  61%]  loss=3.0373 ppl=20.8 lr=6.83e-05 | 51701 tok/s (avg 49233) ETA 398m28s | gtok=1,822,924,800 | GPU 1.3/55.7GB
step 49500 [49500/81380  61%]  loss=2.7608 ppl=15.8 lr=6.81e-05 | 51409 tok/s (avg 49235) ETA 397m49s | gtok=1,824,768,000 | GPU 1.3/55.7GB
step 49550 [49550/81380  61%]  loss=2.6299 ppl=13.9 lr=6.79e-05 | 51697 tok/s (avg 49237) ETA 397m11s | gtok=1,826,611,200 | GPU 1.3/55.7GB
step 49600 [49600/81380  61%]  loss=2.8601 ppl=17.5 lr=6.77e-05 | 51728 tok/s (avg 49240) ETA 396m32s | gtok=1,828,454,400 | GPU 1.3/55.7GB
step 49650 [49650/81380  61%]  loss=2.5408 ppl=12.7 lr=6.75e-05 | 51349 tok/s (avg 49242) ETA 395m54s | gtok=1,830,297,600 | GPU 1.3/55.7GB
step 49700 [49700/81380  61%]  loss=2.8984 ppl=18.1 lr=6.73e-05 | 51802 tok/s (avg 49244) ETA 395m15s | gtok=1,832,140,800 | GPU 1.3/55.7GB
step 49750 [49750/81380  61%]  loss=3.1462 ppl=23.2 lr=6.72e-05 | 51784 tok/s (avg 49247) ETA 394m36s | gtok=1,833,984,000 | GPU 1.3/55.7GB
step 49800 [49800/81380  61%]  loss=2.9875 ppl=19.8 lr=6.70e-05 | 51278 tok/s (avg 49249) ETA 393m58s | gtok=1,835,827,200 | GPU 1.3/55.7GB
step 49850 [49850/81380  61%]  loss=2.7115 ppl=15.1 lr=6.68e-05 | 51601 tok/s (avg 49251) ETA 393m19s | gtok=1,837,670,400 | GPU 1.3/55.7GB
step 49900 [49900/81380  61%]  loss=2.7930 ppl=16.3 lr=6.66e-05 | 51556 tok/s (avg 49253) ETA 392m41s | gtok=1,839,513,600 | GPU 1.3/55.7GB
step 49950 [49950/81380  61%]  loss=2.7963 ppl=16.4 lr=6.64e-05 | 51265 tok/s (avg 49255) ETA 392m03s | gtok=1,841,356,800 | GPU 1.3/55.7GB
step 50000 [50000/81380  61%]  loss=2.7683 ppl=15.9 lr=6.62e-05 | 51523 tok/s (avg 49257) ETA 391m24s | gtok=1,843,200,000 | GPU 1.3/55.7GB
  [checkpoint] step 50000 -> checkpoints_v13_sempty/mix3b_delta_answ100_1c913ef/best_model.pt
  [val @ step 50000] val_loss=3.3478 val_ppl=28.44 *best* (best 28.44)
  [wiki_val @ step 50000] val_loss=4.1023 val_ppl=60.48
  [checkpoint] step 50000 -> checkpoints_v13_sempty/mix3b_delta_answ100_1c913ef/latest.pt
  [checkpoint] step 50000 -> checkpoints_v13_sempty/mix3b_delta_answ100_1c913ef/step_050000.pt
  [checkpoint] pruned step_040000.pt
  [diag] step 50000 cgu=+0.18 +0.23 +0.22 +0.26 +0.28 +0.39 +0.44 +0.50 +0.57 +0.64 +0.70 +0.79 +0.90 +1.01 +1.07 +1.42  pam=+0.04 +0.09 +0.07 +0.11 +0.17 +0.16 +0.18 +0.21 +0.23 +0.24 +0.25 +0.30 +0.39 +0.31 +0.52 +0.34
  [diag] dtbias=-3.95 -3.93 -4.00 -3.96 -3.98 -3.96 -3.93 -4.06 -3.98 -3.97 -3.99 -3.96 -3.91 -3.95 -4.03 -3.90  ret=0.89 0.81 0.88 0.83 0.86 0.83 0.86 0.97 0.92 0.85 0.89 0.85 0.77 0.76 0.96 0.67
  [diag] dtbias/head(layer-mean)=-3.97 -3.98 -3.93 -3.95 -3.99 -3.96
  [diag] gnorm=8.2e-02 6.6e-02 5.2e-02 7.5e-02 8.1e-02 7.4e-02 6.9e-02 7.2e-02 7.2e-02 8.6e-02 9.3e-02 9.1e-02 8.8e-02 9.0e-02 1.4e-01 1.1e-01  wnorm=80.2 83.4 84.8 85.0 85.6 86.1 86.4 86.4 86.6 86.8 86.9 86.9 87.6 88.1 88.5 88.6
step 50050 [50050/81380  62%]  loss=3.0167 ppl=20.4 lr=6.61e-05 | 23045 tok/s (avg 49201) ETA 391m13s | gtok=1,845,043,200 | GPU 1.3/55.7GB
step 50100 [50100/81380  62%]  loss=2.9101 ppl=18.4 lr=6.59e-05 | 51590 tok/s (avg 49204) ETA 390m35s | gtok=1,846,886,400 | GPU 1.3/55.7GB
step 50150 [50150/81380  62%]  loss=3.0006 ppl=20.1 lr=6.57e-05 | 51235 tok/s (avg 49206) ETA 389m56s | gtok=1,848,729,600 | GPU 1.3/55.7GB
step 50200 [50200/81380  62%]  loss=2.6553 ppl=14.2 lr=6.55e-05 | 51514 tok/s (avg 49208) ETA 389m18s | gtok=1,850,572,800 | GPU 1.3/55.7GB
step 50250 [50250/81380  62%]  loss=2.8325 ppl=17.0 lr=6.53e-05 | 51661 tok/s (avg 49210) ETA 388m39s | gtok=1,852,416,000 | GPU 1.3/55.7GB
step 50300 [50300/81380  62%]  loss=2.7117 ppl=15.1 lr=6.51e-05 | 51207 tok/s (avg 49212) ETA 388m01s | gtok=1,854,259,200 | GPU 1.3/55.7GB
step 50350 [50350/81380  62%]  loss=2.7018 ppl=14.9 lr=6.50e-05 | 51504 tok/s (avg 49214) ETA 387m23s | gtok=1,856,102,400 | GPU 1.3/55.7GB
step 50400 [50400/81380  62%]  loss=2.8600 ppl=17.5 lr=6.48e-05 | 51671 tok/s (avg 49217) ETA 386m44s | gtok=1,857,945,600 | GPU 1.3/55.7GB
step 50450 [50450/81380  62%]  loss=3.1964 ppl=24.4 lr=6.46e-05 | 51223 tok/s (avg 49218) ETA 386m06s | gtok=1,859,788,800 | GPU 1.3/55.7GB
step 50500 [50500/81380  62%]  loss=3.1097 ppl=22.4 lr=6.44e-05 | 51504 tok/s (avg 49221) ETA 385m27s | gtok=1,861,632,000 | GPU 1.3/55.7GB
step 50550 [50550/81380  62%]  loss=2.7000 ppl=14.9 lr=6.42e-05 | 51779 tok/s (avg 49223) ETA 384m49s | gtok=1,863,475,200 | GPU 1.3/55.7GB
step 50600 [50600/81380  62%]  loss=2.5401 ppl=12.7 lr=6.40e-05 | 51355 tok/s (avg 49225) ETA 384m10s | gtok=1,865,318,400 | GPU 1.3/55.7GB
step 50650 [50650/81380  62%]  loss=2.8958 ppl=18.1 lr=6.39e-05 | 51723 tok/s (avg 49227) ETA 383m32s | gtok=1,867,161,600 | GPU 1.3/55.7GB
step 50700 [50700/81380  62%]  loss=2.8260 ppl=16.9 lr=6.37e-05 | 51745 tok/s (avg 49230) ETA 382m53s | gtok=1,869,004,800 | GPU 1.3/55.7GB
step 50750 [50750/81380  62%]  loss=2.7019 ppl=14.9 lr=6.35e-05 | 51399 tok/s (avg 49232) ETA 382m15s | gtok=1,870,848,000 | GPU 1.3/55.7GB
step 50800 [50800/81380  62%]  loss=2.9321 ppl=18.8 lr=6.33e-05 | 51713 tok/s (avg 49234) ETA 381m36s | gtok=1,872,691,200 | GPU 1.3/55.7GB
step 50850 [50850/81380  62%]  loss=3.1024 ppl=22.3 lr=6.31e-05 | 51497 tok/s (avg 49236) ETA 380m58s | gtok=1,874,534,400 | GPU 1.3/55.7GB
step 50900 [50900/81380  63%]  loss=2.5340 ppl=12.6 lr=6.30e-05 | 51362 tok/s (avg 49238) ETA 380m19s | gtok=1,876,377,600 | GPU 1.3/55.7GB
step 50950 [50950/81380  63%]  loss=3.0866 ppl=21.9 lr=6.28e-05 | 51755 tok/s (avg 49241) ETA 379m41s | gtok=1,878,220,800 | GPU 1.3/55.7GB
step 51000 [51000/81380  63%]  loss=2.8309 ppl=17.0 lr=6.26e-05 | 51354 tok/s (avg 49243) ETA 379m03s | gtok=1,880,064,000 | GPU 1.3/55.7GB
  [checkpoint] step 51000 -> checkpoints_v13_sempty/mix3b_delta_answ100_1c913ef/latest.pt
step 51050 [51050/81380  63%]  loss=2.7058 ppl=15.0 lr=6.24e-05 | 49167 tok/s (avg 49242) ETA 378m25s | gtok=1,881,907,200 | GPU 1.3/55.7GB
step 51100 [51100/81380  63%]  loss=2.6099 ppl=13.6 lr=6.22e-05 | 51714 tok/s (avg 49245) ETA 377m47s | gtok=1,883,750,400 | GPU 1.3/55.7GB
step 51150 [51150/81380  63%]  loss=2.9486 ppl=19.1 lr=6.20e-05 | 51436 tok/s (avg 49247) ETA 377m08s | gtok=1,885,593,600 | GPU 1.3/55.7GB
step 51200 [51200/81380  63%]  loss=2.6924 ppl=14.8 lr=6.19e-05 | 51713 tok/s (avg 49249) ETA 376m30s | gtok=1,887,436,800 | GPU 1.3/55.7GB
step 51250 [51250/81380  63%]  loss=2.7783 ppl=16.1 lr=6.17e-05 | 51744 tok/s (avg 49251) ETA 375m51s | gtok=1,889,280,000 | GPU 1.3/55.7GB
step 51300 [51300/81380  63%]  loss=3.0353 ppl=20.8 lr=6.15e-05 | 51441 tok/s (avg 49253) ETA 375m13s | gtok=1,891,123,200 | GPU 1.3/55.7GB
step 51350 [51350/81380  63%]  loss=2.9309 ppl=18.7 lr=6.13e-05 | 51736 tok/s (avg 49256) ETA 374m35s | gtok=1,892,966,400 | GPU 1.3/55.7GB
step 51400 [51400/81380  63%]  loss=2.7279 ppl=15.3 lr=6.11e-05 | 51702 tok/s (avg 49258) ETA 373m56s | gtok=1,894,809,600 | GPU 1.3/55.7GB
step 51450 [51450/81380  63%]  loss=2.9760 ppl=19.6 lr=6.10e-05 | 51382 tok/s (avg 49260) ETA 373m18s | gtok=1,896,652,800 | GPU 1.3/55.7GB
step 51500 [51500/81380  63%]  loss=2.8558 ppl=17.4 lr=6.08e-05 | 51745 tok/s (avg 49262) ETA 372m39s | gtok=1,898,496,000 | GPU 1.3/55.7GB
step 51550 [51550/81380  63%]  loss=2.9365 ppl=18.9 lr=6.06e-05 | 51700 tok/s (avg 49265) ETA 372m01s | gtok=1,900,339,200 | GPU 1.3/55.7GB
step 51600 [51600/81380  63%]  loss=2.8147 ppl=16.7 lr=6.04e-05 | 45062 tok/s (avg 49260) ETA 371m25s | gtok=1,902,182,400 | GPU 1.3/55.7GB
step 51650 [51650/81380  63%]  loss=2.7547 ppl=15.7 lr=6.02e-05 | 51560 tok/s (avg 49262) ETA 370m47s | gtok=1,904,025,600 | GPU 1.3/55.7GB
step 51700 [51700/81380  64%]  loss=2.8203 ppl=16.8 lr=6.01e-05 | 51247 tok/s (avg 49264) ETA 370m09s | gtok=1,905,868,800 | GPU 1.3/55.7GB
step 51750 [51750/81380  64%]  loss=2.9195 ppl=18.5 lr=5.99e-05 | 51469 tok/s (avg 49266) ETA 369m31s | gtok=1,907,712,000 | GPU 1.3/55.7GB
step 51800 [51800/81380  64%]  loss=2.6412 ppl=14.0 lr=5.97e-05 | 51547 tok/s (avg 49268) ETA 368m52s | gtok=1,909,555,200 | GPU 1.3/55.7GB
step 51850 [51850/81380  64%]  loss=2.8960 ppl=18.1 lr=5.95e-05 | 51252 tok/s (avg 49270) ETA 368m14s | gtok=1,911,398,400 | GPU 1.3/55.7GB
step 51900 [51900/81380  64%]  loss=2.6265 ppl=13.8 lr=5.94e-05 | 51400 tok/s (avg 49272) ETA 367m36s | gtok=1,913,241,600 | GPU 1.3/55.7GB
step 51950 [51950/81380  64%]  loss=2.6407 ppl=14.0 lr=5.92e-05 | 51438 tok/s (avg 49274) ETA 366m57s | gtok=1,915,084,800 | GPU 1.3/55.7GB
step 52000 [52000/81380  64%]  loss=2.8336 ppl=17.0 lr=5.90e-05 | 51294 tok/s (avg 49276) ETA 366m19s | gtok=1,916,928,000 | GPU 1.3/55.7GB
  [checkpoint] step 52000 -> checkpoints_v13_sempty/mix3b_delta_answ100_1c913ef/best_model.pt
  [val @ step 52000] val_loss=3.3324 val_ppl=28.00 *best* (best 28.00)
  [wiki_val @ step 52000] val_loss=4.0811 val_ppl=59.21
  [checkpoint] step 52000 -> checkpoints_v13_sempty/mix3b_delta_answ100_1c913ef/latest.pt
  [diag] step 52000 cgu=+0.18 +0.23 +0.22 +0.26 +0.28 +0.39 +0.45 +0.50 +0.58 +0.64 +0.70 +0.79 +0.91 +1.01 +1.07 +1.43  pam=+0.04 +0.09 +0.07 +0.11 +0.17 +0.16 +0.18 +0.21 +0.23 +0.24 +0.25 +0.30 +0.39 +0.31 +0.52 +0.35
  [diag] dtbias=-3.95 -3.93 -4.00 -3.96 -3.98 -3.96 -3.93 -4.06 -3.98 -3.97 -3.99 -3.96 -3.91 -3.95 -4.03 -3.90  ret=0.89 0.80 0.88 0.83 0.86 0.82 0.85 0.97 0.92 0.84 0.89 0.85 0.76 0.76 0.96 0.66
  [diag] dtbias/head(layer-mean)=-3.97 -3.98 -3.93 -3.95 -3.99 -3.96
  [diag] gnorm=1.3e-01 9.1e-02 6.5e-02 7.0e-02 9.2e-02 8.3e-02 7.6e-02 8.5e-02 7.9e-02 9.2e-02 1.0e-01 9.8e-02 9.5e-02 1.2e-01 1.5e-01 1.2e-01  wnorm=80.4 83.5 84.9 85.1 85.7 86.2 86.6 86.5 86.7 87.0 87.0 87.0 87.7 88.2 88.7 88.7
step 52050 [52050/81380  64%]  loss=3.0456 ppl=21.0 lr=5.88e-05 | 21788 tok/s (avg 49216) ETA 366m08s | gtok=1,918,771,200 | GPU 1.3/55.7GB
step 52100 [52100/81380  64%]  loss=2.8071 ppl=16.6 lr=5.86e-05 | 50900 tok/s (avg 49218) ETA 365m30s | gtok=1,920,614,400 | GPU 1.3/55.7GB
step 52150 [52150/81380  64%]  loss=2.9117 ppl=18.4 lr=5.85e-05 | 51117 tok/s (avg 49220) ETA 364m52s | gtok=1,922,457,600 | GPU 1.3/55.7GB
step 52200 [52200/81380  64%]  loss=3.0114 ppl=20.3 lr=5.83e-05 | 51211 tok/s (avg 49221) ETA 364m14s | gtok=1,924,300,800 | GPU 1.3/55.7GB
step 52250 [52250/81380  64%]  loss=2.9287 ppl=18.7 lr=5.81e-05 | 51151 tok/s (avg 49223) ETA 363m35s | gtok=1,926,144,000 | GPU 1.3/55.7GB
step 52300 [52300/81380  64%]  loss=2.7335 ppl=15.4 lr=5.79e-05 | 51408 tok/s (avg 49225) ETA 362m57s | gtok=1,927,987,200 | GPU 1.3/55.7GB
step 52350 [52350/81380  64%]  loss=2.7764 ppl=16.1 lr=5.78e-05 | 51398 tok/s (avg 49227) ETA 362m19s | gtok=1,929,830,400 | GPU 1.3/55.7GB
step 52400 [52400/81380  64%]  loss=2.6354 ppl=13.9 lr=5.76e-05 | 51116 tok/s (avg 49229) ETA 361m41s | gtok=1,931,673,600 | GPU 1.3/55.7GB
step 52450 [52450/81380  64%]  loss=2.6738 ppl=14.5 lr=5.74e-05 | 51446 tok/s (avg 49231) ETA 361m02s | gtok=1,933,516,800 | GPU 1.3/55.7GB
step 52500 [52500/81380  65%]  loss=2.8382 ppl=17.1 lr=5.72e-05 | 51422 tok/s (avg 49233) ETA 360m24s | gtok=1,935,360,000 | GPU 1.3/55.7GB
step 52550 [52550/81380  65%]  loss=2.9738 ppl=19.6 lr=5.70e-05 | 51124 tok/s (avg 49235) ETA 359m46s | gtok=1,937,203,200 | GPU 1.3/55.7GB
step 52600 [52600/81380  65%]  loss=2.8948 ppl=18.1 lr=5.69e-05 | 51388 tok/s (avg 49237) ETA 359m07s | gtok=1,939,046,400 | GPU 1.3/55.7GB
step 52650 [52650/81380  65%]  loss=2.8275 ppl=16.9 lr=5.67e-05 | 51082 tok/s (avg 49238) ETA 358m29s | gtok=1,940,889,600 | GPU 1.3/55.7GB
step 52700 [52700/81380  65%]  loss=2.7885 ppl=16.3 lr=5.65e-05 | 51386 tok/s (avg 49240) ETA 357m51s | gtok=1,942,732,800 | GPU 1.3/55.7GB
step 52750 [52750/81380  65%]  loss=2.6522 ppl=14.2 lr=5.63e-05 | 51483 tok/s (avg 49242) ETA 357m13s | gtok=1,944,576,000 | GPU 1.3/55.7GB
step 52800 [52800/81380  65%]  loss=2.5903 ppl=13.3 lr=5.62e-05 | 51192 tok/s (avg 49244) ETA 356m34s | gtok=1,946,419,200 | GPU 1.3/55.7GB
step 52850 [52850/81380  65%]  loss=2.7729 ppl=16.0 lr=5.60e-05 | 51409 tok/s (avg 49246) ETA 355m56s | gtok=1,948,262,400 | GPU 1.3/55.7GB
step 52900 [52900/81380  65%]  loss=2.6617 ppl=14.3 lr=5.58e-05 | 51430 tok/s (avg 49248) ETA 355m18s | gtok=1,950,105,600 | GPU 1.3/55.7GB
step 52950 [52950/81380  65%]  loss=3.1513 ppl=23.4 lr=5.56e-05 | 51136 tok/s (avg 49250) ETA 354m40s | gtok=1,951,948,800 | GPU 1.3/55.7GB
step 53000 [53000/81380  65%]  loss=2.8191 ppl=16.8 lr=5.55e-05 | 51498 tok/s (avg 49252) ETA 354m01s | gtok=1,953,792,000 | GPU 1.3/55.7GB
  [checkpoint] step 53000 -> checkpoints_v13_sempty/mix3b_delta_answ100_1c913ef/latest.pt
step 53050 [53050/81380  65%]  loss=2.8035 ppl=16.5 lr=5.53e-05 | 48991 tok/s (avg 49252) ETA 353m24s | gtok=1,955,635,200 | GPU 1.3/55.7GB
step 53100 [53100/81380  65%]  loss=3.0220 ppl=20.5 lr=5.51e-05 | 51222 tok/s (avg 49253) ETA 352m46s | gtok=1,957,478,400 | GPU 1.3/55.7GB
step 53150 [53150/81380  65%]  loss=2.9014 ppl=18.2 lr=5.49e-05 | 51503 tok/s (avg 49255) ETA 352m08s | gtok=1,959,321,600 | GPU 1.3/55.7GB
step 53200 [53200/81380  65%]  loss=2.7224 ppl=15.2 lr=5.48e-05 | 51476 tok/s (avg 49257) ETA 351m29s | gtok=1,961,164,800 | GPU 1.3/55.7GB
step 53250 [53250/81380  65%]  loss=2.8544 ppl=17.4 lr=5.46e-05 | 51193 tok/s (avg 49259) ETA 350m51s | gtok=1,963,008,000 | GPU 1.3/55.7GB
step 53300 [53300/81380  65%]  loss=2.5823 ppl=13.2 lr=5.44e-05 | 51423 tok/s (avg 49261) ETA 350m13s | gtok=1,964,851,200 | GPU 1.3/55.7GB
step 53350 [53350/81380  66%]  loss=2.9744 ppl=19.6 lr=5.42e-05 | 51477 tok/s (avg 49263) ETA 349m35s | gtok=1,966,694,400 | GPU 1.3/55.7GB
step 53400 [53400/81380  66%]  loss=2.8121 ppl=16.6 lr=5.41e-05 | 50911 tok/s (avg 49264) ETA 348m57s | gtok=1,968,537,600 | GPU 1.3/55.7GB
step 53450 [53450/81380  66%]  loss=2.8798 ppl=17.8 lr=5.39e-05 | 51240 tok/s (avg 49266) ETA 348m18s | gtok=1,970,380,800 | GPU 1.3/55.7GB
step 53500 [53500/81380  66%]  loss=2.7430 ppl=15.5 lr=5.37e-05 | 50865 tok/s (avg 49268) ETA 347m40s | gtok=1,972,224,000 | GPU 1.3/55.7GB
step 53550 [53550/81380  66%]  loss=2.7997 ppl=16.4 lr=5.35e-05 | 51319 tok/s (avg 49270) ETA 347m02s | gtok=1,974,067,200 | GPU 1.3/55.7GB
step 53600 [53600/81380  66%]  loss=2.7445 ppl=15.6 lr=5.34e-05 | 51307 tok/s (avg 49271) ETA 346m24s | gtok=1,975,910,400 | GPU 1.3/55.7GB
step 53650 [53650/81380  66%]  loss=3.1206 ppl=22.7 lr=5.32e-05 | 51218 tok/s (avg 49273) ETA 345m46s | gtok=1,977,753,600 | GPU 1.3/55.7GB
step 53700 [53700/81380  66%]  loss=3.0490 ppl=21.1 lr=5.30e-05 | 51534 tok/s (avg 49275) ETA 345m08s | gtok=1,979,596,800 | GPU 1.3/55.7GB
step 53750 [53750/81380  66%]  loss=2.9775 ppl=19.6 lr=5.29e-05 | 51420 tok/s (avg 49277) ETA 344m29s | gtok=1,981,440,000 | GPU 1.3/55.7GB
step 53800 [53800/81380  66%]  loss=2.8519 ppl=17.3 lr=5.27e-05 | 50954 tok/s (avg 49279) ETA 343m51s | gtok=1,983,283,200 | GPU 1.3/55.7GB
step 53850 [53850/81380  66%]  loss=2.7430 ppl=15.5 lr=5.25e-05 | 51369 tok/s (avg 49280) ETA 343m13s | gtok=1,985,126,400 | GPU 1.3/55.7GB
step 53900 [53900/81380  66%]  loss=2.7419 ppl=15.5 lr=5.23e-05 | 51280 tok/s (avg 49282) ETA 342m35s | gtok=1,986,969,600 | GPU 1.3/55.7GB
step 53950 [53950/81380  66%]  loss=2.7800 ppl=16.1 lr=5.22e-05 | 51067 tok/s (avg 49284) ETA 341m57s | gtok=1,988,812,800 | GPU 1.3/55.7GB
step 54000 [54000/81380  66%]  loss=3.0630 ppl=21.4 lr=5.20e-05 | 51302 tok/s (avg 49286) ETA 341m19s | gtok=1,990,656,000 | GPU 1.3/55.7GB
  [val @ step 54000] val_loss=3.3327 val_ppl=28.01 (best 28.00)
  [wiki_val @ step 54000] val_loss=4.0721 val_ppl=58.68
  [checkpoint] step 54000 -> checkpoints_v13_sempty/mix3b_delta_answ100_1c913ef/latest.pt
  [diag] step 54000 cgu=+0.19 +0.23 +0.22 +0.26 +0.28 +0.39 +0.45 +0.50 +0.58 +0.64 +0.70 +0.79 +0.91 +1.01 +1.07 +1.44  pam=+0.04 +0.09 +0.07 +0.11 +0.17 +0.16 +0.18 +0.21 +0.24 +0.24 +0.25 +0.30 +0.39 +0.31 +0.53 +0.35
  [diag] dtbias=-3.95 -3.93 -4.00 -3.95 -3.98 -3.96 -3.93 -4.06 -3.98 -3.96 -3.99 -3.96 -3.91 -3.95 -4.03 -3.90  ret=0.88 0.80 0.88 0.83 0.86 0.81 0.85 0.97 0.92 0.83 0.89 0.85 0.76 0.76 0.96 0.65
  [diag] dtbias/head(layer-mean)=-3.97 -3.98 -3.93 -3.95 -3.99 -3.96
  [diag] gnorm=1.1e-01 7.8e-02 5.4e-02 6.3e-02 8.2e-02 7.9e-02 7.0e-02 7.5e-02 7.6e-02 9.1e-02 9.2e-02 1.1e-01 8.8e-02 9.4e-02 1.4e-01 1.2e-01  wnorm=80.6 83.6 85.0 85.2 85.8 86.3 86.6 86.6 86.8 87.0 87.0 87.1 87.7 88.3 88.7 88.8
step 54050 [54050/81380  66%]  loss=3.0327 ppl=20.8 lr=5.18e-05 | 22126 tok/s (avg 49230) ETA 341m05s | gtok=1,992,499,200 | GPU 1.3/55.7GB
step 54100 [54100/81380  66%]  loss=2.9483 ppl=19.1 lr=5.17e-05 | 51572 tok/s (avg 49232) ETA 340m26s | gtok=1,994,342,400 | GPU 1.3/55.7GB
step 54150 [54150/81380  67%]  loss=2.7453 ppl=15.6 lr=5.15e-05 | 51550 tok/s (avg 49234) ETA 339m48s | gtok=1,996,185,600 | GPU 1.3/55.7GB
step 54200 [54200/81380  67%]  loss=2.8016 ppl=16.5 lr=5.13e-05 | 51088 tok/s (avg 49235) ETA 339m10s | gtok=1,998,028,800 | GPU 1.3/55.7GB
step 54250 [54250/81380  67%]  loss=3.0827 ppl=21.8 lr=5.11e-05 | 51328 tok/s (avg 49237) ETA 338m32s | gtok=1,999,872,000 | GPU 1.3/55.7GB
step 54300 [54300/81380  67%]  loss=2.7557 ppl=15.7 lr=5.10e-05 | 51426 tok/s (avg 49239) ETA 337m54s | gtok=2,001,715,200 | GPU 1.3/55.7GB
step 54350 [54350/81380  67%]  loss=2.9783 ppl=19.7 lr=5.08e-05 | 51144 tok/s (avg 49241) ETA 337m15s | gtok=2,003,558,400 | GPU 1.3/55.7GB
step 54400 [54400/81380  67%]  loss=2.7469 ppl=15.6 lr=5.06e-05 | 51565 tok/s (avg 49243) ETA 336m37s | gtok=2,005,401,600 | GPU 1.3/55.7GB
step 54450 [54450/81380  67%]  loss=2.7480 ppl=15.6 lr=5.05e-05 | 51250 tok/s (avg 49245) ETA 335m59s | gtok=2,007,244,800 | GPU 1.3/55.7GB
step 54500 [54500/81380  67%]  loss=2.7823 ppl=16.2 lr=5.03e-05 | 51541 tok/s (avg 49247) ETA 335m21s | gtok=2,009,088,000 | GPU 1.3/55.7GB
step 54550 [54550/81380  67%]  loss=2.5902 ppl=13.3 lr=5.01e-05 | 51503 tok/s (avg 49249) ETA 334m42s | gtok=2,010,931,200 | GPU 1.3/55.7GB
step 54600 [54600/81380  67%]  loss=2.9697 ppl=19.5 lr=5.00e-05 | 51179 tok/s (avg 49250) ETA 334m04s | gtok=2,012,774,400 | GPU 1.3/55.7GB
step 54650 [54650/81380  67%]  loss=2.5541 ppl=12.9 lr=4.98e-05 | 51521 tok/s (avg 49252) ETA 333m26s | gtok=2,014,617,600 | GPU 1.3/55.7GB
step 54700 [54700/81380  67%]  loss=2.8481 ppl=17.3 lr=4.96e-05 | 51550 tok/s (avg 49254) ETA 332m48s | gtok=2,016,460,800 | GPU 1.3/55.7GB
step 54750 [54750/81380  67%]  loss=2.9061 ppl=18.3 lr=4.94e-05 | 51225 tok/s (avg 49256) ETA 332m10s | gtok=2,018,304,000 | GPU 1.3/55.7GB
step 54800 [54800/81380  67%]  loss=2.7275 ppl=15.3 lr=4.93e-05 | 51572 tok/s (avg 49258) ETA 331m32s | gtok=2,020,147,200 | GPU 1.3/55.7GB
step 54850 [54850/81380  67%]  loss=2.8531 ppl=17.3 lr=4.91e-05 | 51592 tok/s (avg 49260) ETA 330m53s | gtok=2,021,990,400 | GPU 1.3/55.7GB
step 54900 [54900/81380  67%]  loss=2.8889 ppl=18.0 lr=4.89e-05 | 51190 tok/s (avg 49262) ETA 330m15s | gtok=2,023,833,600 | GPU 1.3/55.7GB
step 54950 [54950/81380  68%]  loss=2.9280 ppl=18.7 lr=4.88e-05 | 51500 tok/s (avg 49264) ETA 329m37s | gtok=2,025,676,800 | GPU 1.3/55.7GB
step 55000 [55000/81380  68%]  loss=2.5368 ppl=12.6 lr=4.86e-05 | 51532 tok/s (avg 49266) ETA 328m59s | gtok=2,027,520,000 | GPU 1.3/55.7GB
  [checkpoint] step 55000 -> checkpoints_v13_sempty/mix3b_delta_answ100_1c913ef/latest.pt
step 55050 [55050/81380  68%]  loss=2.8205 ppl=16.8 lr=4.84e-05 | 48851 tok/s (avg 49265) ETA 328m22s | gtok=2,029,363,200 | GPU 1.3/55.7GB
step 55100 [55100/81380  68%]  loss=2.6861 ppl=14.7 lr=4.83e-05 | 51267 tok/s (avg 49267) ETA 327m43s | gtok=2,031,206,400 | GPU 1.3/55.7GB
step 55150 [55150/81380  68%]  loss=3.0222 ppl=20.5 lr=4.81e-05 | 51487 tok/s (avg 49269) ETA 327m05s | gtok=2,033,049,600 | GPU 1.3/55.7GB
step 55200 [55200/81380  68%]  loss=2.7445 ppl=15.6 lr=4.79e-05 | 51178 tok/s (avg 49271) ETA 326m27s | gtok=2,034,892,800 | GPU 1.3/55.7GB
step 55250 [55250/81380  68%]  loss=2.5114 ppl=12.3 lr=4.78e-05 | 51442 tok/s (avg 49273) ETA 325m49s | gtok=2,036,736,000 | GPU 1.3/55.7GB
step 55300 [55300/81380  68%]  loss=2.4024 ppl=11.0 lr=4.76e-05 | 51166 tok/s (avg 49274) ETA 325m11s | gtok=2,038,579,200 | GPU 1.3/55.7GB
step 55350 [55350/81380  68%]  loss=2.8675 ppl=17.6 lr=4.74e-05 | 51557 tok/s (avg 49276) ETA 324m33s | gtok=2,040,422,400 | GPU 1.3/55.7GB
step 55400 [55400/81380  68%]  loss=2.7973 ppl=16.4 lr=4.73e-05 | 51530 tok/s (avg 49278) ETA 323m55s | gtok=2,042,265,600 | GPU 1.3/55.7GB
step 55450 [55450/81380  68%]  loss=2.6468 ppl=14.1 lr=4.71e-05 | 51194 tok/s (avg 49280) ETA 323m17s | gtok=2,044,108,800 | GPU 1.3/55.7GB
step 55500 [55500/81380  68%]  loss=2.7903 ppl=16.3 lr=4.69e-05 | 51344 tok/s (avg 49282) ETA 322m38s | gtok=2,045,952,000 | GPU 1.3/55.7GB
step 55550 [55550/81380  68%]  loss=2.9561 ppl=19.2 lr=4.68e-05 | 51235 tok/s (avg 49283) ETA 322m00s | gtok=2,047,795,200 | GPU 1.3/55.7GB
step 55600 [55600/81380  68%]  loss=2.6627 ppl=14.3 lr=4.66e-05 | 50997 tok/s (avg 49285) ETA 321m22s | gtok=2,049,638,400 | GPU 1.3/55.7GB
step 55650 [55650/81380  68%]  loss=2.7498 ppl=15.6 lr=4.64e-05 | 51277 tok/s (avg 49287) ETA 320m44s | gtok=2,051,481,600 | GPU 1.3/55.7GB
step 55700 [55700/81380  68%]  loss=2.4296 ppl=11.4 lr=4.63e-05 | 51304 tok/s (avg 49288) ETA 320m06s | gtok=2,053,324,800 | GPU 1.3/55.7GB
step 55750 [55750/81380  69%]  loss=2.8303 ppl=17.0 lr=4.61e-05 | 51028 tok/s (avg 49290) ETA 319m28s | gtok=2,055,168,000 | GPU 1.3/55.7GB
step 55800 [55800/81380  69%]  loss=2.9423 ppl=19.0 lr=4.60e-05 | 51493 tok/s (avg 49292) ETA 318m50s | gtok=2,057,011,200 | GPU 1.3/55.7GB
step 55850 [55850/81380  69%]  loss=2.7633 ppl=15.9 lr=4.58e-05 | 51527 tok/s (avg 49294) ETA 318m12s | gtok=2,058,854,400 | GPU 1.3/55.7GB
step 55900 [55900/81380  69%]  loss=2.6437 ppl=14.1 lr=4.56e-05 | 51202 tok/s (avg 49295) ETA 317m34s | gtok=2,060,697,600 | GPU 1.3/55.7GB
step 55950 [55950/81380  69%]  loss=2.8917 ppl=18.0 lr=4.55e-05 | 51352 tok/s (avg 49297) ETA 316m56s | gtok=2,062,540,800 | GPU 1.3/55.7GB
step 56000 [56000/81380  69%]  loss=2.6784 ppl=14.6 lr=4.53e-05 | 51325 tok/s (avg 49299) ETA 316m18s | gtok=2,064,384,000 | GPU 1.3/55.7GB
  [checkpoint] step 56000 -> checkpoints_v13_sempty/mix3b_delta_answ100_1c913ef/best_model.pt
  [val @ step 56000] val_loss=3.3213 val_ppl=27.70 *best* (best 27.70)
  [wiki_val @ step 56000] val_loss=4.0519 val_ppl=57.51
  [checkpoint] step 56000 -> checkpoints_v13_sempty/mix3b_delta_answ100_1c913ef/latest.pt
  [diag] step 56000 cgu=+0.19 +0.23 +0.22 +0.26 +0.29 +0.39 +0.45 +0.51 +0.58 +0.64 +0.70 +0.80 +0.91 +1.02 +1.08 +1.45  pam=+0.04 +0.09 +0.07 +0.12 +0.17 +0.16 +0.18 +0.21 +0.24 +0.24 +0.25 +0.30 +0.40 +0.32 +0.53 +0.36
  [diag] dtbias=-3.95 -3.93 -4.00 -3.95 -3.98 -3.95 -3.93 -4.06 -3.98 -3.96 -3.99 -3.96 -3.91 -3.95 -4.03 -3.90  ret=0.88 0.80 0.87 0.82 0.86 0.82 0.86 0.97 0.93 0.84 0.89 0.85 0.78 0.77 0.97 0.66
  [diag] dtbias/head(layer-mean)=-3.97 -3.98 -3.93 -3.95 -3.99 -3.96
  [diag] gnorm=1.0e-01 9.1e-02 6.2e-02 7.4e-02 1.1e-01 8.2e-02 7.4e-02 7.3e-02 7.5e-02 9.4e-02 9.4e-02 1.0e-01 8.8e-02 1.0e-01 1.5e-01 1.2e-01  wnorm=80.7 83.7 85.1 85.3 85.9 86.3 86.7 86.6 86.8 87.1 87.1 87.1 87.8 88.4 88.8 88.9
step 56050 [56050/81380  69%]  loss=2.6733 ppl=14.5 lr=4.51e-05 | 21408 tok/s (avg 49241) ETA 316m02s | gtok=2,066,227,200 | GPU 1.3/55.7GB
step 56100 [56100/81380  69%]  loss=2.9791 ppl=19.7 lr=4.50e-05 | 50884 tok/s (avg 49243) ETA 315m24s | gtok=2,068,070,400 | GPU 1.3/55.7GB
step 56150 [56150/81380  69%]  loss=2.9301 ppl=18.7 lr=4.48e-05 | 51243 tok/s (avg 49245) ETA 314m46s | gtok=2,069,913,600 | GPU 1.3/55.7GB
step 56200 [56200/81380  69%]  loss=2.7676 ppl=15.9 lr=4.46e-05 | 51208 tok/s (avg 49246) ETA 314m08s | gtok=2,071,756,800 | GPU 1.3/55.7GB
step 56250 [56250/81380  69%]  loss=2.8684 ppl=17.6 lr=4.45e-05 | 51049 tok/s (avg 49248) ETA 313m30s | gtok=2,073,600,000 | GPU 1.3/55.7GB
step 56300 [56300/81380  69%]  loss=2.7364 ppl=15.4 lr=4.43e-05 | 51330 tok/s (avg 49250) ETA 312m52s | gtok=2,075,443,200 | GPU 1.3/55.7GB
step 56350 [56350/81380  69%]  loss=2.7361 ppl=15.4 lr=4.42e-05 | 51546 tok/s (avg 49252) ETA 312m14s | gtok=2,077,286,400 | GPU 1.3/55.7GB
step 56400 [56400/81380  69%]  loss=3.0314 ppl=20.7 lr=4.40e-05 | 51206 tok/s (avg 49253) ETA 311m36s | gtok=2,079,129,600 | GPU 1.3/55.7GB
step 56450 [56450/81380  69%]  loss=2.7213 ppl=15.2 lr=4.38e-05 | 51494 tok/s (avg 49255) ETA 310m58s | gtok=2,080,972,800 | GPU 1.3/55.7GB
step 56500 [56500/81380  69%]  loss=2.8408 ppl=17.1 lr=4.37e-05 | 51525 tok/s (avg 49257) ETA 310m20s | gtok=2,082,816,000 | GPU 1.3/55.7GB
step 56550 [56550/81380  69%]  loss=2.7788 ppl=16.1 lr=4.35e-05 | 51239 tok/s (avg 49259) ETA 309m42s | gtok=2,084,659,200 | GPU 1.3/55.7GB
step 56600 [56600/81380  70%]  loss=2.4683 ppl=11.8 lr=4.33e-05 | 51513 tok/s (avg 49261) ETA 309m04s | gtok=2,086,502,400 | GPU 1.3/55.7GB
step 56650 [56650/81380  70%]  loss=2.5748 ppl=13.1 lr=4.32e-05 | 51560 tok/s (avg 49263) ETA 308m25s | gtok=2,088,345,600 | GPU 1.3/55.7GB
step 56700 [56700/81380  70%]  loss=2.8773 ppl=17.8 lr=4.30e-05 | 51186 tok/s (avg 49264) ETA 307m47s | gtok=2,090,188,800 | GPU 1.3/55.7GB
step 56750 [56750/81380  70%]  loss=2.6321 ppl=13.9 lr=4.29e-05 | 51540 tok/s (avg 49266) ETA 307m09s | gtok=2,092,032,000 | GPU 1.3/55.7GB
step 56800 [56800/81380  70%]  loss=3.0138 ppl=20.4 lr=4.27e-05 | 51492 tok/s (avg 49268) ETA 306m31s | gtok=2,093,875,200 | GPU 1.3/55.7GB
step 56850 [56850/81380  70%]  loss=2.7278 ppl=15.3 lr=4.25e-05 | 51227 tok/s (avg 49270) ETA 305m53s | gtok=2,095,718,400 | GPU 1.3/55.7GB
step 56900 [56900/81380  70%]  loss=2.8778 ppl=17.8 lr=4.24e-05 | 51591 tok/s (avg 49272) ETA 305m15s | gtok=2,097,561,600 | GPU 1.3/55.7GB
step 56950 [56950/81380  70%]  loss=2.7530 ppl=15.7 lr=4.22e-05 | 51445 tok/s (avg 49273) ETA 304m37s | gtok=2,099,404,800 | GPU 1.3/55.7GB
step 57000 [57000/81380  70%]  loss=2.8800 ppl=17.8 lr=4.21e-05 | 51112 tok/s (avg 49275) ETA 303m59s | gtok=2,101,248,000 | GPU 1.3/55.7GB
  [checkpoint] step 57000 -> checkpoints_v13_sempty/mix3b_delta_answ100_1c913ef/latest.pt
step 57050 [57050/81380  70%]  loss=2.2413 ppl=9.4 lr=4.19e-05 | 48954 tok/s (avg 49275) ETA 303m22s | gtok=2,103,091,200 | GPU 1.3/55.7GB
step 57100 [57100/81380  70%]  loss=2.8320 ppl=17.0 lr=4.17e-05 | 51135 tok/s (avg 49276) ETA 302m44s | gtok=2,104,934,400 | GPU 1.3/55.7GB
step 57150 [57150/81380  70%]  loss=2.9194 ppl=18.5 lr=4.16e-05 | 51536 tok/s (avg 49278) ETA 302m05s | gtok=2,106,777,600 | GPU 1.3/55.7GB
step 57200 [57200/81380  70%]  loss=3.1210 ppl=22.7 lr=4.14e-05 | 51622 tok/s (avg 49280) ETA 301m27s | gtok=2,108,620,800 | GPU 1.3/55.7GB
step 57250 [57250/81380  70%]  loss=2.8561 ppl=17.4 lr=4.13e-05 | 51096 tok/s (avg 49282) ETA 300m49s | gtok=2,110,464,000 | GPU 1.3/55.7GB
step 57300 [57300/81380  70%]  loss=3.0604 ppl=21.3 lr=4.11e-05 | 51460 tok/s (avg 49283) ETA 300m11s | gtok=2,112,307,200 | GPU 1.3/55.7GB
step 57350 [57350/81380  70%]  loss=3.0042 ppl=20.2 lr=4.10e-05 | 51539 tok/s (avg 49285) ETA 299m33s | gtok=2,114,150,400 | GPU 1.3/55.7GB
step 57400 [57400/81380  71%]  loss=3.0409 ppl=20.9 lr=4.08e-05 | 51251 tok/s (avg 49287) ETA 298m55s | gtok=2,115,993,600 | GPU 1.3/55.7GB
step 57450 [57450/81380  71%]  loss=3.1107 ppl=22.4 lr=4.06e-05 | 51509 tok/s (avg 49289) ETA 298m17s | gtok=2,117,836,800 | GPU 1.3/55.7GB
step 57500 [57500/81380  71%]  loss=2.6915 ppl=14.8 lr=4.05e-05 | 51570 tok/s (avg 49291) ETA 297m39s | gtok=2,119,680,000 | GPU 1.3/55.7GB
step 57550 [57550/81380  71%]  loss=2.5608 ppl=12.9 lr=4.03e-05 | 51233 tok/s (avg 49292) ETA 297m01s | gtok=2,121,523,200 | GPU 1.3/55.7GB
step 57600 [57600/81380  71%]  loss=2.7636 ppl=15.9 lr=4.02e-05 | 51537 tok/s (avg 49294) ETA 296m23s | gtok=2,123,366,400 | GPU 1.3/55.7GB
step 57650 [57650/81380  71%]  loss=2.9175 ppl=18.5 lr=4.00e-05 | 51442 tok/s (avg 49296) ETA 295m45s | gtok=2,125,209,600 | GPU 1.3/55.7GB
step 57700 [57700/81380  71%]  loss=2.9597 ppl=19.3 lr=3.99e-05 | 51188 tok/s (avg 49298) ETA 295m07s | gtok=2,127,052,800 | GPU 1.3/55.7GB
step 57750 [57750/81380  71%]  loss=3.2409 ppl=25.6 lr=3.97e-05 | 51502 tok/s (avg 49299) ETA 294m29s | gtok=2,128,896,000 | GPU 1.3/55.7GB
step 57800 [57800/81380  71%]  loss=2.8076 ppl=16.6 lr=3.95e-05 | 51202 tok/s (avg 49301) ETA 293m51s | gtok=2,130,739,200 | GPU 1.3/55.7GB
step 57850 [57850/81380  71%]  loss=2.5934 ppl=13.4 lr=3.94e-05 | 51429 tok/s (avg 49303) ETA 293m13s | gtok=2,132,582,400 | GPU 1.3/55.7GB
step 57900 [57900/81380  71%]  loss=2.9855 ppl=19.8 lr=3.92e-05 | 51512 tok/s (avg 49305) ETA 292m35s | gtok=2,134,425,600 | GPU 1.3/55.7GB
step 57950 [57950/81380  71%]  loss=2.7935 ppl=16.3 lr=3.91e-05 | 51201 tok/s (avg 49306) ETA 291m57s | gtok=2,136,268,800 | GPU 1.3/55.7GB
step 58000 [58000/81380  71%]  loss=2.9349 ppl=18.8 lr=3.89e-05 | 51520 tok/s (avg 49308) ETA 291m19s | gtok=2,138,112,000 | GPU 1.3/55.7GB
  [checkpoint] step 58000 -> checkpoints_v13_sempty/mix3b_delta_answ100_1c913ef/best_model.pt
  [val @ step 58000] val_loss=3.3093 val_ppl=27.37 *best* (best 27.37)
  [wiki_val @ step 58000] val_loss=4.0457 val_ppl=57.15
  [checkpoint] step 58000 -> checkpoints_v13_sempty/mix3b_delta_answ100_1c913ef/latest.pt
  [diag] step 58000 cgu=+0.19 +0.23 +0.22 +0.26 +0.29 +0.39 +0.45 +0.51 +0.58 +0.64 +0.71 +0.80 +0.92 +1.02 +1.08 +1.45  pam=+0.04 +0.09 +0.07 +0.12 +0.17 +0.16 +0.18 +0.22 +0.24 +0.25 +0.25 +0.30 +0.40 +0.32 +0.53 +0.36
  [diag] dtbias=-3.95 -3.93 -4.00 -3.95 -3.98 -3.95 -3.93 -4.06 -3.98 -3.96 -3.99 -3.96 -3.91 -3.95 -4.03 -3.90  ret=0.88 0.80 0.88 0.83 0.86 0.82 0.86 0.97 0.93 0.84 0.89 0.86 0.78 0.77 0.97 0.66
  [diag] dtbias/head(layer-mean)=-3.97 -3.98 -3.93 -3.95 -3.99 -3.96
  [diag] gnorm=1.1e-01 7.6e-02 5.7e-02 7.0e-02 9.6e-02 8.5e-02 7.4e-02 7.8e-02 7.7e-02 8.7e-02 9.7e-02 9.6e-02 9.1e-02 1.0e-01 1.4e-01 1.2e-01  wnorm=80.8 83.7 85.1 85.3 85.9 86.4 86.7 86.6 86.9 87.1 87.1 87.1 87.8 88.4 88.8 88.9
step 58050 [58050/81380  71%]  loss=2.7570 ppl=15.8 lr=3.88e-05 | 22933 tok/s (avg 49259) ETA 290m59s | gtok=2,139,955,200 | GPU 1.3/55.7GB
step 58100 [58100/81380  71%]  loss=2.7103 ppl=15.0 lr=3.86e-05 | 51526 tok/s (avg 49261) ETA 290m21s | gtok=2,141,798,400 | GPU 1.3/55.7GB
step 58150 [58150/81380  71%]  loss=2.9061 ppl=18.3 lr=3.85e-05 | 51517 tok/s (avg 49263) ETA 289m43s | gtok=2,143,641,600 | GPU 1.3/55.7GB
step 58200 [58200/81380  72%]  loss=2.8708 ppl=17.7 lr=3.83e-05 | 51305 tok/s (avg 49265) ETA 289m05s | gtok=2,145,484,800 | GPU 1.3/55.7GB
step 58250 [58250/81380  72%]  loss=2.7779 ppl=16.1 lr=3.82e-05 | 51532 tok/s (avg 49266) ETA 288m27s | gtok=2,147,328,000 | GPU 1.3/55.7GB
step 58300 [58300/81380  72%]  loss=2.6863 ppl=14.7 lr=3.80e-05 | 51557 tok/s (avg 49268) ETA 287m49s | gtok=2,149,171,200 | GPU 1.3/55.7GB
step 58350 [58350/81380  72%]  loss=3.1719 ppl=23.9 lr=3.78e-05 | 44704 tok/s (avg 49264) ETA 287m13s | gtok=2,151,014,400 | GPU 1.3/55.7GB
step 58400 [58400/81380  72%]  loss=2.9822 ppl=19.7 lr=3.77e-05 | 51607 tok/s (avg 49266) ETA 286m35s | gtok=2,152,857,600 | GPU 1.3/55.7GB
step 58450 [58450/81380  72%]  loss=2.6393 ppl=14.0 lr=3.75e-05 | 51568 tok/s (avg 49268) ETA 285m57s | gtok=2,154,700,800 | GPU 1.3/55.7GB
step 58500 [58500/81380  72%]  loss=2.6024 ppl=13.5 lr=3.74e-05 | 51283 tok/s (avg 49269) ETA 285m19s | gtok=2,156,544,000 | GPU 1.3/55.7GB
step 58550 [58550/81380  72%]  loss=2.5260 ppl=12.5 lr=3.72e-05 | 51649 tok/s (avg 49271) ETA 284m41s | gtok=2,158,387,200 | GPU 1.3/55.7GB
step 58600 [58600/81380  72%]  loss=2.8240 ppl=16.8 lr=3.71e-05 | 51629 tok/s (avg 49273) ETA 284m02s | gtok=2,160,230,400 | GPU 1.3/55.7GB
step 58650 [58650/81380  72%]  loss=2.7329 ppl=15.4 lr=3.69e-05 | 51293 tok/s (avg 49275) ETA 283m24s | gtok=2,162,073,600 | GPU 1.3/55.7GB
step 58700 [58700/81380  72%]  loss=2.9501 ppl=19.1 lr=3.68e-05 | 51588 tok/s (avg 49277) ETA 282m46s | gtok=2,163,916,800 | GPU 1.3/55.7GB
step 58750 [58750/81380  72%]  loss=2.8109 ppl=16.6 lr=3.66e-05 | 51165 tok/s (avg 49278) ETA 282m08s | gtok=2,165,760,000 | GPU 1.3/55.7GB
step 58800 [58800/81380  72%]  loss=2.5929 ppl=13.4 lr=3.65e-05 | 51538 tok/s (avg 49280) ETA 281m30s | gtok=2,167,603,200 | GPU 1.3/55.7GB
step 58850 [58850/81380  72%]  loss=2.8686 ppl=17.6 lr=3.63e-05 | 51520 tok/s (avg 49282) ETA 280m52s | gtok=2,169,446,400 | GPU 1.3/55.7GB
step 58900 [58900/81380  72%]  loss=2.7152 ppl=15.1 lr=3.62e-05 | 51278 tok/s (avg 49284) ETA 280m14s | gtok=2,171,289,600 | GPU 1.3/55.7GB
step 58950 [58950/81380  72%]  loss=3.1195 ppl=22.6 lr=3.60e-05 | 51485 tok/s (avg 49285) ETA 279m36s | gtok=2,173,132,800 | GPU 1.3/55.7GB
step 59000 [59000/81380  72%]  loss=2.6395 ppl=14.0 lr=3.59e-05 | 51498 tok/s (avg 49287) ETA 278m58s | gtok=2,174,976,000 | GPU 1.3/55.7GB
  [checkpoint] step 59000 -> checkpoints_v13_sempty/mix3b_delta_answ100_1c913ef/latest.pt
step 59050 [59050/81380  73%]  loss=3.0710 ppl=21.6 lr=3.57e-05 | 48773 tok/s (avg 49287) ETA 278m21s | gtok=2,176,819,200 | GPU 1.3/55.7GB
step 59100 [59100/81380  73%]  loss=2.4116 ppl=11.2 lr=3.56e-05 | 51388 tok/s (avg 49289) ETA 277m43s | gtok=2,178,662,400 | GPU 1.3/55.7GB
step 59150 [59150/81380  73%]  loss=2.7738 ppl=16.0 lr=3.54e-05 | 51498 tok/s (avg 49290) ETA 277m05s | gtok=2,180,505,600 | GPU 1.3/55.7GB
step 59200 [59200/81380  73%]  loss=2.9136 ppl=18.4 lr=3.53e-05 | 51279 tok/s (avg 49292) ETA 276m27s | gtok=2,182,348,800 | GPU 1.3/55.7GB
step 59250 [59250/81380  73%]  loss=3.0650 ppl=21.4 lr=3.51e-05 | 51667 tok/s (avg 49294) ETA 275m49s | gtok=2,184,192,000 | GPU 1.3/55.7GB
step 59300 [59300/81380  73%]  loss=2.8466 ppl=17.2 lr=3.50e-05 | 51623 tok/s (avg 49296) ETA 275m11s | gtok=2,186,035,200 | GPU 1.3/55.7GB
step 59350 [59350/81380  73%]  loss=2.6540 ppl=14.2 lr=3.48e-05 | 51328 tok/s (avg 49297) ETA 274m33s | gtok=2,187,878,400 | GPU 1.3/55.7GB
step 59400 [59400/81380  73%]  loss=3.0016 ppl=20.1 lr=3.47e-05 | 51613 tok/s (avg 49299) ETA 273m55s | gtok=2,189,721,600 | GPU 1.3/55.7GB
step 59450 [59450/81380  73%]  loss=2.6124 ppl=13.6 lr=3.45e-05 | 51658 tok/s (avg 49301) ETA 273m17s | gtok=2,191,564,800 | GPU 1.3/55.7GB
step 59500 [59500/81380  73%]  loss=2.9219 ppl=18.6 lr=3.44e-05 | 51270 tok/s (avg 49303) ETA 272m39s | gtok=2,193,408,000 | GPU 1.3/55.7GB
step 59550 [59550/81380  73%]  loss=2.5917 ppl=13.4 lr=3.42e-05 | 51625 tok/s (avg 49305) ETA 272m01s | gtok=2,195,251,200 | GPU 1.3/55.7GB
step 59600 [59600/81380  73%]  loss=2.3402 ppl=10.4 lr=3.41e-05 | 51284 tok/s (avg 49306) ETA 271m23s | gtok=2,197,094,400 | GPU 1.3/55.7GB
step 59650 [59650/81380  73%]  loss=2.7835 ppl=16.2 lr=3.39e-05 | 51557 tok/s (avg 49308) ETA 270m45s | gtok=2,198,937,600 | GPU 1.3/55.7GB
step 59700 [59700/81380  73%]  loss=2.8257 ppl=16.9 lr=3.38e-05 | 51446 tok/s (avg 49310) ETA 270m07s | gtok=2,200,780,800 | GPU 1.3/55.7GB
step 59750 [59750/81380  73%]  loss=2.6998 ppl=14.9 lr=3.37e-05 | 51263 tok/s (avg 49311) ETA 269m30s | gtok=2,202,624,000 | GPU 1.3/55.7GB
step 59800 [59800/81380  73%]  loss=2.9851 ppl=19.8 lr=3.35e-05 | 51518 tok/s (avg 49313) ETA 268m52s | gtok=2,204,467,200 | GPU 1.3/55.7GB
step 59850 [59850/81380  74%]  loss=2.7804 ppl=16.1 lr=3.34e-05 | 51515 tok/s (avg 49315) ETA 268m14s | gtok=2,206,310,400 | GPU 1.3/55.7GB
step 59900 [59900/81380  74%]  loss=3.1014 ppl=22.2 lr=3.32e-05 | 50922 tok/s (avg 49316) ETA 267m36s | gtok=2,208,153,600 | GPU 1.3/55.7GB
step 59950 [59950/81380  74%]  loss=2.5612 ppl=13.0 lr=3.31e-05 | 51262 tok/s (avg 49318) ETA 266m58s | gtok=2,209,996,800 | GPU 1.3/55.7GB
step 60000 [60000/81380  74%]  loss=3.0802 ppl=21.8 lr=3.29e-05 | 51444 tok/s (avg 49319) ETA 266m20s | gtok=2,211,840,000 | GPU 1.3/55.7GB
  [checkpoint] step 60000 -> checkpoints_v13_sempty/mix3b_delta_answ100_1c913ef/best_model.pt
  [val @ step 60000] val_loss=3.3019 val_ppl=27.16 *best* (best 27.16)
  [wiki_val @ step 60000] val_loss=4.0360 val_ppl=56.60
  [checkpoint] step 60000 -> checkpoints_v13_sempty/mix3b_delta_answ100_1c913ef/latest.pt
  [checkpoint] step 60000 -> checkpoints_v13_sempty/mix3b_delta_answ100_1c913ef/step_060000.pt
  [checkpoint] pruned step_050000.pt
  [diag] step 60000 cgu=+0.19 +0.23 +0.22 +0.27 +0.29 +0.40 +0.45 +0.51 +0.58 +0.65 +0.71 +0.80 +0.92 +1.03 +1.09 +1.46  pam=+0.04 +0.09 +0.07 +0.12 +0.18 +0.16 +0.18 +0.22 +0.24 +0.25 +0.25 +0.30 +0.40 +0.32 +0.54 +0.37
  [diag] dtbias=-3.95 -3.93 -3.99 -3.95 -3.97 -3.95 -3.93 -4.06 -3.98 -3.96 -3.98 -3.96 -3.91 -3.95 -4.03 -3.90  ret=0.88 0.80 0.87 0.82 0.86 0.81 0.85 0.97 0.92 0.83 0.88 0.85 0.76 0.75 0.96 0.65
  [diag] dtbias/head(layer-mean)=-3.97 -3.98 -3.93 -3.95 -3.99 -3.96
  [diag] gnorm=1.0e-01 7.4e-02 5.3e-02 6.3e-02 8.8e-02 7.4e-02 7.2e-02 7.7e-02 7.7e-02 8.8e-02 9.1e-02 1.0e-01 9.0e-02 1.0e-01 1.4e-01 1.2e-01  wnorm=80.9 83.7 85.2 85.4 86.0 86.4 86.7 86.7 86.9 87.1 87.1 87.2 87.8 88.4 88.9 89.0
step 60050 [60050/81380  74%]  loss=2.9128 ppl=18.4 lr=3.28e-05 | 22646 tok/s (avg 49271) ETA 265m58s | gtok=2,213,683,200 | GPU 1.3/55.7GB
step 60100 [60100/81380  74%]  loss=3.0777 ppl=21.7 lr=3.26e-05 | 51386 tok/s (avg 49273) ETA 265m20s | gtok=2,215,526,400 | GPU 1.3/55.7GB
step 60150 [60150/81380  74%]  loss=2.5494 ppl=12.8 lr=3.25e-05 | 51041 tok/s (avg 49274) ETA 264m43s | gtok=2,217,369,600 | GPU 1.3/55.7GB
step 60200 [60200/81380  74%]  loss=2.7371 ppl=15.4 lr=3.24e-05 | 51413 tok/s (avg 49276) ETA 264m05s | gtok=2,219,212,800 | GPU 1.3/55.7GB
step 60250 [60250/81380  74%]  loss=2.4884 ppl=12.0 lr=3.22e-05 | 51594 tok/s (avg 49278) ETA 263m27s | gtok=2,221,056,000 | GPU 1.3/55.7GB
step 60300 [60300/81380  74%]  loss=2.5862 ppl=13.3 lr=3.21e-05 | 51304 tok/s (avg 49279) ETA 262m49s | gtok=2,222,899,200 | GPU 1.3/55.7GB
step 60350 [60350/81380  74%]  loss=3.1046 ppl=22.3 lr=3.19e-05 | 51618 tok/s (avg 49281) ETA 262m11s | gtok=2,224,742,400 | GPU 1.3/55.7GB
step 60400 [60400/81380  74%]  loss=2.7293 ppl=15.3 lr=3.18e-05 | 51335 tok/s (avg 49283) ETA 261m33s | gtok=2,226,585,600 | GPU 1.3/55.7GB
step 60450 [60450/81380  74%]  loss=2.7753 ppl=16.0 lr=3.16e-05 | 51637 tok/s (avg 49285) ETA 260m55s | gtok=2,228,428,800 | GPU 1.3/55.7GB
step 60500 [60500/81380  74%]  loss=2.3318 ppl=10.3 lr=3.15e-05 | 51636 tok/s (avg 49286) ETA 260m17s | gtok=2,230,272,000 | GPU 1.3/55.7GB
step 60550 [60550/81380  74%]  loss=2.9268 ppl=18.7 lr=3.13e-05 | 51326 tok/s (avg 49288) ETA 259m39s | gtok=2,232,115,200 | GPU 1.3/55.7GB
step 60600 [60600/81380  74%]  loss=2.7826 ppl=16.2 lr=3.12e-05 | 51580 tok/s (avg 49290) ETA 259m01s | gtok=2,233,958,400 | GPU 1.3/55.7GB
step 60650 [60650/81380  75%]  loss=2.9745 ppl=19.6 lr=3.11e-05 | 51606 tok/s (avg 49292) ETA 258m23s | gtok=2,235,801,600 | GPU 1.3/55.7GB
step 60700 [60700/81380  75%]  loss=2.8366 ppl=17.1 lr=3.09e-05 | 51282 tok/s (avg 49293) ETA 257m45s | gtok=2,237,644,800 | GPU 1.3/55.7GB
step 60750 [60750/81380  75%]  loss=2.5863 ppl=13.3 lr=3.08e-05 | 51596 tok/s (avg 49295) ETA 257m07s | gtok=2,239,488,000 | GPU 1.3/55.7GB
step 60800 [60800/81380  75%]  loss=2.7094 ppl=15.0 lr=3.06e-05 | 44925 tok/s (avg 49291) ETA 256m31s | gtok=2,241,331,200 | GPU 1.3/55.7GB
step 60850 [60850/81380  75%]  loss=2.8300 ppl=16.9 lr=3.05e-05 | 51112 tok/s (avg 49293) ETA 255m53s | gtok=2,243,174,400 | GPU 1.3/55.7GB
step 60900 [60900/81380  75%]  loss=2.9826 ppl=19.7 lr=3.04e-05 | 51510 tok/s (avg 49294) ETA 255m15s | gtok=2,245,017,600 | GPU 1.3/55.7GB
step 60950 [60950/81380  75%]  loss=2.8666 ppl=17.6 lr=3.02e-05 | 51583 tok/s (avg 49296) ETA 254m37s | gtok=2,246,860,800 | GPU 1.3/55.7GB
step 61000 [61000/81380  75%]  loss=2.6360 ppl=14.0 lr=3.01e-05 | 51318 tok/s (avg 49298) ETA 253m59s | gtok=2,248,704,000 | GPU 1.3/55.7GB
  [checkpoint] step 61000 -> checkpoints_v13_sempty/mix3b_delta_answ100_1c913ef/latest.pt
step 61050 [61050/81380  75%]  loss=2.7209 ppl=15.2 lr=2.99e-05 | 49097 tok/s (avg 49298) ETA 253m22s | gtok=2,250,547,200 | GPU 1.3/55.7GB
step 61100 [61100/81380  75%]  loss=2.5571 ppl=12.9 lr=2.98e-05 | 51682 tok/s (avg 49299) ETA 252m44s | gtok=2,252,390,400 | GPU 1.3/55.7GB
step 61150 [61150/81380  75%]  loss=2.5636 ppl=13.0 lr=2.97e-05 | 51339 tok/s (avg 49301) ETA 252m06s | gtok=2,254,233,600 | GPU 1.3/55.7GB
step 61200 [61200/81380  75%]  loss=2.7975 ppl=16.4 lr=2.95e-05 | 51759 tok/s (avg 49303) ETA 251m28s | gtok=2,256,076,800 | GPU 1.3/55.7GB
step 61250 [61250/81380  75%]  loss=2.8542 ppl=17.4 lr=2.94e-05 | 51590 tok/s (avg 49305) ETA 250m50s | gtok=2,257,920,000 | GPU 1.3/55.7GB
step 61300 [61300/81380  75%]  loss=2.9175 ppl=18.5 lr=2.92e-05 | 51347 tok/s (avg 49306) ETA 250m12s | gtok=2,259,763,200 | GPU 1.3/55.7GB
step 61350 [61350/81380  75%]  loss=2.6713 ppl=14.5 lr=2.91e-05 | 51577 tok/s (avg 49308) ETA 249m34s | gtok=2,261,606,400 | GPU 1.3/55.7GB
step 61400 [61400/81380  75%]  loss=2.5018 ppl=12.2 lr=2.90e-05 | 51233 tok/s (avg 49310) ETA 248m57s | gtok=2,263,449,600 | GPU 1.3/55.7GB
step 61450 [61450/81380  76%]  loss=2.6256 ppl=13.8 lr=2.88e-05 | 51186 tok/s (avg 49311) ETA 248m19s | gtok=2,265,292,800 | GPU 1.3/55.7GB
step 61500 [61500/81380  76%]  loss=3.0249 ppl=20.6 lr=2.87e-05 | 51223 tok/s (avg 49313) ETA 247m41s | gtok=2,267,136,000 | GPU 1.3/55.7GB
step 61550 [61550/81380  76%]  loss=2.9285 ppl=18.7 lr=2.86e-05 | 51100 tok/s (avg 49314) ETA 247m03s | gtok=2,268,979,200 | GPU 1.3/55.7GB
step 61600 [61600/81380  76%]  loss=2.5764 ppl=13.1 lr=2.84e-05 | 51547 tok/s (avg 49316) ETA 246m25s | gtok=2,270,822,400 | GPU 1.3/55.7GB
step 61650 [61650/81380  76%]  loss=3.0357 ppl=20.8 lr=2.83e-05 | 51517 tok/s (avg 49317) ETA 245m47s | gtok=2,272,665,600 | GPU 1.3/55.7GB
step 61700 [61700/81380  76%]  loss=3.1099 ppl=22.4 lr=2.82e-05 | 51065 tok/s (avg 49319) ETA 245m10s | gtok=2,274,508,800 | GPU 1.3/55.7GB
step 61750 [61750/81380  76%]  loss=2.9001 ppl=18.2 lr=2.80e-05 | 51234 tok/s (avg 49320) ETA 244m32s | gtok=2,276,352,000 | GPU 1.3/55.7GB
step 61800 [61800/81380  76%]  loss=2.8715 ppl=17.7 lr=2.79e-05 | 51274 tok/s (avg 49322) ETA 243m54s | gtok=2,278,195,200 | GPU 1.3/55.7GB
step 61850 [61850/81380  76%]  loss=2.7096 ppl=15.0 lr=2.77e-05 | 51035 tok/s (avg 49323) ETA 243m16s | gtok=2,280,038,400 | GPU 1.3/55.7GB
step 61900 [61900/81380  76%]  loss=2.6838 ppl=14.6 lr=2.76e-05 | 51433 tok/s (avg 49325) ETA 242m38s | gtok=2,281,881,600 | GPU 1.3/55.7GB
step 61950 [61950/81380  76%]  loss=2.8826 ppl=17.9 lr=2.75e-05 | 51505 tok/s (avg 49326) ETA 242m00s | gtok=2,283,724,800 | GPU 1.3/55.7GB
step 62000 [62000/81380  76%]  loss=3.1689 ppl=23.8 lr=2.73e-05 | 51250 tok/s (avg 49328) ETA 241m23s | gtok=2,285,568,000 | GPU 1.3/55.7GB
  [checkpoint] step 62000 -> checkpoints_v13_sempty/mix3b_delta_answ100_1c913ef/best_model.pt
  [val @ step 62000] val_loss=3.2961 val_ppl=27.01 *best* (best 27.01)
  [wiki_val @ step 62000] val_loss=4.0357 val_ppl=56.58
  [checkpoint] step 62000 -> checkpoints_v13_sempty/mix3b_delta_answ100_1c913ef/latest.pt
  [diag] step 62000 cgu=+0.19 +0.23 +0.22 +0.27 +0.29 +0.40 +0.45 +0.51 +0.58 +0.65 +0.71 +0.80 +0.92 +1.03 +1.09 +1.46  pam=+0.04 +0.09 +0.07 +0.12 +0.18 +0.16 +0.18 +0.22 +0.24 +0.25 +0.25 +0.30 +0.40 +0.32 +0.54 +0.37
  [diag] dtbias=-3.95 -3.93 -3.99 -3.95 -3.97 -3.95 -3.93 -4.06 -3.98 -3.96 -3.98 -3.96 -3.91 -3.94 -4.03 -3.90  ret=0.88 0.80 0.88 0.82 0.86 0.82 0.86 0.97 0.93 0.84 0.89 0.86 0.78 0.77 0.97 0.66
  [diag] dtbias/head(layer-mean)=-3.97 -3.98 -3.93 -3.95 -3.99 -3.96
  [diag] gnorm=1.6e-01 8.0e-02 5.8e-02 6.8e-02 1.1e-01 7.8e-02 7.8e-02 8.0e-02 8.2e-02 1.2e-01 9.4e-02 9.7e-02 9.6e-02 9.8e-02 1.4e-01 1.2e-01  wnorm=80.9 83.8 85.2 85.4 86.0 86.4 86.7 86.7 86.9 87.1 87.1 87.2 87.8 88.4 88.9 89.0
step 62050 [62050/81380  76%]  loss=2.8842 ppl=17.9 lr=2.72e-05 | 22954 tok/s (avg 49282) ETA 240m59s | gtok=2,287,411,200 | GPU 1.3/55.7GB
step 62100 [62100/81380  76%]  loss=2.6454 ppl=14.1 lr=2.71e-05 | 51251 tok/s (avg 49284) ETA 240m21s | gtok=2,289,254,400 | GPU 1.3/55.7GB
step 62150 [62150/81380  76%]  loss=2.9169 ppl=18.5 lr=2.69e-05 | 51647 tok/s (avg 49286) ETA 239m43s | gtok=2,291,097,600 | GPU 1.3/55.7GB
step 62200 [62200/81380  76%]  loss=3.0920 ppl=22.0 lr=2.68e-05 | 51579 tok/s (avg 49287) ETA 239m05s | gtok=2,292,940,800 | GPU 1.3/55.7GB
step 62250 [62250/81380  76%]  loss=3.0468 ppl=21.0 lr=2.67e-05 | 51230 tok/s (avg 49289) ETA 238m27s | gtok=2,294,784,000 | GPU 1.3/55.7GB
step 62300 [62300/81380  77%]  loss=3.1601 ppl=23.6 lr=2.65e-05 | 51532 tok/s (avg 49291) ETA 237m49s | gtok=2,296,627,200 | GPU 1.3/55.7GB
step 62350 [62350/81380  77%]  loss=2.5470 ppl=12.8 lr=2.64e-05 | 51175 tok/s (avg 49292) ETA 237m11s | gtok=2,298,470,400 | GPU 1.3/55.7GB
step 62400 [62400/81380  77%]  loss=2.5628 ppl=13.0 lr=2.63e-05 | 51536 tok/s (avg 49294) ETA 236m34s | gtok=2,300,313,600 | GPU 1.3/55.7GB
step 62450 [62450/81380  77%]  loss=2.9516 ppl=19.1 lr=2.61e-05 | 15212 tok/s (avg 49206) ETA 236m22s | gtok=2,302,156,800 | GPU 1.3/55.7GB
step 62500 [62500/81380  77%]  loss=2.9031 ppl=18.2 lr=2.60e-05 | 51342 tok/s (avg 49207) ETA 235m44s | gtok=2,304,000,000 | GPU 1.3/55.7GB
step 62550 [62550/81380  77%]  loss=2.9877 ppl=19.8 lr=2.59e-05 | 51638 tok/s (avg 49209) ETA 235m06s | gtok=2,305,843,200 | GPU 1.3/55.7GB
step 62600 [62600/81380  77%]  loss=2.7003 ppl=14.9 lr=2.58e-05 | 51701 tok/s (avg 49211) ETA 234m28s | gtok=2,307,686,400 | GPU 1.3/55.7GB
step 62650 [62650/81380  77%]  loss=2.3639 ppl=10.6 lr=2.56e-05 | 51290 tok/s (avg 49213) ETA 233m50s | gtok=2,309,529,600 | GPU 1.3/55.7GB
step 62700 [62700/81380  77%]  loss=2.7453 ppl=15.6 lr=2.55e-05 | 51564 tok/s (avg 49214) ETA 233m12s | gtok=2,311,372,800 | GPU 1.3/55.7GB
step 62750 [62750/81380  77%]  loss=2.9975 ppl=20.0 lr=2.54e-05 | 51644 tok/s (avg 49216) ETA 232m34s | gtok=2,313,216,000 | GPU 1.3/55.7GB
step 62800 [62800/81380  77%]  loss=2.5341 ppl=12.6 lr=2.52e-05 | 51308 tok/s (avg 49218) ETA 231m56s | gtok=2,315,059,200 | GPU 1.3/55.7GB
step 62850 [62850/81380  77%]  loss=2.7948 ppl=16.4 lr=2.51e-05 | 51621 tok/s (avg 49220) ETA 231m18s | gtok=2,316,902,400 | GPU 1.3/55.7GB
step 62900 [62900/81380  77%]  loss=2.9378 ppl=18.9 lr=2.50e-05 | 51577 tok/s (avg 49221) ETA 230m40s | gtok=2,318,745,600 | GPU 1.3/55.7GB
step 62950 [62950/81380  77%]  loss=2.7056 ppl=15.0 lr=2.48e-05 | 51261 tok/s (avg 49223) ETA 230m02s | gtok=2,320,588,800 | GPU 1.3/55.7GB
step 63000 [63000/81380  77%]  loss=2.6252 ppl=13.8 lr=2.47e-05 | 51657 tok/s (avg 49225) ETA 229m24s | gtok=2,322,432,000 | GPU 1.3/55.7GB
  [checkpoint] step 63000 -> checkpoints_v13_sempty/mix3b_delta_answ100_1c913ef/latest.pt
step 63050 [63050/81380  77%]  loss=2.7071 ppl=15.0 lr=2.46e-05 | 49063 tok/s (avg 49225) ETA 228m47s | gtok=2,324,275,200 | GPU 1.3/55.7GB
step 63100 [63100/81380  78%]  loss=2.8606 ppl=17.5 lr=2.45e-05 | 51297 tok/s (avg 49226) ETA 228m09s | gtok=2,326,118,400 | GPU 1.3/55.7GB
step 63150 [63150/81380  78%]  loss=2.6361 ppl=14.0 lr=2.43e-05 | 51649 tok/s (avg 49228) ETA 227m31s | gtok=2,327,961,600 | GPU 1.3/55.7GB
step 63200 [63200/81380  78%]  loss=2.6153 ppl=13.7 lr=2.42e-05 | 51676 tok/s (avg 49230) ETA 226m53s | gtok=2,329,804,800 | GPU 1.3/55.7GB
step 63250 [63250/81380  78%]  loss=2.5580 ppl=12.9 lr=2.41e-05 | 45248 tok/s (avg 49226) ETA 226m16s | gtok=2,331,648,000 | GPU 1.3/55.7GB
step 63300 [63300/81380  78%]  loss=2.9666 ppl=19.4 lr=2.39e-05 | 51452 tok/s (avg 49228) ETA 225m39s | gtok=2,333,491,200 | GPU 1.3/55.7GB
step 63350 [63350/81380  78%]  loss=2.7590 ppl=15.8 lr=2.38e-05 | 51375 tok/s (avg 49230) ETA 225m01s | gtok=2,335,334,400 | GPU 1.3/55.7GB
step 63400 [63400/81380  78%]  loss=2.6657 ppl=14.4 lr=2.37e-05 | 51259 tok/s (avg 49231) ETA 224m23s | gtok=2,337,177,600 | GPU 1.3/55.7GB
step 63450 [63450/81380  78%]  loss=2.8137 ppl=16.7 lr=2.36e-05 | 51606 tok/s (avg 49233) ETA 223m45s | gtok=2,339,020,800 | GPU 1.3/55.7GB
step 63500 [63500/81380  78%]  loss=2.7769 ppl=16.1 lr=2.34e-05 | 51362 tok/s (avg 49235) ETA 223m07s | gtok=2,340,864,000 | GPU 1.3/55.7GB
step 63550 [63550/81380  78%]  loss=2.5665 ppl=13.0 lr=2.33e-05 | 51629 tok/s (avg 49237) ETA 222m29s | gtok=2,342,707,200 | GPU 1.3/55.7GB
step 63600 [63600/81380  78%]  loss=3.0199 ppl=20.5 lr=2.32e-05 | 51622 tok/s (avg 49238) ETA 221m51s | gtok=2,344,550,400 | GPU 1.3/55.7GB
step 63650 [63650/81380  78%]  loss=2.7795 ppl=16.1 lr=2.31e-05 | 51353 tok/s (avg 49240) ETA 221m13s | gtok=2,346,393,600 | GPU 1.3/55.7GB
step 63700 [63700/81380  78%]  loss=2.6040 ppl=13.5 lr=2.29e-05 | 51577 tok/s (avg 49242) ETA 220m35s | gtok=2,348,236,800 | GPU 1.3/55.7GB
step 63750 [63750/81380  78%]  loss=3.0371 ppl=20.8 lr=2.28e-05 | 51659 tok/s (avg 49243) ETA 219m57s | gtok=2,350,080,000 | GPU 1.3/55.7GB
step 63800 [63800/81380  78%]  loss=2.6907 ppl=14.7 lr=2.27e-05 | 51274 tok/s (avg 49245) ETA 219m20s | gtok=2,351,923,200 | GPU 1.3/55.7GB
step 63850 [63850/81380  78%]  loss=2.5988 ppl=13.4 lr=2.26e-05 | 51608 tok/s (avg 49247) ETA 218m42s | gtok=2,353,766,400 | GPU 1.3/55.7GB
step 63900 [63900/81380  79%]  loss=2.8152 ppl=16.7 lr=2.24e-05 | 51685 tok/s (avg 49249) ETA 218m04s | gtok=2,355,609,600 | GPU 1.3/55.7GB
step 63950 [63950/81380  79%]  loss=2.6874 ppl=14.7 lr=2.23e-05 | 51338 tok/s (avg 49250) ETA 217m26s | gtok=2,357,452,800 | GPU 1.3/55.7GB
step 64000 [64000/81380  79%]  loss=2.6126 ppl=13.6 lr=2.22e-05 | 51629 tok/s (avg 49252) ETA 216m48s | gtok=2,359,296,000 | GPU 1.3/55.7GB
  [val @ step 64000] val_loss=3.2969 val_ppl=27.03 (best 27.01)
  [wiki_val @ step 64000] val_loss=4.0309 val_ppl=56.31
  [checkpoint] step 64000 -> checkpoints_v13_sempty/mix3b_delta_answ100_1c913ef/latest.pt
  [diag] step 64000 cgu=+0.19 +0.24 +0.22 +0.27 +0.29 +0.40 +0.45 +0.51 +0.59 +0.65 +0.71 +0.81 +0.92 +1.03 +1.09 +1.47  pam=+0.04 +0.09 +0.08 +0.12 +0.18 +0.16 +0.18 +0.22 +0.24 +0.25 +0.25 +0.30 +0.40 +0.32 +0.54 +0.37
  [diag] dtbias=-3.95 -3.93 -3.99 -3.95 -3.97 -3.95 -3.93 -4.06 -3.98 -3.96 -3.99 -3.96 -3.90 -3.94 -4.03 -3.90  ret=0.88 0.79 0.87 0.82 0.86 0.81 0.85 0.97 0.92 0.83 0.89 0.85 0.76 0.76 0.96 0.65
  [diag] dtbias/head(layer-mean)=-3.97 -3.98 -3.93 -3.95 -3.99 -3.96
  [diag] gnorm=9.6e-02 7.5e-02 6.6e-02 6.3e-02 8.3e-02 7.6e-02 7.3e-02 7.5e-02 7.6e-02 1.0e-01 9.1e-02 9.4e-02 9.1e-02 1.1e-01 1.4e-01 1.4e-01  wnorm=81.0 83.8 85.2 85.4 86.0 86.4 86.7 86.7 86.9 87.1 87.1 87.2 87.8 88.4 88.9 89.0
step 64050 [64050/81380  79%]  loss=2.8333 ppl=17.0 lr=2.21e-05 | 23465 tok/s (avg 49210) ETA 216m22s | gtok=2,361,139,200 | GPU 1.3/55.7GB
step 64100 [64100/81380  79%]  loss=2.7482 ppl=15.6 lr=2.20e-05 | 51592 tok/s (avg 49211) ETA 215m44s | gtok=2,362,982,400 | GPU 1.3/55.7GB
step 64150 [64150/81380  79%]  loss=2.7872 ppl=16.2 lr=2.18e-05 | 51517 tok/s (avg 49213) ETA 215m06s | gtok=2,364,825,600 | GPU 1.3/55.7GB
step 64200 [64200/81380  79%]  loss=2.5278 ppl=12.5 lr=2.17e-05 | 51174 tok/s (avg 49215) ETA 214m28s | gtok=2,366,668,800 | GPU 1.3/55.7GB
step 64250 [64250/81380  79%]  loss=2.9740 ppl=19.6 lr=2.16e-05 | 51561 tok/s (avg 49216) ETA 213m50s | gtok=2,368,512,000 | GPU 1.3/55.7GB
step 64300 [64300/81380  79%]  loss=2.8231 ppl=16.8 lr=2.15e-05 | 51346 tok/s (avg 49218) ETA 213m12s | gtok=2,370,355,200 | GPU 1.3/55.7GB
step 64350 [64350/81380  79%]  loss=2.8427 ppl=17.2 lr=2.13e-05 | 51679 tok/s (avg 49220) ETA 212m34s | gtok=2,372,198,400 | GPU 1.3/55.7GB
step 64400 [64400/81380  79%]  loss=2.7577 ppl=15.8 lr=2.12e-05 | 51692 tok/s (avg 49222) ETA 211m56s | gtok=2,374,041,600 | GPU 1.3/55.7GB
step 64450 [64450/81380  79%]  loss=2.5539 ppl=12.9 lr=2.11e-05 | 51359 tok/s (avg 49223) ETA 211m19s | gtok=2,375,884,800 | GPU 1.3/55.7GB
step 64500 [64500/81380  79%]  loss=2.8962 ppl=18.1 lr=2.10e-05 | 51582 tok/s (avg 49225) ETA 210m41s | gtok=2,377,728,000 | GPU 1.3/55.7GB
step 64550 [64550/81380  79%]  loss=2.4206 ppl=11.3 lr=2.09e-05 | 51565 tok/s (avg 49227) ETA 210m03s | gtok=2,379,571,200 | GPU 1.3/55.7GB
step 64600 [64600/81380  79%]  loss=2.6191 ppl=13.7 lr=2.07e-05 | 51315 tok/s (avg 49228) ETA 209m25s | gtok=2,381,414,400 | GPU 1.3/55.7GB
step 64650 [64650/81380  79%]  loss=2.5150 ppl=12.4 lr=2.06e-05 | 51665 tok/s (avg 49230) ETA 208m47s | gtok=2,383,257,600 | GPU 1.3/55.7GB
step 64700 [64700/81380  80%]  loss=2.8402 ppl=17.1 lr=2.05e-05 | 51608 tok/s (avg 49232) ETA 208m09s | gtok=2,385,100,800 | GPU 1.3/55.7GB
step 64750 [64750/81380  80%]  loss=2.8424 ppl=17.2 lr=2.04e-05 | 51296 tok/s (avg 49233) ETA 207m31s | gtok=2,386,944,000 | GPU 1.3/55.7GB
step 64800 [64800/81380  80%]  loss=2.8374 ppl=17.1 lr=2.03e-05 | 51605 tok/s (avg 49235) ETA 206m54s | gtok=2,388,787,200 | GPU 1.3/55.7GB
step 64850 [64850/81380  80%]  loss=2.8423 ppl=17.2 lr=2.02e-05 | 51627 tok/s (avg 49237) ETA 206m16s | gtok=2,390,630,400 | GPU 1.3/55.7GB
step 64900 [64900/81380  80%]  loss=2.7735 ppl=16.0 lr=2.00e-05 | 51272 tok/s (avg 49238) ETA 205m38s | gtok=2,392,473,600 | GPU 1.3/55.7GB
step 64950 [64950/81380  80%]  loss=2.6564 ppl=14.2 lr=1.99e-05 | 51632 tok/s (avg 49240) ETA 205m00s | gtok=2,394,316,800 | GPU 1.3/55.7GB
step 65000 [65000/81380  80%]  loss=2.8550 ppl=17.4 lr=1.98e-05 | 51666 tok/s (avg 49242) ETA 204m22s | gtok=2,396,160,000 | GPU 1.3/55.7GB
  [checkpoint] step 65000 -> checkpoints_v13_sempty/mix3b_delta_answ100_1c913ef/latest.pt
step 65050 [65050/81380  80%]  loss=2.8005 ppl=16.5 lr=1.97e-05 | 48777 tok/s (avg 49241) ETA 203m45s | gtok=2,398,003,200 | GPU 1.3/55.7GB
step 65100 [65100/81380  80%]  loss=2.6737 ppl=14.5 lr=1.96e-05 | 51659 tok/s (avg 49243) ETA 203m07s | gtok=2,399,846,400 | GPU 1.3/55.7GB
step 65150 [65150/81380  80%]  loss=2.7033 ppl=14.9 lr=1.95e-05 | 51381 tok/s (avg 49245) ETA 202m29s | gtok=2,401,689,600 | GPU 1.3/55.7GB
step 65200 [65200/81380  80%]  loss=2.7666 ppl=15.9 lr=1.93e-05 | 51677 tok/s (avg 49247) ETA 201m51s | gtok=2,403,532,800 | GPU 1.3/55.7GB
step 65250 [65250/81380  80%]  loss=3.0547 ppl=21.2 lr=1.92e-05 | 51647 tok/s (avg 49248) ETA 201m13s | gtok=2,405,376,000 | GPU 1.3/55.7GB
step 65300 [65300/81380  80%]  loss=3.1776 ppl=24.0 lr=1.91e-05 | 51277 tok/s (avg 49250) ETA 200m36s | gtok=2,407,219,200 | GPU 1.3/55.7GB
step 65350 [65350/81380  80%]  loss=2.8974 ppl=18.1 lr=1.90e-05 | 51663 tok/s (avg 49252) ETA 199m58s | gtok=2,409,062,400 | GPU 1.3/55.7GB
step 65400 [65400/81380  80%]  loss=2.5757 ppl=13.1 lr=1.89e-05 | 51646 tok/s (avg 49253) ETA 199m20s | gtok=2,410,905,600 | GPU 1.3/55.7GB
step 65450 [65450/81380  80%]  loss=2.7286 ppl=15.3 lr=1.88e-05 | 51308 tok/s (avg 49255) ETA 198m42s | gtok=2,412,748,800 | GPU 1.3/55.7GB
step 65500 [65500/81380  80%]  loss=2.6344 ppl=13.9 lr=1.87e-05 | 51611 tok/s (avg 49257) ETA 198m04s | gtok=2,414,592,000 | GPU 1.3/55.7GB
step 65550 [65550/81380  81%]  loss=2.5181 ppl=12.4 lr=1.85e-05 | 51591 tok/s (avg 49258) ETA 197m26s | gtok=2,416,435,200 | GPU 1.3/55.7GB
step 65600 [65600/81380  81%]  loss=2.6040 ppl=13.5 lr=1.84e-05 | 51184 tok/s (avg 49260) ETA 196m49s | gtok=2,418,278,400 | GPU 1.3/55.7GB
step 65650 [65650/81380  81%]  loss=2.6011 ppl=13.5 lr=1.83e-05 | 44607 tok/s (avg 49256) ETA 196m12s | gtok=2,420,121,600 | GPU 1.3/55.7GB
step 65700 [65700/81380  81%]  loss=2.9006 ppl=18.2 lr=1.82e-05 | 51666 tok/s (avg 49258) ETA 195m34s | gtok=2,421,964,800 | GPU 1.3/55.7GB
step 65750 [65750/81380  81%]  loss=2.6527 ppl=14.2 lr=1.81e-05 | 51324 tok/s (avg 49259) ETA 194m57s | gtok=2,423,808,000 | GPU 1.3/55.7GB
step 65800 [65800/81380  81%]  loss=2.7355 ppl=15.4 lr=1.80e-05 | 51621 tok/s (avg 49261) ETA 194m19s | gtok=2,425,651,200 | GPU 1.3/55.7GB
step 65850 [65850/81380  81%]  loss=2.8783 ppl=17.8 lr=1.79e-05 | 51654 tok/s (avg 49262) ETA 193m41s | gtok=2,427,494,400 | GPU 1.3/55.7GB
step 65900 [65900/81380  81%]  loss=2.9289 ppl=18.7 lr=1.78e-05 | 51394 tok/s (avg 49264) ETA 193m03s | gtok=2,429,337,600 | GPU 1.3/55.7GB
step 65950 [65950/81380  81%]  loss=2.6507 ppl=14.2 lr=1.76e-05 | 51647 tok/s (avg 49266) ETA 192m25s | gtok=2,431,180,800 | GPU 1.3/55.7GB
step 66000 [66000/81380  81%]  loss=2.8933 ppl=18.1 lr=1.75e-05 | 51360 tok/s (avg 49267) ETA 191m48s | gtok=2,433,024,000 | GPU 1.3/55.7GB
  [checkpoint] step 66000 -> checkpoints_v13_sempty/mix3b_delta_answ100_1c913ef/best_model.pt
  [val @ step 66000] val_loss=3.2933 val_ppl=26.93 *best* (best 26.93)
  [wiki_val @ step 66000] val_loss=4.0288 val_ppl=56.20
  [checkpoint] step 66000 -> checkpoints_v13_sempty/mix3b_delta_answ100_1c913ef/latest.pt
  [diag] step 66000 cgu=+0.19 +0.24 +0.23 +0.27 +0.30 +0.40 +0.45 +0.51 +0.59 +0.65 +0.71 +0.81 +0.92 +1.04 +1.10 +1.47  pam=+0.04 +0.09 +0.08 +0.12 +0.18 +0.16 +0.18 +0.22 +0.24 +0.25 +0.25 +0.30 +0.40 +0.32 +0.55 +0.37
  [diag] dtbias=-3.95 -3.93 -3.99 -3.95 -3.97 -3.95 -3.93 -4.06 -3.98 -3.96 -3.98 -3.96 -3.90 -3.94 -4.03 -3.90  ret=0.88 0.79 0.88 0.82 0.86 0.81 0.85 0.97 0.93 0.84 0.89 0.85 0.77 0.76 0.96 0.65
  [diag] dtbias/head(layer-mean)=-3.97 -3.97 -3.93 -3.95 -3.99 -3.96
  [diag] gnorm=1.2e-01 8.2e-02 5.8e-02 9.5e-02 8.7e-02 8.3e-02 7.4e-02 7.8e-02 7.7e-02 9.6e-02 9.6e-02 9.9e-02 9.3e-02 1.0e-01 1.5e-01 1.2e-01  wnorm=81.0 83.8 85.2 85.4 86.0 86.4 86.7 86.7 86.9 87.1 87.1 87.2 87.8 88.4 88.9 89.0
step 66050 [66050/81380  81%]  loss=2.6715 ppl=14.5 lr=1.74e-05 | 23138 tok/s (avg 49225) ETA 191m20s | gtok=2,434,867,200 | GPU 1.3/55.7GB
step 66100 [66100/81380  81%]  loss=2.8534 ppl=17.3 lr=1.73e-05 | 51449 tok/s (avg 49227) ETA 190m42s | gtok=2,436,710,400 | GPU 1.3/55.7GB
step 66150 [66150/81380  81%]  loss=2.7681 ppl=15.9 lr=1.72e-05 | 51687 tok/s (avg 49229) ETA 190m04s | gtok=2,438,553,600 | GPU 1.3/55.7GB
step 66200 [66200/81380  81%]  loss=2.6649 ppl=14.4 lr=1.71e-05 | 51692 tok/s (avg 49230) ETA 189m26s | gtok=2,440,396,800 | GPU 1.3/55.7GB
step 66250 [66250/81380  81%]  loss=2.7548 ppl=15.7 lr=1.70e-05 | 51359 tok/s (avg 49232) ETA 188m49s | gtok=2,442,240,000 | GPU 1.3/55.7GB
step 66300 [66300/81380  81%]  loss=2.9219 ppl=18.6 lr=1.69e-05 | 51648 tok/s (avg 49234) ETA 188m11s | gtok=2,444,083,200 | GPU 1.3/55.7GB
step 66350 [66350/81380  82%]  loss=2.9120 ppl=18.4 lr=1.68e-05 | 51607 tok/s (avg 49235) ETA 187m33s | gtok=2,445,926,400 | GPU 1.3/55.7GB
step 66400 [66400/81380  82%]  loss=2.8365 ppl=17.1 lr=1.67e-05 | 51202 tok/s (avg 49237) ETA 186m55s | gtok=2,447,769,600 | GPU 1.3/55.7GB
step 66450 [66450/81380  82%]  loss=2.7059 ppl=15.0 lr=1.65e-05 | 51444 tok/s (avg 49238) ETA 186m17s | gtok=2,449,612,800 | GPU 1.3/55.7GB
step 66500 [66500/81380  82%]  loss=2.7597 ppl=15.8 lr=1.64e-05 | 51354 tok/s (avg 49240) ETA 185m40s | gtok=2,451,456,000 | GPU 1.3/55.7GB
step 66550 [66550/81380  82%]  loss=2.8873 ppl=17.9 lr=1.63e-05 | 51071 tok/s (avg 49241) ETA 185m02s | gtok=2,453,299,200 | GPU 1.3/55.7GB
step 66600 [66600/81380  82%]  loss=2.7374 ppl=15.4 lr=1.62e-05 | 51383 tok/s (avg 49243) ETA 184m24s | gtok=2,455,142,400 | GPU 1.3/55.7GB
step 66650 [66650/81380  82%]  loss=2.5932 ppl=13.4 lr=1.61e-05 | 51371 tok/s (avg 49244) ETA 183m46s | gtok=2,456,985,600 | GPU 1.3/55.7GB
step 66700 [66700/81380  82%]  loss=2.3256 ppl=10.2 lr=1.60e-05 | 51378 tok/s (avg 49246) ETA 183m09s | gtok=2,458,828,800 | GPU 1.3/55.7GB
step 66750 [66750/81380  82%]  loss=2.7597 ppl=15.8 lr=1.59e-05 | 51686 tok/s (avg 49248) ETA 182m31s | gtok=2,460,672,000 | GPU 1.3/55.7GB
step 66800 [66800/81380  82%]  loss=2.7775 ppl=16.1 lr=1.58e-05 | 51700 tok/s (avg 49249) ETA 181m53s | gtok=2,462,515,200 | GPU 1.3/55.7GB
step 66850 [66850/81380  82%]  loss=2.6482 ppl=14.1 lr=1.57e-05 | 51200 tok/s (avg 49251) ETA 181m15s | gtok=2,464,358,400 | GPU 1.3/55.7GB
step 66900 [66900/81380  82%]  loss=2.6328 ppl=13.9 lr=1.56e-05 | 51584 tok/s (avg 49252) ETA 180m37s | gtok=2,466,201,600 | GPU 1.3/55.7GB
step 66950 [66950/81380  82%]  loss=3.0101 ppl=20.3 lr=1.55e-05 | 51285 tok/s (avg 49254) ETA 180m00s | gtok=2,468,044,800 | GPU 1.3/55.7GB
step 67000 [67000/81380  82%]  loss=2.6424 ppl=14.0 lr=1.54e-05 | 51604 tok/s (avg 49255) ETA 179m22s | gtok=2,469,888,000 | GPU 1.3/55.7GB
  [checkpoint] step 67000 -> checkpoints_v13_sempty/mix3b_delta_answ100_1c913ef/latest.pt
step 67050 [67050/81380  82%]  loss=2.4868 ppl=12.0 lr=1.53e-05 | 49146 tok/s (avg 49255) ETA 178m44s | gtok=2,471,731,200 | GPU 1.3/55.7GB
step 67100 [67100/81380  82%]  loss=2.8422 ppl=17.2 lr=1.52e-05 | 51417 tok/s (avg 49257) ETA 178m07s | gtok=2,473,574,400 | GPU 1.3/55.7GB
step 67150 [67150/81380  83%]  loss=2.7263 ppl=15.3 lr=1.51e-05 | 51747 tok/s (avg 49259) ETA 177m29s | gtok=2,475,417,600 | GPU 1.3/55.7GB
step 67200 [67200/81380  83%]  loss=3.0971 ppl=22.1 lr=1.50e-05 | 51754 tok/s (avg 49260) ETA 176m51s | gtok=2,477,260,800 | GPU 1.3/55.7GB
step 67250 [67250/81380  83%]  loss=2.4438 ppl=11.5 lr=1.49e-05 | 51388 tok/s (avg 49262) ETA 176m13s | gtok=2,479,104,000 | GPU 1.3/55.7GB
step 67300 [67300/81380  83%]  loss=2.9590 ppl=19.3 lr=1.48e-05 | 51694 tok/s (avg 49264) ETA 175m36s | gtok=2,480,947,200 | GPU 1.3/55.7GB
step 67350 [67350/81380  83%]  loss=2.8245 ppl=16.9 lr=1.47e-05 | 51700 tok/s (avg 49265) ETA 174m58s | gtok=2,482,790,400 | GPU 1.3/55.7GB
step 67400 [67400/81380  83%]  loss=2.5648 ppl=13.0 lr=1.46e-05 | 51356 tok/s (avg 49267) ETA 174m20s | gtok=2,484,633,600 | GPU 1.3/55.7GB
step 67450 [67450/81380  83%]  loss=2.7645 ppl=15.9 lr=1.45e-05 | 51432 tok/s (avg 49268) ETA 173m42s | gtok=2,486,476,800 | GPU 1.3/55.7GB
step 67500 [67500/81380  83%]  loss=2.8680 ppl=17.6 lr=1.44e-05 | 51539 tok/s (avg 49270) ETA 173m05s | gtok=2,488,320,000 | GPU 1.3/55.7GB
step 67550 [67550/81380  83%]  loss=2.6320 ppl=13.9 lr=1.43e-05 | 51412 tok/s (avg 49272) ETA 172m27s | gtok=2,490,163,200 | GPU 1.3/55.7GB
step 67600 [67600/81380  83%]  loss=3.1352 ppl=23.0 lr=1.42e-05 | 51642 tok/s (avg 49273) ETA 171m49s | gtok=2,492,006,400 | GPU 1.3/55.7GB
step 67650 [67650/81380  83%]  loss=3.1165 ppl=22.6 lr=1.41e-05 | 51658 tok/s (avg 49275) ETA 171m11s | gtok=2,493,849,600 | GPU 1.3/55.7GB
step 67700 [67700/81380  83%]  loss=3.0346 ppl=20.8 lr=1.40e-05 | 51343 tok/s (avg 49276) ETA 170m34s | gtok=2,495,692,800 | GPU 1.3/55.7GB
step 67750 [67750/81380  83%]  loss=3.2603 ppl=26.1 lr=1.39e-05 | 51640 tok/s (avg 49278) ETA 169m56s | gtok=2,497,536,000 | GPU 1.3/55.7GB
step 67800 [67800/81380  83%]  loss=2.4269 ppl=11.3 lr=1.38e-05 | 51355 tok/s (avg 49280) ETA 169m18s | gtok=2,499,379,200 | GPU 1.3/55.7GB
step 67850 [67850/81380  83%]  loss=2.7583 ppl=15.8 lr=1.37e-05 | 51631 tok/s (avg 49281) ETA 168m40s | gtok=2,501,222,400 | GPU 1.3/55.7GB
step 67900 [67900/81380  83%]  loss=2.5360 ppl=12.6 lr=1.36e-05 | 51626 tok/s (avg 49283) ETA 168m03s | gtok=2,503,065,600 | GPU 1.3/55.7GB
step 67950 [67950/81380  83%]  loss=3.2642 ppl=26.2 lr=1.35e-05 | 51331 tok/s (avg 49284) ETA 167m25s | gtok=2,504,908,800 | GPU 1.3/55.7GB
step 68000 [68000/81380  84%]  loss=2.7920 ppl=16.3 lr=1.34e-05 | 51605 tok/s (avg 49286) ETA 166m47s | gtok=2,506,752,000 | GPU 1.3/55.7GB
  [checkpoint] step 68000 -> checkpoints_v13_sempty/mix3b_delta_answ100_1c913ef/best_model.pt
  [val @ step 68000] val_loss=3.2879 val_ppl=26.79 *best* (best 26.79)
  [wiki_val @ step 68000] val_loss=4.0230 val_ppl=55.87
  [checkpoint] step 68000 -> checkpoints_v13_sempty/mix3b_delta_answ100_1c913ef/latest.pt
  [diag] step 68000 cgu=+0.19 +0.24 +0.23 +0.27 +0.30 +0.40 +0.46 +0.51 +0.59 +0.65 +0.71 +0.81 +0.93 +1.04 +1.10 +1.47  pam=+0.04 +0.09 +0.08 +0.12 +0.18 +0.16 +0.19 +0.22 +0.24 +0.25 +0.25 +0.30 +0.41 +0.32 +0.55 +0.38
  [diag] dtbias=-3.95 -3.93 -3.99 -3.95 -3.97 -3.95 -3.93 -4.06 -3.98 -3.96 -3.98 -3.96 -3.90 -3.94 -4.03 -3.90  ret=0.88 0.80 0.88 0.83 0.86 0.81 0.86 0.97 0.93 0.84 0.89 0.86 0.77 0.77 0.97 0.65
  [diag] dtbias/head(layer-mean)=-3.97 -3.97 -3.93 -3.95 -3.99 -3.96
  [diag] gnorm=9.4e-02 7.9e-02 6.4e-02 6.6e-02 9.1e-02 9.6e-02 7.5e-02 7.9e-02 7.9e-02 9.6e-02 9.4e-02 9.5e-02 9.0e-02 9.7e-02 1.4e-01 1.2e-01  wnorm=81.0 83.8 85.2 85.4 86.0 86.4 86.7 86.7 86.9 87.1 87.1 87.1 87.8 88.4 88.9 89.0
step 68050 [68050/81380  84%]  loss=3.0619 ppl=21.4 lr=1.33e-05 | 21821 tok/s (avg 49240) ETA 166m19s | gtok=2,508,595,200 | GPU 1.3/55.7GB
step 68100 [68100/81380  84%]  loss=2.5914 ppl=13.3 lr=1.32e-05 | 51603 tok/s (avg 49242) ETA 165m41s | gtok=2,510,438,400 | GPU 1.3/55.7GB
step 68150 [68150/81380  84%]  loss=2.9374 ppl=18.9 lr=1.31e-05 | 51712 tok/s (avg 49244) ETA 165m04s | gtok=2,512,281,600 | GPU 1.3/55.7GB
step 68200 [68200/81380  84%]  loss=2.5492 ppl=12.8 lr=1.30e-05 | 51345 tok/s (avg 49245) ETA 164m26s | gtok=2,514,124,800 | GPU 1.3/55.7GB
step 68250 [68250/81380  84%]  loss=2.5742 ppl=13.1 lr=1.29e-05 | 51591 tok/s (avg 49247) ETA 163m48s | gtok=2,515,968,000 | GPU 1.3/55.7GB
step 68300 [68300/81380  84%]  loss=2.8523 ppl=17.3 lr=1.28e-05 | 51697 tok/s (avg 49249) ETA 163m10s | gtok=2,517,811,200 | GPU 1.3/55.7GB
step 68350 [68350/81380  84%]  loss=2.7200 ppl=15.2 lr=1.27e-05 | 51330 tok/s (avg 49250) ETA 162m33s | gtok=2,519,654,400 | GPU 1.3/55.7GB
step 68400 [68400/81380  84%]  loss=2.6927 ppl=14.8 lr=1.26e-05 | 51649 tok/s (avg 49252) ETA 161m55s | gtok=2,521,497,600 | GPU 1.3/55.7GB
step 68450 [68450/81380  84%]  loss=2.7094 ppl=15.0 lr=1.25e-05 | 51702 tok/s (avg 49253) ETA 161m17s | gtok=2,523,340,800 | GPU 1.3/55.7GB
step 68500 [68500/81380  84%]  loss=2.8540 ppl=17.4 lr=1.24e-05 | 51119 tok/s (avg 49255) ETA 160m39s | gtok=2,525,184,000 | GPU 1.3/55.7GB
step 68550 [68550/81380  84%]  loss=2.5873 ppl=13.3 lr=1.23e-05 | 51601 tok/s (avg 49256) ETA 160m02s | gtok=2,527,027,200 | GPU 1.3/55.7GB
step 68600 [68600/81380  84%]  loss=2.8377 ppl=17.1 lr=1.22e-05 | 51663 tok/s (avg 49258) ETA 159m24s | gtok=2,528,870,400 | GPU 1.3/55.7GB
step 68650 [68650/81380  84%]  loss=3.0430 ppl=21.0 lr=1.21e-05 | 51304 tok/s (avg 49259) ETA 158m46s | gtok=2,530,713,600 | GPU 1.3/55.7GB
step 68700 [68700/81380  84%]  loss=2.5402 ppl=12.7 lr=1.20e-05 | 51684 tok/s (avg 49261) ETA 158m08s | gtok=2,532,556,800 | GPU 1.3/55.7GB
step 68750 [68750/81380  84%]  loss=2.9470 ppl=19.0 lr=1.19e-05 | 51646 tok/s (avg 49263) ETA 157m31s | gtok=2,534,400,000 | GPU 1.3/55.7GB
step 68800 [68800/81380  85%]  loss=2.4945 ppl=12.1 lr=1.18e-05 | 51360 tok/s (avg 49264) ETA 156m53s | gtok=2,536,243,200 | GPU 1.3/55.7GB
step 68850 [68850/81380  85%]  loss=3.0141 ppl=20.4 lr=1.18e-05 | 51647 tok/s (avg 49266) ETA 156m15s | gtok=2,538,086,400 | GPU 1.3/55.7GB
step 68900 [68900/81380  85%]  loss=2.7615 ppl=15.8 lr=1.17e-05 | 51318 tok/s (avg 49267) ETA 155m38s | gtok=2,539,929,600 | GPU 1.3/55.7GB
step 68950 [68950/81380  85%]  loss=2.6546 ppl=14.2 lr=1.16e-05 | 51617 tok/s (avg 49269) ETA 155m00s | gtok=2,541,772,800 | GPU 1.3/55.7GB
step 69000 [69000/81380  85%]  loss=2.6249 ppl=13.8 lr=1.15e-05 | 51640 tok/s (avg 49271) ETA 154m22s | gtok=2,543,616,000 | GPU 1.3/55.7GB
  [checkpoint] step 69000 -> checkpoints_v13_sempty/mix3b_delta_answ100_1c913ef/latest.pt
step 69050 [69050/81380  85%]  loss=2.9069 ppl=18.3 lr=1.14e-05 | 48845 tok/s (avg 49270) ETA 153m45s | gtok=2,545,459,200 | GPU 1.3/55.7GB
step 69100 [69100/81380  85%]  loss=2.6442 ppl=14.1 lr=1.13e-05 | 51678 tok/s (avg 49272) ETA 153m07s | gtok=2,547,302,400 | GPU 1.3/55.7GB
step 69150 [69150/81380  85%]  loss=2.6765 ppl=14.5 lr=1.12e-05 | 51770 tok/s (avg 49274) ETA 152m29s | gtok=2,549,145,600 | GPU 1.3/55.7GB
step 69200 [69200/81380  85%]  loss=2.6906 ppl=14.7 lr=1.11e-05 | 51366 tok/s (avg 49275) ETA 151m52s | gtok=2,550,988,800 | GPU 1.3/55.7GB
step 69250 [69250/81380  85%]  loss=2.5294 ppl=12.5 lr=1.10e-05 | 51605 tok/s (avg 49277) ETA 151m14s | gtok=2,552,832,000 | GPU 1.3/55.7GB
step 69300 [69300/81380  85%]  loss=2.9114 ppl=18.4 lr=1.09e-05 | 51595 tok/s (avg 49278) ETA 150m36s | gtok=2,554,675,200 | GPU 1.3/55.7GB
step 69350 [69350/81380  85%]  loss=2.6553 ppl=14.2 lr=1.09e-05 | 51316 tok/s (avg 49280) ETA 149m59s | gtok=2,556,518,400 | GPU 1.3/55.7GB
step 69400 [69400/81380  85%]  loss=3.0440 ppl=21.0 lr=1.08e-05 | 51679 tok/s (avg 49281) ETA 149m21s | gtok=2,558,361,600 | GPU 1.3/55.7GB
step 69450 [69450/81380  85%]  loss=2.5866 ppl=13.3 lr=1.07e-05 | 51715 tok/s (avg 49283) ETA 148m43s | gtok=2,560,204,800 | GPU 1.3/55.7GB
step 69500 [69500/81380  85%]  loss=2.9174 ppl=18.5 lr=1.06e-05 | 51347 tok/s (avg 49284) ETA 148m06s | gtok=2,562,048,000 | GPU 1.3/55.7GB
step 69550 [69550/81380  85%]  loss=2.7562 ppl=15.7 lr=1.05e-05 | 45627 tok/s (avg 49282) ETA 147m29s | gtok=2,563,891,200 | GPU 1.3/55.7GB
step 69600 [69600/81380  86%]  loss=2.6995 ppl=14.9 lr=1.04e-05 | 51478 tok/s (avg 49283) ETA 146m51s | gtok=2,565,734,400 | GPU 1.3/55.7GB
step 69650 [69650/81380  86%]  loss=3.0700 ppl=21.5 lr=1.03e-05 | 51135 tok/s (avg 49284) ETA 146m13s | gtok=2,567,577,600 | GPU 1.3/55.7GB
step 69700 [69700/81380  86%]  loss=2.5956 ppl=13.4 lr=1.02e-05 | 51458 tok/s (avg 49286) ETA 145m36s | gtok=2,569,420,800 | GPU 1.3/55.7GB
step 69750 [69750/81380  86%]  loss=2.7448 ppl=15.6 lr=1.02e-05 | 51054 tok/s (avg 49287) ETA 144m58s | gtok=2,571,264,000 | GPU 1.3/55.7GB
step 69800 [69800/81380  86%]  loss=2.9756 ppl=19.6 lr=1.01e-05 | 51615 tok/s (avg 49289) ETA 144m20s | gtok=2,573,107,200 | GPU 1.3/55.7GB
step 69850 [69850/81380  86%]  loss=2.7902 ppl=16.3 lr=9.98e-06 | 51534 tok/s (avg 49290) ETA 143m43s | gtok=2,574,950,400 | GPU 1.3/55.7GB
step 69900 [69900/81380  86%]  loss=2.7873 ppl=16.2 lr=9.90e-06 | 51143 tok/s (avg 49292) ETA 143m05s | gtok=2,576,793,600 | GPU 1.3/55.7GB
step 69950 [69950/81380  86%]  loss=2.9700 ppl=19.5 lr=9.81e-06 | 51449 tok/s (avg 49293) ETA 142m27s | gtok=2,578,636,800 | GPU 1.3/55.7GB
step 70000 [70000/81380  86%]  loss=2.9309 ppl=18.7 lr=9.73e-06 | 51384 tok/s (avg 49294) ETA 141m50s | gtok=2,580,480,000 | GPU 1.3/55.7GB
  [checkpoint] step 70000 -> checkpoints_v13_sempty/mix3b_delta_answ100_1c913ef/best_model.pt
  [val @ step 70000] val_loss=3.2822 val_ppl=26.64 *best* (best 26.64)
  [wiki_val @ step 70000] val_loss=4.0135 val_ppl=55.34
  [checkpoint] step 70000 -> checkpoints_v13_sempty/mix3b_delta_answ100_1c913ef/latest.pt
  [checkpoint] step 70000 -> checkpoints_v13_sempty/mix3b_delta_answ100_1c913ef/step_070000.pt
  [checkpoint] pruned step_060000.pt
  [diag] step 70000 cgu=+0.20 +0.24 +0.23 +0.27 +0.30 +0.40 +0.46 +0.51 +0.59 +0.65 +0.71 +0.81 +0.93 +1.04 +1.10 +1.48  pam=+0.04 +0.09 +0.08 +0.12 +0.18 +0.16 +0.19 +0.22 +0.24 +0.25 +0.25 +0.31 +0.41 +0.32 +0.55 +0.38
  [diag] dtbias=-3.95 -3.93 -3.99 -3.95 -3.97 -3.95 -3.93 -4.06 -3.98 -3.96 -3.98 -3.96 -3.90 -3.94 -4.03 -3.90  ret=0.88 0.79 0.87 0.82 0.86 0.81 0.85 0.97 0.92 0.83 0.89 0.85 0.76 0.76 0.97 0.65
  [diag] dtbias/head(layer-mean)=-3.97 -3.97 -3.93 -3.95 -3.99 -3.96
  [diag] gnorm=1.2e-01 8.8e-02 8.0e-02 7.9e-02 1.0e-01 9.4e-02 8.0e-02 8.5e-02 8.3e-02 1.0e-01 1.0e-01 1.1e-01 9.8e-02 1.2e-01 1.6e-01 1.3e-01  wnorm=81.0 83.8 85.2 85.4 85.9 86.4 86.7 86.6 86.8 87.1 87.1 87.1 87.8 88.4 88.9 89.0
step 70050 [70050/81380  86%]  loss=2.5132 ppl=12.3 lr=9.65e-06 | 21493 tok/s (avg 49249) ETA 141m20s | gtok=2,582,323,200 | GPU 1.3/55.7GB
step 70100 [70100/81380  86%]  loss=2.8267 ppl=16.9 lr=9.56e-06 | 51306 tok/s (avg 49250) ETA 140m43s | gtok=2,584,166,400 | GPU 1.3/55.7GB
step 70150 [70150/81380  86%]  loss=2.8743 ppl=17.7 lr=9.48e-06 | 51062 tok/s (avg 49252) ETA 140m05s | gtok=2,586,009,600 | GPU 1.3/55.7GB
step 70200 [70200/81380  86%]  loss=2.9511 ppl=19.1 lr=9.40e-06 | 51304 tok/s (avg 49253) ETA 139m27s | gtok=2,587,852,800 | GPU 1.3/55.7GB
step 70250 [70250/81380  86%]  loss=2.9063 ppl=18.3 lr=9.31e-06 | 51353 tok/s (avg 49254) ETA 138m50s | gtok=2,589,696,000 | GPU 1.3/55.7GB
step 70300 [70300/81380  86%]  loss=2.8142 ppl=16.7 lr=9.23e-06 | 51060 tok/s (avg 49256) ETA 138m12s | gtok=2,591,539,200 | GPU 1.3/55.7GB
step 70350 [70350/81380  86%]  loss=2.7709 ppl=16.0 lr=9.15e-06 | 51386 tok/s (avg 49257) ETA 137m34s | gtok=2,593,382,400 | GPU 1.3/55.7GB
step 70400 [70400/81380  87%]  loss=2.8642 ppl=17.5 lr=9.07e-06 | 51394 tok/s (avg 49259) ETA 136m57s | gtok=2,595,225,600 | GPU 1.3/55.7GB
step 70450 [70450/81380  87%]  loss=2.3024 ppl=10.0 lr=8.99e-06 | 51081 tok/s (avg 49260) ETA 136m19s | gtok=2,597,068,800 | GPU 1.3/55.7GB
step 70500 [70500/81380  87%]  loss=2.8468 ppl=17.2 lr=8.91e-06 | 51578 tok/s (avg 49261) ETA 135m41s | gtok=2,598,912,000 | GPU 1.3/55.7GB
step 70550 [70550/81380  87%]  loss=2.6574 ppl=14.3 lr=8.83e-06 | 51449 tok/s (avg 49263) ETA 135m04s | gtok=2,600,755,200 | GPU 1.3/55.7GB
step 70600 [70600/81380  87%]  loss=2.5741 ppl=13.1 lr=8.75e-06 | 51025 tok/s (avg 49264) ETA 134m26s | gtok=2,602,598,400 | GPU 1.3/55.7GB
step 70650 [70650/81380  87%]  loss=2.4740 ppl=11.9 lr=8.67e-06 | 51394 tok/s (avg 49266) ETA 133m48s | gtok=2,604,441,600 | GPU 1.3/55.7GB
step 70700 [70700/81380  87%]  loss=2.6680 ppl=14.4 lr=8.59e-06 | 51461 tok/s (avg 49267) ETA 133m11s | gtok=2,606,284,800 | GPU 1.3/55.7GB
step 70750 [70750/81380  87%]  loss=2.6684 ppl=14.4 lr=8.51e-06 | 51168 tok/s (avg 49268) ETA 132m33s | gtok=2,608,128,000 | GPU 1.3/55.7GB
step 70800 [70800/81380  87%]  loss=2.9521 ppl=19.1 lr=8.43e-06 | 51548 tok/s (avg 49270) ETA 131m56s | gtok=2,609,971,200 | GPU 1.3/55.7GB
step 70850 [70850/81380  87%]  loss=2.8159 ppl=16.7 lr=8.35e-06 | 51289 tok/s (avg 49271) ETA 131m18s | gtok=2,611,814,400 | GPU 1.3/55.7GB
step 70900 [70900/81380  87%]  loss=3.0290 ppl=20.7 lr=8.27e-06 | 51392 tok/s (avg 49273) ETA 130m40s | gtok=2,613,657,600 | GPU 1.3/55.7GB
step 70950 [70950/81380  87%]  loss=2.7621 ppl=15.8 lr=8.19e-06 | 51510 tok/s (avg 49274) ETA 130m03s | gtok=2,615,500,800 | GPU 1.3/55.7GB
step 71000 [71000/81380  87%]  loss=2.9815 ppl=19.7 lr=8.12e-06 | 51079 tok/s (avg 49275) ETA 129m25s | gtok=2,617,344,000 | GPU 1.3/55.7GB
  [checkpoint] step 71000 -> checkpoints_v13_sempty/mix3b_delta_answ100_1c913ef/latest.pt
step 71050 [71050/81380  87%]  loss=2.8755 ppl=17.7 lr=8.04e-06 | 49179 tok/s (avg 49275) ETA 128m48s | gtok=2,619,187,200 | GPU 1.3/55.7GB
step 71100 [71100/81380  87%]  loss=2.5090 ppl=12.3 lr=7.96e-06 | 51546 tok/s (avg 49277) ETA 128m10s | gtok=2,621,030,400 | GPU 1.3/55.7GB
step 71150 [71150/81380  87%]  loss=2.8728 ppl=17.7 lr=7.89e-06 | 51401 tok/s (avg 49278) ETA 127m32s | gtok=2,622,873,600 | GPU 1.3/55.7GB
step 71200 [71200/81380  87%]  loss=2.9385 ppl=18.9 lr=7.81e-06 | 51665 tok/s (avg 49280) ETA 126m55s | gtok=2,624,716,800 | GPU 1.3/55.7GB
step 71250 [71250/81380  88%]  loss=2.9904 ppl=19.9 lr=7.74e-06 | 51610 tok/s (avg 49281) ETA 126m17s | gtok=2,626,560,000 | GPU 1.3/55.7GB
step 71300 [71300/81380  88%]  loss=2.5649 ppl=13.0 lr=7.66e-06 | 51353 tok/s (avg 49283) ETA 125m39s | gtok=2,628,403,200 | GPU 1.3/55.7GB
step 71350 [71350/81380  88%]  loss=2.7075 ppl=15.0 lr=7.59e-06 | 51624 tok/s (avg 49284) ETA 125m02s | gtok=2,630,246,400 | GPU 1.3/55.7GB
step 71400 [71400/81380  88%]  loss=2.8024 ppl=16.5 lr=7.51e-06 | 51534 tok/s (avg 49286) ETA 124m24s | gtok=2,632,089,600 | GPU 1.3/55.7GB
step 71450 [71450/81380  88%]  loss=2.8293 ppl=16.9 lr=7.44e-06 | 51177 tok/s (avg 49287) ETA 123m47s | gtok=2,633,932,800 | GPU 1.3/55.7GB
step 71500 [71500/81380  88%]  loss=2.9059 ppl=18.3 lr=7.36e-06 | 51446 tok/s (avg 49289) ETA 123m09s | gtok=2,635,776,000 | GPU 1.3/55.7GB
step 71550 [71550/81380  88%]  loss=2.6755 ppl=14.5 lr=7.29e-06 | 51441 tok/s (avg 49290) ETA 122m31s | gtok=2,637,619,200 | GPU 1.3/55.7GB
step 71600 [71600/81380  88%]  loss=2.7162 ppl=15.1 lr=7.22e-06 | 51308 tok/s (avg 49291) ETA 121m54s | gtok=2,639,462,400 | GPU 1.3/55.7GB
step 71650 [71650/81380  88%]  loss=3.0613 ppl=21.4 lr=7.14e-06 | 51601 tok/s (avg 49293) ETA 121m16s | gtok=2,641,305,600 | GPU 1.3/55.7GB
step 71700 [71700/81380  88%]  loss=2.8276 ppl=16.9 lr=7.07e-06 | 51444 tok/s (avg 49294) ETA 120m39s | gtok=2,643,148,800 | GPU 1.3/55.7GB
step 71750 [71750/81380  88%]  loss=2.7274 ppl=15.3 lr=7.00e-06 | 51273 tok/s (avg 49296) ETA 120m01s | gtok=2,644,992,000 | GPU 1.3/55.7GB
step 71800 [71800/81380  88%]  loss=2.7298 ppl=15.3 lr=6.93e-06 | 51407 tok/s (avg 49297) ETA 119m23s | gtok=2,646,835,200 | GPU 1.3/55.7GB
step 71850 [71850/81380  88%]  loss=2.5143 ppl=12.4 lr=6.86e-06 | 51420 tok/s (avg 49299) ETA 118m46s | gtok=2,648,678,400 | GPU 1.3/55.7GB
step 71900 [71900/81380  88%]  loss=2.7983 ppl=16.4 lr=6.79e-06 | 51184 tok/s (avg 49300) ETA 118m08s | gtok=2,650,521,600 | GPU 1.3/55.7GB
step 71950 [71950/81380  88%]  loss=2.8248 ppl=16.9 lr=6.72e-06 | 51509 tok/s (avg 49301) ETA 117m31s | gtok=2,652,364,800 | GPU 1.3/55.7GB
step 72000 [72000/81380  88%]  loss=2.4614 ppl=11.7 lr=6.65e-06 | 51200 tok/s (avg 49303) ETA 116m53s | gtok=2,654,208,000 | GPU 1.3/55.7GB
  [checkpoint] step 72000 -> checkpoints_v13_sempty/mix3b_delta_answ100_1c913ef/best_model.pt
  [val @ step 72000] val_loss=3.2793 val_ppl=26.56 *best* (best 26.56)
  [wiki_val @ step 72000] val_loss=4.0148 val_ppl=55.41
  [checkpoint] step 72000 -> checkpoints_v13_sempty/mix3b_delta_answ100_1c913ef/latest.pt
  [diag] step 72000 cgu=+0.20 +0.24 +0.23 +0.27 +0.30 +0.40 +0.46 +0.51 +0.59 +0.65 +0.71 +0.81 +0.93 +1.04 +1.10 +1.48  pam=+0.04 +0.09 +0.08 +0.12 +0.18 +0.16 +0.19 +0.22 +0.24 +0.25 +0.25 +0.31 +0.41 +0.32 +0.55 +0.38
  [diag] dtbias=-3.95 -3.93 -3.99 -3.95 -3.97 -3.95 -3.93 -4.06 -3.98 -3.96 -3.98 -3.96 -3.90 -3.94 -4.03 -3.90  ret=0.88 0.79 0.87 0.82 0.85 0.81 0.85 0.97 0.92 0.83 0.89 0.85 0.76 0.76 0.96 0.64
  [diag] dtbias/head(layer-mean)=-3.97 -3.97 -3.93 -3.95 -3.99 -3.96
  [diag] gnorm=9.7e-02 1.0e-01 5.8e-02 6.7e-02 8.2e-02 9.4e-02 7.4e-02 7.3e-02 7.7e-02 1.3e-01 9.3e-02 9.4e-02 8.8e-02 9.2e-02 1.4e-01 1.2e-01  wnorm=81.0 83.8 85.1 85.4 85.9 86.4 86.7 86.6 86.8 87.1 87.1 87.1 87.8 88.4 88.9 89.0
step 72050 [72050/81380  89%]  loss=2.8161 ppl=16.7 lr=6.58e-06 | 23129 tok/s (avg 49264) ETA 116m21s | gtok=2,656,051,200 | GPU 1.3/55.7GB
step 72100 [72100/81380  89%]  loss=2.8398 ppl=17.1 lr=6.51e-06 | 51297 tok/s (avg 49265) ETA 115m43s | gtok=2,657,894,400 | GPU 1.3/55.7GB
step 72150 [72150/81380  89%]  loss=2.8013 ppl=16.5 lr=6.44e-06 | 51459 tok/s (avg 49267) ETA 115m06s | gtok=2,659,737,600 | GPU 1.3/55.7GB
step 72200 [72200/81380  89%]  loss=2.5216 ppl=12.4 lr=6.37e-06 | 51522 tok/s (avg 49268) ETA 114m28s | gtok=2,661,580,800 | GPU 1.3/55.7GB
step 72250 [72250/81380  89%]  loss=2.8494 ppl=17.3 lr=6.30e-06 | 51301 tok/s (avg 49270) ETA 113m51s | gtok=2,663,424,000 | GPU 1.3/55.7GB
step 72300 [72300/81380  89%]  loss=2.4960 ppl=12.1 lr=6.23e-06 | 51519 tok/s (avg 49271) ETA 113m13s | gtok=2,665,267,200 | GPU 1.3/55.7GB
step 72350 [72350/81380  89%]  loss=2.9111 ppl=18.4 lr=6.16e-06 | 51658 tok/s (avg 49273) ETA 112m35s | gtok=2,667,110,400 | GPU 1.3/55.7GB
step 72400 [72400/81380  89%]  loss=2.6172 ppl=13.7 lr=6.10e-06 | 51408 tok/s (avg 49274) ETA 111m58s | gtok=2,668,953,600 | GPU 1.3/55.7GB
step 72450 [72450/81380  89%]  loss=2.7329 ppl=15.4 lr=6.03e-06 | 45126 tok/s (avg 49271) ETA 111m21s | gtok=2,670,796,800 | GPU 1.3/55.7GB
step 72500 [72500/81380  89%]  loss=2.7733 ppl=16.0 lr=5.96e-06 | 51579 tok/s (avg 49272) ETA 110m43s | gtok=2,672,640,000 | GPU 1.3/55.7GB
step 72550 [72550/81380  89%]  loss=2.6055 ppl=13.5 lr=5.90e-06 | 51076 tok/s (avg 49274) ETA 110m06s | gtok=2,674,483,200 | GPU 1.3/55.7GB
step 72600 [72600/81380  89%]  loss=2.8005 ppl=16.5 lr=5.83e-06 | 51578 tok/s (avg 49275) ETA 109m28s | gtok=2,676,326,400 | GPU 1.3/55.7GB
step 72650 [72650/81380  89%]  loss=2.8543 ppl=17.4 lr=5.76e-06 | 51703 tok/s (avg 49277) ETA 108m50s | gtok=2,678,169,600 | GPU 1.3/55.7GB
step 72700 [72700/81380  89%]  loss=2.3995 ppl=11.0 lr=5.70e-06 | 51351 tok/s (avg 49278) ETA 108m13s | gtok=2,680,012,800 | GPU 1.3/55.7GB
step 72750 [72750/81380  89%]  loss=2.5934 ppl=13.4 lr=5.63e-06 | 51720 tok/s (avg 49280) ETA 107m35s | gtok=2,681,856,000 | GPU 1.3/55.7GB
step 72800 [72800/81380  89%]  loss=2.6304 ppl=13.9 lr=5.57e-06 | 51680 tok/s (avg 49281) ETA 106m58s | gtok=2,683,699,200 | GPU 1.3/55.7GB
step 72850 [72850/81380  90%]  loss=2.9459 ppl=19.0 lr=5.51e-06 | 51221 tok/s (avg 49283) ETA 106m20s | gtok=2,685,542,400 | GPU 1.3/55.7GB
step 72900 [72900/81380  90%]  loss=2.9583 ppl=19.3 lr=5.44e-06 | 51511 tok/s (avg 49284) ETA 105m42s | gtok=2,687,385,600 | GPU 1.3/55.7GB
step 72950 [72950/81380  90%]  loss=2.7275 ppl=15.3 lr=5.38e-06 | 51383 tok/s (avg 49285) ETA 105m05s | gtok=2,689,228,800 | GPU 1.3/55.7GB
step 73000 [73000/81380  90%]  loss=2.8176 ppl=16.7 lr=5.32e-06 | 51539 tok/s (avg 49287) ETA 104m27s | gtok=2,691,072,000 | GPU 1.3/55.7GB
  [checkpoint] step 73000 -> checkpoints_v13_sempty/mix3b_delta_answ100_1c913ef/latest.pt
step 73050 [73050/81380  90%]  loss=2.7614 ppl=15.8 lr=5.25e-06 | 49190 tok/s (avg 49287) ETA 103m50s | gtok=2,692,915,200 | GPU 1.3/55.7GB
step 73100 [73100/81380  90%]  loss=2.7658 ppl=15.9 lr=5.19e-06 | 51190 tok/s (avg 49288) ETA 103m12s | gtok=2,694,758,400 | GPU 1.3/55.7GB
step 73150 [73150/81380  90%]  loss=2.8023 ppl=16.5 lr=5.13e-06 | 51479 tok/s (avg 49289) ETA 102m35s | gtok=2,696,601,600 | GPU 1.3/55.7GB
step 73200 [73200/81380  90%]  loss=2.7603 ppl=15.8 lr=5.07e-06 | 51591 tok/s (avg 49291) ETA 101m57s | gtok=2,698,444,800 | GPU 1.3/55.7GB
step 73250 [73250/81380  90%]  loss=3.0225 ppl=20.5 lr=5.01e-06 | 51296 tok/s (avg 49292) ETA 101m20s | gtok=2,700,288,000 | GPU 1.3/55.7GB
step 73300 [73300/81380  90%]  loss=2.6501 ppl=14.2 lr=4.95e-06 | 51509 tok/s (avg 49294) ETA 100m42s | gtok=2,702,131,200 | GPU 1.3/55.7GB
step 73350 [73350/81380  90%]  loss=2.7528 ppl=15.7 lr=4.88e-06 | 51493 tok/s (avg 49295) ETA 100m05s | gtok=2,703,974,400 | GPU 1.3/55.7GB
step 73400 [73400/81380  90%]  loss=3.0044 ppl=20.2 lr=4.82e-06 | 51281 tok/s (avg 49296) ETA 99m27s | gtok=2,705,817,600 | GPU 1.3/55.7GB
step 73450 [73450/81380  90%]  loss=2.9394 ppl=18.9 lr=4.76e-06 | 51704 tok/s (avg 49298) ETA 98m49s | gtok=2,707,660,800 | GPU 1.3/55.7GB
step 73500 [73500/81380  90%]  loss=2.9229 ppl=18.6 lr=4.71e-06 | 51679 tok/s (avg 49300) ETA 98m12s | gtok=2,709,504,000 | GPU 1.3/55.7GB
step 73550 [73550/81380  90%]  loss=2.6318 ppl=13.9 lr=4.65e-06 | 51388 tok/s (avg 49301) ETA 97m34s | gtok=2,711,347,200 | GPU 1.3/55.7GB
step 73600 [73600/81380  90%]  loss=2.7366 ppl=15.4 lr=4.59e-06 | 51697 tok/s (avg 49303) ETA 96m57s | gtok=2,713,190,400 | GPU 1.3/55.7GB
step 73650 [73650/81380  91%]  loss=2.6172 ppl=13.7 lr=4.53e-06 | 51564 tok/s (avg 49304) ETA 96m19s | gtok=2,715,033,600 | GPU 1.3/55.7GB
step 73700 [73700/81380  91%]  loss=2.7279 ppl=15.3 lr=4.47e-06 | 51401 tok/s (avg 49305) ETA 95m42s | gtok=2,716,876,800 | GPU 1.3/55.7GB
step 73750 [73750/81380  91%]  loss=3.2893 ppl=26.8 lr=4.41e-06 | 51700 tok/s (avg 49307) ETA 95m04s | gtok=2,718,720,000 | GPU 1.3/55.7GB
step 73800 [73800/81380  91%]  loss=2.8301 ppl=16.9 lr=4.36e-06 | 51266 tok/s (avg 49308) ETA 94m26s | gtok=2,720,563,200 | GPU 1.3/55.7GB
step 73850 [73850/81380  91%]  loss=2.9158 ppl=18.5 lr=4.30e-06 | 51424 tok/s (avg 49310) ETA 93m49s | gtok=2,722,406,400 | GPU 1.3/55.7GB
step 73900 [73900/81380  91%]  loss=2.9276 ppl=18.7 lr=4.24e-06 | 51534 tok/s (avg 49311) ETA 93m11s | gtok=2,724,249,600 | GPU 1.3/55.7GB
step 73950 [73950/81380  91%]  loss=2.6967 ppl=14.8 lr=4.19e-06 | 51281 tok/s (avg 49312) ETA 92m34s | gtok=2,726,092,800 | GPU 1.3/55.7GB
step 74000 [74000/81380  91%]  loss=2.7612 ppl=15.8 lr=4.13e-06 | 51289 tok/s (avg 49314) ETA 91m56s | gtok=2,727,936,000 | GPU 1.3/55.7GB
  [checkpoint] step 74000 -> checkpoints_v13_sempty/mix3b_delta_answ100_1c913ef/best_model.pt
  [val @ step 74000] val_loss=3.2763 val_ppl=26.48 *best* (best 26.48)
  [wiki_val @ step 74000] val_loss=4.0077 val_ppl=55.02
  [checkpoint] step 74000 -> checkpoints_v13_sempty/mix3b_delta_answ100_1c913ef/latest.pt
  [diag] step 74000 cgu=+0.20 +0.24 +0.23 +0.27 +0.30 +0.40 +0.46 +0.51 +0.59 +0.65 +0.71 +0.81 +0.93 +1.04 +1.10 +1.48  pam=+0.04 +0.09 +0.08 +0.12 +0.18 +0.16 +0.19 +0.22 +0.24 +0.25 +0.25 +0.31 +0.41 +0.32 +0.55 +0.38
  [diag] dtbias=-3.95 -3.93 -3.99 -3.95 -3.97 -3.95 -3.93 -4.06 -3.98 -3.96 -3.98 -3.96 -3.90 -3.94 -4.03 -3.90  ret=0.88 0.79 0.87 0.82 0.86 0.81 0.85 0.97 0.93 0.84 0.89 0.85 0.77 0.76 0.96 0.64
  [diag] dtbias/head(layer-mean)=-3.97 -3.97 -3.93 -3.95 -3.99 -3.96
  [diag] gnorm=1.2e-01 7.8e-02 6.6e-02 7.4e-02 8.6e-02 8.1e-02 7.4e-02 7.6e-02 7.8e-02 9.1e-02 9.3e-02 9.6e-02 9.1e-02 9.2e-02 1.3e-01 1.1e-01  wnorm=81.0 83.7 85.1 85.4 85.9 86.4 86.7 86.6 86.8 87.1 87.1 87.1 87.8 88.4 88.9 89.0
step 74050 [74050/81380  91%]  loss=3.1115 ppl=22.5 lr=4.08e-06 | 22854 tok/s (avg 49275) ETA 91m23s | gtok=2,729,779,200 | GPU 1.3/55.7GB
step 74100 [74100/81380  91%]  loss=3.0590 ppl=21.3 lr=4.02e-06 | 51510 tok/s (avg 49276) ETA 90m46s | gtok=2,731,622,400 | GPU 1.3/55.7GB
step 74150 [74150/81380  91%]  loss=2.8980 ppl=18.1 lr=3.97e-06 | 51522 tok/s (avg 49278) ETA 90m08s | gtok=2,733,465,600 | GPU 1.3/55.7GB
step 74200 [74200/81380  91%]  loss=3.1665 ppl=23.7 lr=3.91e-06 | 51131 tok/s (avg 49279) ETA 89m31s | gtok=2,735,308,800 | GPU 1.3/55.7GB
step 74250 [74250/81380  91%]  loss=2.7590 ppl=15.8 lr=3.86e-06 | 51347 tok/s (avg 49280) ETA 88m53s | gtok=2,737,152,000 | GPU 1.3/55.7GB
step 74300 [74300/81380  91%]  loss=2.7626 ppl=15.8 lr=3.80e-06 | 51344 tok/s (avg 49282) ETA 88m16s | gtok=2,738,995,200 | GPU 1.3/55.7GB
step 74350 [74350/81380  91%]  loss=2.7475 ppl=15.6 lr=3.75e-06 | 51088 tok/s (avg 49283) ETA 87m38s | gtok=2,740,838,400 | GPU 1.3/55.7GB
step 74400 [74400/81380  91%]  loss=2.9388 ppl=18.9 lr=3.70e-06 | 51514 tok/s (avg 49284) ETA 87m00s | gtok=2,742,681,600 | GPU 1.3/55.7GB
step 74450 [74450/81380  91%]  loss=2.7110 ppl=15.0 lr=3.65e-06 | 51285 tok/s (avg 49286) ETA 86m23s | gtok=2,744,524,800 | GPU 1.3/55.7GB
step 74500 [74500/81380  92%]  loss=2.8130 ppl=16.7 lr=3.59e-06 | 51100 tok/s (avg 49287) ETA 85m45s | gtok=2,746,368,000 | GPU 1.3/55.7GB
step 74550 [74550/81380  92%]  loss=2.8954 ppl=18.1 lr=3.54e-06 | 51571 tok/s (avg 49288) ETA 85m08s | gtok=2,748,211,200 | GPU 1.3/55.7GB
step 74600 [74600/81380  92%]  loss=2.9322 ppl=18.8 lr=3.49e-06 | 51695 tok/s (avg 49290) ETA 84m30s | gtok=2,750,054,400 | GPU 1.3/55.7GB
step 74650 [74650/81380  92%]  loss=2.5137 ppl=12.4 lr=3.44e-06 | 51337 tok/s (avg 49291) ETA 83m53s | gtok=2,751,897,600 | GPU 1.3/55.7GB
step 74700 [74700/81380  92%]  loss=2.6529 ppl=14.2 lr=3.39e-06 | 51760 tok/s (avg 49293) ETA 83m15s | gtok=2,753,740,800 | GPU 1.3/55.7GB
step 74750 [74750/81380  92%]  loss=2.9881 ppl=19.8 lr=3.34e-06 | 51707 tok/s (avg 49294) ETA 82m38s | gtok=2,755,584,000 | GPU 1.3/55.7GB
step 74800 [74800/81380  92%]  loss=2.4119 ppl=11.2 lr=3.29e-06 | 51325 tok/s (avg 49296) ETA 82m00s | gtok=2,757,427,200 | GPU 1.3/55.7GB
step 74850 [74850/81380  92%]  loss=3.0657 ppl=21.5 lr=3.24e-06 | 51683 tok/s (avg 49297) ETA 81m23s | gtok=2,759,270,400 | GPU 1.3/55.7GB
step 74900 [74900/81380  92%]  loss=3.0764 ppl=21.7 lr=3.19e-06 | 45783 tok/s (avg 49295) ETA 80m45s | gtok=2,761,113,600 | GPU 1.3/55.7GB
step 74950 [74950/81380  92%]  loss=2.6261 ppl=13.8 lr=3.14e-06 | 51674 tok/s (avg 49296) ETA 80m08s | gtok=2,762,956,800 | GPU 1.3/55.7GB
step 75000 [75000/81380  92%]  loss=2.8960 ppl=18.1 lr=3.09e-06 | 51652 tok/s (avg 49298) ETA 79m30s | gtok=2,764,800,000 | GPU 1.3/55.7GB
  [checkpoint] step 75000 -> checkpoints_v13_sempty/mix3b_delta_answ100_1c913ef/latest.pt
step 75050 [75050/81380  92%]  loss=2.3972 ppl=11.0 lr=3.04e-06 | 49071 tok/s (avg 49297) ETA 78m53s | gtok=2,766,643,200 | GPU 1.3/55.7GB
step 75100 [75100/81380  92%]  loss=2.6833 ppl=14.6 lr=3.00e-06 | 51512 tok/s (avg 49299) ETA 78m15s | gtok=2,768,486,400 | GPU 1.3/55.7GB
step 75150 [75150/81380  92%]  loss=2.6289 ppl=13.9 lr=2.95e-06 | 51397 tok/s (avg 49300) ETA 77m38s | gtok=2,770,329,600 | GPU 1.3/55.7GB
step 75200 [75200/81380  92%]  loss=3.0533 ppl=21.2 lr=2.90e-06 | 51073 tok/s (avg 49301) ETA 77m00s | gtok=2,772,172,800 | GPU 1.3/55.7GB
step 75250 [75250/81380  92%]  loss=2.8550 ppl=17.4 lr=2.86e-06 | 51378 tok/s (avg 49303) ETA 76m23s | gtok=2,774,016,000 | GPU 1.3/55.7GB
step 75300 [75300/81380  93%]  loss=2.5365 ppl=12.6 lr=2.81e-06 | 51538 tok/s (avg 49304) ETA 75m45s | gtok=2,775,859,200 | GPU 1.3/55.7GB
step 75350 [75350/81380  93%]  loss=2.3282 ppl=10.3 lr=2.76e-06 | 51187 tok/s (avg 49305) ETA 75m08s | gtok=2,777,702,400 | GPU 1.3/55.7GB
step 75400 [75400/81380  93%]  loss=2.5591 ppl=12.9 lr=2.72e-06 | 51613 tok/s (avg 49307) ETA 74m30s | gtok=2,779,545,600 | GPU 1.3/55.7GB
step 75450 [75450/81380  93%]  loss=2.5984 ppl=13.4 lr=2.67e-06 | 51748 tok/s (avg 49308) ETA 73m53s | gtok=2,781,388,800 | GPU 1.3/55.7GB
step 75500 [75500/81380  93%]  loss=2.5089 ppl=12.3 lr=2.63e-06 | 51387 tok/s (avg 49310) ETA 73m15s | gtok=2,783,232,000 | GPU 1.3/55.7GB
step 75550 [75550/81380  93%]  loss=2.6000 ppl=13.5 lr=2.58e-06 | 51498 tok/s (avg 49311) ETA 72m38s | gtok=2,785,075,200 | GPU 1.3/55.7GB
step 75600 [75600/81380  93%]  loss=2.8920 ppl=18.0 lr=2.54e-06 | 51386 tok/s (avg 49312) ETA 72m00s | gtok=2,786,918,400 | GPU 1.3/55.7GB
step 75650 [75650/81380  93%]  loss=2.8217 ppl=16.8 lr=2.50e-06 | 51171 tok/s (avg 49313) ETA 71m23s | gtok=2,788,761,600 | GPU 1.3/55.7GB
step 75700 [75700/81380  93%]  loss=3.0122 ppl=20.3 lr=2.45e-06 | 51406 tok/s (avg 49315) ETA 70m45s | gtok=2,790,604,800 | GPU 1.3/55.7GB
step 75750 [75750/81380  93%]  loss=2.8163 ppl=16.7 lr=2.41e-06 | 51457 tok/s (avg 49316) ETA 70m08s | gtok=2,792,448,000 | GPU 1.3/55.7GB
step 75800 [75800/81380  93%]  loss=2.7633 ppl=15.9 lr=2.37e-06 | 51320 tok/s (avg 49317) ETA 69m30s | gtok=2,794,291,200 | GPU 1.3/55.7GB
step 75850 [75850/81380  93%]  loss=2.9080 ppl=18.3 lr=2.33e-06 | 51678 tok/s (avg 49319) ETA 68m53s | gtok=2,796,134,400 | GPU 1.3/55.7GB
step 75900 [75900/81380  93%]  loss=2.6960 ppl=14.8 lr=2.28e-06 | 51144 tok/s (avg 49320) ETA 68m15s | gtok=2,797,977,600 | GPU 1.3/55.7GB
step 75950 [75950/81380  93%]  loss=3.0598 ppl=21.3 lr=2.24e-06 | 51509 tok/s (avg 49321) ETA 67m38s | gtok=2,799,820,800 | GPU 1.3/55.7GB
step 76000 [76000/81380  93%]  loss=2.5440 ppl=12.7 lr=2.20e-06 | 51497 tok/s (avg 49323) ETA 67m01s | gtok=2,801,664,000 | GPU 1.3/55.7GB
  [checkpoint] step 76000 -> checkpoints_v13_sempty/mix3b_delta_answ100_1c913ef/best_model.pt
  [val @ step 76000] val_loss=3.2743 val_ppl=26.42 *best* (best 26.42)
  [wiki_val @ step 76000] val_loss=4.0049 val_ppl=54.87
  [checkpoint] step 76000 -> checkpoints_v13_sempty/mix3b_delta_answ100_1c913ef/latest.pt
  [diag] step 76000 cgu=+0.20 +0.24 +0.23 +0.27 +0.30 +0.40 +0.46 +0.51 +0.59 +0.65 +0.72 +0.81 +0.93 +1.04 +1.10 +1.48  pam=+0.04 +0.09 +0.08 +0.12 +0.18 +0.16 +0.19 +0.22 +0.24 +0.25 +0.25 +0.31 +0.41 +0.32 +0.55 +0.38
  [diag] dtbias=-3.95 -3.93 -3.99 -3.95 -3.97 -3.95 -3.93 -4.06 -3.98 -3.96 -3.98 -3.96 -3.90 -3.94 -4.03 -3.90  ret=0.88 0.79 0.87 0.82 0.85 0.81 0.85 0.97 0.92 0.83 0.88 0.85 0.76 0.76 0.96 0.64
  [diag] dtbias/head(layer-mean)=-3.97 -3.97 -3.93 -3.95 -3.99 -3.96
  [diag] gnorm=1.1e-01 8.8e-02 7.3e-02 7.5e-02 9.0e-02 9.8e-02 7.8e-02 8.1e-02 8.5e-02 9.4e-02 1.1e-01 1.0e-01 9.5e-02 1.2e-01 1.6e-01 1.2e-01  wnorm=81.0 83.7 85.1 85.4 85.9 86.4 86.7 86.6 86.8 87.1 87.1 87.1 87.8 88.4 88.9 89.0
step 76050 [76050/81380  93%]  loss=2.7775 ppl=16.1 lr=2.16e-06 | 22907 tok/s (avg 49285) ETA 66m26s | gtok=2,803,507,200 | GPU 1.3/55.7GB
step 76100 [76100/81380  94%]  loss=2.8811 ppl=17.8 lr=2.12e-06 | 51658 tok/s (avg 49287) ETA 65m49s | gtok=2,805,350,400 | GPU 1.3/55.7GB
step 76150 [76150/81380  94%]  loss=3.0766 ppl=21.7 lr=2.08e-06 | 51324 tok/s (avg 49288) ETA 65m11s | gtok=2,807,193,600 | GPU 1.3/55.7GB
step 76200 [76200/81380  94%]  loss=2.9944 ppl=20.0 lr=2.04e-06 | 51663 tok/s (avg 49290) ETA 64m34s | gtok=2,809,036,800 | GPU 1.3/55.7GB
step 76250 [76250/81380  94%]  loss=2.8131 ppl=16.7 lr=2.00e-06 | 51649 tok/s (avg 49291) ETA 63m56s | gtok=2,810,880,000 | GPU 1.3/55.7GB
step 76300 [76300/81380  94%]  loss=2.3740 ppl=10.7 lr=1.96e-06 | 51349 tok/s (avg 49292) ETA 63m19s | gtok=2,812,723,200 | GPU 1.3/55.7GB
step 76350 [76350/81380  94%]  loss=2.7272 ppl=15.3 lr=1.93e-06 | 51704 tok/s (avg 49294) ETA 62m41s | gtok=2,814,566,400 | GPU 1.3/55.7GB
step 76400 [76400/81380  94%]  loss=3.0346 ppl=20.8 lr=1.89e-06 | 51654 tok/s (avg 49295) ETA 62m04s | gtok=2,816,409,600 | GPU 1.3/55.7GB
step 76450 [76450/81380  94%]  loss=2.9305 ppl=18.7 lr=1.85e-06 | 51393 tok/s (avg 49297) ETA 61m26s | gtok=2,818,252,800 | GPU 1.3/55.7GB
step 76500 [76500/81380  94%]  loss=2.8627 ppl=17.5 lr=1.81e-06 | 51516 tok/s (avg 49298) ETA 60m49s | gtok=2,820,096,000 | GPU 1.3/55.7GB
step 76550 [76550/81380  94%]  loss=2.8291 ppl=16.9 lr=1.78e-06 | 51396 tok/s (avg 49299) ETA 60m11s | gtok=2,821,939,200 | GPU 1.3/55.7GB
step 76600 [76600/81380  94%]  loss=2.5821 ppl=13.2 lr=1.74e-06 | 51299 tok/s (avg 49301) ETA 59m34s | gtok=2,823,782,400 | GPU 1.3/55.7GB
step 76650 [76650/81380  94%]  loss=2.6265 ppl=13.8 lr=1.70e-06 | 51662 tok/s (avg 49302) ETA 58m56s | gtok=2,825,625,600 | GPU 1.3/55.7GB
step 76700 [76700/81380  94%]  loss=2.8995 ppl=18.2 lr=1.67e-06 | 51606 tok/s (avg 49304) ETA 58m19s | gtok=2,827,468,800 | GPU 1.3/55.7GB
step 76750 [76750/81380  94%]  loss=2.8657 ppl=17.6 lr=1.63e-06 | 51360 tok/s (avg 49305) ETA 57m41s | gtok=2,829,312,000 | GPU 1.3/55.7GB
step 76800 [76800/81380  94%]  loss=2.9726 ppl=19.5 lr=1.60e-06 | 51452 tok/s (avg 49306) ETA 57m04s | gtok=2,831,155,200 | GPU 1.3/55.7GB
step 76850 [76850/81380  94%]  loss=2.7357 ppl=15.4 lr=1.56e-06 | 51642 tok/s (avg 49308) ETA 56m26s | gtok=2,832,998,400 | GPU 1.3/55.7GB
step 76900 [76900/81380  94%]  loss=2.6752 ppl=14.5 lr=1.53e-06 | 51234 tok/s (avg 49309) ETA 55m49s | gtok=2,834,841,600 | GPU 1.3/55.7GB
step 76950 [76950/81380  95%]  loss=2.8793 ppl=17.8 lr=1.50e-06 | 51689 tok/s (avg 49310) ETA 55m11s | gtok=2,836,684,800 | GPU 1.3/55.7GB
step 77000 [77000/81380  95%]  loss=2.7991 ppl=16.4 lr=1.46e-06 | 51582 tok/s (avg 49312) ETA 54m34s | gtok=2,838,528,000 | GPU 1.3/55.7GB
  [checkpoint] step 77000 -> checkpoints_v13_sempty/mix3b_delta_answ100_1c913ef/latest.pt
step 77050 [77050/81380  95%]  loss=2.9959 ppl=20.0 lr=1.43e-06 | 48781 tok/s (avg 49311) ETA 53m56s | gtok=2,840,371,200 | GPU 1.3/55.7GB
step 77100 [77100/81380  95%]  loss=2.2879 ppl=9.9 lr=1.40e-06 | 51804 tok/s (avg 49313) ETA 53m19s | gtok=2,842,214,400 | GPU 1.3/55.7GB
step 77150 [77150/81380  95%]  loss=2.8499 ppl=17.3 lr=1.36e-06 | 51369 tok/s (avg 49314) ETA 52m42s | gtok=2,844,057,600 | GPU 1.3/55.7GB
step 77200 [77200/81380  95%]  loss=2.6468 ppl=14.1 lr=1.33e-06 | 51639 tok/s (avg 49316) ETA 52m04s | gtok=2,845,900,800 | GPU 1.3/55.7GB
step 77250 [77250/81380  95%]  loss=2.4815 ppl=12.0 lr=1.30e-06 | 51660 tok/s (avg 49317) ETA 51m27s | gtok=2,847,744,000 | GPU 1.3/55.7GB
step 77300 [77300/81380  95%]  loss=2.9129 ppl=18.4 lr=1.27e-06 | 51228 tok/s (avg 49318) ETA 50m49s | gtok=2,849,587,200 | GPU 1.3/55.7GB
step 77350 [77350/81380  95%]  loss=2.8969 ppl=18.1 lr=1.24e-06 | 51563 tok/s (avg 49320) ETA 50m12s | gtok=2,851,430,400 | GPU 1.3/55.7GB
step 77400 [77400/81380  95%]  loss=2.8720 ppl=17.7 lr=1.21e-06 | 44962 tok/s (avg 49317) ETA 49m35s | gtok=2,853,273,600 | GPU 1.3/55.7GB
step 77450 [77450/81380  95%]  loss=3.0137 ppl=20.4 lr=1.18e-06 | 51374 tok/s (avg 49318) ETA 48m57s | gtok=2,855,116,800 | GPU 1.3/55.7GB
step 77500 [77500/81380  95%]  loss=2.7461 ppl=15.6 lr=1.15e-06 | 51556 tok/s (avg 49319) ETA 48m20s | gtok=2,856,960,000 | GPU 1.3/55.7GB
step 77550 [77550/81380  95%]  loss=2.9063 ppl=18.3 lr=1.12e-06 | 51550 tok/s (avg 49321) ETA 47m42s | gtok=2,858,803,200 | GPU 1.3/55.7GB
step 77600 [77600/81380  95%]  loss=2.8780 ppl=17.8 lr=1.09e-06 | 51163 tok/s (avg 49322) ETA 47m05s | gtok=2,860,646,400 | GPU 1.3/55.7GB
step 77650 [77650/81380  95%]  loss=2.5319 ppl=12.6 lr=1.06e-06 | 51586 tok/s (avg 49323) ETA 46m27s | gtok=2,862,489,600 | GPU 1.3/55.7GB
step 77700 [77700/81380  95%]  loss=2.5598 ppl=12.9 lr=1.03e-06 | 51446 tok/s (avg 49325) ETA 45m50s | gtok=2,864,332,800 | GPU 1.3/55.7GB
step 77750 [77750/81380  96%]  loss=2.9409 ppl=18.9 lr=1.00e-06 | 51390 tok/s (avg 49326) ETA 45m12s | gtok=2,866,176,000 | GPU 1.3/55.7GB
step 77800 [77800/81380  96%]  loss=2.5870 ppl=13.3 lr=9.77e-07 | 51506 tok/s (avg 49327) ETA 44m35s | gtok=2,868,019,200 | GPU 1.3/55.7GB
step 77850 [77850/81380  96%]  loss=2.8053 ppl=16.5 lr=9.50e-07 | 51658 tok/s (avg 49329) ETA 43m58s | gtok=2,869,862,400 | GPU 1.3/55.7GB
step 77900 [77900/81380  96%]  loss=3.0415 ppl=20.9 lr=9.24e-07 | 51363 tok/s (avg 49330) ETA 43m20s | gtok=2,871,705,600 | GPU 1.3/55.7GB
step 77950 [77950/81380  96%]  loss=2.8039 ppl=16.5 lr=8.97e-07 | 51733 tok/s (avg 49331) ETA 42m43s | gtok=2,873,548,800 | GPU 1.3/55.7GB
step 78000 [78000/81380  96%]  loss=2.6811 ppl=14.6 lr=8.71e-07 | 51377 tok/s (avg 49333) ETA 42m05s | gtok=2,875,392,000 | GPU 1.3/55.7GB
  [checkpoint] step 78000 -> checkpoints_v13_sempty/mix3b_delta_answ100_1c913ef/best_model.pt
  [val @ step 78000] val_loss=3.2732 val_ppl=26.40 *best* (best 26.40)
  [wiki_val @ step 78000] val_loss=4.0025 val_ppl=54.73
  [checkpoint] step 78000 -> checkpoints_v13_sempty/mix3b_delta_answ100_1c913ef/latest.pt
  [diag] step 78000 cgu=+0.20 +0.24 +0.23 +0.27 +0.30 +0.40 +0.46 +0.51 +0.59 +0.65 +0.72 +0.81 +0.93 +1.04 +1.10 +1.48  pam=+0.04 +0.09 +0.08 +0.12 +0.18 +0.16 +0.19 +0.22 +0.24 +0.25 +0.25 +0.31 +0.41 +0.32 +0.55 +0.38
  [diag] dtbias=-3.95 -3.93 -3.99 -3.95 -3.97 -3.95 -3.93 -4.06 -3.98 -3.96 -3.98 -3.96 -3.90 -3.94 -4.03 -3.90  ret=0.87 0.79 0.87 0.82 0.85 0.81 0.85 0.97 0.92 0.83 0.88 0.85 0.77 0.76 0.96 0.64
  [diag] dtbias/head(layer-mean)=-3.97 -3.97 -3.93 -3.95 -3.99 -3.96
  [diag] gnorm=1.0e-01 7.6e-02 5.8e-02 7.2e-02 9.9e-02 8.7e-02 7.3e-02 7.3e-02 7.5e-02 8.8e-02 8.9e-02 1.0e-01 9.0e-02 1.2e-01 1.4e-01 1.4e-01  wnorm=81.0 83.7 85.1 85.4 85.9 86.4 86.7 86.6 86.8 87.1 87.1 87.1 87.8 88.4 88.9 89.0
step 78050 [78050/81380  96%]  loss=2.6475 ppl=14.1 lr=8.46e-07 | 10863 tok/s (avg 49221) ETA 41m34s | gtok=2,877,235,200 | GPU 1.3/55.7GB
step 78100 [78100/81380  96%]  loss=2.6939 ppl=14.8 lr=8.21e-07 | 51572 tok/s (avg 49222) ETA 40m56s | gtok=2,879,078,400 | GPU 1.3/55.7GB
step 78150 [78150/81380  96%]  loss=2.9762 ppl=19.6 lr=7.96e-07 | 51311 tok/s (avg 49224) ETA 40m18s | gtok=2,880,921,600 | GPU 1.3/55.7GB
step 78200 [78200/81380  96%]  loss=2.9812 ppl=19.7 lr=7.71e-07 | 51674 tok/s (avg 49225) ETA 39m41s | gtok=2,882,764,800 | GPU 1.3/55.7GB
step 78250 [78250/81380  96%]  loss=2.7052 ppl=15.0 lr=7.47e-07 | 51324 tok/s (avg 49226) ETA 39m03s | gtok=2,884,608,000 | GPU 1.3/55.7GB
step 78300 [78300/81380  96%]  loss=2.6473 ppl=14.1 lr=7.24e-07 | 51504 tok/s (avg 49228) ETA 38m26s | gtok=2,886,451,200 | GPU 1.3/55.7GB
step 78350 [78350/81380  96%]  loss=3.0341 ppl=20.8 lr=7.00e-07 | 51526 tok/s (avg 49229) ETA 37m48s | gtok=2,888,294,400 | GPU 1.3/55.7GB
step 78400 [78400/81380  96%]  loss=2.6401 ppl=14.0 lr=6.78e-07 | 51157 tok/s (avg 49230) ETA 37m11s | gtok=2,890,137,600 | GPU 1.3/55.7GB
step 78450 [78450/81380  96%]  loss=2.8609 ppl=17.5 lr=6.55e-07 | 51445 tok/s (avg 49232) ETA 36m33s | gtok=2,891,980,800 | GPU 1.3/55.7GB
step 78500 [78500/81380  96%]  loss=2.9113 ppl=18.4 lr=6.33e-07 | 51461 tok/s (avg 49233) ETA 35m56s | gtok=2,893,824,000 | GPU 1.3/55.7GB
step 78550 [78550/81380  97%]  loss=2.4582 ppl=11.7 lr=6.11e-07 | 51295 tok/s (avg 49234) ETA 35m18s | gtok=2,895,667,200 | GPU 1.3/55.7GB
step 78600 [78600/81380  97%]  loss=2.7660 ppl=15.9 lr=5.90e-07 | 51574 tok/s (avg 49236) ETA 34m41s | gtok=2,897,510,400 | GPU 1.3/55.7GB
step 78650 [78650/81380  97%]  loss=2.6323 ppl=13.9 lr=5.69e-07 | 51695 tok/s (avg 49237) ETA 34m03s | gtok=2,899,353,600 | GPU 1.3/55.7GB
step 78700 [78700/81380  97%]  loss=2.7016 ppl=14.9 lr=5.48e-07 | 51250 tok/s (avg 49238) ETA 33m26s | gtok=2,901,196,800 | GPU 1.3/55.7GB
step 78750 [78750/81380  97%]  loss=2.6379 ppl=14.0 lr=5.28e-07 | 51613 tok/s (avg 49240) ETA 32m48s | gtok=2,903,040,000 | GPU 1.3/55.7GB
step 78800 [78800/81380  97%]  loss=2.7549 ppl=15.7 lr=5.08e-07 | 51518 tok/s (avg 49241) ETA 32m11s | gtok=2,904,883,200 | GPU 1.3/55.7GB
step 78850 [78850/81380  97%]  loss=2.7754 ppl=16.0 lr=4.88e-07 | 51131 tok/s (avg 49242) ETA 31m34s | gtok=2,906,726,400 | GPU 1.3/55.7GB
step 78900 [78900/81380  97%]  loss=2.6617 ppl=14.3 lr=4.69e-07 | 51592 tok/s (avg 49244) ETA 30m56s | gtok=2,908,569,600 | GPU 1.3/55.7GB
step 78950 [78950/81380  97%]  loss=2.6660 ppl=14.4 lr=4.51e-07 | 51297 tok/s (avg 49245) ETA 30m19s | gtok=2,910,412,800 | GPU 1.3/55.7GB
step 79000 [79000/81380  97%]  loss=2.5811 ppl=13.2 lr=4.32e-07 | 51649 tok/s (avg 49247) ETA 29m41s | gtok=2,912,256,000 | GPU 1.3/55.7GB
  [checkpoint] step 79000 -> checkpoints_v13_sempty/mix3b_delta_answ100_1c913ef/latest.pt
step 79050 [79050/81380  97%]  loss=2.9880 ppl=19.8 lr=4.14e-07 | 49241 tok/s (avg 49247) ETA 29m04s | gtok=2,914,099,200 | GPU 1.3/55.7GB
step 79100 [79100/81380  97%]  loss=2.6769 ppl=14.5 lr=3.97e-07 | 51361 tok/s (avg 49248) ETA 28m26s | gtok=2,915,942,400 | GPU 1.3/55.7GB
step 79150 [79150/81380  97%]  loss=2.6943 ppl=14.8 lr=3.80e-07 | 51545 tok/s (avg 49249) ETA 27m49s | gtok=2,917,785,600 | GPU 1.3/55.7GB
step 79200 [79200/81380  97%]  loss=2.7063 ppl=15.0 lr=3.63e-07 | 51822 tok/s (avg 49251) ETA 27m11s | gtok=2,919,628,800 | GPU 1.3/55.7GB
step 79250 [79250/81380  97%]  loss=2.8382 ppl=17.1 lr=3.46e-07 | 51357 tok/s (avg 49252) ETA 26m34s | gtok=2,921,472,000 | GPU 1.3/55.7GB
step 79300 [79300/81380  97%]  loss=2.9495 ppl=19.1 lr=3.30e-07 | 51598 tok/s (avg 49253) ETA 25m56s | gtok=2,923,315,200 | GPU 1.3/55.7GB
step 79350 [79350/81380  98%]  loss=2.6780 ppl=14.6 lr=3.15e-07 | 51790 tok/s (avg 49255) ETA 25m19s | gtok=2,925,158,400 | GPU 1.3/55.7GB
step 79400 [79400/81380  98%]  loss=2.7606 ppl=15.8 lr=2.99e-07 | 51263 tok/s (avg 49256) ETA 24m41s | gtok=2,927,001,600 | GPU 1.3/55.7GB
step 79450 [79450/81380  98%]  loss=2.8825 ppl=17.9 lr=2.84e-07 | 51613 tok/s (avg 49258) ETA 24m04s | gtok=2,928,844,800 | GPU 1.3/55.7GB
step 79500 [79500/81380  98%]  loss=2.9765 ppl=19.6 lr=2.70e-07 | 51669 tok/s (avg 49259) ETA 23m26s | gtok=2,930,688,000 | GPU 1.3/55.7GB
step 79550 [79550/81380  98%]  loss=2.5815 ppl=13.2 lr=2.56e-07 | 51388 tok/s (avg 49260) ETA 22m49s | gtok=2,932,531,200 | GPU 1.3/55.7GB
step 79600 [79600/81380  98%]  loss=2.7611 ppl=15.8 lr=2.42e-07 | 51671 tok/s (avg 49262) ETA 22m12s | gtok=2,934,374,400 | GPU 1.3/55.7GB
step 79650 [79650/81380  98%]  loss=2.9666 ppl=19.4 lr=2.29e-07 | 51288 tok/s (avg 49263) ETA 21m34s | gtok=2,936,217,600 | GPU 1.3/55.7GB
step 79700 [79700/81380  98%]  loss=2.5763 ppl=13.1 lr=2.15e-07 | 51584 tok/s (avg 49264) ETA 20m57s | gtok=2,938,060,800 | GPU 1.3/55.7GB
step 79750 [79750/81380  98%]  loss=2.9245 ppl=18.6 lr=2.03e-07 | 51584 tok/s (avg 49266) ETA 20m19s | gtok=2,939,904,000 | GPU 1.3/55.7GB
step 79800 [79800/81380  98%]  loss=2.8141 ppl=16.7 lr=1.91e-07 | 51315 tok/s (avg 49267) ETA 19m42s | gtok=2,941,747,200 | GPU 1.3/55.7GB
step 79850 [79850/81380  98%]  loss=3.1350 ppl=23.0 lr=1.79e-07 | 45463 tok/s (avg 49264) ETA 19m04s | gtok=2,943,590,400 | GPU 1.3/55.7GB
step 79900 [79900/81380  98%]  loss=2.6599 ppl=14.3 lr=1.67e-07 | 51679 tok/s (avg 49266) ETA 18m27s | gtok=2,945,433,600 | GPU 1.3/55.7GB
step 79950 [79950/81380  98%]  loss=2.7249 ppl=15.3 lr=1.56e-07 | 51373 tok/s (avg 49267) ETA 17m49s | gtok=2,947,276,800 | GPU 1.3/55.7GB
step 80000 [80000/81380  98%]  loss=3.1450 ppl=23.2 lr=1.45e-07 | 51702 tok/s (avg 49269) ETA 17m12s | gtok=2,949,120,000 | GPU 1.3/55.7GB
  [checkpoint] step 80000 -> checkpoints_v13_sempty/mix3b_delta_answ100_1c913ef/best_model.pt
  [val @ step 80000] val_loss=3.2728 val_ppl=26.38 *best* (best 26.38)
  [wiki_val @ step 80000] val_loss=4.0024 val_ppl=54.73
  [checkpoint] step 80000 -> checkpoints_v13_sempty/mix3b_delta_answ100_1c913ef/latest.pt
  [checkpoint] step 80000 -> checkpoints_v13_sempty/mix3b_delta_answ100_1c913ef/step_080000.pt
  [checkpoint] pruned step_070000.pt
  [diag] step 80000 cgu=+0.20 +0.24 +0.23 +0.27 +0.30 +0.40 +0.46 +0.51 +0.59 +0.65 +0.72 +0.81 +0.93 +1.04 +1.10 +1.48  pam=+0.04 +0.09 +0.08 +0.12 +0.18 +0.16 +0.19 +0.22 +0.24 +0.25 +0.25 +0.31 +0.41 +0.32 +0.55 +0.38
  [diag] dtbias=-3.95 -3.93 -3.99 -3.95 -3.97 -3.95 -3.93 -4.06 -3.98 -3.96 -3.98 -3.96 -3.90 -3.94 -4.03 -3.90  ret=0.88 0.79 0.87 0.82 0.85 0.81 0.85 0.97 0.93 0.83 0.89 0.85 0.76 0.76 0.97 0.64
  [diag] dtbias/head(layer-mean)=-3.97 -3.97 -3.93 -3.95 -3.99 -3.96
  [diag] gnorm=1.3e-01 1.1e-01 7.1e-02 8.0e-02 1.2e-01 9.8e-02 8.4e-02 8.8e-02 8.4e-02 9.9e-02 1.0e-01 1.0e-01 1.0e-01 1.2e-01 1.5e-01 1.3e-01  wnorm=81.0 83.7 85.1 85.4 85.9 86.4 86.7 86.6 86.8 87.1 87.1 87.1 87.8 88.4 88.9 89.0
step 80050 [80050/81380  98%]  loss=2.8793 ppl=17.8 lr=1.35e-07 | 22802 tok/s (avg 49233) ETA 16m35s | gtok=2,950,963,200 | GPU 1.3/55.7GB
step 80100 [80100/81380  98%]  loss=2.4722 ppl=11.8 lr=1.25e-07 | 51462 tok/s (avg 49234) ETA 15m58s | gtok=2,952,806,400 | GPU 1.3/55.7GB
step 80150 [80150/81380  98%]  loss=2.6862 ppl=14.7 lr=1.16e-07 | 51516 tok/s (avg 49236) ETA 15m20s | gtok=2,954,649,600 | GPU 1.3/55.7GB
step 80200 [80200/81380  99%]  loss=2.5906 ppl=13.3 lr=1.06e-07 | 51166 tok/s (avg 49237) ETA 14m43s | gtok=2,956,492,800 | GPU 1.3/55.7GB
step 80250 [80250/81380  99%]  loss=2.6807 ppl=14.6 lr=9.75e-08 | 51547 tok/s (avg 49238) ETA 14m06s | gtok=2,958,336,000 | GPU 1.3/55.7GB
step 80300 [80300/81380  99%]  loss=2.8889 ppl=18.0 lr=8.91e-08 | 51652 tok/s (avg 49240) ETA 13m28s | gtok=2,960,179,200 | GPU 1.3/55.7GB
step 80350 [80350/81380  99%]  loss=2.7822 ppl=16.2 lr=8.10e-08 | 51136 tok/s (avg 49241) ETA 12m51s | gtok=2,962,022,400 | GPU 1.3/55.7GB
step 80400 [80400/81380  99%]  loss=2.5050 ppl=12.2 lr=7.33e-08 | 51478 tok/s (avg 49242) ETA 12m13s | gtok=2,963,865,600 | GPU 1.3/55.7GB
step 80450 [80450/81380  99%]  loss=2.5002 ppl=12.2 lr=6.61e-08 | 51302 tok/s (avg 49243) ETA 11m36s | gtok=2,965,708,800 | GPU 1.3/55.7GB
step 80500 [80500/81380  99%]  loss=2.7045 ppl=14.9 lr=5.91e-08 | 51459 tok/s (avg 49245) ETA 10m58s | gtok=2,967,552,000 | GPU 1.3/55.7GB
step 80550 [80550/81380  99%]  loss=2.9451 ppl=19.0 lr=5.26e-08 | 51559 tok/s (avg 49246) ETA 10m21s | gtok=2,969,395,200 | GPU 1.3/55.7GB
step 80600 [80600/81380  99%]  loss=2.9495 ppl=19.1 lr=4.65e-08 | 51333 tok/s (avg 49247) ETA 9m43s | gtok=2,971,238,400 | GPU 1.3/55.7GB
step 80650 [80650/81380  99%]  loss=2.4768 ppl=11.9 lr=4.07e-08 | 51694 tok/s (avg 49249) ETA 9m06s | gtok=2,973,081,600 | GPU 1.3/55.7GB
step 80700 [80700/81380  99%]  loss=3.1707 ppl=23.8 lr=3.53e-08 | 51676 tok/s (avg 49250) ETA 8m28s | gtok=2,974,924,800 | GPU 1.3/55.7GB
step 80750 [80750/81380  99%]  loss=2.8885 ppl=18.0 lr=3.03e-08 | 51309 tok/s (avg 49251) ETA 7m51s | gtok=2,976,768,000 | GPU 1.3/55.7GB
step 80800 [80800/81380  99%]  loss=2.8699 ppl=17.6 lr=2.57e-08 | 51531 tok/s (avg 49253) ETA 7m14s | gtok=2,978,611,200 | GPU 1.3/55.7GB
step 80850 [80850/81380  99%]  loss=2.8022 ppl=16.5 lr=2.15e-08 | 51506 tok/s (avg 49254) ETA 6m36s | gtok=2,980,454,400 | GPU 1.3/55.7GB
step 80900 [80900/81380  99%]  loss=2.4844 ppl=12.0 lr=1.76e-08 | 51249 tok/s (avg 49255) ETA 5m59s | gtok=2,982,297,600 | GPU 1.3/55.7GB
step 80950 [80950/81380  99%]  loss=2.7412 ppl=15.5 lr=1.41e-08 | 51632 tok/s (avg 49257) ETA 5m21s | gtok=2,984,140,800 | GPU 1.3/55.7GB
step 81000 [81000/81380 100%]  loss=3.0019 ppl=20.1 lr=1.10e-08 | 51718 tok/s (avg 49258) ETA 4m44s | gtok=2,985,984,000 | GPU 1.3/55.7GB
  [checkpoint] step 81000 -> checkpoints_v13_sempty/mix3b_delta_answ100_1c913ef/latest.pt
step 81050 [81050/81380 100%]  loss=2.7181 ppl=15.2 lr=8.32e-09 | 48775 tok/s (avg 49258) ETA 4m06s | gtok=2,987,827,200 | GPU 1.3/55.7GB
step 81100 [81100/81380 100%]  loss=2.7675 ppl=15.9 lr=5.99e-09 | 51456 tok/s (avg 49259) ETA 3m29s | gtok=2,989,670,400 | GPU 1.3/55.7GB
step 81150 [81150/81380 100%]  loss=2.8380 ppl=17.1 lr=4.04e-09 | 51479 tok/s (avg 49260) ETA 2m52s | gtok=2,991,513,600 | GPU 1.3/55.7GB
step 81200 [81200/81380 100%]  loss=2.3878 ppl=10.9 lr=2.47e-09 | 51270 tok/s (avg 49261) ETA 2m14s | gtok=2,993,356,800 | GPU 1.3/55.7GB
step 81250 [81250/81380 100%]  loss=2.8867 ppl=17.9 lr=1.29e-09 | 51736 tok/s (avg 49263) ETA 1m37s | gtok=2,995,200,000 | GPU 1.3/55.7GB
step 81300 [81300/81380 100%]  loss=2.7329 ppl=15.4 lr=4.89e-10 | 51332 tok/s (avg 49264) ETA 0m59s | gtok=2,997,043,200 | GPU 1.3/55.7GB
step 81350 [81350/81380 100%]  loss=2.6937 ppl=14.8 lr=6.87e-11 | 51658 tok/s (avg 49266) ETA 0m22s | gtok=2,998,886,400 | GPU 1.3/55.7GB

Training complete. steps=81380 tokens=2,999,992,320 best_val_ppl=26.38
train loss: 10.9491 -> 2.7608 (delta -8.1883)
  [checkpoint] step 81380 -> checkpoints_v13_sempty/mix3b_delta_answ100_1c913ef/latest.pt
=== mix3b_delta_answ100 end 1788691346 exit=0 attempts=1 ===
