=== mix3b_delta_nodecay_answ100 start 2026-09-06T15:11:51Z commit=9f33b50 log=logs/v13_sempty_mix3b_delta_nodecay_answ100_9f33b50_20260906_1511.log ckpt=checkpoints_v13_sempty/mix3b_delta_nodecay_answ100_9f33b50 ===
[resume] auto: no checkpoints_v13_sempty/mix3b_delta_nodecay_answ100_9f33b50/latest.pt; starting fresh
Streaming pretrain blend: sources=['dclm', 'fineweb', 'smoltalk2_mid', 'recall'] weights=[0.44, 0.41, 0.1, 0.05] edu>=3 budget=3000000000 vocab=50261 holdout_pct=5 exclude_holdout=True mix_seed=42 warmup=300,000,000 answer_weight=100.0 skips={'dclm': 0, 'fineweb': 0, 'smoltalk2_mid': 0, 'recall': 0}
[cache] Pretrain holdout val from .cache/v7_tokens/pretrain_holdout_v1_v50261_t500000_e3_p5.pt (500,000 tokens)
[cache] Loaded WikiText-103 validation from .cache/v7_tokens/wikitext103_validation_v2_full_sl2048.pt (248,461 tokens)
Val chunks: 121
streaming pretrain: sources=('dclm', 'fineweb', 'smoltalk2_mid', 'recall') weights=(0.44, 0.41, 0.1, 0.05) target_tokens=3000000000 steps=81380 cached=False chat_vocab=True wiki_val=True
========================================================================
  v13_sempty trainer  (real-arm PAM, O(1) memory)
  wall clock start : 2026-09-06 15:11:57
  commit           : 9f33b50
  preset / dataset : baseline_real_pm / mix
========================================================================
[env]
  device=cuda gpu=NVIDIA RTX PRO 6000 Blackwell Server Edition torch=2.8.0+cu128
  fused_pam=True fused_ce=True ce_gemm_dtype=auto amp=bf16 grad_ckpt=False
[geometry]
  batch_size=18 seq_len=2048 tokens/step=36,864
  steps=81,380 steps/epoch=None epochs_implied=n/a
  planned_tokens=2,999,992,320  lr=0.0002 warmup=1000 wd=0.01 grad_clip=1.0
  checkpoints: dir=checkpoints_v13_sempty/mix3b_delta_nodecay_answ100_9f33b50 latest_every=1000 keep_every=10000 keep_last=1 best=on val_every=2000 resume=auto
[data]
  train_chunks=None val_chunks=244 recall_frac=0.0 vocab=50261 tokenizer=gpt2
[params]
  total=102,117,980 (102.12M dense)
[config] {'vocab_size': 50261, 'dim': 588, 'n_heads': 6, 'head_dim': 98, 'n_layers': 16, 'expand': 3, 'dropout': 0.0, 'max_seq_len': 2048, 'use_rope': True, 'tie_weights': True, 'gradient_checkpointing': False, 'activation': 'swish', 'chunk_size': 256, 'base_dt_bias': -4.0, 'is_complex': False, 'n_states': 1, 'state_dt_spread': 2.0, 'vault': False, 'delta': True, 'no_decay': True, 'cond_mem': False, 'cond_mem_slots': 262144, 'cond_mem_dim': 64, 'cond_mem_layers': (0, 1), 'chrono': True, 'out_gate': True}
[args] {'preset': 'baseline_real_pm', 'dataset': 'mix', 'device': 'cuda', 'steps': 81380, 'epochs': 1, 'batch_size': 18, 'seq_len': 2048, 'lr': 0.0002, 'weight_decay': 0.01, 'dropout': 0.0, 'warmup_steps': 1000, 'gradient_clip': 1.0, 'amp_dtype': 'bf16', 'fused_ce': True, 'no_fused_ce': False, 'fused_ce_chunk': 4096, 'ce_gemm_dtype': 'auto', 'fused_pam': True, 'max_samples': 64, 'seed': 42, 'target_tokens': 3000000000, 'pretrain_sources': 'dclm,fineweb,smoltalk2_mid,recall', 'pretrain_weights': '0.44,0.41,0.10,0.05', 'edu_score_min': 3, 'fineweb_name': 'sample-10BT', 'holdout_pct': 5, 'blend_warmup_tokens': 300000000, 'answer_weight': 100.0, 'num_workers': 2, 'no_wiki_val': False, 'resume': 'auto', 'keep_every_steps': 10000, 'keep_last': 1, 'no_chat_vocab': False, 'checkpoint_dir': 'checkpoints_v13_sempty/mix3b_delta_nodecay_answ100_9f33b50', 'gradient_checkpointing': False, 'log_interval': 50, 'val_every': 2000, 'gen_every': 4000, 'gen_prompt': 'In 1923, the University of', 'gen_max_tokens': 80, 'save_every_steps': 1000, 'diag_every': 2000, 'max_val_batches': 0, 'recall_frac': 0.0, 'n_states': None, 'vault': False, 'delta': True, 'cond_mem': False, 'chrono': True, 'out_gate': True, 'base_dt_bias': None, 'no_decay': True}
========================================================================
Token indices sequence length is longer than the specified maximum sequence length for this model (1053 > 1024). Running this sequence through the model will result in indexing errors
step 50 [50/81380   0%]  loss=10.6235 ppl=41087.5 lr=1.00e-05 | 10791 tok/s (avg 10791) ETA 4630m36s | gtok=1,843,200 | GPU 1.3/45.5GB
step 100 [100/81380   0%]  loss=10.0581 ppl=23344.7 lr=2.00e-05 | 60185 tok/s (avg 18301) ETA 2728m45s | gtok=3,686,400 | GPU 1.3/45.5GB
step 150 [150/81380   0%]  loss=8.9232 ppl=7504.4 lr=3.00e-05 | 60183 tok/s (avg 23828) ETA 2094m28s | gtok=5,529,600 | GPU 1.3/45.5GB
step 200 [200/81380   0%]  loss=8.0405 ppl=3104.2 lr=4.00e-05 | 60202 tok/s (avg 28068) ETA 1777m00s | gtok=7,372,800 | GPU 1.3/45.5GB
step 250 [250/81380   0%]  loss=7.3405 ppl=1541.5 lr=5.00e-05 | 60004 tok/s (avg 31411) ETA 1586m52s | gtok=9,216,000 | GPU 1.3/45.5GB
step 300 [300/81380   0%]  loss=7.0176 ppl=1116.1 lr=6.00e-05 | 59468 tok/s (avg 34092) ETA 1461m12s | gtok=11,059,200 | GPU 1.3/45.5GB
step 350 [350/81380   0%]  loss=6.9054 ppl=997.7 lr=7.00e-05 | 59919 tok/s (avg 36329) ETA 1370m22s | gtok=12,902,400 | GPU 1.3/45.5GB
step 400 [400/81380   0%]  loss=6.6468 ppl=770.4 lr=8.00e-05 | 59923 tok/s (avg 38210) ETA 1302m07s | gtok=14,745,600 | GPU 1.3/45.5GB
step 450 [450/81380   1%]  loss=6.5980 ppl=733.6 lr=9.00e-05 | 59909 tok/s (avg 39812) ETA 1248m57s | gtok=16,588,800 | GPU 1.3/45.5GB
step 500 [500/81380   1%]  loss=6.4229 ppl=615.8 lr=1.00e-04 | 59822 tok/s (avg 41190) ETA 1206m26s | gtok=18,432,000 | GPU 1.3/45.5GB
step 550 [550/81380   1%]  loss=6.3311 ppl=561.8 lr=1.10e-04 | 59853 tok/s (avg 42391) ETA 1171m30s | gtok=20,275,200 | GPU 1.3/45.5GB
step 600 [600/81380   1%]  loss=6.1427 ppl=465.3 lr=1.20e-04 | 59901 tok/s (avg 43450) ETA 1142m16s | gtok=22,118,400 | GPU 1.3/45.5GB
step 650 [650/81380   1%]  loss=6.0099 ppl=407.5 lr=1.30e-04 | 59406 tok/s (avg 44366) ETA 1117m58s | gtok=23,961,600 | GPU 1.3/45.5GB
step 700 [700/81380   1%]  loss=5.9232 ppl=373.6 lr=1.40e-04 | 59803 tok/s (avg 45200) ETA 1096m41s | gtok=25,804,800 | GPU 1.3/45.5GB
step 750 [750/81380   1%]  loss=5.8720 ppl=355.0 lr=1.50e-04 | 59839 tok/s (avg 45949) ETA 1078m07s | gtok=27,648,000 | GPU 1.3/45.5GB
step 800 [800/81380   1%]  loss=5.6890 ppl=295.6 lr=1.60e-04 | 59792 tok/s (avg 46624) ETA 1061m52s | gtok=29,491,200 | GPU 1.3/45.5GB
step 850 [850/81380   1%]  loss=5.7738 ppl=321.7 lr=1.70e-04 | 59696 tok/s (avg 47232) ETA 1047m32s | gtok=31,334,400 | GPU 1.3/45.5GB
step 900 [900/81380   1%]  loss=5.6692 ppl=289.8 lr=1.80e-04 | 59637 tok/s (avg 47784) ETA 1034m47s | gtok=33,177,600 | GPU 1.3/45.5GB
step 950 [950/81380   1%]  loss=5.5886 ppl=267.4 lr=1.90e-04 | 59772 tok/s (avg 48294) ETA 1023m14s | gtok=35,020,800 | GPU 1.3/45.5GB
step 1000 [1000/81380   1%]  loss=5.3606 ppl=212.9 lr=2.00e-04 | 59123 tok/s (avg 48740) ETA 1013m14s | gtok=36,864,000 | GPU 1.3/45.5GB
  [checkpoint] step 1000 -> checkpoints_v13_sempty/mix3b_delta_nodecay_answ100_9f33b50/latest.pt
step 1050 [1050/81380   1%]  loss=5.4362 ppl=229.6 lr=2.00e-04 | 58447 tok/s (avg 49129) ETA 1004m35s | gtok=38,707,200 | GPU 1.3/45.5GB
step 1100 [1100/81380   1%]  loss=5.3616 ppl=213.1 lr=2.00e-04 | 59489 tok/s (avg 49521) ETA 996m01s | gtok=40,550,400 | GPU 1.3/45.5GB
step 1150 [1150/81380   1%]  loss=5.3013 ppl=200.6 lr=2.00e-04 | 59606 tok/s (avg 49888) ETA 988m04s | gtok=42,393,600 | GPU 1.3/45.5GB
step 1200 [1200/81380   1%]  loss=5.3785 ppl=216.7 lr=2.00e-04 | 59741 tok/s (avg 50233) ETA 980m40s | gtok=44,236,800 | GPU 1.3/45.5GB
step 1250 [1250/81380   2%]  loss=5.2947 ppl=199.3 lr=2.00e-04 | 59777 tok/s (avg 50556) ETA 973m48s | gtok=46,080,000 | GPU 1.3/45.5GB
step 1300 [1300/81380   2%]  loss=5.1895 ppl=179.4 lr=2.00e-04 | 59128 tok/s (avg 50839) ETA 967m46s | gtok=47,923,200 | GPU 1.3/45.5GB
step 1350 [1350/81380   2%]  loss=5.0880 ppl=162.1 lr=2.00e-04 | 59723 tok/s (avg 51121) ETA 961m50s | gtok=49,766,400 | GPU 1.3/45.5GB
step 1400 [1400/81380   2%]  loss=4.9876 ppl=146.6 lr=2.00e-04 | 59782 tok/s (avg 51387) ETA 956m16s | gtok=51,609,600 | GPU 1.3/45.5GB
step 1450 [1450/81380   2%]  loss=5.1674 ppl=175.5 lr=2.00e-04 | 59479 tok/s (avg 51629) ETA 951m11s | gtok=53,452,800 | GPU 1.3/45.5GB
step 1500 [1500/81380   2%]  loss=5.0946 ppl=163.1 lr=2.00e-04 | 59644 tok/s (avg 51861) ETA 946m20s | gtok=55,296,000 | GPU 1.3/45.5GB
step 1550 [1550/81380   2%]  loss=5.0156 ppl=150.7 lr=2.00e-04 | 59582 tok/s (avg 52079) ETA 941m47s | gtok=57,139,200 | GPU 1.3/45.5GB
step 1600 [1600/81380   2%]  loss=5.0138 ppl=150.5 lr=2.00e-04 | 59618 tok/s (avg 52286) ETA 937m28s | gtok=58,982,400 | GPU 1.3/45.5GB
step 1650 [1650/81380   2%]  loss=4.8118 ppl=122.9 lr=2.00e-04 | 59160 tok/s (avg 52470) ETA 933m35s | gtok=60,825,600 | GPU 1.3/45.5GB
step 1700 [1700/81380   2%]  loss=5.0017 ppl=148.7 lr=2.00e-04 | 59750 tok/s (avg 52659) ETA 929m40s | gtok=62,668,800 | GPU 1.3/45.5GB
step 1750 [1750/81380   2%]  loss=4.8937 ppl=133.4 lr=2.00e-04 | 59648 tok/s (avg 52836) ETA 925m58s | gtok=64,512,000 | GPU 1.3/45.5GB
step 1800 [1800/81380   2%]  loss=4.7817 ppl=119.3 lr=2.00e-04 | 59605 tok/s (avg 53003) ETA 922m28s | gtok=66,355,200 | GPU 1.3/45.5GB
step 1850 [1850/81380   2%]  loss=4.8422 ppl=126.8 lr=2.00e-04 | 59577 tok/s (avg 53162) ETA 919m08s | gtok=68,198,400 | GPU 1.3/45.5GB
step 1900 [1900/81380   2%]  loss=4.7688 ppl=117.8 lr=2.00e-04 | 59649 tok/s (avg 53314) ETA 915m56s | gtok=70,041,600 | GPU 1.3/45.5GB
step 1950 [1950/81380   2%]  loss=4.6947 ppl=109.4 lr=2.00e-04 | 59161 tok/s (avg 53450) ETA 913m02s | gtok=71,884,800 | GPU 1.3/45.5GB
step 2000 [2000/81380   2%]  loss=4.8529 ppl=128.1 lr=2.00e-04 | 59401 tok/s (avg 53584) ETA 910m10s | gtok=73,728,000 | GPU 1.3/45.5GB
/home/ubuntu/Development/qllm-private/.venv/lib/python3.11/site-packages/torch/_inductor/compile_fx.py:282: UserWarning: TensorFloat32 tensor cores for float32 matrix multiplication available but not enabled. Consider setting `torch.set_float32_matmul_precision('high')` for better performance.
  warnings.warn(
  [checkpoint] step 2000 -> checkpoints_v13_sempty/mix3b_delta_nodecay_answ100_9f33b50/best_model.pt
  [val @ step 2000] val_loss=4.8212 val_ppl=124.11 *best* (best 124.11)
  [wiki_val @ step 2000] val_loss=6.1606 val_ppl=473.70
  [checkpoint] step 2000 -> checkpoints_v13_sempty/mix3b_delta_nodecay_answ100_9f33b50/latest.pt
  [diag] step 2000 cgu=+1.02 +0.98 +0.98 +0.99 +1.00 +1.03 +1.04 +1.05 +1.07 +1.07 +1.14 +1.10 +1.08 +1.05 +1.22 +1.19  pam=+0.11 +0.11 +0.10 +0.10 +0.12 +0.12 +0.11 +0.14 +0.11 +0.14 +0.12 +0.13 +0.13 +0.15 +0.18 +0.13
  [diag] dtbias=-4.00 -4.00 -4.00 -4.00 -4.00 -4.00 -4.00 -4.00 -4.00 -4.00 -4.00 -4.00 -4.00 -4.00 -4.00 -4.00  ret=1.00 1.00 1.00 1.00 1.00 1.00 1.00 1.00 1.00 1.00 1.00 1.00 1.00 1.00 1.00 1.00
  [diag] dtbias/head(layer-mean)=-4.00 -4.00 -4.00 -4.00 -4.00 -4.00
  [diag] gnorm=4.0e-01 1.7e-01 7.1e-02 6.3e-02 8.6e-02 8.4e-02 6.8e-02 1.1e-01 1.4e-01 1.6e-01 1.2e-01 1.6e-01 2.4e-01 4.5e-01 3.4e-01 2.2e-01  wnorm=57.3 57.3 57.4 57.6 57.8 57.8 58.0 58.1 58.1 58.4 58.5 58.7 58.9 58.9 60.5 60.1
step 2050 [2050/81380   3%]  loss=4.7026 ppl=110.2 lr=2.00e-04 | 23732 tok/s (avg 51989) ETA 937m30s | gtok=75,571,200 | GPU 1.3/45.5GB
step 2100 [2100/81380   3%]  loss=4.7903 ppl=120.3 lr=2.00e-04 | 59502 tok/s (avg 52146) ETA 934m06s | gtok=77,414,400 | GPU 1.3/45.5GB
step 2150 [2150/81380   3%]  loss=4.7648 ppl=117.3 lr=2.00e-04 | 59480 tok/s (avg 52296) ETA 930m50s | gtok=79,257,600 | GPU 1.3/45.5GB
step 2200 [2200/81380   3%]  loss=4.6565 ppl=105.3 lr=2.00e-04 | 59498 tok/s (avg 52440) ETA 927m41s | gtok=81,100,800 | GPU 1.3/45.5GB
step 2250 [2250/81380   3%]  loss=4.5434 ppl=94.0 lr=2.00e-04 | 59638 tok/s (avg 52581) ETA 924m37s | gtok=82,944,000 | GPU 1.3/45.5GB
step 2300 [2300/81380   3%]  loss=4.8132 ppl=123.1 lr=2.00e-04 | 59596 tok/s (avg 52716) ETA 921m40s | gtok=84,787,200 | GPU 1.3/45.5GB
step 2350 [2350/81380   3%]  loss=4.6380 ppl=103.3 lr=2.00e-04 | 59574 tok/s (avg 52845) ETA 918m50s | gtok=86,630,400 | GPU 1.3/45.5GB
step 2400 [2400/81380   3%]  loss=4.6443 ppl=104.0 lr=2.00e-04 | 59004 tok/s (avg 52960) ETA 916m15s | gtok=88,473,600 | GPU 1.3/45.5GB
step 2450 [2450/81380   3%]  loss=4.4686 ppl=87.2 lr=2.00e-04 | 59656 tok/s (avg 53082) ETA 913m34s | gtok=90,316,800 | GPU 1.3/45.5GB
step 2500 [2500/81380   3%]  loss=4.5257 ppl=92.4 lr=2.00e-04 | 59520 tok/s (avg 53197) ETA 911m01s | gtok=92,160,000 | GPU 1.3/45.5GB
step 2550 [2550/81380   3%]  loss=4.6267 ppl=102.2 lr=2.00e-04 | 59398 tok/s (avg 53306) ETA 908m35s | gtok=94,003,200 | GPU 1.3/45.5GB
step 2600 [2600/81380   3%]  loss=4.5827 ppl=97.8 lr=2.00e-04 | 59563 tok/s (avg 53414) ETA 906m10s | gtok=95,846,400 | GPU 1.3/45.5GB
step 2650 [2650/81380   3%]  loss=4.5169 ppl=91.5 lr=2.00e-04 | 59742 tok/s (avg 53521) ETA 903m47s | gtok=97,689,600 | GPU 1.3/45.5GB
step 2700 [2700/81380   3%]  loss=4.5411 ppl=93.8 lr=2.00e-04 | 59624 tok/s (avg 53623) ETA 901m30s | gtok=99,532,800 | GPU 1.3/45.5GB
step 2750 [2750/81380   3%]  loss=4.5597 ppl=95.6 lr=2.00e-04 | 58899 tok/s (avg 53710) ETA 899m27s | gtok=101,376,000 | GPU 1.3/45.5GB
step 2800 [2800/81380   3%]  loss=4.4498 ppl=85.6 lr=2.00e-04 | 59430 tok/s (avg 53803) ETA 897m20s | gtok=103,219,200 | GPU 1.3/45.5GB
step 2850 [2850/81380   4%]  loss=4.5152 ppl=91.4 lr=2.00e-04 | 59562 tok/s (avg 53894) ETA 895m15s | gtok=105,062,400 | GPU 1.3/45.5GB
step 2900 [2900/81380   4%]  loss=4.4047 ppl=81.8 lr=2.00e-04 | 59709 tok/s (avg 53985) ETA 893m10s | gtok=106,905,600 | GPU 1.3/45.5GB
step 2950 [2950/81380   4%]  loss=4.4525 ppl=85.8 lr=2.00e-04 | 59525 tok/s (avg 54070) ETA 891m12s | gtok=108,748,800 | GPU 1.3/45.5GB
step 3000 [3000/81380   4%]  loss=4.4466 ppl=85.3 lr=2.00e-04 | 59596 tok/s (avg 54154) ETA 889m15s | gtok=110,592,000 | GPU 1.3/45.5GB
  [checkpoint] step 3000 -> checkpoints_v13_sempty/mix3b_delta_nodecay_answ100_9f33b50/latest.pt
step 3050 [3050/81380   4%]  loss=4.4135 ppl=82.6 lr=2.00e-04 | 56117 tok/s (avg 54185) ETA 888m11s | gtok=112,435,200 | GPU 1.3/45.5GB
step 3100 [3100/81380   4%]  loss=4.4271 ppl=83.7 lr=2.00e-04 | 58965 tok/s (avg 54256) ETA 886m27s | gtok=114,278,400 | GPU 1.3/45.5GB
step 3150 [3150/81380   4%]  loss=4.3460 ppl=77.2 lr=2.00e-04 | 59620 tok/s (avg 54333) ETA 884m37s | gtok=116,121,600 | GPU 1.3/45.5GB
step 3200 [3200/81380   4%]  loss=4.5255 ppl=92.3 lr=2.00e-04 | 59478 tok/s (avg 54407) ETA 882m51s | gtok=117,964,800 | GPU 1.3/45.5GB
step 3250 [3250/81380   4%]  loss=4.4066 ppl=82.0 lr=2.00e-04 | 59399 tok/s (avg 54477) ETA 881m09s | gtok=119,808,000 | GPU 1.3/45.5GB
step 3300 [3300/81380   4%]  loss=4.5604 ppl=95.6 lr=2.00e-04 | 59549 tok/s (avg 54548) ETA 879m27s | gtok=121,651,200 | GPU 1.3/45.5GB
step 3350 [3350/81380   4%]  loss=4.3475 ppl=77.3 lr=2.00e-04 | 59461 tok/s (avg 54615) ETA 877m48s | gtok=123,494,400 | GPU 1.3/45.5GB
step 3400 [3400/81380   4%]  loss=4.2742 ppl=71.8 lr=2.00e-04 | 59732 tok/s (avg 54684) ETA 876m08s | gtok=125,337,600 | GPU 1.3/45.5GB
step 3450 [3450/81380   4%]  loss=4.4008 ppl=81.5 lr=2.00e-04 | 58844 tok/s (avg 54740) ETA 874m41s | gtok=127,180,800 | GPU 1.3/45.5GB
step 3500 [3500/81380   4%]  loss=4.3399 ppl=76.7 lr=2.00e-04 | 59651 tok/s (avg 54804) ETA 873m05s | gtok=129,024,000 | GPU 1.3/45.5GB
step 3550 [3550/81380   4%]  loss=4.2602 ppl=70.8 lr=2.00e-04 | 59758 tok/s (avg 54868) ETA 871m31s | gtok=130,867,200 | GPU 1.3/45.5GB
step 3600 [3600/81380   4%]  loss=4.3632 ppl=78.5 lr=1.99e-04 | 59834 tok/s (avg 54932) ETA 869m57s | gtok=132,710,400 | GPU 1.3/45.5GB
step 3650 [3650/81380   4%]  loss=4.2752 ppl=71.9 lr=1.99e-04 | 59727 tok/s (avg 54992) ETA 868m26s | gtok=134,553,600 | GPU 1.3/45.5GB
step 3700 [3700/81380   5%]  loss=4.4381 ppl=84.6 lr=1.99e-04 | 59721 tok/s (avg 55051) ETA 866m57s | gtok=136,396,800 | GPU 1.3/45.5GB
step 3750 [3750/81380   5%]  loss=4.4211 ppl=83.2 lr=1.99e-04 | 59734 tok/s (avg 55109) ETA 865m29s | gtok=138,240,000 | GPU 1.3/45.5GB
step 3800 [3800/81380   5%]  loss=4.1643 ppl=64.3 lr=1.99e-04 | 59121 tok/s (avg 55158) ETA 864m09s | gtok=140,083,200 | GPU 1.3/45.5GB
step 3850 [3850/81380   5%]  loss=4.3682 ppl=78.9 lr=1.99e-04 | 59491 tok/s (avg 55210) ETA 862m47s | gtok=141,926,400 | GPU 1.3/45.5GB
step 3900 [3900/81380   5%]  loss=4.2800 ppl=72.2 lr=1.99e-04 | 59475 tok/s (avg 55261) ETA 861m26s | gtok=143,769,600 | GPU 1.3/45.5GB
step 3950 [3950/81380   5%]  loss=4.3051 ppl=74.1 lr=1.99e-04 | 59561 tok/s (avg 55311) ETA 860m05s | gtok=145,612,800 | GPU 1.3/45.5GB
step 4000 [4000/81380   5%]  loss=4.2099 ppl=67.4 lr=1.99e-04 | 59525 tok/s (avg 55360) ETA 858m46s | gtok=147,456,000 | GPU 1.3/45.5GB
  [gen @ step 4000, 147,456,000 tok] prompt: In 1923, the University of
    In 1923, the University of Minnesota was awarded a $500-year-old and one in nine children from all over the world.
What about the results?

  • The research is not always present at this time. It has been published on the topic of data collection for some young people that are now available to me, but I think it seems like an interesting work we have seen with the work.
  •
  [checkpoint] step 4000 -> checkpoints_v13_sempty/mix3b_delta_nodecay_answ100_9f33b50/best_model.pt
  [val @ step 4000] val_loss=4.2722 val_ppl=71.68 *best* (best 71.68)
  [wiki_val @ step 4000] val_loss=5.2709 val_ppl=194.60
  [checkpoint] step 4000 -> checkpoints_v13_sempty/mix3b_delta_nodecay_answ100_9f33b50/latest.pt
  [diag] step 4000 cgu=+0.99 +0.82 +0.80 +0.81 +0.84 +0.91 +0.93 +0.96 +1.03 +1.00 +1.14 +1.11 +1.09 +1.06 +1.30 +1.32  pam=+0.10 +0.10 +0.09 +0.10 +0.12 +0.12 +0.11 +0.16 +0.11 +0.14 +0.12 +0.14 +0.15 +0.15 +0.30 +0.16
  [diag] dtbias=-4.00 -4.00 -4.00 -4.00 -4.00 -4.00 -4.00 -4.00 -4.00 -4.00 -4.00 -4.00 -4.00 -4.00 -4.00 -4.00  ret=1.00 1.00 1.00 1.00 1.00 1.00 1.00 1.00 1.00 1.00 1.00 1.00 1.00 1.00 1.00 1.00
  [diag] dtbias/head(layer-mean)=-4.00 -4.00 -4.00 -4.00 -4.00 -4.00
  [diag] gnorm=4.0e-01 1.6e-01 6.1e-02 7.1e-02 2.5e-01 5.9e-02 9.7e-02 6.6e-02 9.2e-02 1.2e-01 5.8e-02 7.6e-02 8.0e-02 4.7e-01 6.5e-01 8.4e-02  wnorm=58.3 58.9 59.2 59.6 59.9 60.0 60.3 60.5 60.4 60.9 61.2 61.5 61.8 62.0 64.3 64.0
step 4050 [4050/81380   5%]  loss=4.4240 ppl=83.4 lr=1.99e-04 | 23571 tok/s (avg 54454) ETA 872m30s | gtok=149,299,200 | GPU 1.3/45.5GB
step 4100 [4100/81380   5%]  loss=4.2384 ppl=69.3 lr=1.99e-04 | 59821 tok/s (avg 54513) ETA 870m59s | gtok=151,142,400 | GPU 1.3/45.5GB
step 4150 [4150/81380   5%]  loss=4.2987 ppl=73.6 lr=1.99e-04 | 59885 tok/s (avg 54572) ETA 869m29s | gtok=152,985,600 | GPU 1.3/45.5GB
step 4200 [4200/81380   5%]  loss=4.1982 ppl=66.6 lr=1.99e-04 | 59799 tok/s (avg 54629) ETA 868m01s | gtok=154,828,800 | GPU 1.3/45.5GB
step 4250 [4250/81380   5%]  loss=4.1848 ppl=65.7 lr=1.99e-04 | 59832 tok/s (avg 54685) ETA 866m34s | gtok=156,672,000 | GPU 1.3/45.5GB
step 4300 [4300/81380   5%]  loss=4.1179 ppl=61.4 lr=1.99e-04 | 59917 tok/s (avg 54741) ETA 865m07s | gtok=158,515,200 | GPU 1.3/45.5GB
step 4350 [4350/81380   5%]  loss=4.1336 ppl=62.4 lr=1.99e-04 | 59194 tok/s (avg 54788) ETA 863m49s | gtok=160,358,400 | GPU 1.3/45.5GB
step 4400 [4400/81380   5%]  loss=4.1640 ppl=64.3 lr=1.99e-04 | 59729 tok/s (avg 54840) ETA 862m27s | gtok=162,201,600 | GPU 1.3/45.5GB
step 4450 [4450/81380   5%]  loss=4.2235 ppl=68.3 lr=1.99e-04 | 59702 tok/s (avg 54890) ETA 861m06s | gtok=164,044,800 | GPU 1.3/45.5GB
step 4500 [4500/81380   6%]  loss=4.1636 ppl=64.3 lr=1.99e-04 | 59810 tok/s (avg 54940) ETA 859m45s | gtok=165,888,000 | GPU 1.3/45.5GB
step 4550 [4550/81380   6%]  loss=4.2706 ppl=71.6 lr=1.99e-04 | 59715 tok/s (avg 54988) ETA 858m26s | gtok=167,731,200 | GPU 1.3/45.5GB
step 4600 [4600/81380   6%]  loss=4.2166 ppl=67.8 lr=1.99e-04 | 59666 tok/s (avg 55035) ETA 857m09s | gtok=169,574,400 | GPU 1.3/45.5GB
step 4650 [4650/81380   6%]  loss=4.1280 ppl=62.1 lr=1.99e-04 | 59682 tok/s (avg 55081) ETA 855m52s | gtok=171,417,600 | GPU 1.3/45.5GB
step 4700 [4700/81380   6%]  loss=4.1714 ppl=64.8 lr=1.99e-04 | 59169 tok/s (avg 55122) ETA 854m41s | gtok=173,260,800 | GPU 1.3/45.5GB
step 4750 [4750/81380   6%]  loss=4.1168 ppl=61.4 lr=1.99e-04 | 59776 tok/s (avg 55167) ETA 853m26s | gtok=175,104,000 | GPU 1.3/45.5GB
step 4800 [4800/81380   6%]  loss=4.1397 ppl=62.8 lr=1.99e-04 | 59831 tok/s (avg 55212) ETA 852m11s | gtok=176,947,200 | GPU 1.3/45.5GB
step 4850 [4850/81380   6%]  loss=4.2184 ppl=67.9 lr=1.99e-04 | 59792 tok/s (avg 55256) ETA 850m57s | gtok=178,790,400 | GPU 1.3/45.5GB
step 4900 [4900/81380   6%]  loss=4.2906 ppl=73.0 lr=1.99e-04 | 59852 tok/s (avg 55299) ETA 849m43s | gtok=180,633,600 | GPU 1.3/45.5GB
step 4950 [4950/81380   6%]  loss=4.2403 ppl=69.4 lr=1.99e-04 | 59764 tok/s (avg 55341) ETA 848m32s | gtok=182,476,800 | GPU 1.3/45.5GB
step 5000 [5000/81380   6%]  loss=4.2074 ppl=67.2 lr=1.99e-04 | 59053 tok/s (avg 55375) ETA 847m26s | gtok=184,320,000 | GPU 1.3/45.5GB
  [checkpoint] step 5000 -> checkpoints_v13_sempty/mix3b_delta_nodecay_answ100_9f33b50/latest.pt
step 5050 [5050/81380   6%]  loss=4.1902 ppl=66.0 lr=1.99e-04 | 56102 tok/s (avg 55383) ETA 846m47s | gtok=186,163,200 | GPU 1.3/45.5GB
step 5100 [5100/81380   6%]  loss=4.0475 ppl=57.3 lr=1.99e-04 | 59490 tok/s (avg 55420) ETA 845m39s | gtok=188,006,400 | GPU 1.3/45.5GB
step 5150 [5150/81380   6%]  loss=4.2654 ppl=71.2 lr=1.99e-04 | 59547 tok/s (avg 55457) ETA 844m32s | gtok=189,849,600 | GPU 1.3/45.5GB
step 5200 [5200/81380   6%]  loss=4.0416 ppl=56.9 lr=1.99e-04 | 59552 tok/s (avg 55494) ETA 843m25s | gtok=191,692,800 | GPU 1.3/45.5GB
step 5250 [5250/81380   6%]  loss=4.0798 ppl=59.1 lr=1.99e-04 | 59659 tok/s (avg 55531) ETA 842m18s | gtok=193,536,000 | GPU 1.3/45.5GB
step 5300 [5300/81380   7%]  loss=4.0689 ppl=58.5 lr=1.99e-04 | 59810 tok/s (avg 55568) ETA 841m11s | gtok=195,379,200 | GPU 1.3/45.5GB
step 5350 [5350/81380   7%]  loss=4.0270 ppl=56.1 lr=1.99e-04 | 59292 tok/s (avg 55601) ETA 840m08s | gtok=197,222,400 | GPU 1.3/45.5GB
step 5400 [5400/81380   7%]  loss=4.1076 ppl=60.8 lr=1.99e-04 | 59693 tok/s (avg 55636) ETA 839m03s | gtok=199,065,600 | GPU 1.3/45.5GB
step 5450 [5450/81380   7%]  loss=3.9648 ppl=52.7 lr=1.98e-04 | 59680 tok/s (avg 55671) ETA 837m59s | gtok=200,908,800 | GPU 1.3/45.5GB
step 5500 [5500/81380   7%]  loss=4.0682 ppl=58.5 lr=1.98e-04 | 59657 tok/s (avg 55705) ETA 836m55s | gtok=202,752,000 | GPU 1.3/45.5GB
step 5550 [5550/81380   7%]  loss=4.2245 ppl=68.3 lr=1.98e-04 | 59555 tok/s (avg 55737) ETA 835m53s | gtok=204,595,200 | GPU 1.3/45.5GB
step 5600 [5600/81380   7%]  loss=4.1183 ppl=61.5 lr=1.98e-04 | 59543 tok/s (avg 55769) ETA 834m51s | gtok=206,438,400 | GPU 1.3/45.5GB
step 5650 [5650/81380   7%]  loss=4.1951 ppl=66.4 lr=1.98e-04 | 59341 tok/s (avg 55799) ETA 833m51s | gtok=208,281,600 | GPU 1.3/45.5GB
step 5700 [5700/81380   7%]  loss=4.1203 ppl=61.6 lr=1.98e-04 | 58880 tok/s (avg 55824) ETA 832m55s | gtok=210,124,800 | GPU 1.3/45.5GB
step 5750 [5750/81380   7%]  loss=3.8095 ppl=45.1 lr=1.98e-04 | 59492 tok/s (avg 55854) ETA 831m55s | gtok=211,968,000 | GPU 1.3/45.5GB
step 5800 [5800/81380   7%]  loss=3.9409 ppl=51.5 lr=1.98e-04 | 59424 tok/s (avg 55883) ETA 830m57s | gtok=213,811,200 | GPU 1.3/45.5GB
step 5850 [5850/81380   7%]  loss=4.0412 ppl=56.9 lr=1.98e-04 | 59527 tok/s (avg 55913) ETA 829m58s | gtok=215,654,400 | GPU 1.3/45.5GB
step 5900 [5900/81380   7%]  loss=3.9710 ppl=53.0 lr=1.98e-04 | 59589 tok/s (avg 55942) ETA 828m59s | gtok=217,497,600 | GPU 1.3/45.5GB
step 5950 [5950/81380   7%]  loss=3.9576 ppl=52.3 lr=1.98e-04 | 59478 tok/s (avg 55970) ETA 828m01s | gtok=219,340,800 | GPU 1.3/45.5GB
step 6000 [6000/81380   7%]  loss=4.0812 ppl=59.2 lr=1.98e-04 | 59582 tok/s (avg 55998) ETA 827m03s | gtok=221,184,000 | GPU 1.3/45.5GB
  [checkpoint] step 6000 -> checkpoints_v13_sempty/mix3b_delta_nodecay_answ100_9f33b50/best_model.pt
  [val @ step 6000] val_loss=4.0443 val_ppl=57.07 *best* (best 57.07)
  [wiki_val @ step 6000] val_loss=4.9156 val_ppl=136.41
  [checkpoint] step 6000 -> checkpoints_v13_sempty/mix3b_delta_nodecay_answ100_9f33b50/latest.pt
  [diag] step 6000 cgu=+0.96 +0.73 +0.70 +0.70 +0.72 +0.81 +0.85 +0.88 +0.96 +0.95 +1.11 +1.11 +1.10 +1.07 +1.29 +1.39  pam=+0.09 +0.10 +0.07 +0.09 +0.12 +0.11 +0.11 +0.17 +0.10 +0.15 +0.12 +0.14 +0.16 +0.16 +0.36 +0.19
  [diag] dtbias=-4.00 -4.00 -4.00 -4.00 -4.00 -4.00 -4.00 -4.00 -4.00 -4.00 -4.00 -4.00 -4.00 -4.00 -4.00 -4.00  ret=1.00 1.00 1.00 1.00 1.00 1.00 1.00 1.00 1.00 1.00 1.00 1.00 1.00 1.00 1.00 1.00
  [diag] dtbias/head(layer-mean)=-4.00 -4.00 -4.00 -4.00 -4.00 -4.00
  [diag] gnorm=1.5e-01 8.7e-02 4.7e-02 5.7e-02 2.2e-01 5.1e-02 4.7e-02 7.0e-02 1.7e-01 1.2e-01 6.1e-02 7.8e-02 8.3e-02 8.5e-01 2.1e-01 8.6e-02  wnorm=59.3 60.6 61.1 61.5 61.9 62.2 62.6 62.9 62.6 63.3 63.6 64.0 64.5 64.6 67.0 67.1
step 6050 [6050/81380   7%]  loss=3.9703 ppl=53.0 lr=1.98e-04 | 24677 tok/s (avg 55417) ETA 835m10s | gtok=223,027,200 | GPU 1.3/45.5GB
step 6100 [6100/81380   7%]  loss=4.0962 ppl=60.1 lr=1.98e-04 | 59501 tok/s (avg 55448) ETA 834m09s | gtok=224,870,400 | GPU 1.3/45.5GB
step 6150 [6150/81380   8%]  loss=4.0445 ppl=57.1 lr=1.98e-04 | 59517 tok/s (avg 55479) ETA 833m08s | gtok=226,713,600 | GPU 1.3/45.5GB
step 6200 [6200/81380   8%]  loss=4.0659 ppl=58.3 lr=1.98e-04 | 59500 tok/s (avg 55509) ETA 832m07s | gtok=228,556,800 | GPU 1.3/45.5GB
step 6250 [6250/81380   8%]  loss=4.0267 ppl=56.1 lr=1.98e-04 | 59347 tok/s (avg 55538) ETA 831m08s | gtok=230,400,000 | GPU 1.3/45.5GB
step 6300 [6300/81380   8%]  loss=4.0673 ppl=58.4 lr=1.98e-04 | 58672 tok/s (avg 55561) ETA 830m14s | gtok=232,243,200 | GPU 1.3/45.5GB
step 6350 [6350/81380   8%]  loss=3.9748 ppl=53.2 lr=1.98e-04 | 59416 tok/s (avg 55590) ETA 829m15s | gtok=234,086,400 | GPU 1.3/45.5GB
step 6400 [6400/81380   8%]  loss=4.0628 ppl=58.1 lr=1.98e-04 | 59567 tok/s (avg 55619) ETA 828m16s | gtok=235,929,600 | GPU 1.3/45.5GB
step 6450 [6450/81380   8%]  loss=3.9656 ppl=52.8 lr=1.98e-04 | 59578 tok/s (avg 55647) ETA 827m17s | gtok=237,772,800 | GPU 1.3/45.5GB
step 6500 [6500/81380   8%]  loss=4.0075 ppl=55.0 lr=1.98e-04 | 59623 tok/s (avg 55676) ETA 826m19s | gtok=239,616,000 | GPU 1.3/45.5GB
step 6550 [6550/81380   8%]  loss=4.0347 ppl=56.5 lr=1.98e-04 | 59653 tok/s (avg 55704) ETA 825m21s | gtok=241,459,200 | GPU 1.3/45.5GB
step 6600 [6600/81380   8%]  loss=4.0202 ppl=55.7 lr=1.98e-04 | 59643 tok/s (avg 55732) ETA 824m23s | gtok=243,302,400 | GPU 1.3/45.5GB
step 6650 [6650/81380   8%]  loss=3.9507 ppl=52.0 lr=1.98e-04 | 59024 tok/s (avg 55756) ETA 823m29s | gtok=245,145,600 | GPU 1.3/45.5GB
step 6700 [6700/81380   8%]  loss=4.0274 ppl=56.1 lr=1.98e-04 | 59832 tok/s (avg 55784) ETA 822m31s | gtok=246,988,800 | GPU 1.3/45.5GB
step 6750 [6750/81380   8%]  loss=4.0581 ppl=57.9 lr=1.97e-04 | 59666 tok/s (avg 55811) ETA 821m34s | gtok=248,832,000 | GPU 1.3/45.5GB
step 6800 [6800/81380   8%]  loss=4.0696 ppl=58.5 lr=1.97e-04 | 59669 tok/s (avg 55837) ETA 820m37s | gtok=250,675,200 | GPU 1.3/45.5GB
step 6850 [6850/81380   8%]  loss=4.1118 ppl=61.1 lr=1.97e-04 | 59596 tok/s (avg 55863) ETA 819m42s | gtok=252,518,400 | GPU 1.3/45.5GB
step 6900 [6900/81380   8%]  loss=4.0006 ppl=54.6 lr=1.97e-04 | 59574 tok/s (avg 55888) ETA 818m47s | gtok=254,361,600 | GPU 1.3/45.5GB
step 6950 [6950/81380   9%]  loss=3.9537 ppl=52.1 lr=1.97e-04 | 59078 tok/s (avg 55910) ETA 817m55s | gtok=256,204,800 | GPU 1.3/45.5GB
step 7000 [7000/81380   9%]  loss=4.0413 ppl=56.9 lr=1.97e-04 | 59694 tok/s (avg 55935) ETA 816m59s | gtok=258,048,000 | GPU 1.3/45.5GB
  [checkpoint] step 7000 -> checkpoints_v13_sempty/mix3b_delta_nodecay_answ100_9f33b50/latest.pt
step 7050 [7050/81380   9%]  loss=4.0933 ppl=59.9 lr=1.97e-04 | 56276 tok/s (avg 55938) ETA 816m24s | gtok=259,891,200 | GPU 1.3/45.5GB
step 7100 [7100/81380   9%]  loss=4.1795 ppl=65.3 lr=1.97e-04 | 59803 tok/s (avg 55963) ETA 815m29s | gtok=261,734,400 | GPU 1.3/45.5GB
step 7150 [7150/81380   9%]  loss=3.9016 ppl=49.5 lr=1.97e-04 | 59696 tok/s (avg 55988) ETA 814m35s | gtok=263,577,600 | GPU 1.3/45.5GB
step 7200 [7200/81380   9%]  loss=3.9067 ppl=49.7 lr=1.97e-04 | 59646 tok/s (avg 56012) ETA 813m41s | gtok=265,420,800 | GPU 1.3/45.5GB
step 7250 [7250/81380   9%]  loss=3.8997 ppl=49.4 lr=1.97e-04 | 59801 tok/s (avg 56036) ETA 812m47s | gtok=267,264,000 | GPU 1.3/45.5GB
step 7300 [7300/81380   9%]  loss=3.9103 ppl=49.9 lr=1.97e-04 | 59089 tok/s (avg 56056) ETA 811m57s | gtok=269,107,200 | GPU 1.3/45.5GB
step 7350 [7350/81380   9%]  loss=3.9547 ppl=52.2 lr=1.97e-04 | 59726 tok/s (avg 56079) ETA 811m04s | gtok=270,950,400 | GPU 1.3/45.5GB
step 7400 [7400/81380   9%]  loss=3.9551 ppl=52.2 lr=1.97e-04 | 59672 tok/s (avg 56102) ETA 810m11s | gtok=272,793,600 | GPU 1.3/45.5GB
step 7450 [7450/81380   9%]  loss=3.8398 ppl=46.5 lr=1.97e-04 | 59692 tok/s (avg 56125) ETA 809m18s | gtok=274,636,800 | GPU 1.3/45.5GB
step 7500 [7500/81380   9%]  loss=4.0260 ppl=56.0 lr=1.97e-04 | 59784 tok/s (avg 56148) ETA 808m26s | gtok=276,480,000 | GPU 1.3/45.5GB
step 7550 [7550/81380   9%]  loss=3.9370 ppl=51.3 lr=1.97e-04 | 59684 tok/s (avg 56170) ETA 807m34s | gtok=278,323,200 | GPU 1.3/45.5GB
step 7600 [7600/81380   9%]  loss=3.8715 ppl=48.0 lr=1.97e-04 | 59534 tok/s (avg 56191) ETA 806m43s | gtok=280,166,400 | GPU 1.3/45.5GB
step 7650 [7650/81380   9%]  loss=3.8960 ppl=49.2 lr=1.97e-04 | 59023 tok/s (avg 56208) ETA 805m55s | gtok=282,009,600 | GPU 1.3/45.5GB
step 7700 [7700/81380   9%]  loss=4.0449 ppl=57.1 lr=1.97e-04 | 59617 tok/s (avg 56229) ETA 805m04s | gtok=283,852,800 | GPU 1.3/45.5GB
step 7750 [7750/81380  10%]  loss=3.9893 ppl=54.0 lr=1.97e-04 | 59652 tok/s (avg 56250) ETA 804m14s | gtok=285,696,000 | GPU 1.3/45.5GB
step 7800 [7800/81380  10%]  loss=3.8948 ppl=49.1 lr=1.96e-04 | 59662 tok/s (avg 56271) ETA 803m23s | gtok=287,539,200 | GPU 1.3/45.5GB
step 7850 [7850/81380  10%]  loss=3.8267 ppl=45.9 lr=1.96e-04 | 59665 tok/s (avg 56291) ETA 802m33s | gtok=289,382,400 | GPU 1.3/45.5GB
step 7900 [7900/81380  10%]  loss=3.9077 ppl=49.8 lr=1.96e-04 | 59770 tok/s (avg 56312) ETA 801m43s | gtok=291,225,600 | GPU 1.3/45.5GB
step 7950 [7950/81380  10%]  loss=4.0223 ppl=55.8 lr=1.96e-04 | 59156 tok/s (avg 56329) ETA 800m55s | gtok=293,068,800 | GPU 1.3/45.5GB
step 8000 [8000/81380  10%]  loss=3.9610 ppl=52.5 lr=1.96e-04 | 59463 tok/s (avg 56347) ETA 800m07s | gtok=294,912,000 | GPU 1.3/45.5GB
  [gen @ step 8000, 294,912,000 tok] prompt: In 1923, the University of
    In 1923, the University of London made a declaration that was rejected by many people.
The French Revolution had been overthrown and in 1922, a group called British-British Parliament tried to reduce French rule at the hands of France, but without a government authority. The new monarch’s own government became a republic when French states were unable to gain independence from Spain, the French state had become the dominant religion on the continent
  [checkpoint] step 8000 -> checkpoints_v13_sempty/mix3b_delta_nodecay_answ100_9f33b50/best_model.pt
  [val @ step 8000] val_loss=3.9452 val_ppl=51.69 *best* (best 51.69)
  [wiki_val @ step 8000] val_loss=4.8346 val_ppl=125.79
  [checkpoint] step 8000 -> checkpoints_v13_sempty/mix3b_delta_nodecay_answ100_9f33b50/latest.pt
  [diag] step 8000 cgu=+0.93 +0.64 +0.61 +0.60 +0.63 +0.73 +0.78 +0.83 +0.93 +0.92 +1.08 +1.09 +1.10 +1.07 +1.28 +1.44  pam=+0.09 +0.09 +0.06 +0.08 +0.12 +0.10 +0.10 +0.17 +0.10 +0.14 +0.12 +0.14 +0.16 +0.17 +0.39 +0.21
  [diag] dtbias=-4.00 -4.00 -4.00 -4.00 -4.00 -4.00 -4.00 -4.00 -4.00 -4.00 -4.00 -4.00 -4.00 -4.00 -4.00 -4.00  ret=1.00 1.00 1.00 1.00 1.00 1.00 1.00 1.00 1.00 1.00 1.00 1.00 1.00 1.00 1.00 1.00
  [diag] dtbias/head(layer-mean)=-4.00 -4.00 -4.00 -4.00 -4.00 -4.00
  [diag] gnorm=6.9e-01 2.4e-01 5.8e-02 8.5e-02 1.8e-01 8.1e-02 7.2e-02 1.0e-01 1.3e-01 2.1e-01 8.7e-02 9.7e-02 1.6e-01 2.7e-01 1.8e-01 1.2e-01  wnorm=60.1 62.3 63.0 63.5 64.0 64.3 64.8 64.9 64.7 65.5 65.9 66.3 67.0 67.1 69.4 69.8
step 8050 [8050/81380  10%]  loss=3.8635 ppl=47.6 lr=1.96e-04 | 24257 tok/s (avg 55888) ETA 806m08s | gtok=296,755,200 | GPU 1.3/45.5GB
step 8100 [8100/81380  10%]  loss=3.8993 ppl=49.4 lr=1.96e-04 | 59583 tok/s (avg 55909) ETA 805m17s | gtok=298,598,400 | GPU 1.3/45.5GB
step 8150 [8150/81380  10%]  loss=3.9355 ppl=51.2 lr=1.96e-04 | 42863 tok/s (avg 55805) ETA 806m14s | gtok=300,441,600 | GPU 1.3/45.5GB
step 8200 [8200/81380  10%]  loss=3.5549 ppl=35.0 lr=1.96e-04 | 60025 tok/s (avg 55829) ETA 805m20s | gtok=302,284,800 | GPU 1.3/45.5GB
step 8250 [8250/81380  10%]  loss=3.4886 ppl=32.7 lr=1.96e-04 | 59960 tok/s (avg 55852) ETA 804m27s | gtok=304,128,000 | GPU 1.3/45.5GB
step 8300 [8300/81380  10%]  loss=3.2390 ppl=25.5 lr=1.96e-04 | 60115 tok/s (avg 55876) ETA 803m34s | gtok=305,971,200 | GPU 1.3/45.5GB
step 8350 [8350/81380  10%]  loss=3.1447 ppl=23.2 lr=1.96e-04 | 60105 tok/s (avg 55900) ETA 802m40s | gtok=307,814,400 | GPU 1.3/45.5GB
step 8400 [8400/81380  10%]  loss=3.1201 ppl=22.6 lr=1.96e-04 | 60083 tok/s (avg 55923) ETA 801m47s | gtok=309,657,600 | GPU 1.3/45.5GB
step 8450 [8450/81380  10%]  loss=2.9307 ppl=18.7 lr=1.96e-04 | 60062 tok/s (avg 55946) ETA 800m55s | gtok=311,500,800 | GPU 1.3/45.5GB
step 8500 [8500/81380  10%]  loss=2.9213 ppl=18.6 lr=1.96e-04 | 60035 tok/s (avg 55968) ETA 800m03s | gtok=313,344,000 | GPU 1.3/45.5GB
step 8550 [8550/81380  11%]  loss=2.8034 ppl=16.5 lr=1.96e-04 | 59345 tok/s (avg 55987) ETA 799m14s | gtok=315,187,200 | GPU 1.3/45.5GB
step 8600 [8600/81380  11%]  loss=2.9098 ppl=18.4 lr=1.96e-04 | 51599 tok/s (avg 55959) ETA 799m04s | gtok=317,030,400 | GPU 1.3/45.5GB
step 8650 [8650/81380  11%]  loss=2.4931 ppl=12.1 lr=1.96e-04 | 60125 tok/s (avg 55982) ETA 798m12s | gtok=318,873,600 | GPU 1.3/45.5GB
step 8700 [8700/81380  11%]  loss=2.4356 ppl=11.4 lr=1.96e-04 | 60121 tok/s (avg 56004) ETA 797m20s | gtok=320,716,800 | GPU 1.3/45.5GB
step 8750 [8750/81380  11%]  loss=2.1675 ppl=8.7 lr=1.95e-04 | 60115 tok/s (avg 56026) ETA 796m29s | gtok=322,560,000 | GPU 1.3/45.5GB
step 8800 [8800/81380  11%]  loss=2.0051 ppl=7.4 lr=1.95e-04 | 60147 tok/s (avg 56048) ETA 795m37s | gtok=324,403,200 | GPU 1.3/45.5GB
step 8850 [8850/81380  11%]  loss=2.2140 ppl=9.2 lr=1.95e-04 | 60062 tok/s (avg 56069) ETA 794m46s | gtok=326,246,400 | GPU 1.3/45.5GB
step 8900 [8900/81380  11%]  loss=2.5181 ppl=12.4 lr=1.95e-04 | 59904 tok/s (avg 56089) ETA 793m56s | gtok=328,089,600 | GPU 1.3/45.5GB
step 8950 [8950/81380  11%]  loss=2.1359 ppl=8.5 lr=1.95e-04 | 60043 tok/s (avg 56109) ETA 793m06s | gtok=329,932,800 | GPU 1.3/45.5GB
step 9000 [9000/81380  11%]  loss=2.4141 ppl=11.2 lr=1.95e-04 | 51727 tok/s (avg 56083) ETA 792m56s | gtok=331,776,000 | GPU 1.3/45.5GB
  [checkpoint] step 9000 -> checkpoints_v13_sempty/mix3b_delta_nodecay_answ100_9f33b50/latest.pt
step 9050 [9050/81380  11%]  loss=1.9173 ppl=6.8 lr=1.95e-04 | 56429 tok/s (avg 56085) ETA 792m21s | gtok=333,619,200 | GPU 1.3/45.5GB
step 9100 [9100/81380  11%]  loss=2.1054 ppl=8.2 lr=1.95e-04 | 59834 tok/s (avg 56104) ETA 791m32s | gtok=335,462,400 | GPU 1.3/45.5GB
step 9150 [9150/81380  11%]  loss=1.5613 ppl=4.8 lr=1.95e-04 | 59809 tok/s (avg 56123) ETA 790m43s | gtok=337,305,600 | GPU 1.3/45.5GB
step 9200 [9200/81380  11%]  loss=1.9633 ppl=7.1 lr=1.95e-04 | 59822 tok/s (avg 56142) ETA 789m54s | gtok=339,148,800 | GPU 1.3/45.5GB
step 9250 [9250/81380  11%]  loss=1.5815 ppl=4.9 lr=1.95e-04 | 59827 tok/s (avg 56161) ETA 789m06s | gtok=340,992,000 | GPU 1.3/45.5GB
step 9300 [9300/81380  11%]  loss=1.4900 ppl=4.4 lr=1.95e-04 | 59791 tok/s (avg 56179) ETA 788m17s | gtok=342,835,200 | GPU 1.3/45.5GB
step 9350 [9350/81380  11%]  loss=1.5691 ppl=4.8 lr=1.95e-04 | 59815 tok/s (avg 56197) ETA 787m29s | gtok=344,678,400 | GPU 1.3/45.5GB
step 9400 [9400/81380  12%]  loss=1.4227 ppl=4.1 lr=1.95e-04 | 59796 tok/s (avg 56215) ETA 786m41s | gtok=346,521,600 | GPU 1.3/45.5GB
step 9450 [9450/81380  12%]  loss=1.4717 ppl=4.4 lr=1.95e-04 | 59101 tok/s (avg 56230) ETA 785m56s | gtok=348,364,800 | GPU 1.3/45.5GB
step 9500 [9500/81380  12%]  loss=1.4544 ppl=4.3 lr=1.95e-04 | 59826 tok/s (avg 56248) ETA 785m09s | gtok=350,208,000 | GPU 1.3/45.5GB
step 9550 [9550/81380  12%]  loss=1.3599 ppl=3.9 lr=1.94e-04 | 59795 tok/s (avg 56265) ETA 784m21s | gtok=352,051,200 | GPU 1.3/45.5GB
step 9600 [9600/81380  12%]  loss=1.3273 ppl=3.8 lr=1.94e-04 | 59816 tok/s (avg 56283) ETA 783m34s | gtok=353,894,400 | GPU 1.3/45.5GB
step 9650 [9650/81380  12%]  loss=1.3089 ppl=3.7 lr=1.94e-04 | 51819 tok/s (avg 56258) ETA 783m22s | gtok=355,737,600 | GPU 1.3/45.5GB
step 9700 [9700/81380  12%]  loss=1.2922 ppl=3.6 lr=1.94e-04 | 59773 tok/s (avg 56275) ETA 782m35s | gtok=357,580,800 | GPU 1.3/45.5GB
step 9750 [9750/81380  12%]  loss=1.5304 ppl=4.6 lr=1.94e-04 | 59770 tok/s (avg 56291) ETA 781m48s | gtok=359,424,000 | GPU 1.3/45.5GB
step 9800 [9800/81380  12%]  loss=1.3796 ppl=4.0 lr=1.94e-04 | 59778 tok/s (avg 56308) ETA 781m02s | gtok=361,267,200 | GPU 1.3/45.5GB
step 9850 [9850/81380  12%]  loss=1.2436 ppl=3.5 lr=1.94e-04 | 59802 tok/s (avg 56325) ETA 780m15s | gtok=363,110,400 | GPU 1.3/45.5GB
step 9900 [9900/81380  12%]  loss=1.1067 ppl=3.0 lr=1.94e-04 | 59038 tok/s (avg 56338) ETA 779m31s | gtok=364,953,600 | GPU 1.3/45.5GB
step 9950 [9950/81380  12%]  loss=1.2980 ppl=3.7 lr=1.94e-04 | 59799 tok/s (avg 56354) ETA 778m45s | gtok=366,796,800 | GPU 1.3/45.5GB
step 10000 [10000/81380  12%]  loss=1.6610 ppl=5.3 lr=1.94e-04 | 59816 tok/s (avg 56371) ETA 777m59s | gtok=368,640,000 | GPU 1.3/45.5GB
  [val @ step 10000] val_loss=4.4298 val_ppl=83.91 (best 51.69)
  [wiki_val @ step 10000] val_loss=5.4116 val_ppl=224.00
  [checkpoint] step 10000 -> checkpoints_v13_sempty/mix3b_delta_nodecay_answ100_9f33b50/latest.pt
  [checkpoint] step 10000 -> checkpoints_v13_sempty/mix3b_delta_nodecay_answ100_9f33b50/step_010000.pt
  [diag] step 10000 cgu=+0.90 +0.58 +0.53 +0.53 +0.56 +0.68 +0.72 +0.78 +0.90 +0.88 +1.04 +1.08 +1.08 +1.07 +1.28 +1.54  pam=+0.09 +0.09 +0.05 +0.07 +0.11 +0.09 +0.10 +0.17 +0.09 +0.14 +0.11 +0.14 +0.17 +0.16 +0.44 +0.27
  [diag] dtbias=-4.00 -4.00 -4.00 -4.00 -4.00 -4.00 -4.00 -4.00 -4.00 -4.00 -4.00 -4.00 -4.00 -4.00 -4.00 -4.00  ret=1.00 1.00 1.00 1.00 1.00 1.00 1.00 1.00 1.00 1.00 1.00 1.00 1.00 1.00 1.00 1.00
  [diag] dtbias/head(layer-mean)=-4.00 -4.00 -4.00 -4.00 -4.00 -4.00
  [diag] gnorm=8.5e-01 9.6e-02 9.8e-02 1.3e-01 2.0e-01 1.1e-01 3.8e-02 6.9e-02 5.7e-02 5.7e-02 3.9e-02 4.6e-02 4.7e-02 3.5e-01 8.3e-02 4.8e-02  wnorm=61.1 64.0 64.9 65.5 65.9 66.3 66.9 67.1 66.7 67.5 68.0 68.5 69.1 69.2 71.8 72.8
step 10050 [10050/81380  12%]  loss=1.1184 ppl=3.1 lr=1.94e-04 | 23951 tok/s (avg 55994) ETA 782m40s | gtok=370,483,200 | GPU 1.3/45.5GB
step 10100 [10100/81380  12%]  loss=1.0144 ppl=2.8 lr=1.94e-04 | 59700 tok/s (avg 56011) ETA 781m53s | gtok=372,326,400 | GPU 1.3/45.5GB
step 10150 [10150/81380  12%]  loss=1.7955 ppl=6.0 lr=1.94e-04 | 59505 tok/s (avg 56027) ETA 781m07s | gtok=374,169,600 | GPU 1.3/45.5GB
step 10200 [10200/81380  13%]  loss=1.1556 ppl=3.2 lr=1.94e-04 | 59513 tok/s (avg 56043) ETA 780m20s | gtok=376,012,800 | GPU 1.3/45.5GB
step 10250 [10250/81380  13%]  loss=1.7334 ppl=5.7 lr=1.94e-04 | 58909 tok/s (avg 56056) ETA 779m36s | gtok=377,856,000 | GPU 1.3/45.5GB
step 10300 [10300/81380  13%]  loss=1.4193 ppl=4.1 lr=1.93e-04 | 59608 tok/s (avg 56073) ETA 778m50s | gtok=379,699,200 | GPU 1.3/45.5GB
step 10350 [10350/81380  13%]  loss=2.7939 ppl=16.3 lr=1.93e-04 | 59630 tok/s (avg 56089) ETA 778m04s | gtok=381,542,400 | GPU 1.3/45.5GB
step 10400 [10400/81380  13%]  loss=2.4215 ppl=11.3 lr=1.93e-04 | 59537 tok/s (avg 56104) ETA 777m18s | gtok=383,385,600 | GPU 1.3/45.5GB
step 10450 [10450/81380  13%]  loss=1.6729 ppl=5.3 lr=1.93e-04 | 59512 tok/s (avg 56120) ETA 776m32s | gtok=385,228,800 | GPU 1.3/45.5GB
step 10500 [10500/81380  13%]  loss=2.1701 ppl=8.8 lr=1.93e-04 | 59581 tok/s (avg 56135) ETA 775m46s | gtok=387,072,000 | GPU 1.3/45.5GB
step 10550 [10550/81380  13%]  loss=2.6304 ppl=13.9 lr=1.93e-04 | 59575 tok/s (avg 56151) ETA 775m01s | gtok=388,915,200 | GPU 1.3/45.5GB
step 10600 [10600/81380  13%]  loss=2.3944 ppl=11.0 lr=1.93e-04 | 59563 tok/s (avg 56166) ETA 774m15s | gtok=390,758,400 | GPU 1.3/45.5GB
step 10650 [10650/81380  13%]  loss=2.8338 ppl=17.0 lr=1.93e-04 | 59559 tok/s (avg 56181) ETA 773m30s | gtok=392,601,600 | GPU 1.3/45.5GB
step 10700 [10700/81380  13%]  loss=2.9653 ppl=19.4 lr=1.93e-04 | 58857 tok/s (avg 56193) ETA 772m47s | gtok=394,444,800 | GPU 1.3/45.5GB
step 10750 [10750/81380  13%]  loss=3.0882 ppl=21.9 lr=1.93e-04 | 59647 tok/s (avg 56208) ETA 772m02s | gtok=396,288,000 | GPU 1.3/45.5GB
step 10800 [10800/81380  13%]  loss=3.0090 ppl=20.3 lr=1.93e-04 | 59587 tok/s (avg 56223) ETA 771m17s | gtok=398,131,200 | GPU 1.3/45.5GB
step 10850 [10850/81380  13%]  loss=2.2168 ppl=9.2 lr=1.93e-04 | 59608 tok/s (avg 56237) ETA 770m32s | gtok=399,974,400 | GPU 1.3/45.5GB
step 10900 [10900/81380  13%]  loss=2.6320 ppl=13.9 lr=1.93e-04 | 59572 tok/s (avg 56252) ETA 769m48s | gtok=401,817,600 | GPU 1.3/45.5GB
step 10950 [10950/81380  13%]  loss=3.0747 ppl=21.6 lr=1.93e-04 | 59597 tok/s (avg 56266) ETA 769m03s | gtok=403,660,800 | GPU 1.3/45.5GB
step 11000 [11000/81380  14%]  loss=2.0787 ppl=8.0 lr=1.92e-04 | 59611 tok/s (avg 56281) ETA 768m19s | gtok=405,504,000 | GPU 1.3/45.5GB
  [checkpoint] step 11000 -> checkpoints_v13_sempty/mix3b_delta_nodecay_answ100_9f33b50/latest.pt
step 11050 [11050/81380  14%]  loss=3.0890 ppl=22.0 lr=1.92e-04 | 56265 tok/s (avg 56281) ETA 767m46s | gtok=407,347,200 | GPU 1.3/45.5GB
step 11100 [11100/81380  14%]  loss=3.2357 ppl=25.4 lr=1.92e-04 | 58821 tok/s (avg 56292) ETA 767m04s | gtok=409,190,400 | GPU 1.3/45.5GB
step 11150 [11150/81380  14%]  loss=2.9769 ppl=19.6 lr=1.92e-04 | 59396 tok/s (avg 56305) ETA 766m21s | gtok=411,033,600 | GPU 1.3/45.5GB
step 11200 [11200/81380  14%]  loss=3.1370 ppl=23.0 lr=1.92e-04 | 59405 tok/s (avg 56318) ETA 765m37s | gtok=412,876,800 | GPU 1.3/45.5GB
step 11250 [11250/81380  14%]  loss=3.3948 ppl=29.8 lr=1.92e-04 | 59683 tok/s (avg 56332) ETA 764m53s | gtok=414,720,000 | GPU 1.3/45.5GB
step 11300 [11300/81380  14%]  loss=3.5144 ppl=33.6 lr=1.92e-04 | 59684 tok/s (avg 56346) ETA 764m09s | gtok=416,563,200 | GPU 1.3/45.5GB
step 11350 [11350/81380  14%]  loss=2.8437 ppl=17.2 lr=1.92e-04 | 59600 tok/s (avg 56360) ETA 763m25s | gtok=418,406,400 | GPU 1.3/45.5GB
step 11400 [11400/81380  14%]  loss=3.4728 ppl=32.2 lr=1.92e-04 | 59612 tok/s (avg 56373) ETA 762m42s | gtok=420,249,600 | GPU 1.3/45.5GB
step 11450 [11450/81380  14%]  loss=3.0571 ppl=21.3 lr=1.92e-04 | 59585 tok/s (avg 56386) ETA 761m58s | gtok=422,092,800 | GPU 1.3/45.5GB
step 11500 [11500/81380  14%]  loss=2.8823 ppl=17.9 lr=1.92e-04 | 59577 tok/s (avg 56399) ETA 761m15s | gtok=423,936,000 | GPU 1.3/45.5GB
step 11550 [11550/81380  14%]  loss=3.2540 ppl=25.9 lr=1.92e-04 | 58925 tok/s (avg 56410) ETA 760m34s | gtok=425,779,200 | GPU 1.3/45.5GB
step 11600 [11600/81380  14%]  loss=3.0337 ppl=20.8 lr=1.92e-04 | 59593 tok/s (avg 56423) ETA 759m50s | gtok=427,622,400 | GPU 1.3/45.5GB
step 11650 [11650/81380  14%]  loss=3.4493 ppl=31.5 lr=1.91e-04 | 59657 tok/s (avg 56436) ETA 759m07s | gtok=429,465,600 | GPU 1.3/45.5GB
step 11700 [11700/81380  14%]  loss=3.5108 ppl=33.5 lr=1.91e-04 | 51617 tok/s (avg 56413) ETA 758m53s | gtok=431,308,800 | GPU 1.3/45.5GB
step 11750 [11750/81380  14%]  loss=3.1506 ppl=23.3 lr=1.91e-04 | 59711 tok/s (avg 56427) ETA 758m09s | gtok=433,152,000 | GPU 1.3/45.5GB
step 11800 [11800/81380  14%]  loss=3.3523 ppl=28.6 lr=1.91e-04 | 59711 tok/s (avg 56440) ETA 757m26s | gtok=434,995,200 | GPU 1.3/45.5GB
step 11850 [11850/81380  15%]  loss=3.5166 ppl=33.7 lr=1.91e-04 | 59616 tok/s (avg 56453) ETA 756m43s | gtok=436,838,400 | GPU 1.3/45.5GB
step 11900 [11900/81380  15%]  loss=3.4300 ppl=30.9 lr=1.91e-04 | 59571 tok/s (avg 56465) ETA 756m01s | gtok=438,681,600 | GPU 1.3/45.5GB
step 11950 [11950/81380  15%]  loss=2.7524 ppl=15.7 lr=1.91e-04 | 59604 tok/s (avg 56477) ETA 755m18s | gtok=440,524,800 | GPU 1.3/45.5GB
step 12000 [12000/81380  15%]  loss=3.6669 ppl=39.1 lr=1.91e-04 | 58954 tok/s (avg 56487) ETA 754m37s | gtok=442,368,000 | GPU 1.3/45.5GB
  [gen @ step 12000, 442,368,000 tok] prompt: In 1923, the University of
    In 1923, the University of New York published a report on the results from the journal Proceedings of the National Academy of Sciences. In order to find out about how many people died in this study, the researchers found that one in six Americans and two in four American children were involved in a traumatic event involving more than 2,000 children.
For example, in 2009, a study in which scientists investigated what was happening with a man
  [val @ step 12000] val_loss=3.9809 val_ppl=53.57 (best 51.69)
  [wiki_val @ step 12000] val_loss=4.9182 val_ppl=136.76
  [checkpoint] step 12000 -> checkpoints_v13_sempty/mix3b_delta_nodecay_answ100_9f33b50/latest.pt
  [diag] step 12000 cgu=+0.86 +0.53 +0.47 +0.48 +0.50 +0.60 +0.65 +0.70 +0.84 +0.84 +0.99 +1.04 +1.06 +1.06 +1.25 +1.53  pam=+0.08 +0.08 +0.04 +0.06 +0.10 +0.08 +0.09 +0.16 +0.09 +0.13 +0.10 +0.13 +0.16 +0.16 +0.45 +0.28
  [diag] dtbias=-4.00 -4.00 -4.00 -4.00 -4.00 -4.00 -4.00 -4.00 -4.00 -4.00 -4.00 -4.00 -4.00 -4.00 -4.00 -4.00  ret=1.00 1.00 1.00 1.00 1.00 1.00 1.00 1.00 1.00 1.00 1.00 1.00 1.00 1.00 1.00 1.00
  [diag] dtbias/head(layer-mean)=-4.00 -4.00 -4.00 -4.00 -4.00 -4.00
  [diag] gnorm=6.6e-01 2.0e-01 1.5e-01 9.5e-02 2.5e-01 1.1e-01 9.4e-02 9.7e-02 9.2e-02 2.7e-01 1.0e-01 1.1e-01 1.0e-01 3.1e-01 1.6e-01 1.1e-01  wnorm=61.8 65.6 66.7 67.2 67.7 68.2 68.8 68.8 68.3 69.4 69.8 70.3 71.1 71.2 73.7 74.6
step 12050 [12050/81380  15%]  loss=3.2949 ppl=27.0 lr=1.91e-04 | 24646 tok/s (avg 56186) ETA 758m07s | gtok=444,211,200 | GPU 1.3/45.5GB
step 12100 [12100/81380  15%]  loss=3.1153 ppl=22.5 lr=1.91e-04 | 59581 tok/s (avg 56199) ETA 757m24s | gtok=446,054,400 | GPU 1.3/45.5GB
step 12150 [12150/81380  15%]  loss=3.6314 ppl=37.8 lr=1.91e-04 | 59615 tok/s (avg 56213) ETA 756m40s | gtok=447,897,600 | GPU 1.3/45.5GB
step 12200 [12200/81380  15%]  loss=3.4045 ppl=30.1 lr=1.91e-04 | 59547 tok/s (avg 56225) ETA 755m57s | gtok=449,740,800 | GPU 1.3/45.5GB
step 12250 [12250/81380  15%]  loss=3.4716 ppl=32.2 lr=1.90e-04 | 59351 tok/s (avg 56238) ETA 755m15s | gtok=451,584,000 | GPU 1.3/45.5GB
step 12300 [12300/81380  15%]  loss=3.3314 ppl=28.0 lr=1.90e-04 | 58867 tok/s (avg 56248) ETA 754m34s | gtok=453,427,200 | GPU 1.3/45.5GB
step 12350 [12350/81380  15%]  loss=3.4718 ppl=32.2 lr=1.90e-04 | 59556 tok/s (avg 56260) ETA 753m51s | gtok=455,270,400 | GPU 1.3/45.5GB
step 12400 [12400/81380  15%]  loss=3.0495 ppl=21.1 lr=1.90e-04 | 59567 tok/s (avg 56273) ETA 753m08s | gtok=457,113,600 | GPU 1.3/45.5GB
step 12450 [12450/81380  15%]  loss=3.2291 ppl=25.3 lr=1.90e-04 | 59581 tok/s (avg 56286) ETA 752m25s | gtok=458,956,800 | GPU 1.3/45.5GB
step 12500 [12500/81380  15%]  loss=3.3887 ppl=29.6 lr=1.90e-04 | 59535 tok/s (avg 56298) ETA 751m42s | gtok=460,800,000 | GPU 1.3/45.5GB
step 12550 [12550/81380  15%]  loss=3.4765 ppl=32.3 lr=1.90e-04 | 59508 tok/s (avg 56310) ETA 751m00s | gtok=462,643,200 | GPU 1.3/45.5GB
step 12600 [12600/81380  15%]  loss=3.5439 ppl=34.6 lr=1.90e-04 | 59729 tok/s (avg 56323) ETA 750m17s | gtok=464,486,400 | GPU 1.3/45.5GB
step 12650 [12650/81380  16%]  loss=3.4625 ppl=31.9 lr=1.90e-04 | 59670 tok/s (avg 56335) ETA 749m34s | gtok=466,329,600 | GPU 1.3/45.5GB
step 12700 [12700/81380  16%]  loss=3.3100 ppl=27.4 lr=1.90e-04 | 59606 tok/s (avg 56347) ETA 748m52s | gtok=468,172,800 | GPU 1.3/45.5GB
step 12750 [12750/81380  16%]  loss=3.4963 ppl=33.0 lr=1.90e-04 | 58930 tok/s (avg 56357) ETA 748m11s | gtok=470,016,000 | GPU 1.3/45.5GB
step 12800 [12800/81380  16%]  loss=3.1726 ppl=23.9 lr=1.90e-04 | 59550 tok/s (avg 56369) ETA 747m29s | gtok=471,859,200 | GPU 1.3/45.5GB
step 12850 [12850/81380  16%]  loss=3.1917 ppl=24.3 lr=1.89e-04 | 59608 tok/s (avg 56381) ETA 746m47s | gtok=473,702,400 | GPU 1.3/45.5GB
step 12900 [12900/81380  16%]  loss=3.1527 ppl=23.4 lr=1.89e-04 | 59540 tok/s (avg 56392) ETA 746m05s | gtok=475,545,600 | GPU 1.3/45.5GB
step 12950 [12950/81380  16%]  loss=3.2801 ppl=26.6 lr=1.89e-04 | 59626 tok/s (avg 56404) ETA 745m23s | gtok=477,388,800 | GPU 1.3/45.5GB
step 13000 [13000/81380  16%]  loss=3.4455 ppl=31.4 lr=1.89e-04 | 59565 tok/s (avg 56416) ETA 744m41s | gtok=479,232,000 | GPU 1.3/45.5GB
  [checkpoint] step 13000 -> checkpoints_v13_sempty/mix3b_delta_nodecay_answ100_9f33b50/latest.pt
step 13050 [13050/81380  16%]  loss=3.4067 ppl=30.2 lr=1.89e-04 | 56169 tok/s (avg 56415) ETA 744m09s | gtok=481,075,200 | GPU 1.3/45.5GB
step 13100 [13100/81380  16%]  loss=3.2579 ppl=26.0 lr=1.89e-04 | 59523 tok/s (avg 56426) ETA 743m28s | gtok=482,918,400 | GPU 1.3/45.5GB
step 13150 [13150/81380  16%]  loss=3.3917 ppl=29.7 lr=1.89e-04 | 59637 tok/s (avg 56438) ETA 742m46s | gtok=484,761,600 | GPU 1.3/45.5GB
step 13200 [13200/81380  16%]  loss=3.1735 ppl=23.9 lr=1.89e-04 | 58831 tok/s (avg 56446) ETA 742m07s | gtok=486,604,800 | GPU 1.3/45.5GB
step 13250 [13250/81380  16%]  loss=3.0931 ppl=22.0 lr=1.89e-04 | 59582 tok/s (avg 56457) ETA 741m25s | gtok=488,448,000 | GPU 1.3/45.5GB
step 13300 [13300/81380  16%]  loss=3.2350 ppl=25.4 lr=1.89e-04 | 59667 tok/s (avg 56469) ETA 740m43s | gtok=490,291,200 | GPU 1.3/45.5GB
step 13350 [13350/81380  16%]  loss=2.8902 ppl=18.0 lr=1.89e-04 | 59674 tok/s (avg 56480) ETA 740m02s | gtok=492,134,400 | GPU 1.3/45.5GB
step 13400 [13400/81380  16%]  loss=3.3886 ppl=29.6 lr=1.88e-04 | 59636 tok/s (avg 56491) ETA 739m20s | gtok=493,977,600 | GPU 1.3/45.5GB
step 13450 [13450/81380  17%]  loss=3.4221 ppl=30.6 lr=1.88e-04 | 59613 tok/s (avg 56502) ETA 738m39s | gtok=495,820,800 | GPU 1.3/45.5GB
step 13500 [13500/81380  17%]  loss=2.6479 ppl=14.1 lr=1.88e-04 | 59611 tok/s (avg 56513) ETA 737m58s | gtok=497,664,000 | GPU 1.3/45.5GB
step 13550 [13550/81380  17%]  loss=3.2756 ppl=26.5 lr=1.88e-04 | 59592 tok/s (avg 56524) ETA 737m17s | gtok=499,507,200 | GPU 1.3/45.5GB
step 13600 [13600/81380  17%]  loss=3.1468 ppl=23.3 lr=1.88e-04 | 59646 tok/s (avg 56535) ETA 736m36s | gtok=501,350,400 | GPU 1.3/45.5GB
step 13650 [13650/81380  17%]  loss=2.9610 ppl=19.3 lr=1.88e-04 | 58866 tok/s (avg 56543) ETA 735m57s | gtok=503,193,600 | GPU 1.3/45.5GB
step 13700 [13700/81380  17%]  loss=3.3440 ppl=28.3 lr=1.88e-04 | 59548 tok/s (avg 56554) ETA 735m16s | gtok=505,036,800 | GPU 1.3/45.5GB
step 13750 [13750/81380  17%]  loss=3.0850 ppl=21.9 lr=1.88e-04 | 59558 tok/s (avg 56564) ETA 734m35s | gtok=506,880,000 | GPU 1.3/45.5GB
step 13800 [13800/81380  17%]  loss=3.5437 ppl=34.6 lr=1.88e-04 | 59575 tok/s (avg 56574) ETA 733m55s | gtok=508,723,200 | GPU 1.3/45.5GB
step 13850 [13850/81380  17%]  loss=3.0021 ppl=20.1 lr=1.88e-04 | 59682 tok/s (avg 56585) ETA 733m14s | gtok=510,566,400 | GPU 1.3/45.5GB
step 13900 [13900/81380  17%]  loss=3.7319 ppl=41.8 lr=1.88e-04 | 59521 tok/s (avg 56595) ETA 732m34s | gtok=512,409,600 | GPU 1.3/45.5GB
step 13950 [13950/81380  17%]  loss=3.2529 ppl=25.9 lr=1.87e-04 | 59550 tok/s (avg 56605) ETA 731m53s | gtok=514,252,800 | GPU 1.3/45.5GB
step 14000 [14000/81380  17%]  loss=3.4894 ppl=32.8 lr=1.87e-04 | 59648 tok/s (avg 56615) ETA 731m13s | gtok=516,096,000 | GPU 1.3/45.5GB
  [checkpoint] step 14000 -> checkpoints_v13_sempty/mix3b_delta_nodecay_answ100_9f33b50/best_model.pt
  [val @ step 14000] val_loss=3.8902 val_ppl=48.92 *best* (best 48.92)
  [wiki_val @ step 14000] val_loss=4.7923 val_ppl=120.57
  [checkpoint] step 14000 -> checkpoints_v13_sempty/mix3b_delta_nodecay_answ100_9f33b50/latest.pt
  [diag] step 14000 cgu=+0.82 +0.47 +0.42 +0.43 +0.45 +0.54 +0.59 +0.65 +0.78 +0.81 +0.95 +1.00 +1.04 +1.06 +1.23 +1.53  pam=+0.07 +0.07 +0.03 +0.06 +0.10 +0.07 +0.08 +0.15 +0.08 +0.13 +0.10 +0.13 +0.16 +0.16 +0.45 +0.29
  [diag] dtbias=-4.00 -4.00 -4.00 -4.00 -4.00 -4.00 -4.00 -4.00 -4.00 -4.00 -4.00 -4.00 -4.00 -4.00 -4.00 -4.00  ret=1.00 1.00 1.00 1.00 1.00 1.00 1.00 1.00 1.00 1.00 1.00 1.00 1.00 1.00 1.00 1.00
  [diag] dtbias/head(layer-mean)=-4.00 -4.00 -4.00 -4.00 -4.00 -4.00
  [diag] gnorm=7.2e-01 1.8e-01 7.9e-02 1.3e-01 3.4e-01 1.5e-01 1.3e-01 1.4e-01 9.9e-02 1.8e-01 1.2e-01 6.7e-02 7.0e-02 2.7e-01 1.0e-01 8.3e-02  wnorm=62.6 67.1 68.4 68.9 69.5 70.0 70.6 70.6 70.0 70.9 71.7 72.2 73.0 73.1 75.5 76.5
step 14050 [14050/81380  17%]  loss=3.2565 ppl=26.0 lr=1.87e-04 | 22844 tok/s (avg 56319) ETA 734m31s | gtok=517,939,200 | GPU 1.3/45.5GB
step 14100 [14100/81380  17%]  loss=3.3527 ppl=28.6 lr=1.87e-04 | 59501 tok/s (avg 56330) ETA 733m50s | gtok=519,782,400 | GPU 1.3/45.5GB
step 14150 [14150/81380  17%]  loss=3.1535 ppl=23.4 lr=1.87e-04 | 59534 tok/s (avg 56340) ETA 733m09s | gtok=521,625,600 | GPU 1.3/45.5GB
step 14200 [14200/81380  17%]  loss=3.0044 ppl=20.2 lr=1.87e-04 | 59459 tok/s (avg 56351) ETA 732m28s | gtok=523,468,800 | GPU 1.3/45.5GB
step 14250 [14250/81380  18%]  loss=3.4203 ppl=30.6 lr=1.87e-04 | 59280 tok/s (avg 56361) ETA 731m47s | gtok=525,312,000 | GPU 1.3/45.5GB
step 14300 [14300/81380  18%]  loss=3.4651 ppl=32.0 lr=1.87e-04 | 59451 tok/s (avg 56371) ETA 731m07s | gtok=527,155,200 | GPU 1.3/45.5GB
step 14350 [14350/81380  18%]  loss=3.3859 ppl=29.5 lr=1.87e-04 | 59553 tok/s (avg 56381) ETA 730m26s | gtok=528,998,400 | GPU 1.3/45.5GB
step 14400 [14400/81380  18%]  loss=3.2699 ppl=26.3 lr=1.87e-04 | 59445 tok/s (avg 56391) ETA 729m45s | gtok=530,841,600 | GPU 1.3/45.5GB
step 14450 [14450/81380  18%]  loss=3.2471 ppl=25.7 lr=1.86e-04 | 58739 tok/s (avg 56399) ETA 729m07s | gtok=532,684,800 | GPU 1.3/45.5GB
step 14500 [14500/81380  18%]  loss=3.6665 ppl=39.1 lr=1.86e-04 | 59309 tok/s (avg 56409) ETA 728m27s | gtok=534,528,000 | GPU 1.3/45.5GB
step 14550 [14550/81380  18%]  loss=3.2028 ppl=24.6 lr=1.86e-04 | 59374 tok/s (avg 56418) ETA 727m46s | gtok=536,371,200 | GPU 1.3/45.5GB
step 14600 [14600/81380  18%]  loss=3.2872 ppl=26.8 lr=1.86e-04 | 59482 tok/s (avg 56428) ETA 727m06s | gtok=538,214,400 | GPU 1.3/45.5GB
step 14650 [14650/81380  18%]  loss=3.2909 ppl=26.9 lr=1.86e-04 | 59552 tok/s (avg 56439) ETA 726m26s | gtok=540,057,600 | GPU 1.3/45.5GB
step 14700 [14700/81380  18%]  loss=3.0123 ppl=20.3 lr=1.86e-04 | 59414 tok/s (avg 56448) ETA 725m45s | gtok=541,900,800 | GPU 1.3/45.5GB
step 14750 [14750/81380  18%]  loss=3.5001 ppl=33.1 lr=1.86e-04 | 59596 tok/s (avg 56458) ETA 725m05s | gtok=543,744,000 | GPU 1.3/45.5GB
step 14800 [14800/81380  18%]  loss=3.3537 ppl=28.6 lr=1.86e-04 | 59506 tok/s (avg 56468) ETA 724m25s | gtok=545,587,200 | GPU 1.3/45.5GB
step 14850 [14850/81380  18%]  loss=2.9867 ppl=19.8 lr=1.86e-04 | 59341 tok/s (avg 56477) ETA 723m45s | gtok=547,430,400 | GPU 1.3/45.5GB
step 14900 [14900/81380  18%]  loss=3.4214 ppl=30.6 lr=1.86e-04 | 58677 tok/s (avg 56484) ETA 723m07s | gtok=549,273,600 | GPU 1.3/45.5GB
step 14950 [14950/81380  18%]  loss=3.4600 ppl=31.8 lr=1.86e-04 | 59319 tok/s (avg 56493) ETA 722m28s | gtok=551,116,800 | GPU 1.3/45.5GB
step 15000 [15000/81380  18%]  loss=3.4563 ppl=31.7 lr=1.85e-04 | 59276 tok/s (avg 56502) ETA 721m48s | gtok=552,960,000 | GPU 1.3/45.5GB
  [checkpoint] step 15000 -> checkpoints_v13_sempty/mix3b_delta_nodecay_answ100_9f33b50/latest.pt
step 15050 [15050/81380  18%]  loss=3.4757 ppl=32.3 lr=1.85e-04 | 56301 tok/s (avg 56502) ETA 721m16s | gtok=554,803,200 | GPU 1.3/45.5GB
step 15100 [15100/81380  19%]  loss=3.6488 ppl=38.4 lr=1.85e-04 | 59532 tok/s (avg 56511) ETA 720m36s | gtok=556,646,400 | GPU 1.3/45.5GB
step 15150 [15150/81380  19%]  loss=3.5375 ppl=34.4 lr=1.85e-04 | 59567 tok/s (avg 56521) ETA 719m56s | gtok=558,489,600 | GPU 1.3/45.5GB
step 15200 [15200/81380  19%]  loss=3.3022 ppl=27.2 lr=1.85e-04 | 59635 tok/s (avg 56530) ETA 719m16s | gtok=560,332,800 | GPU 1.3/45.5GB
step 15250 [15250/81380  19%]  loss=3.2811 ppl=26.6 lr=1.85e-04 | 59510 tok/s (avg 56540) ETA 718m36s | gtok=562,176,000 | GPU 1.3/45.5GB
step 15300 [15300/81380  19%]  loss=3.5770 ppl=35.8 lr=1.85e-04 | 59495 tok/s (avg 56549) ETA 717m57s | gtok=564,019,200 | GPU 1.3/45.5GB
step 15350 [15350/81380  19%]  loss=3.0077 ppl=20.2 lr=1.85e-04 | 58739 tok/s (avg 56556) ETA 717m19s | gtok=565,862,400 | GPU 1.3/45.5GB
step 15400 [15400/81380  19%]  loss=3.0679 ppl=21.5 lr=1.85e-04 | 59441 tok/s (avg 56565) ETA 716m40s | gtok=567,705,600 | GPU 1.3/45.5GB
step 15450 [15450/81380  19%]  loss=3.4189 ppl=30.5 lr=1.84e-04 | 59509 tok/s (avg 56574) ETA 716m00s | gtok=569,548,800 | GPU 1.3/45.5GB
step 15500 [15500/81380  19%]  loss=3.2973 ppl=27.0 lr=1.84e-04 | 59468 tok/s (avg 56583) ETA 715m21s | gtok=571,392,000 | GPU 1.3/45.5GB
step 15550 [15550/81380  19%]  loss=3.1132 ppl=22.5 lr=1.84e-04 | 16370 tok/s (avg 56139) ETA 720m27s | gtok=573,235,200 | GPU 1.3/45.5GB
step 15600 [15600/81380  19%]  loss=3.3317 ppl=28.0 lr=1.84e-04 | 59492 tok/s (avg 56149) ETA 719m46s | gtok=575,078,400 | GPU 1.3/45.5GB
step 15650 [15650/81380  19%]  loss=3.0358 ppl=20.8 lr=1.84e-04 | 59626 tok/s (avg 56160) ETA 719m06s | gtok=576,921,600 | GPU 1.3/45.5GB
step 15700 [15700/81380  19%]  loss=2.9271 ppl=18.7 lr=1.84e-04 | 59656 tok/s (avg 56170) ETA 718m25s | gtok=578,764,800 | GPU 1.3/45.5GB
step 15750 [15750/81380  19%]  loss=3.1907 ppl=24.3 lr=1.84e-04 | 58870 tok/s (avg 56178) ETA 717m46s | gtok=580,608,000 | GPU 1.3/45.5GB
step 15800 [15800/81380  19%]  loss=3.2508 ppl=25.8 lr=1.84e-04 | 59561 tok/s (avg 56188) ETA 717m05s | gtok=582,451,200 | GPU 1.3/45.5GB
step 15850 [15850/81380  19%]  loss=3.4108 ppl=30.3 lr=1.84e-04 | 59461 tok/s (avg 56198) ETA 716m25s | gtok=584,294,400 | GPU 1.3/45.5GB
step 15900 [15900/81380  20%]  loss=3.8010 ppl=44.7 lr=1.84e-04 | 59467 tok/s (avg 56208) ETA 715m45s | gtok=586,137,600 | GPU 1.3/45.5GB
step 15950 [15950/81380  20%]  loss=3.0863 ppl=21.9 lr=1.83e-04 | 59582 tok/s (avg 56218) ETA 715m04s | gtok=587,980,800 | GPU 1.3/45.5GB
step 16000 [16000/81380  20%]  loss=3.4100 ppl=30.3 lr=1.83e-04 | 59490 tok/s (avg 56228) ETA 714m24s | gtok=589,824,000 | GPU 1.3/45.5GB
  [gen @ step 16000, 589,824,000 tok] prompt: In 1923, the University of
    In 1923, the University of Toronto established a school in which a school was called “A Schools of Teaching” in which students were taught the essential skills necessary to teach their children’s English and Hebrew word problems. The school is organized to provide for teachers of all levels, with the aim of teaching them that is to be in good shape for the students, and for them to have their own learning experience that requires
  [checkpoint] step 16000 -> checkpoints_v13_sempty/mix3b_delta_nodecay_answ100_9f33b50/best_model.pt
  [val @ step 16000] val_loss=3.8346 val_ppl=46.27 *best* (best 46.27)
  [wiki_val @ step 16000] val_loss=4.7346 val_ppl=113.82
  [checkpoint] step 16000 -> checkpoints_v13_sempty/mix3b_delta_nodecay_answ100_9f33b50/latest.pt
  [diag] step 16000 cgu=+0.79 +0.42 +0.38 +0.40 +0.42 +0.50 +0.55 +0.61 +0.74 +0.78 +0.92 +0.98 +1.03 +1.05 +1.21 +1.54  pam=+0.06 +0.06 +0.03 +0.05 +0.09 +0.07 +0.07 +0.14 +0.07 +0.12 +0.10 +0.12 +0.16 +0.16 +0.46 +0.30
  [diag] dtbias=-4.00 -4.00 -4.00 -4.00 -4.00 -4.00 -4.00 -4.00 -4.00 -4.00 -4.00 -4.00 -4.00 -4.00 -4.00 -4.00  ret=1.00 1.00 1.00 1.00 1.00 1.00 1.00 1.00 1.00 1.00 1.00 1.00 1.00 1.00 1.00 1.00
  [diag] dtbias/head(layer-mean)=-4.00 -4.00 -4.00 -4.00 -4.00 -4.00
  [diag] gnorm=4.1e-01 1.7e-01 1.0e-01 1.9e-01 4.2e-01 1.3e-01 1.3e-01 1.3e-01 2.2e-01 3.2e-01 1.8e-01 8.2e-02 9.7e-02 4.4e-01 1.1e-01 7.9e-02  wnorm=63.4 68.6 70.1 70.7 71.2 71.7 72.4 72.2 71.5 72.4 73.4 73.9 74.8 74.9 77.2 78.1
step 16050 [16050/81380  20%]  loss=3.6267 ppl=37.6 lr=1.83e-04 | 22851 tok/s (avg 55973) ETA 717m06s | gtok=591,667,200 | GPU 1.3/45.5GB
step 16100 [16100/81380  20%]  loss=3.6194 ppl=37.3 lr=1.83e-04 | 58873 tok/s (avg 55981) ETA 716m27s | gtok=593,510,400 | GPU 1.3/45.5GB
step 16150 [16150/81380  20%]  loss=3.1364 ppl=23.0 lr=1.83e-04 | 59576 tok/s (avg 55992) ETA 715m46s | gtok=595,353,600 | GPU 1.3/45.5GB
step 16200 [16200/81380  20%]  loss=3.2041 ppl=24.6 lr=1.83e-04 | 59700 tok/s (avg 56003) ETA 715m05s | gtok=597,196,800 | GPU 1.3/45.5GB
step 16250 [16250/81380  20%]  loss=3.1580 ppl=23.5 lr=1.83e-04 | 59658 tok/s (avg 56013) ETA 714m24s | gtok=599,040,000 | GPU 1.3/45.5GB
step 16300 [16300/81380  20%]  loss=3.3569 ppl=28.7 lr=1.83e-04 | 59603 tok/s (avg 56024) ETA 713m43s | gtok=600,883,200 | GPU 1.3/45.5GB
step 16350 [16350/81380  20%]  loss=3.3418 ppl=28.3 lr=1.83e-04 | 59646 tok/s (avg 56034) ETA 713m02s | gtok=602,726,400 | GPU 1.3/45.5GB
step 16400 [16400/81380  20%]  loss=3.4493 ppl=31.5 lr=1.82e-04 | 59684 tok/s (avg 56044) ETA 712m21s | gtok=604,569,600 | GPU 1.3/45.5GB
step 16450 [16450/81380  20%]  loss=2.8627 ppl=17.5 lr=1.82e-04 | 59425 tok/s (avg 56054) ETA 711m41s | gtok=606,412,800 | GPU 1.3/45.5GB
step 16500 [16500/81380  20%]  loss=3.3013 ppl=27.1 lr=1.82e-04 | 59539 tok/s (avg 56064) ETA 711m00s | gtok=608,256,000 | GPU 1.3/45.5GB
step 16550 [16550/81380  20%]  loss=3.4137 ppl=30.4 lr=1.82e-04 | 58988 tok/s (avg 56072) ETA 710m21s | gtok=610,099,200 | GPU 1.3/45.5GB
step 16600 [16600/81380  20%]  loss=3.5587 ppl=35.1 lr=1.82e-04 | 59563 tok/s (avg 56082) ETA 709m41s | gtok=611,942,400 | GPU 1.3/45.5GB
step 16650 [16650/81380  20%]  loss=3.6227 ppl=37.4 lr=1.82e-04 | 59581 tok/s (avg 56092) ETA 709m00s | gtok=613,785,600 | GPU 1.3/45.5GB
step 16700 [16700/81380  21%]  loss=3.1528 ppl=23.4 lr=1.82e-04 | 59539 tok/s (avg 56102) ETA 708m20s | gtok=615,628,800 | GPU 1.3/45.5GB
step 16750 [16750/81380  21%]  loss=3.1017 ppl=22.2 lr=1.82e-04 | 59573 tok/s (avg 56112) ETA 707m40s | gtok=617,472,000 | GPU 1.3/45.5GB
step 16800 [16800/81380  21%]  loss=2.8334 ppl=17.0 lr=1.82e-04 | 59508 tok/s (avg 56121) ETA 707m00s | gtok=619,315,200 | GPU 1.3/45.5GB
step 16850 [16850/81380  21%]  loss=3.0011 ppl=20.1 lr=1.81e-04 | 59490 tok/s (avg 56131) ETA 706m20s | gtok=621,158,400 | GPU 1.3/45.5GB
step 16900 [16900/81380  21%]  loss=3.3277 ppl=27.9 lr=1.81e-04 | 59439 tok/s (avg 56140) ETA 705m40s | gtok=623,001,600 | GPU 1.3/45.5GB
step 16950 [16950/81380  21%]  loss=3.1131 ppl=22.5 lr=1.81e-04 | 58896 tok/s (avg 56148) ETA 705m01s | gtok=624,844,800 | GPU 1.3/45.5GB
step 17000 [17000/81380  21%]  loss=3.4824 ppl=32.5 lr=1.81e-04 | 59609 tok/s (avg 56157) ETA 704m21s | gtok=626,688,000 | GPU 1.3/45.5GB
  [checkpoint] step 17000 -> checkpoints_v13_sempty/mix3b_delta_nodecay_answ100_9f33b50/latest.pt
step 17050 [17050/81380  21%]  loss=3.1874 ppl=24.2 lr=1.81e-04 | 56181 tok/s (avg 56157) ETA 703m48s | gtok=628,531,200 | GPU 1.3/45.5GB
step 17100 [17100/81380  21%]  loss=3.3879 ppl=29.6 lr=1.81e-04 | 59394 tok/s (avg 56166) ETA 703m09s | gtok=630,374,400 | GPU 1.3/45.5GB
step 17150 [17150/81380  21%]  loss=3.3595 ppl=28.8 lr=1.81e-04 | 59501 tok/s (avg 56175) ETA 702m29s | gtok=632,217,600 | GPU 1.3/45.5GB
step 17200 [17200/81380  21%]  loss=2.8582 ppl=17.4 lr=1.81e-04 | 52334 tok/s (avg 56163) ETA 702m05s | gtok=634,060,800 | GPU 1.3/45.5GB
step 17250 [17250/81380  21%]  loss=3.2960 ppl=27.0 lr=1.81e-04 | 59918 tok/s (avg 56174) ETA 701m25s | gtok=635,904,000 | GPU 1.3/45.5GB
step 17300 [17300/81380  21%]  loss=3.1254 ppl=22.8 lr=1.80e-04 | 59909 tok/s (avg 56184) ETA 700m44s | gtok=637,747,200 | GPU 1.3/45.5GB
step 17350 [17350/81380  21%]  loss=3.3342 ppl=28.1 lr=1.80e-04 | 59881 tok/s (avg 56194) ETA 700m04s | gtok=639,590,400 | GPU 1.3/45.5GB
step 17400 [17400/81380  21%]  loss=3.3282 ppl=27.9 lr=1.80e-04 | 59233 tok/s (avg 56202) ETA 699m25s | gtok=641,433,600 | GPU 1.3/45.5GB
step 17450 [17450/81380  21%]  loss=3.4125 ppl=30.3 lr=1.80e-04 | 59880 tok/s (avg 56212) ETA 698m45s | gtok=643,276,800 | GPU 1.3/45.5GB
step 17500 [17500/81380  22%]  loss=3.3357 ppl=28.1 lr=1.80e-04 | 59818 tok/s (avg 56222) ETA 698m05s | gtok=645,120,000 | GPU 1.3/45.5GB
step 17550 [17550/81380  22%]  loss=3.1893 ppl=24.3 lr=1.80e-04 | 59706 tok/s (avg 56231) ETA 697m25s | gtok=646,963,200 | GPU 1.3/45.5GB
step 17600 [17600/81380  22%]  loss=3.3595 ppl=28.8 lr=1.80e-04 | 59599 tok/s (avg 56240) ETA 696m46s | gtok=648,806,400 | GPU 1.3/45.5GB
step 17650 [17650/81380  22%]  loss=3.2690 ppl=26.3 lr=1.80e-04 | 59623 tok/s (avg 56249) ETA 696m06s | gtok=650,649,600 | GPU 1.3/45.5GB
step 17700 [17700/81380  22%]  loss=3.2144 ppl=24.9 lr=1.79e-04 | 59647 tok/s (avg 56258) ETA 695m27s | gtok=652,492,800 | GPU 1.3/45.5GB
step 17750 [17750/81380  22%]  loss=2.8915 ppl=18.0 lr=1.79e-04 | 59590 tok/s (avg 56267) ETA 694m47s | gtok=654,336,000 | GPU 1.3/45.5GB
step 17800 [17800/81380  22%]  loss=3.2028 ppl=24.6 lr=1.79e-04 | 59750 tok/s (avg 56276) ETA 694m08s | gtok=656,179,200 | GPU 1.3/45.5GB
step 17850 [17850/81380  22%]  loss=3.3295 ppl=27.9 lr=1.79e-04 | 58905 tok/s (avg 56283) ETA 693m30s | gtok=658,022,400 | GPU 1.3/45.5GB
step 17900 [17900/81380  22%]  loss=3.3252 ppl=27.8 lr=1.79e-04 | 59773 tok/s (avg 56292) ETA 692m50s | gtok=659,865,600 | GPU 1.3/45.5GB
step 17950 [17950/81380  22%]  loss=3.4318 ppl=30.9 lr=1.79e-04 | 59755 tok/s (avg 56301) ETA 692m11s | gtok=661,708,800 | GPU 1.3/45.5GB
step 18000 [18000/81380  22%]  loss=3.3353 ppl=28.1 lr=1.79e-04 | 59696 tok/s (avg 56310) ETA 691m32s | gtok=663,552,000 | GPU 1.3/45.5GB
  [checkpoint] step 18000 -> checkpoints_v13_sempty/mix3b_delta_nodecay_answ100_9f33b50/best_model.pt
  [val @ step 18000] val_loss=3.7830 val_ppl=43.95 *best* (best 43.95)
  [wiki_val @ step 18000] val_loss=4.6445 val_ppl=104.01
  [checkpoint] step 18000 -> checkpoints_v13_sempty/mix3b_delta_nodecay_answ100_9f33b50/latest.pt
  [diag] step 18000 cgu=+0.74 +0.39 +0.35 +0.37 +0.39 +0.47 +0.52 +0.58 +0.71 +0.74 +0.88 +0.95 +1.01 +1.05 +1.20 +1.55  pam=+0.06 +0.05 +0.02 +0.04 +0.09 +0.06 +0.07 +0.13 +0.07 +0.12 +0.10 +0.12 +0.16 +0.16 +0.46 +0.31
  [diag] dtbias=-4.00 -4.00 -4.00 -4.00 -4.00 -4.00 -4.00 -4.00 -4.00 -4.00 -4.00 -4.00 -4.00 -4.00 -4.00 -4.00  ret=1.00 1.00 1.00 1.00 1.00 1.00 1.00 1.00 1.00 1.00 1.00 1.00 1.00 1.00 1.00 1.00
  [diag] dtbias/head(layer-mean)=-4.00 -4.00 -4.00 -4.00 -4.00 -4.00
  [diag] gnorm=6.9e-01 2.2e-01 1.5e-01 8.5e-02 2.1e-01 8.0e-02 1.1e-01 1.1e-01 5.7e-02 1.2e-01 1.0e-01 7.8e-02 6.7e-02 4.0e-01 1.2e-01 9.2e-02  wnorm=64.2 70.1 71.7 72.1 72.8 73.3 74.0 73.9 73.0 73.9 74.9 75.5 76.4 76.5 78.7 79.7
step 18050 [18050/81380  22%]  loss=3.1863 ppl=24.2 lr=1.79e-04 | 24711 tok/s (avg 56112) ETA 693m26s | gtok=665,395,200 | GPU 1.3/45.5GB
step 18100 [18100/81380  22%]  loss=3.2054 ppl=24.7 lr=1.78e-04 | 59635 tok/s (avg 56121) ETA 692m46s | gtok=667,238,400 | GPU 1.3/45.5GB
step 18150 [18150/81380  22%]  loss=2.9603 ppl=19.3 lr=1.78e-04 | 59737 tok/s (avg 56130) ETA 692m06s | gtok=669,081,600 | GPU 1.3/45.5GB
step 18200 [18200/81380  22%]  loss=3.1386 ppl=23.1 lr=1.78e-04 | 59001 tok/s (avg 56138) ETA 691m28s | gtok=670,924,800 | GPU 1.3/45.5GB
step 18250 [18250/81380  22%]  loss=3.4695 ppl=32.1 lr=1.78e-04 | 59813 tok/s (avg 56147) ETA 690m48s | gtok=672,768,000 | GPU 1.3/45.5GB
step 18300 [18300/81380  22%]  loss=3.5084 ppl=33.4 lr=1.78e-04 | 59842 tok/s (avg 56157) ETA 690m08s | gtok=674,611,200 | GPU 1.3/45.5GB
step 18350 [18350/81380  23%]  loss=2.8799 ppl=17.8 lr=1.78e-04 | 59821 tok/s (avg 56166) ETA 689m29s | gtok=676,454,400 | GPU 1.3/45.5GB
step 18400 [18400/81380  23%]  loss=3.3702 ppl=29.1 lr=1.78e-04 | 59793 tok/s (avg 56175) ETA 688m49s | gtok=678,297,600 | GPU 1.3/45.5GB
step 18450 [18450/81380  23%]  loss=3.4642 ppl=31.9 lr=1.78e-04 | 59808 tok/s (avg 56184) ETA 688m09s | gtok=680,140,800 | GPU 1.3/45.5GB
step 18500 [18500/81380  23%]  loss=3.3754 ppl=29.2 lr=1.78e-04 | 51934 tok/s (avg 56172) ETA 687m46s | gtok=681,984,000 | GPU 1.3/45.5GB
step 18550 [18550/81380  23%]  loss=3.6642 ppl=39.0 lr=1.77e-04 | 59519 tok/s (avg 56181) ETA 687m07s | gtok=683,827,200 | GPU 1.3/45.5GB
step 18600 [18600/81380  23%]  loss=3.3060 ppl=27.3 lr=1.77e-04 | 58926 tok/s (avg 56188) ETA 686m29s | gtok=685,670,400 | GPU 1.3/45.5GB
step 18650 [18650/81380  23%]  loss=3.1443 ppl=23.2 lr=1.77e-04 | 59574 tok/s (avg 56196) ETA 685m50s | gtok=687,513,600 | GPU 1.3/45.5GB
step 18700 [18700/81380  23%]  loss=3.1623 ppl=23.6 lr=1.77e-04 | 59759 tok/s (avg 56205) ETA 685m10s | gtok=689,356,800 | GPU 1.3/45.5GB
step 18750 [18750/81380  23%]  loss=3.2214 ppl=25.1 lr=1.77e-04 | 59629 tok/s (avg 56214) ETA 684m31s | gtok=691,200,000 | GPU 1.3/45.5GB
step 18800 [18800/81380  23%]  loss=3.1882 ppl=24.2 lr=1.77e-04 | 59774 tok/s (avg 56223) ETA 683m52s | gtok=693,043,200 | GPU 1.3/45.5GB
step 18850 [18850/81380  23%]  loss=3.4207 ppl=30.6 lr=1.77e-04 | 59614 tok/s (avg 56231) ETA 683m13s | gtok=694,886,400 | GPU 1.3/45.5GB
step 18900 [18900/81380  23%]  loss=2.9645 ppl=19.4 lr=1.77e-04 | 59662 tok/s (avg 56240) ETA 682m34s | gtok=696,729,600 | GPU 1.3/45.5GB
step 18950 [18950/81380  23%]  loss=3.3601 ppl=28.8 lr=1.76e-04 | 59793 tok/s (avg 56248) ETA 681m55s | gtok=698,572,800 | GPU 1.3/45.5GB
step 19000 [19000/81380  23%]  loss=3.6373 ppl=38.0 lr=1.76e-04 | 59643 tok/s (avg 56257) ETA 681m16s | gtok=700,416,000 | GPU 1.3/45.5GB
  [checkpoint] step 19000 -> checkpoints_v13_sempty/mix3b_delta_nodecay_answ100_9f33b50/latest.pt
step 19050 [19050/81380  23%]  loss=3.3556 ppl=28.7 lr=1.76e-04 | 55648 tok/s (avg 56255) ETA 680m44s | gtok=702,259,200 | GPU 1.3/45.5GB
step 19100 [19100/81380  23%]  loss=3.3826 ppl=29.4 lr=1.76e-04 | 59757 tok/s (avg 56264) ETA 680m05s | gtok=704,102,400 | GPU 1.3/45.5GB
step 19150 [19150/81380  24%]  loss=3.0923 ppl=22.0 lr=1.76e-04 | 59688 tok/s (avg 56272) ETA 679m26s | gtok=705,945,600 | GPU 1.3/45.5GB
step 19200 [19200/81380  24%]  loss=3.4242 ppl=30.7 lr=1.76e-04 | 59679 tok/s (avg 56281) ETA 678m48s | gtok=707,788,800 | GPU 1.3/45.5GB
step 19250 [19250/81380  24%]  loss=2.9330 ppl=18.8 lr=1.76e-04 | 59588 tok/s (avg 56289) ETA 678m09s | gtok=709,632,000 | GPU 1.3/45.5GB
step 19300 [19300/81380  24%]  loss=3.3067 ppl=27.3 lr=1.75e-04 | 59522 tok/s (avg 56297) ETA 677m31s | gtok=711,475,200 | GPU 1.3/45.5GB
step 19350 [19350/81380  24%]  loss=3.4003 ppl=30.0 lr=1.75e-04 | 59570 tok/s (avg 56305) ETA 676m52s | gtok=713,318,400 | GPU 1.3/45.5GB
step 19400 [19400/81380  24%]  loss=3.1726 ppl=23.9 lr=1.75e-04 | 59631 tok/s (avg 56313) ETA 676m13s | gtok=715,161,600 | GPU 1.3/45.5GB
step 19450 [19450/81380  24%]  loss=3.3318 ppl=28.0 lr=1.75e-04 | 59566 tok/s (avg 56321) ETA 675m35s | gtok=717,004,800 | GPU 1.3/45.5GB
step 19500 [19500/81380  24%]  loss=3.3686 ppl=29.0 lr=1.75e-04 | 58874 tok/s (avg 56327) ETA 674m58s | gtok=718,848,000 | GPU 1.3/45.5GB
step 19550 [19550/81380  24%]  loss=3.2447 ppl=25.7 lr=1.75e-04 | 59682 tok/s (avg 56335) ETA 674m19s | gtok=720,691,200 | GPU 1.3/45.5GB
step 19600 [19600/81380  24%]  loss=2.9765 ppl=19.6 lr=1.75e-04 | 59669 tok/s (avg 56343) ETA 673m41s | gtok=722,534,400 | GPU 1.3/45.5GB
step 19650 [19650/81380  24%]  loss=3.1907 ppl=24.3 lr=1.75e-04 | 59625 tok/s (avg 56351) ETA 673m02s | gtok=724,377,600 | GPU 1.3/45.5GB
step 19700 [19700/81380  24%]  loss=3.1075 ppl=22.4 lr=1.74e-04 | 59651 tok/s (avg 56359) ETA 672m24s | gtok=726,220,800 | GPU 1.3/45.5GB
step 19750 [19750/81380  24%]  loss=2.9262 ppl=18.7 lr=1.74e-04 | 59603 tok/s (avg 56367) ETA 671m46s | gtok=728,064,000 | GPU 1.3/45.5GB
step 19800 [19800/81380  24%]  loss=3.3822 ppl=29.4 lr=1.74e-04 | 59556 tok/s (avg 56374) ETA 671m08s | gtok=729,907,200 | GPU 1.3/45.5GB
step 19850 [19850/81380  24%]  loss=3.4207 ppl=30.6 lr=1.74e-04 | 59653 tok/s (avg 56382) ETA 670m29s | gtok=731,750,400 | GPU 1.3/45.5GB
step 19900 [19900/81380  24%]  loss=3.2616 ppl=26.1 lr=1.74e-04 | 58877 tok/s (avg 56388) ETA 669m52s | gtok=733,593,600 | GPU 1.3/45.5GB
step 19950 [19950/81380  25%]  loss=3.5038 ppl=33.2 lr=1.74e-04 | 59461 tok/s (avg 56395) ETA 669m14s | gtok=735,436,800 | GPU 1.3/45.5GB
step 20000 [20000/81380  25%]  loss=3.2027 ppl=24.6 lr=1.74e-04 | 59279 tok/s (avg 56402) ETA 668m37s | gtok=737,280,000 | GPU 1.3/45.5GB
  [gen @ step 20000, 737,280,000 tok] prompt: In 1923, the University of
    In 1923, the University of Michigan and the University of Michigan published a report on the study of brain function that was "commonly recognized as a fundamental skill for human beings. According to research published in the Journal of Neuroscience, brain functions are very similar to those of humans," he wrote.
The study, published on August 9th, 2012, may explain why brain cells become more differentiated from non-human creatures. The researchers
  [checkpoint] step 20000 -> checkpoints_v13_sempty/mix3b_delta_nodecay_answ100_9f33b50/best_model.pt
  [val @ step 20000] val_loss=3.7571 val_ppl=42.83 *best* (best 42.83)
  [wiki_val @ step 20000] val_loss=4.5960 val_ppl=99.08
  [checkpoint] step 20000 -> checkpoints_v13_sempty/mix3b_delta_nodecay_answ100_9f33b50/latest.pt
  [checkpoint] step 20000 -> checkpoints_v13_sempty/mix3b_delta_nodecay_answ100_9f33b50/step_020000.pt
  [checkpoint] pruned step_010000.pt
  [diag] step 20000 cgu=+0.71 +0.35 +0.33 +0.34 +0.36 +0.45 +0.50 +0.56 +0.67 +0.71 +0.85 +0.93 +1.00 +1.05 +1.19 +1.56  pam=+0.05 +0.05 +0.02 +0.04 +0.08 +0.05 +0.06 +0.13 +0.06 +0.11 +0.09 +0.12 +0.16 +0.17 +0.46 +0.32
  [diag] dtbias=-4.00 -4.00 -4.00 -4.00 -4.00 -4.00 -4.00 -4.00 -4.00 -4.00 -4.00 -4.00 -4.00 -4.00 -4.00 -4.00  ret=1.00 1.00 1.00 1.00 1.00 1.00 1.00 1.00 1.00 1.00 1.00 1.00 1.00 1.00 1.00 1.00
  [diag] dtbias/head(layer-mean)=-4.00 -4.00 -4.00 -4.00 -4.00 -4.00
  [diag] gnorm=6.1e-01 1.6e-01 1.3e-01 2.0e-01 4.0e-01 1.3e-01 1.4e-01 1.9e-01 1.3e-01 7.6e-02 5.8e-02 8.1e-02 6.9e-02 2.8e-01 1.4e-01 8.7e-02  wnorm=65.0 71.4 73.2 73.5 74.3 74.8 75.5 75.3 74.5 75.2 76.4 76.9 78.0 78.0 80.2 81.1
step 20050 [20050/81380  25%]  loss=3.5529 ppl=34.9 lr=1.74e-04 | 23981 tok/s (avg 56213) ETA 670m19s | gtok=739,123,200 | GPU 1.3/45.5GB
step 20100 [20100/81380  25%]  loss=3.2360 ppl=25.4 lr=1.73e-04 | 59488 tok/s (avg 56220) ETA 669m41s | gtok=740,966,400 | GPU 1.3/45.5GB
step 20150 [20150/81380  25%]  loss=3.0469 ppl=21.1 lr=1.73e-04 | 59505 tok/s (avg 56228) ETA 669m03s | gtok=742,809,600 | GPU 1.3/45.5GB
step 20200 [20200/81380  25%]  loss=3.3721 ppl=29.1 lr=1.73e-04 | 59587 tok/s (avg 56236) ETA 668m24s | gtok=744,652,800 | GPU 1.3/45.5GB
step 20250 [20250/81380  25%]  loss=3.0640 ppl=21.4 lr=1.73e-04 | 58873 tok/s (avg 56242) ETA 667m47s | gtok=746,496,000 | GPU 1.3/45.5GB
step 20300 [20300/81380  25%]  loss=3.0955 ppl=22.1 lr=1.73e-04 | 59579 tok/s (avg 56250) ETA 667m09s | gtok=748,339,200 | GPU 1.3/45.5GB
step 20350 [20350/81380  25%]  loss=3.1829 ppl=24.1 lr=1.73e-04 | 59743 tok/s (avg 56258) ETA 666m30s | gtok=750,182,400 | GPU 1.3/45.5GB
step 20400 [20400/81380  25%]  loss=3.5994 ppl=36.6 lr=1.73e-04 | 59580 tok/s (avg 56266) ETA 665m52s | gtok=752,025,600 | GPU 1.3/45.5GB
step 20450 [20450/81380  25%]  loss=3.5343 ppl=34.3 lr=1.72e-04 | 59751 tok/s (avg 56274) ETA 665m14s | gtok=753,868,800 | GPU 1.3/45.5GB
step 20500 [20500/81380  25%]  loss=3.0585 ppl=21.3 lr=1.72e-04 | 59701 tok/s (avg 56282) ETA 664m35s | gtok=755,712,000 | GPU 1.3/45.5GB
step 20550 [20550/81380  25%]  loss=2.8364 ppl=17.1 lr=1.72e-04 | 59652 tok/s (avg 56289) ETA 663m57s | gtok=757,555,200 | GPU 1.3/45.5GB
step 20600 [20600/81380  25%]  loss=3.2934 ppl=26.9 lr=1.72e-04 | 59797 tok/s (avg 56297) ETA 663m19s | gtok=759,398,400 | GPU 1.3/45.5GB
step 20650 [20650/81380  25%]  loss=3.4268 ppl=30.8 lr=1.72e-04 | 59017 tok/s (avg 56304) ETA 662m42s | gtok=761,241,600 | GPU 1.3/45.5GB
step 20700 [20700/81380  25%]  loss=3.0994 ppl=22.2 lr=1.72e-04 | 59621 tok/s (avg 56311) ETA 662m04s | gtok=763,084,800 | GPU 1.3/45.5GB
step 20750 [20750/81380  25%]  loss=3.0449 ppl=21.0 lr=1.72e-04 | 59732 tok/s (avg 56319) ETA 661m25s | gtok=764,928,000 | GPU 1.3/45.5GB
step 20800 [20800/81380  26%]  loss=3.0451 ppl=21.0 lr=1.72e-04 | 59473 tok/s (avg 56326) ETA 660m48s | gtok=766,771,200 | GPU 1.3/45.5GB
step 20850 [20850/81380  26%]  loss=3.2774 ppl=26.5 lr=1.71e-04 | 59443 tok/s (avg 56333) ETA 660m10s | gtok=768,614,400 | GPU 1.3/45.5GB
step 20900 [20900/81380  26%]  loss=3.3506 ppl=28.5 lr=1.71e-04 | 59614 tok/s (avg 56341) ETA 659m32s | gtok=770,457,600 | GPU 1.3/45.5GB
step 20950 [20950/81380  26%]  loss=3.3742 ppl=29.2 lr=1.71e-04 | 51647 tok/s (avg 56328) ETA 659m08s | gtok=772,300,800 | GPU 1.3/45.5GB
step 21000 [21000/81380  26%]  loss=3.2612 ppl=26.1 lr=1.71e-04 | 59374 tok/s (avg 56335) ETA 658m30s | gtok=774,144,000 | GPU 1.3/45.5GB
  [checkpoint] step 21000 -> checkpoints_v13_sempty/mix3b_delta_nodecay_answ100_9f33b50/latest.pt
step 21050 [21050/81380  26%]  loss=2.9410 ppl=18.9 lr=1.71e-04 | 56089 tok/s (avg 56335) ETA 657m58s | gtok=775,987,200 | GPU 1.3/45.5GB
step 21100 [21100/81380  26%]  loss=3.3293 ppl=27.9 lr=1.71e-04 | 58770 tok/s (avg 56340) ETA 657m21s | gtok=777,830,400 | GPU 1.3/45.5GB
step 21150 [21150/81380  26%]  loss=3.2325 ppl=25.3 lr=1.71e-04 | 59528 tok/s (avg 56347) ETA 656m44s | gtok=779,673,600 | GPU 1.3/45.5GB
step 21200 [21200/81380  26%]  loss=3.3553 ppl=28.7 lr=1.70e-04 | 59644 tok/s (avg 56355) ETA 656m06s | gtok=781,516,800 | GPU 1.3/45.5GB
step 21250 [21250/81380  26%]  loss=2.7640 ppl=15.9 lr=1.70e-04 | 59599 tok/s (avg 56362) ETA 655m28s | gtok=783,360,000 | GPU 1.3/45.5GB
step 21300 [21300/81380  26%]  loss=3.4035 ppl=30.1 lr=1.70e-04 | 59623 tok/s (avg 56369) ETA 654m50s | gtok=785,203,200 | GPU 1.3/45.5GB
step 21350 [21350/81380  26%]  loss=3.1830 ppl=24.1 lr=1.70e-04 | 59652 tok/s (avg 56376) ETA 654m13s | gtok=787,046,400 | GPU 1.3/45.5GB
step 21400 [21400/81380  26%]  loss=3.0791 ppl=21.7 lr=1.70e-04 | 59565 tok/s (avg 56384) ETA 653m35s | gtok=788,889,600 | GPU 1.3/45.5GB
step 21450 [21450/81380  26%]  loss=3.2254 ppl=25.2 lr=1.70e-04 | 59576 tok/s (avg 56391) ETA 652m57s | gtok=790,732,800 | GPU 1.3/45.5GB
step 21500 [21500/81380  26%]  loss=3.4377 ppl=31.1 lr=1.70e-04 | 59571 tok/s (avg 56398) ETA 652m20s | gtok=792,576,000 | GPU 1.3/45.5GB
step 21550 [21550/81380  26%]  loss=3.1831 ppl=24.1 lr=1.69e-04 | 58897 tok/s (avg 56403) ETA 651m43s | gtok=794,419,200 | GPU 1.3/45.5GB
step 21600 [21600/81380  27%]  loss=3.4223 ppl=30.6 lr=1.69e-04 | 59664 tok/s (avg 56410) ETA 651m06s | gtok=796,262,400 | GPU 1.3/45.5GB
step 21650 [21650/81380  27%]  loss=3.1556 ppl=23.5 lr=1.69e-04 | 59542 tok/s (avg 56417) ETA 650m28s | gtok=798,105,600 | GPU 1.3/45.5GB
step 21700 [21700/81380  27%]  loss=3.2906 ppl=26.9 lr=1.69e-04 | 59577 tok/s (avg 56424) ETA 649m51s | gtok=799,948,800 | GPU 1.3/45.5GB
step 21750 [21750/81380  27%]  loss=3.3702 ppl=29.1 lr=1.69e-04 | 59556 tok/s (avg 56431) ETA 649m13s | gtok=801,792,000 | GPU 1.3/45.5GB
step 21800 [21800/81380  27%]  loss=3.1705 ppl=23.8 lr=1.69e-04 | 59549 tok/s (avg 56438) ETA 648m36s | gtok=803,635,200 | GPU 1.3/45.5GB
step 21850 [21850/81380  27%]  loss=3.2200 ppl=25.0 lr=1.69e-04 | 59558 tok/s (avg 56444) ETA 647m59s | gtok=805,478,400 | GPU 1.3/45.5GB
step 21900 [21900/81380  27%]  loss=3.5805 ppl=35.9 lr=1.68e-04 | 59631 tok/s (avg 56451) ETA 647m21s | gtok=807,321,600 | GPU 1.3/45.5GB
step 21950 [21950/81380  27%]  loss=2.8421 ppl=17.2 lr=1.68e-04 | 59755 tok/s (avg 56458) ETA 646m44s | gtok=809,164,800 | GPU 1.3/45.5GB
step 22000 [22000/81380  27%]  loss=3.2190 ppl=25.0 lr=1.68e-04 | 58943 tok/s (avg 56464) ETA 646m07s | gtok=811,008,000 | GPU 1.3/45.5GB
  [checkpoint] step 22000 -> checkpoints_v13_sempty/mix3b_delta_nodecay_answ100_9f33b50/best_model.pt
  [val @ step 22000] val_loss=3.7118 val_ppl=40.93 *best* (best 40.93)
  [wiki_val @ step 22000] val_loss=4.5609 val_ppl=95.67
  [checkpoint] step 22000 -> checkpoints_v13_sempty/mix3b_delta_nodecay_answ100_9f33b50/latest.pt
  [diag] step 22000 cgu=+0.69 +0.32 +0.31 +0.31 +0.33 +0.42 +0.47 +0.54 +0.65 +0.70 +0.83 +0.91 +0.99 +1.04 +1.18 +1.56  pam=+0.05 +0.04 +0.01 +0.04 +0.07 +0.05 +0.06 +0.12 +0.06 +0.11 +0.09 +0.12 +0.16 +0.17 +0.47 +0.33
  [diag] dtbias=-4.00 -4.00 -4.00 -4.00 -4.00 -4.00 -4.00 -4.00 -4.00 -4.00 -4.00 -4.00 -4.00 -4.00 -4.00 -4.00  ret=1.00 1.00 1.00 1.00 1.00 1.00 1.00 1.00 1.00 1.00 1.00 1.00 1.00 1.00 1.00 1.00
  [diag] dtbias/head(layer-mean)=-4.00 -4.00 -4.00 -4.00 -4.00 -4.00
  [diag] gnorm=5.9e-01 2.8e-01 6.0e-02 9.3e-02 3.7e-01 1.2e-01 1.2e-01 1.7e-01 8.5e-02 1.1e-01 9.5e-02 1.1e-01 1.1e-01 3.8e-01 1.3e-01 9.4e-02  wnorm=65.6 72.7 74.6 74.8 75.6 76.2 76.9 76.6 75.8 76.6 77.8 78.3 79.3 79.3 81.5 82.3
step 22050 [22050/81380  27%]  loss=3.2992 ppl=27.1 lr=1.68e-04 | 24743 tok/s (avg 56300) ETA 647m27s | gtok=812,851,200 | GPU 1.3/45.5GB
step 22100 [22100/81380  27%]  loss=2.8785 ppl=17.8 lr=1.68e-04 | 59724 tok/s (avg 56307) ETA 646m50s | gtok=814,694,400 | GPU 1.3/45.5GB
step 22150 [22150/81380  27%]  loss=3.2725 ppl=26.4 lr=1.68e-04 | 59544 tok/s (avg 56314) ETA 646m12s | gtok=816,537,600 | GPU 1.3/45.5GB
step 22200 [22200/81380  27%]  loss=3.4872 ppl=32.7 lr=1.68e-04 | 59677 tok/s (avg 56321) ETA 645m35s | gtok=818,380,800 | GPU 1.3/45.5GB
step 22250 [22250/81380  27%]  loss=3.1553 ppl=23.5 lr=1.67e-04 | 59698 tok/s (avg 56329) ETA 644m57s | gtok=820,224,000 | GPU 1.3/45.5GB
step 22300 [22300/81380  27%]  loss=3.5401 ppl=34.5 lr=1.67e-04 | 59645 tok/s (avg 56336) ETA 644m19s | gtok=822,067,200 | GPU 1.3/45.5GB
step 22350 [22350/81380  27%]  loss=3.4446 ppl=31.3 lr=1.67e-04 | 58990 tok/s (avg 56341) ETA 643m43s | gtok=823,910,400 | GPU 1.3/45.5GB
step 22400 [22400/81380  28%]  loss=3.5187 ppl=33.7 lr=1.67e-04 | 59690 tok/s (avg 56348) ETA 643m05s | gtok=825,753,600 | GPU 1.3/45.5GB
step 22450 [22450/81380  28%]  loss=3.5963 ppl=36.5 lr=1.67e-04 | 59712 tok/s (avg 56355) ETA 642m28s | gtok=827,596,800 | GPU 1.3/45.5GB
step 22500 [22500/81380  28%]  loss=3.0097 ppl=20.3 lr=1.67e-04 | 59629 tok/s (avg 56362) ETA 641m50s | gtok=829,440,000 | GPU 1.3/45.5GB
step 22550 [22550/81380  28%]  loss=3.0849 ppl=21.9 lr=1.67e-04 | 59649 tok/s (avg 56369) ETA 641m13s | gtok=831,283,200 | GPU 1.3/45.5GB
step 22600 [22600/81380  28%]  loss=3.4384 ppl=31.1 lr=1.66e-04 | 59671 tok/s (avg 56376) ETA 640m35s | gtok=833,126,400 | GPU 1.3/45.5GB
step 22650 [22650/81380  28%]  loss=3.0951 ppl=22.1 lr=1.66e-04 | 59678 tok/s (avg 56383) ETA 639m58s | gtok=834,969,600 | GPU 1.3/45.5GB
step 22700 [22700/81380  28%]  loss=3.1317 ppl=22.9 lr=1.66e-04 | 59676 tok/s (avg 56390) ETA 639m21s | gtok=836,812,800 | GPU 1.3/45.5GB
step 22750 [22750/81380  28%]  loss=3.0087 ppl=20.3 lr=1.66e-04 | 59600 tok/s (avg 56397) ETA 638m43s | gtok=838,656,000 | GPU 1.3/45.5GB
step 22800 [22800/81380  28%]  loss=3.1889 ppl=24.3 lr=1.66e-04 | 59041 tok/s (avg 56402) ETA 638m07s | gtok=840,499,200 | GPU 1.3/45.5GB
step 22850 [22850/81380  28%]  loss=3.1581 ppl=23.5 lr=1.66e-04 | 59625 tok/s (avg 56409) ETA 637m30s | gtok=842,342,400 | GPU 1.3/45.5GB
step 22900 [22900/81380  28%]  loss=3.0054 ppl=20.2 lr=1.66e-04 | 59737 tok/s (avg 56416) ETA 636m52s | gtok=844,185,600 | GPU 1.3/45.5GB
step 22950 [22950/81380  28%]  loss=3.0799 ppl=21.8 lr=1.65e-04 | 59516 tok/s (avg 56422) ETA 636m15s | gtok=846,028,800 | GPU 1.3/45.5GB
step 23000 [23000/81380  28%]  loss=3.1380 ppl=23.1 lr=1.65e-04 | 59605 tok/s (avg 56429) ETA 635m38s | gtok=847,872,000 | GPU 1.3/45.5GB
  [checkpoint] step 23000 -> checkpoints_v13_sempty/mix3b_delta_nodecay_answ100_9f33b50/latest.pt
step 23050 [23050/81380  28%]  loss=2.9030 ppl=18.2 lr=1.65e-04 | 56389 tok/s (avg 56428) ETA 635m06s | gtok=849,715,200 | GPU 1.3/45.5GB
step 23100 [23100/81380  28%]  loss=3.2152 ppl=24.9 lr=1.65e-04 | 59640 tok/s (avg 56435) ETA 634m29s | gtok=851,558,400 | GPU 1.3/45.5GB
step 23150 [23150/81380  28%]  loss=3.0758 ppl=21.7 lr=1.65e-04 | 59712 tok/s (avg 56442) ETA 633m51s | gtok=853,401,600 | GPU 1.3/45.5GB
step 23200 [23200/81380  29%]  loss=3.1224 ppl=22.7 lr=1.65e-04 | 59609 tok/s (avg 56448) ETA 633m14s | gtok=855,244,800 | GPU 1.3/45.5GB
step 23250 [23250/81380  29%]  loss=3.4239 ppl=30.7 lr=1.65e-04 | 58953 tok/s (avg 56453) ETA 632m38s | gtok=857,088,000 | GPU 1.3/45.5GB
step 23300 [23300/81380  29%]  loss=3.2981 ppl=27.1 lr=1.64e-04 | 59601 tok/s (avg 56460) ETA 632m01s | gtok=858,931,200 | GPU 1.3/45.5GB
step 23350 [23350/81380  29%]  loss=3.0056 ppl=20.2 lr=1.64e-04 | 59697 tok/s (avg 56466) ETA 631m24s | gtok=860,774,400 | GPU 1.3/45.5GB
step 23400 [23400/81380  29%]  loss=3.0549 ppl=21.2 lr=1.64e-04 | 52150 tok/s (avg 56456) ETA 630m58s | gtok=862,617,600 | GPU 1.3/45.5GB
step 23450 [23450/81380  29%]  loss=3.0728 ppl=21.6 lr=1.64e-04 | 59591 tok/s (avg 56463) ETA 630m22s | gtok=864,460,800 | GPU 1.3/45.5GB
step 23500 [23500/81380  29%]  loss=3.1670 ppl=23.7 lr=1.64e-04 | 59636 tok/s (avg 56469) ETA 629m45s | gtok=866,304,000 | GPU 1.3/45.5GB
step 23550 [23550/81380  29%]  loss=2.8444 ppl=17.2 lr=1.64e-04 | 59492 tok/s (avg 56475) ETA 629m08s | gtok=868,147,200 | GPU 1.3/45.5GB
step 23600 [23600/81380  29%]  loss=3.3658 ppl=29.0 lr=1.63e-04 | 59469 tok/s (avg 56481) ETA 628m31s | gtok=869,990,400 | GPU 1.3/45.5GB
step 23650 [23650/81380  29%]  loss=3.1249 ppl=22.8 lr=1.63e-04 | 58993 tok/s (avg 56486) ETA 627m55s | gtok=871,833,600 | GPU 1.3/45.5GB
step 23700 [23700/81380  29%]  loss=3.5104 ppl=33.5 lr=1.63e-04 | 59764 tok/s (avg 56493) ETA 627m18s | gtok=873,676,800 | GPU 1.3/45.5GB
step 23750 [23750/81380  29%]  loss=3.2503 ppl=25.8 lr=1.63e-04 | 59665 tok/s (avg 56499) ETA 626m41s | gtok=875,520,000 | GPU 1.3/45.5GB
step 23800 [23800/81380  29%]  loss=3.0071 ppl=20.2 lr=1.63e-04 | 59699 tok/s (avg 56505) ETA 626m05s | gtok=877,363,200 | GPU 1.3/45.5GB
step 23850 [23850/81380  29%]  loss=3.5797 ppl=35.9 lr=1.63e-04 | 59658 tok/s (avg 56512) ETA 625m28s | gtok=879,206,400 | GPU 1.3/45.5GB
step 23900 [23900/81380  29%]  loss=3.1126 ppl=22.5 lr=1.63e-04 | 59575 tok/s (avg 56518) ETA 624m51s | gtok=881,049,600 | GPU 1.3/45.5GB
step 23950 [23950/81380  29%]  loss=2.9561 ppl=19.2 lr=1.62e-04 | 59614 tok/s (avg 56524) ETA 624m14s | gtok=882,892,800 | GPU 1.3/45.5GB
step 24000 [24000/81380  29%]  loss=3.0690 ppl=21.5 lr=1.62e-04 | 59626 tok/s (avg 56530) ETA 623m38s | gtok=884,736,000 | GPU 1.3/45.5GB
  [gen @ step 24000, 884,736,000 tok] prompt: In 1923, the University of
    In 1923, the University of London reported that a single gene was present in all three families (the first two are identical). In his book The New Language: An Introduction to the Origin and Theory of Early Bodies, he stated that the genes for each family were derived from the same gene. He also noted that all families have some common ancestry and have had any particular genetic characteristics.
The results indicate that two families have similar
  [checkpoint] step 24000 -> checkpoints_v13_sempty/mix3b_delta_nodecay_answ100_9f33b50/best_model.pt
  [val @ step 24000] val_loss=3.6996 val_ppl=40.43 *best* (best 40.43)
  [wiki_val @ step 24000] val_loss=4.5158 val_ppl=91.45
  [checkpoint] step 24000 -> checkpoints_v13_sempty/mix3b_delta_nodecay_answ100_9f33b50/latest.pt
  [diag] step 24000 cgu=+0.66 +0.30 +0.29 +0.29 +0.32 +0.40 +0.45 +0.52 +0.64 +0.69 +0.82 +0.90 +0.99 +1.04 +1.18 +1.57  pam=+0.05 +0.04 +0.01 +0.03 +0.07 +0.04 +0.05 +0.12 +0.05 +0.11 +0.09 +0.12 +0.16 +0.17 +0.47 +0.34
  [diag] dtbias=-4.00 -4.00 -4.00 -4.00 -4.00 -4.00 -4.00 -4.00 -4.00 -4.00 -4.00 -4.00 -4.00 -4.00 -4.00 -4.00  ret=1.00 1.00 1.00 1.00 1.00 1.00 1.00 1.00 1.00 1.00 1.00 1.00 1.00 1.00 1.00 1.00
  [diag] dtbias/head(layer-mean)=-4.00 -4.00 -4.00 -4.00 -4.00 -4.00
  [diag] gnorm=6.8e-01 2.4e-01 7.0e-02 1.6e-01 2.2e-01 1.2e-01 1.1e-01 1.5e-01 7.8e-02 1.0e-01 5.8e-02 7.6e-02 7.4e-02 3.5e-01 1.2e-01 8.7e-02  wnorm=66.2 73.8 75.9 76.1 76.9 77.5 78.1 77.8 77.0 77.7 79.0 79.5 80.6 80.6 82.7 83.5
step 24050 [24050/81380  30%]  loss=3.2963 ppl=27.0 lr=1.62e-04 | 24090 tok/s (avg 56372) ETA 624m50s | gtok=886,579,200 | GPU 1.3/45.5GB
step 24100 [24100/81380  30%]  loss=3.1155 ppl=22.5 lr=1.62e-04 | 59587 tok/s (avg 56379) ETA 624m13s | gtok=888,422,400 | GPU 1.3/45.5GB
step 24150 [24150/81380  30%]  loss=2.8757 ppl=17.7 lr=1.62e-04 | 59702 tok/s (avg 56385) ETA 623m36s | gtok=890,265,600 | GPU 1.3/45.5GB
step 24200 [24200/81380  30%]  loss=3.3201 ppl=27.7 lr=1.62e-04 | 59540 tok/s (avg 56391) ETA 622m59s | gtok=892,108,800 | GPU 1.3/45.5GB
step 24250 [24250/81380  30%]  loss=2.8813 ppl=17.8 lr=1.61e-04 | 59703 tok/s (avg 56398) ETA 622m22s | gtok=893,952,000 | GPU 1.3/45.5GB
step 24300 [24300/81380  30%]  loss=3.3062 ppl=27.3 lr=1.61e-04 | 59608 tok/s (avg 56404) ETA 621m45s | gtok=895,795,200 | GPU 1.3/45.5GB
step 24350 [24350/81380  30%]  loss=2.7983 ppl=16.4 lr=1.61e-04 | 59565 tok/s (avg 56410) ETA 621m09s | gtok=897,638,400 | GPU 1.3/45.5GB
step 24400 [24400/81380  30%]  loss=3.3202 ppl=27.7 lr=1.61e-04 | 59669 tok/s (avg 56416) ETA 620m32s | gtok=899,481,600 | GPU 1.3/45.5GB
step 24450 [24450/81380  30%]  loss=3.2344 ppl=25.4 lr=1.61e-04 | 59017 tok/s (avg 56421) ETA 619m56s | gtok=901,324,800 | GPU 1.3/45.5GB
step 24500 [24500/81380  30%]  loss=2.6447 ppl=14.1 lr=1.61e-04 | 59667 tok/s (avg 56428) ETA 619m19s | gtok=903,168,000 | GPU 1.3/45.5GB
step 24550 [24550/81380  30%]  loss=3.1645 ppl=23.7 lr=1.61e-04 | 59797 tok/s (avg 56434) ETA 618m42s | gtok=905,011,200 | GPU 1.3/45.5GB
step 24600 [24600/81380  30%]  loss=3.3480 ppl=28.4 lr=1.60e-04 | 59711 tok/s (avg 56440) ETA 618m05s | gtok=906,854,400 | GPU 1.3/45.5GB
step 24650 [24650/81380  30%]  loss=3.4529 ppl=31.6 lr=1.60e-04 | 59734 tok/s (avg 56447) ETA 617m28s | gtok=908,697,600 | GPU 1.3/45.5GB
step 24700 [24700/81380  30%]  loss=3.2604 ppl=26.1 lr=1.60e-04 | 59677 tok/s (avg 56453) ETA 616m52s | gtok=910,540,800 | GPU 1.3/45.5GB
step 24750 [24750/81380  30%]  loss=3.2133 ppl=24.9 lr=1.60e-04 | 59640 tok/s (avg 56459) ETA 616m15s | gtok=912,384,000 | GPU 1.3/45.5GB
step 24800 [24800/81380  30%]  loss=3.0516 ppl=21.1 lr=1.60e-04 | 59486 tok/s (avg 56465) ETA 615m39s | gtok=914,227,200 | GPU 1.3/45.5GB
step 24850 [24850/81380  31%]  loss=3.3909 ppl=29.7 lr=1.60e-04 | 59419 tok/s (avg 56470) ETA 615m02s | gtok=916,070,400 | GPU 1.3/45.5GB
step 24900 [24900/81380  31%]  loss=3.0839 ppl=21.8 lr=1.59e-04 | 58927 tok/s (avg 56475) ETA 614m27s | gtok=917,913,600 | GPU 1.3/45.5GB
step 24950 [24950/81380  31%]  loss=3.3009 ppl=27.1 lr=1.59e-04 | 59661 tok/s (avg 56481) ETA 613m50s | gtok=919,756,800 | GPU 1.3/45.5GB
step 25000 [25000/81380  31%]  loss=2.8652 ppl=17.6 lr=1.59e-04 | 59617 tok/s (avg 56487) ETA 613m14s | gtok=921,600,000 | GPU 1.3/45.5GB
  [checkpoint] step 25000 -> checkpoints_v13_sempty/mix3b_delta_nodecay_answ100_9f33b50/latest.pt
step 25050 [25050/81380  31%]  loss=3.2764 ppl=26.5 lr=1.59e-04 | 56231 tok/s (avg 56487) ETA 612m41s | gtok=923,443,200 | GPU 1.3/45.5GB
step 25100 [25100/81380  31%]  loss=3.2012 ppl=24.6 lr=1.59e-04 | 59556 tok/s (avg 56492) ETA 612m05s | gtok=925,286,400 | GPU 1.3/45.5GB
step 25150 [25150/81380  31%]  loss=3.2542 ppl=25.9 lr=1.59e-04 | 59679 tok/s (avg 56498) ETA 611m28s | gtok=927,129,600 | GPU 1.3/45.5GB
step 25200 [25200/81380  31%]  loss=3.2112 ppl=24.8 lr=1.59e-04 | 59583 tok/s (avg 56504) ETA 610m52s | gtok=928,972,800 | GPU 1.3/45.5GB
step 25250 [25250/81380  31%]  loss=3.0413 ppl=20.9 lr=1.58e-04 | 59655 tok/s (avg 56510) ETA 610m15s | gtok=930,816,000 | GPU 1.3/45.5GB
step 25300 [25300/81380  31%]  loss=2.9776 ppl=19.6 lr=1.58e-04 | 59635 tok/s (avg 56516) ETA 609m39s | gtok=932,659,200 | GPU 1.3/45.5GB
step 25350 [25350/81380  31%]  loss=3.4722 ppl=32.2 lr=1.58e-04 | 59079 tok/s (avg 56521) ETA 609m03s | gtok=934,502,400 | GPU 1.3/45.5GB
step 25400 [25400/81380  31%]  loss=2.9357 ppl=18.8 lr=1.58e-04 | 59700 tok/s (avg 56527) ETA 608m27s | gtok=936,345,600 | GPU 1.3/45.5GB
step 25450 [25450/81380  31%]  loss=3.2750 ppl=26.4 lr=1.58e-04 | 59717 tok/s (avg 56533) ETA 607m50s | gtok=938,188,800 | GPU 1.3/45.5GB
step 25500 [25500/81380  31%]  loss=3.2816 ppl=26.6 lr=1.58e-04 | 59609 tok/s (avg 56538) ETA 607m14s | gtok=940,032,000 | GPU 1.3/45.5GB
step 25550 [25550/81380  31%]  loss=3.1459 ppl=23.2 lr=1.57e-04 | 59688 tok/s (avg 56544) ETA 606m38s | gtok=941,875,200 | GPU 1.3/45.5GB
step 25600 [25600/81380  31%]  loss=3.1529 ppl=23.4 lr=1.57e-04 | 59725 tok/s (avg 56550) ETA 606m01s | gtok=943,718,400 | GPU 1.3/45.5GB
step 25650 [25650/81380  32%]  loss=3.1682 ppl=23.8 lr=1.57e-04 | 59611 tok/s (avg 56556) ETA 605m25s | gtok=945,561,600 | GPU 1.3/45.5GB
step 25700 [25700/81380  32%]  loss=2.8713 ppl=17.7 lr=1.57e-04 | 59633 tok/s (avg 56562) ETA 604m49s | gtok=947,404,800 | GPU 1.3/45.5GB
step 25750 [25750/81380  32%]  loss=3.0961 ppl=22.1 lr=1.57e-04 | 58840 tok/s (avg 56566) ETA 604m14s | gtok=949,248,000 | GPU 1.3/45.5GB
step 25800 [25800/81380  32%]  loss=3.1662 ppl=23.7 lr=1.57e-04 | 59702 tok/s (avg 56572) ETA 603m37s | gtok=951,091,200 | GPU 1.3/45.5GB
step 25850 [25850/81380  32%]  loss=3.3782 ppl=29.3 lr=1.56e-04 | 52037 tok/s (avg 56562) ETA 603m11s | gtok=952,934,400 | GPU 1.3/45.5GB
step 25900 [25900/81380  32%]  loss=3.0677 ppl=21.5 lr=1.56e-04 | 59644 tok/s (avg 56568) ETA 602m35s | gtok=954,777,600 | GPU 1.3/45.5GB
step 25950 [25950/81380  32%]  loss=3.1606 ppl=23.6 lr=1.56e-04 | 59480 tok/s (avg 56573) ETA 601m59s | gtok=956,620,800 | GPU 1.3/45.5GB
step 26000 [26000/81380  32%]  loss=3.3869 ppl=29.6 lr=1.56e-04 | 59585 tok/s (avg 56578) ETA 601m23s | gtok=958,464,000 | GPU 1.3/45.5GB
  [checkpoint] step 26000 -> checkpoints_v13_sempty/mix3b_delta_nodecay_answ100_9f33b50/best_model.pt
  [val @ step 26000] val_loss=3.6736 val_ppl=39.39 *best* (best 39.39)
  [wiki_val @ step 26000] val_loss=4.5077 val_ppl=90.71
  [checkpoint] step 26000 -> checkpoints_v13_sempty/mix3b_delta_nodecay_answ100_9f33b50/latest.pt
  [diag] step 26000 cgu=+0.64 +0.27 +0.27 +0.27 +0.30 +0.38 +0.43 +0.51 +0.62 +0.67 +0.81 +0.89 +0.98 +1.04 +1.17 +1.58  pam=+0.04 +0.04 +0.01 +0.03 +0.07 +0.04 +0.05 +0.11 +0.05 +0.10 +0.09 +0.12 +0.16 +0.17 +0.47 +0.35
  [diag] dtbias=-4.00 -4.00 -4.00 -4.00 -4.00 -4.00 -4.00 -4.00 -4.00 -4.00 -4.00 -4.00 -4.00 -4.00 -4.00 -4.00  ret=1.00 1.00 1.00 1.00 1.00 1.00 1.00 1.00 1.00 1.00 1.00 1.00 1.00 1.00 1.00 1.00
  [diag] dtbias/head(layer-mean)=-4.00 -4.00 -4.00 -4.00 -4.00 -4.00
  [diag] gnorm=7.7e-01 1.5e-01 6.1e-02 9.5e-02 1.8e-01 8.0e-02 8.3e-02 9.7e-02 7.8e-02 1.5e-01 8.3e-02 1.1e-01 7.2e-02 2.6e-01 1.1e-01 9.7e-02  wnorm=66.8 74.9 77.1 77.3 78.1 78.6 79.3 78.9 78.2 78.8 80.2 80.6 81.7 81.7 83.7 84.6
step 26050 [26050/81380  32%]  loss=3.1640 ppl=23.7 lr=1.56e-04 | 24749 tok/s (avg 56439) ETA 602m19s | gtok=960,307,200 | GPU 1.3/45.5GB
step 26100 [26100/81380  32%]  loss=3.1345 ppl=23.0 lr=1.56e-04 | 59529 tok/s (avg 56445) ETA 601m43s | gtok=962,150,400 | GPU 1.3/45.5GB
step 26150 [26150/81380  32%]  loss=3.0793 ppl=21.7 lr=1.55e-04 | 58888 tok/s (avg 56449) ETA 601m07s | gtok=963,993,600 | GPU 1.3/45.5GB
step 26200 [26200/81380  32%]  loss=3.4364 ppl=31.1 lr=1.55e-04 | 59599 tok/s (avg 56455) ETA 600m31s | gtok=965,836,800 | GPU 1.3/45.5GB
step 26250 [26250/81380  32%]  loss=3.2821 ppl=26.6 lr=1.55e-04 | 59559 tok/s (avg 56461) ETA 599m55s | gtok=967,680,000 | GPU 1.3/45.5GB
step 26300 [26300/81380  32%]  loss=3.1695 ppl=23.8 lr=1.55e-04 | 59600 tok/s (avg 56466) ETA 599m19s | gtok=969,523,200 | GPU 1.3/45.5GB
step 26350 [26350/81380  32%]  loss=2.9532 ppl=19.2 lr=1.55e-04 | 59591 tok/s (avg 56472) ETA 598m42s | gtok=971,366,400 | GPU 1.3/45.5GB
step 26400 [26400/81380  32%]  loss=3.6871 ppl=39.9 lr=1.55e-04 | 59609 tok/s (avg 56477) ETA 598m06s | gtok=973,209,600 | GPU 1.3/45.5GB
step 26450 [26450/81380  33%]  loss=3.1711 ppl=23.8 lr=1.54e-04 | 59601 tok/s (avg 56483) ETA 597m30s | gtok=975,052,800 | GPU 1.3/45.5GB
step 26500 [26500/81380  33%]  loss=2.9024 ppl=18.2 lr=1.54e-04 | 59579 tok/s (avg 56489) ETA 596m54s | gtok=976,896,000 | GPU 1.3/45.5GB
step 26550 [26550/81380  33%]  loss=3.0486 ppl=21.1 lr=1.54e-04 | 58902 tok/s (avg 56493) ETA 596m18s | gtok=978,739,200 | GPU 1.3/45.5GB
step 26600 [26600/81380  33%]  loss=3.3223 ppl=27.7 lr=1.54e-04 | 59497 tok/s (avg 56498) ETA 595m42s | gtok=980,582,400 | GPU 1.3/45.5GB
step 26650 [26650/81380  33%]  loss=3.0608 ppl=21.3 lr=1.54e-04 | 59358 tok/s (avg 56503) ETA 595m07s | gtok=982,425,600 | GPU 1.3/45.5GB
step 26700 [26700/81380  33%]  loss=3.3373 ppl=28.1 lr=1.54e-04 | 59497 tok/s (avg 56509) ETA 594m31s | gtok=984,268,800 | GPU 1.3/45.5GB
step 26750 [26750/81380  33%]  loss=3.0337 ppl=20.8 lr=1.53e-04 | 59451 tok/s (avg 56514) ETA 593m55s | gtok=986,112,000 | GPU 1.3/45.5GB
step 26800 [26800/81380  33%]  loss=3.3691 ppl=29.1 lr=1.53e-04 | 59505 tok/s (avg 56519) ETA 593m19s | gtok=987,955,200 | GPU 1.3/45.5GB
step 26850 [26850/81380  33%]  loss=3.2926 ppl=26.9 lr=1.53e-04 | 59609 tok/s (avg 56525) ETA 592m43s | gtok=989,798,400 | GPU 1.3/45.5GB
step 26900 [26900/81380  33%]  loss=3.3080 ppl=27.3 lr=1.53e-04 | 59540 tok/s (avg 56530) ETA 592m07s | gtok=991,641,600 | GPU 1.3/45.5GB
step 26950 [26950/81380  33%]  loss=2.9094 ppl=18.3 lr=1.53e-04 | 59476 tok/s (avg 56535) ETA 591m31s | gtok=993,484,800 | GPU 1.3/45.5GB
step 27000 [27000/81380  33%]  loss=3.3766 ppl=29.3 lr=1.53e-04 | 58802 tok/s (avg 56539) ETA 590m56s | gtok=995,328,000 | GPU 1.3/45.5GB
  [checkpoint] step 27000 -> checkpoints_v13_sempty/mix3b_delta_nodecay_answ100_9f33b50/latest.pt
step 27050 [27050/81380  33%]  loss=3.2660 ppl=26.2 lr=1.52e-04 | 56107 tok/s (avg 56538) ETA 590m24s | gtok=997,171,200 | GPU 1.3/45.5GB
step 27100 [27100/81380  33%]  loss=3.2403 ppl=25.5 lr=1.52e-04 | 59398 tok/s (avg 56543) ETA 589m48s | gtok=999,014,400 | GPU 1.3/45.5GB
step 27150 [27150/81380  33%]  loss=2.9833 ppl=19.8 lr=1.52e-04 | 59573 tok/s (avg 56549) ETA 589m12s | gtok=1,000,857,600 | GPU 1.3/45.5GB
step 27200 [27200/81380  33%]  loss=3.0207 ppl=20.5 lr=1.52e-04 | 59657 tok/s (avg 56554) ETA 588m36s | gtok=1,002,700,800 | GPU 1.3/45.5GB
step 27250 [27250/81380  33%]  loss=3.0987 ppl=22.2 lr=1.52e-04 | 59460 tok/s (avg 56559) ETA 588m00s | gtok=1,004,544,000 | GPU 1.3/45.5GB
step 27300 [27300/81380  34%]  loss=2.9697 ppl=19.5 lr=1.52e-04 | 59612 tok/s (avg 56565) ETA 587m24s | gtok=1,006,387,200 | GPU 1.3/45.5GB
step 27350 [27350/81380  34%]  loss=2.9894 ppl=19.9 lr=1.51e-04 | 59601 tok/s (avg 56570) ETA 586m48s | gtok=1,008,230,400 | GPU 1.3/45.5GB
step 27400 [27400/81380  34%]  loss=2.8969 ppl=18.1 lr=1.51e-04 | 59488 tok/s (avg 56575) ETA 586m13s | gtok=1,010,073,600 | GPU 1.3/45.5GB
step 27450 [27450/81380  34%]  loss=3.1364 ppl=23.0 lr=1.51e-04 | 58935 tok/s (avg 56579) ETA 585m38s | gtok=1,011,916,800 | GPU 1.3/45.5GB
step 27500 [27500/81380  34%]  loss=3.4497 ppl=31.5 lr=1.51e-04 | 59649 tok/s (avg 56584) ETA 585m02s | gtok=1,013,760,000 | GPU 1.3/45.5GB
step 27550 [27550/81380  34%]  loss=3.2999 ppl=27.1 lr=1.51e-04 | 59672 tok/s (avg 56590) ETA 584m26s | gtok=1,015,603,200 | GPU 1.3/45.5GB
step 27600 [27600/81380  34%]  loss=3.0228 ppl=20.5 lr=1.51e-04 | 59674 tok/s (avg 56595) ETA 583m50s | gtok=1,017,446,400 | GPU 1.3/45.5GB
step 27650 [27650/81380  34%]  loss=3.1306 ppl=22.9 lr=1.50e-04 | 59748 tok/s (avg 56600) ETA 583m14s | gtok=1,019,289,600 | GPU 1.3/45.5GB
step 27700 [27700/81380  34%]  loss=2.9671 ppl=19.4 lr=1.50e-04 | 59652 tok/s (avg 56606) ETA 582m38s | gtok=1,021,132,800 | GPU 1.3/45.5GB
step 27750 [27750/81380  34%]  loss=3.3410 ppl=28.2 lr=1.50e-04 | 59620 tok/s (avg 56611) ETA 582m03s | gtok=1,022,976,000 | GPU 1.3/45.5GB
step 27800 [27800/81380  34%]  loss=3.3075 ppl=27.3 lr=1.50e-04 | 59554 tok/s (avg 56616) ETA 581m27s | gtok=1,024,819,200 | GPU 1.3/45.5GB
step 27850 [27850/81380  34%]  loss=2.9144 ppl=18.4 lr=1.50e-04 | 59565 tok/s (avg 56621) ETA 580m51s | gtok=1,026,662,400 | GPU 1.3/45.5GB
step 27900 [27900/81380  34%]  loss=3.3614 ppl=28.8 lr=1.50e-04 | 58816 tok/s (avg 56625) ETA 580m16s | gtok=1,028,505,600 | GPU 1.3/45.5GB
step 27950 [27950/81380  34%]  loss=2.9310 ppl=18.7 lr=1.49e-04 | 59495 tok/s (avg 56629) ETA 579m41s | gtok=1,030,348,800 | GPU 1.3/45.5GB
step 28000 [28000/81380  34%]  loss=2.9751 ppl=19.6 lr=1.49e-04 | 59522 tok/s (avg 56634) ETA 579m05s | gtok=1,032,192,000 | GPU 1.3/45.5GB
  [gen @ step 28000, 1,032,192,000 tok] prompt: In 1923, the University of
    In 1923, the University of Michigan School District was founded as an important centre in the study of the health-related impacts of the use of alcohol. The school’s focus was on improving education and prevention. In 1891, in collaboration with the Department for Health Sciences and Technology (R&D) at the University of Michigan, and at the University of Michigan School District, a faculty member of the National Institute of Health
  [checkpoint] step 28000 -> checkpoints_v13_sempty/mix3b_delta_nodecay_answ100_9f33b50/best_model.pt
  [val @ step 28000] val_loss=3.6722 val_ppl=39.34 *best* (best 39.34)
  [wiki_val @ step 28000] val_loss=4.4933 val_ppl=89.41
  [checkpoint] step 28000 -> checkpoints_v13_sempty/mix3b_delta_nodecay_answ100_9f33b50/latest.pt
  [diag] step 28000 cgu=+0.62 +0.26 +0.26 +0.26 +0.29 +0.37 +0.42 +0.50 +0.61 +0.66 +0.79 +0.88 +0.98 +1.04 +1.17 +1.58  pam=+0.04 +0.04 +0.01 +0.03 +0.06 +0.04 +0.05 +0.11 +0.05 +0.10 +0.09 +0.11 +0.16 +0.17 +0.48 +0.36
  [diag] dtbias=-4.00 -4.00 -4.00 -4.00 -4.00 -4.00 -4.00 -4.00 -4.00 -4.00 -4.00 -4.00 -4.00 -4.00 -4.00 -4.00  ret=1.00 1.00 1.00 1.00 1.00 1.00 1.00 1.00 1.00 1.00 1.00 1.00 1.00 1.00 1.00 1.00
  [diag] dtbias/head(layer-mean)=-4.00 -4.00 -4.00 -4.00 -4.00 -4.00
  [diag] gnorm=7.1e-01 2.9e-01 3.0e-01 9.5e-02 2.9e-01 9.4e-02 7.1e-02 9.0e-02 5.6e-02 7.2e-02 8.0e-02 6.7e-02 7.2e-02 2.1e-01 8.6e-02 7.9e-02  wnorm=67.3 75.9 78.2 78.4 79.1 79.7 80.4 79.9 79.2 79.7 81.2 81.6 82.7 82.7 84.7 85.5
step 28050 [28050/81380  34%]  loss=3.1960 ppl=24.4 lr=1.49e-04 | 22545 tok/s (avg 56482) ETA 580m06s | gtok=1,034,035,200 | GPU 1.3/45.5GB
step 28100 [28100/81380  35%]  loss=2.9348 ppl=18.8 lr=1.49e-04 | 59415 tok/s (avg 56487) ETA 579m31s | gtok=1,035,878,400 | GPU 1.3/45.5GB
step 28150 [28150/81380  35%]  loss=3.1166 ppl=22.6 lr=1.49e-04 | 59589 tok/s (avg 56492) ETA 578m55s | gtok=1,037,721,600 | GPU 1.3/45.5GB
step 28200 [28200/81380  35%]  loss=3.0864 ppl=21.9 lr=1.49e-04 | 58684 tok/s (avg 56496) ETA 578m20s | gtok=1,039,564,800 | GPU 1.3/45.5GB
step 28250 [28250/81380  35%]  loss=2.9765 ppl=19.6 lr=1.48e-04 | 59462 tok/s (avg 56501) ETA 577m44s | gtok=1,041,408,000 | GPU 1.3/45.5GB
step 28300 [28300/81380  35%]  loss=2.9096 ppl=18.3 lr=1.48e-04 | 59517 tok/s (avg 56506) ETA 577m08s | gtok=1,043,251,200 | GPU 1.3/45.5GB
step 28350 [28350/81380  35%]  loss=3.2015 ppl=24.6 lr=1.48e-04 | 59574 tok/s (avg 56511) ETA 576m33s | gtok=1,045,094,400 | GPU 1.3/45.5GB
step 28400 [28400/81380  35%]  loss=3.2963 ppl=27.0 lr=1.48e-04 | 59413 tok/s (avg 56516) ETA 575m57s | gtok=1,046,937,600 | GPU 1.3/45.5GB
step 28450 [28450/81380  35%]  loss=3.1561 ppl=23.5 lr=1.48e-04 | 59604 tok/s (avg 56521) ETA 575m21s | gtok=1,048,780,800 | GPU 1.3/45.5GB
step 28500 [28500/81380  35%]  loss=2.9796 ppl=19.7 lr=1.48e-04 | 59621 tok/s (avg 56526) ETA 574m46s | gtok=1,050,624,000 | GPU 1.3/45.5GB
step 28550 [28550/81380  35%]  loss=3.4280 ppl=30.8 lr=1.47e-04 | 59557 tok/s (avg 56531) ETA 574m10s | gtok=1,052,467,200 | GPU 1.3/45.5GB
step 28600 [28600/81380  35%]  loss=3.4193 ppl=30.5 lr=1.47e-04 | 59517 tok/s (avg 56536) ETA 573m34s | gtok=1,054,310,400 | GPU 1.3/45.5GB
step 28650 [28650/81380  35%]  loss=2.9674 ppl=19.4 lr=1.47e-04 | 58811 tok/s (avg 56540) ETA 572m59s | gtok=1,056,153,600 | GPU 1.3/45.5GB
step 28700 [28700/81380  35%]  loss=2.9916 ppl=19.9 lr=1.47e-04 | 59497 tok/s (avg 56545) ETA 572m24s | gtok=1,057,996,800 | GPU 1.3/45.5GB
step 28750 [28750/81380  35%]  loss=3.2606 ppl=26.1 lr=1.47e-04 | 59578 tok/s (avg 56550) ETA 571m48s | gtok=1,059,840,000 | GPU 1.3/45.5GB
step 28800 [28800/81380  35%]  loss=2.9873 ppl=19.8 lr=1.47e-04 | 59470 tok/s (avg 56555) ETA 571m13s | gtok=1,061,683,200 | GPU 1.3/45.5GB
step 28850 [28850/81380  35%]  loss=3.0228 ppl=20.5 lr=1.46e-04 | 59399 tok/s (avg 56560) ETA 570m37s | gtok=1,063,526,400 | GPU 1.3/45.5GB
step 28900 [28900/81380  36%]  loss=3.4087 ppl=30.2 lr=1.46e-04 | 59593 tok/s (avg 56565) ETA 570m02s | gtok=1,065,369,600 | GPU 1.3/45.5GB
step 28950 [28950/81380  36%]  loss=3.0248 ppl=20.6 lr=1.46e-04 | 59582 tok/s (avg 56570) ETA 569m26s | gtok=1,067,212,800 | GPU 1.3/45.5GB
step 29000 [29000/81380  36%]  loss=3.0776 ppl=21.7 lr=1.46e-04 | 59610 tok/s (avg 56574) ETA 568m50s | gtok=1,069,056,000 | GPU 1.3/45.5GB
  [checkpoint] step 29000 -> checkpoints_v13_sempty/mix3b_delta_nodecay_answ100_9f33b50/latest.pt
step 29050 [29050/81380  36%]  loss=3.1073 ppl=22.4 lr=1.46e-04 | 55656 tok/s (avg 56573) ETA 568m19s | gtok=1,070,899,200 | GPU 1.3/45.5GB
step 29100 [29100/81380  36%]  loss=3.4406 ppl=31.2 lr=1.46e-04 | 59598 tok/s (avg 56578) ETA 567m43s | gtok=1,072,742,400 | GPU 1.3/45.5GB
step 29150 [29150/81380  36%]  loss=2.8711 ppl=17.7 lr=1.45e-04 | 59541 tok/s (avg 56583) ETA 567m08s | gtok=1,074,585,600 | GPU 1.3/45.5GB
step 29200 [29200/81380  36%]  loss=3.1384 ppl=23.1 lr=1.45e-04 | 59582 tok/s (avg 56588) ETA 566m32s | gtok=1,076,428,800 | GPU 1.3/45.5GB
step 29250 [29250/81380  36%]  loss=3.2326 ppl=25.3 lr=1.45e-04 | 59594 tok/s (avg 56592) ETA 565m57s | gtok=1,078,272,000 | GPU 1.3/45.5GB
step 29300 [29300/81380  36%]  loss=2.9938 ppl=20.0 lr=1.45e-04 | 59636 tok/s (avg 56597) ETA 565m21s | gtok=1,080,115,200 | GPU 1.3/45.5GB
step 29350 [29350/81380  36%]  loss=3.1878 ppl=24.2 lr=1.45e-04 | 59498 tok/s (avg 56602) ETA 564m46s | gtok=1,081,958,400 | GPU 1.3/45.5GB
step 29400 [29400/81380  36%]  loss=2.9219 ppl=18.6 lr=1.44e-04 | 59475 tok/s (avg 56607) ETA 564m10s | gtok=1,083,801,600 | GPU 1.3/45.5GB
step 29450 [29450/81380  36%]  loss=2.9112 ppl=18.4 lr=1.44e-04 | 59538 tok/s (avg 56611) ETA 563m35s | gtok=1,085,644,800 | GPU 1.3/45.5GB
step 29500 [29500/81380  36%]  loss=3.3460 ppl=28.4 lr=1.44e-04 | 58713 tok/s (avg 56615) ETA 563m00s | gtok=1,087,488,000 | GPU 1.3/45.5GB
step 29550 [29550/81380  36%]  loss=3.1341 ppl=23.0 lr=1.44e-04 | 59541 tok/s (avg 56620) ETA 562m25s | gtok=1,089,331,200 | GPU 1.3/45.5GB
step 29600 [29600/81380  36%]  loss=3.3506 ppl=28.5 lr=1.44e-04 | 59568 tok/s (avg 56624) ETA 561m50s | gtok=1,091,174,400 | GPU 1.3/45.5GB
step 29650 [29650/81380  36%]  loss=3.1934 ppl=24.4 lr=1.44e-04 | 59522 tok/s (avg 56629) ETA 561m14s | gtok=1,093,017,600 | GPU 1.3/45.5GB
step 29700 [29700/81380  36%]  loss=2.8700 ppl=17.6 lr=1.43e-04 | 59551 tok/s (avg 56634) ETA 560m39s | gtok=1,094,860,800 | GPU 1.3/45.5GB
step 29750 [29750/81380  37%]  loss=3.3918 ppl=29.7 lr=1.43e-04 | 59402 tok/s (avg 56638) ETA 560m04s | gtok=1,096,704,000 | GPU 1.3/45.5GB
step 29800 [29800/81380  37%]  loss=3.2687 ppl=26.3 lr=1.43e-04 | 59478 tok/s (avg 56643) ETA 559m29s | gtok=1,098,547,200 | GPU 1.3/45.5GB
step 29850 [29850/81380  37%]  loss=3.2699 ppl=26.3 lr=1.43e-04 | 59454 tok/s (avg 56647) ETA 558m53s | gtok=1,100,390,400 | GPU 1.3/45.5GB
step 29900 [29900/81380  37%]  loss=2.9152 ppl=18.5 lr=1.43e-04 | 59610 tok/s (avg 56652) ETA 558m18s | gtok=1,102,233,600 | GPU 1.3/45.5GB
step 29950 [29950/81380  37%]  loss=2.8564 ppl=17.4 lr=1.43e-04 | 58898 tok/s (avg 56655) ETA 557m43s | gtok=1,104,076,800 | GPU 1.3/45.5GB
step 30000 [30000/81380  37%]  loss=3.1670 ppl=23.7 lr=1.42e-04 | 59598 tok/s (avg 56660) ETA 557m08s | gtok=1,105,920,000 | GPU 1.3/45.5GB
  [checkpoint] step 30000 -> checkpoints_v13_sempty/mix3b_delta_nodecay_answ100_9f33b50/best_model.pt
  [val @ step 30000] val_loss=3.6607 val_ppl=38.89 *best* (best 38.89)
  [wiki_val @ step 30000] val_loss=4.5068 val_ppl=90.63
  [checkpoint] step 30000 -> checkpoints_v13_sempty/mix3b_delta_nodecay_answ100_9f33b50/latest.pt
  [checkpoint] step 30000 -> checkpoints_v13_sempty/mix3b_delta_nodecay_answ100_9f33b50/step_030000.pt
  [checkpoint] pruned step_020000.pt
  [diag] step 30000 cgu=+0.60 +0.25 +0.26 +0.25 +0.28 +0.36 +0.41 +0.48 +0.60 +0.65 +0.79 +0.88 +0.98 +1.04 +1.17 +1.59  pam=+0.04 +0.03 +0.01 +0.03 +0.06 +0.03 +0.05 +0.11 +0.05 +0.10 +0.09 +0.11 +0.16 +0.17 +0.48 +0.36
  [diag] dtbias=-4.00 -4.00 -4.00 -4.00 -4.00 -4.00 -4.00 -4.00 -4.00 -4.00 -4.00 -4.00 -4.00 -4.00 -4.00 -4.00  ret=1.00 1.00 1.00 1.00 1.00 1.00 1.00 1.00 1.00 1.00 1.00 1.00 1.00 1.00 1.00 1.00
  [diag] dtbias/head(layer-mean)=-4.00 -4.00 -4.00 -4.00 -4.00 -4.00
  [diag] gnorm=7.4e-01 2.3e-01 7.0e-02 1.5e-01 2.3e-01 9.6e-02 8.8e-02 1.2e-01 7.1e-02 9.1e-02 6.5e-02 5.8e-02 1.3e-01 3.1e-01 9.8e-02 7.4e-02  wnorm=67.9 76.9 79.2 79.3 80.0 80.7 81.3 80.8 80.2 80.6 82.1 82.5 83.6 83.6 85.6 86.3
step 30050 [30050/81380  37%]  loss=3.0204 ppl=20.5 lr=1.42e-04 | 24431 tok/s (avg 56536) ETA 557m49s | gtok=1,107,763,200 | GPU 1.3/45.5GB
step 30100 [30100/81380  37%]  loss=3.3950 ppl=29.8 lr=1.42e-04 | 59612 tok/s (avg 56541) ETA 557m14s | gtok=1,109,606,400 | GPU 1.3/45.5GB
step 30150 [30150/81380  37%]  loss=2.8591 ppl=17.4 lr=1.42e-04 | 52093 tok/s (avg 56533) ETA 556m46s | gtok=1,111,449,600 | GPU 1.3/45.5GB
step 30200 [30200/81380  37%]  loss=3.4805 ppl=32.5 lr=1.42e-04 | 59639 tok/s (avg 56538) ETA 556m10s | gtok=1,113,292,800 | GPU 1.3/45.5GB
step 30250 [30250/81380  37%]  loss=3.3246 ppl=27.8 lr=1.41e-04 | 59693 tok/s (avg 56543) ETA 555m35s | gtok=1,115,136,000 | GPU 1.3/45.5GB
step 30300 [30300/81380  37%]  loss=2.9308 ppl=18.7 lr=1.41e-04 | 58831 tok/s (avg 56546) ETA 555m00s | gtok=1,116,979,200 | GPU 1.3/45.5GB
step 30350 [30350/81380  37%]  loss=2.6962 ppl=14.8 lr=1.41e-04 | 59667 tok/s (avg 56551) ETA 554m24s | gtok=1,118,822,400 | GPU 1.3/45.5GB
step 30400 [30400/81380  37%]  loss=3.1056 ppl=22.3 lr=1.41e-04 | 59573 tok/s (avg 56556) ETA 553m49s | gtok=1,120,665,600 | GPU 1.3/45.5GB
step 30450 [30450/81380  37%]  loss=3.3462 ppl=28.4 lr=1.41e-04 | 59615 tok/s (avg 56561) ETA 553m14s | gtok=1,122,508,800 | GPU 1.3/45.5GB
step 30500 [30500/81380  37%]  loss=3.2304 ppl=25.3 lr=1.41e-04 | 59677 tok/s (avg 56565) ETA 552m38s | gtok=1,124,352,000 | GPU 1.3/45.5GB
step 30550 [30550/81380  38%]  loss=3.1621 ppl=23.6 lr=1.40e-04 | 59650 tok/s (avg 56570) ETA 552m03s | gtok=1,126,195,200 | GPU 1.3/45.5GB
step 30600 [30600/81380  38%]  loss=3.0858 ppl=21.9 lr=1.40e-04 | 59393 tok/s (avg 56575) ETA 551m28s | gtok=1,128,038,400 | GPU 1.3/45.5GB
step 30650 [30650/81380  38%]  loss=3.3773 ppl=29.3 lr=1.40e-04 | 59404 tok/s (avg 56579) ETA 550m53s | gtok=1,129,881,600 | GPU 1.3/45.5GB
step 30700 [30700/81380  38%]  loss=3.3255 ppl=27.8 lr=1.40e-04 | 58867 tok/s (avg 56583) ETA 550m18s | gtok=1,131,724,800 | GPU 1.3/45.5GB
step 30750 [30750/81380  38%]  loss=3.4478 ppl=31.4 lr=1.40e-04 | 59534 tok/s (avg 56587) ETA 549m43s | gtok=1,133,568,000 | GPU 1.3/45.5GB
step 30800 [30800/81380  38%]  loss=3.1117 ppl=22.5 lr=1.40e-04 | 59385 tok/s (avg 56591) ETA 549m08s | gtok=1,135,411,200 | GPU 1.3/45.5GB
step 30850 [30850/81380  38%]  loss=2.7329 ppl=15.4 lr=1.39e-04 | 59558 tok/s (avg 56596) ETA 548m32s | gtok=1,137,254,400 | GPU 1.3/45.5GB
step 30900 [30900/81380  38%]  loss=3.3159 ppl=27.5 lr=1.39e-04 | 59621 tok/s (avg 56601) ETA 547m57s | gtok=1,139,097,600 | GPU 1.3/45.5GB
step 30950 [30950/81380  38%]  loss=3.2094 ppl=24.8 lr=1.39e-04 | 59613 tok/s (avg 56605) ETA 547m22s | gtok=1,140,940,800 | GPU 1.3/45.5GB
step 31000 [31000/81380  38%]  loss=3.2296 ppl=25.3 lr=1.39e-04 | 59577 tok/s (avg 56610) ETA 546m47s | gtok=1,142,784,000 | GPU 1.3/45.5GB
  [checkpoint] step 31000 -> checkpoints_v13_sempty/mix3b_delta_nodecay_answ100_9f33b50/latest.pt
step 31050 [31050/81380  38%]  loss=3.2932 ppl=26.9 lr=1.39e-04 | 15063 tok/s (avg 56360) ETA 548m40s | gtok=1,144,627,200 | GPU 1.3/45.5GB
step 31100 [31100/81380  38%]  loss=3.2640 ppl=26.2 lr=1.38e-04 | 59462 tok/s (avg 56364) ETA 548m04s | gtok=1,146,470,400 | GPU 1.3/45.5GB
step 31150 [31150/81380  38%]  loss=3.1095 ppl=22.4 lr=1.38e-04 | 58768 tok/s (avg 56368) ETA 547m29s | gtok=1,148,313,600 | GPU 1.3/45.5GB
step 31200 [31200/81380  38%]  loss=2.9672 ppl=19.4 lr=1.38e-04 | 59554 tok/s (avg 56373) ETA 546m54s | gtok=1,150,156,800 | GPU 1.3/45.5GB
step 31250 [31250/81380  38%]  loss=3.4375 ppl=31.1 lr=1.38e-04 | 59545 tok/s (avg 56378) ETA 546m18s | gtok=1,152,000,000 | GPU 1.3/45.5GB
step 31300 [31300/81380  38%]  loss=3.1385 ppl=23.1 lr=1.38e-04 | 59567 tok/s (avg 56382) ETA 545m43s | gtok=1,153,843,200 | GPU 1.3/45.5GB
step 31350 [31350/81380  39%]  loss=3.1374 ppl=23.0 lr=1.38e-04 | 59667 tok/s (avg 56387) ETA 545m07s | gtok=1,155,686,400 | GPU 1.3/45.5GB
step 31400 [31400/81380  39%]  loss=3.1329 ppl=22.9 lr=1.37e-04 | 59557 tok/s (avg 56392) ETA 544m32s | gtok=1,157,529,600 | GPU 1.3/45.5GB
step 31450 [31450/81380  39%]  loss=3.1198 ppl=22.6 lr=1.37e-04 | 59732 tok/s (avg 56397) ETA 543m56s | gtok=1,159,372,800 | GPU 1.3/45.5GB
step 31500 [31500/81380  39%]  loss=3.1012 ppl=22.2 lr=1.37e-04 | 59749 tok/s (avg 56402) ETA 543m21s | gtok=1,161,216,000 | GPU 1.3/45.5GB
step 31550 [31550/81380  39%]  loss=3.1783 ppl=24.0 lr=1.37e-04 | 59694 tok/s (avg 56407) ETA 542m45s | gtok=1,163,059,200 | GPU 1.3/45.5GB
step 31600 [31600/81380  39%]  loss=2.9036 ppl=18.2 lr=1.37e-04 | 59004 tok/s (avg 56411) ETA 542m10s | gtok=1,164,902,400 | GPU 1.3/45.5GB
step 31650 [31650/81380  39%]  loss=3.3061 ppl=27.3 lr=1.36e-04 | 59660 tok/s (avg 56416) ETA 541m35s | gtok=1,166,745,600 | GPU 1.3/45.5GB
step 31700 [31700/81380  39%]  loss=3.2009 ppl=24.6 lr=1.36e-04 | 59502 tok/s (avg 56421) ETA 540m59s | gtok=1,168,588,800 | GPU 1.3/45.5GB
step 31750 [31750/81380  39%]  loss=2.9496 ppl=19.1 lr=1.36e-04 | 59497 tok/s (avg 56425) ETA 540m24s | gtok=1,170,432,000 | GPU 1.3/45.5GB
step 31800 [31800/81380  39%]  loss=3.0359 ppl=20.8 lr=1.36e-04 | 59459 tok/s (avg 56430) ETA 539m49s | gtok=1,172,275,200 | GPU 1.3/45.5GB
step 31850 [31850/81380  39%]  loss=2.9400 ppl=18.9 lr=1.36e-04 | 59576 tok/s (avg 56434) ETA 539m13s | gtok=1,174,118,400 | GPU 1.3/45.5GB
step 31900 [31900/81380  39%]  loss=3.1167 ppl=22.6 lr=1.36e-04 | 59530 tok/s (avg 56439) ETA 538m38s | gtok=1,175,961,600 | GPU 1.3/45.5GB
step 31950 [31950/81380  39%]  loss=3.2308 ppl=25.3 lr=1.35e-04 | 59490 tok/s (avg 56443) ETA 538m03s | gtok=1,177,804,800 | GPU 1.3/45.5GB
step 32000 [32000/81380  39%]  loss=3.0212 ppl=20.5 lr=1.35e-04 | 58835 tok/s (avg 56447) ETA 537m28s | gtok=1,179,648,000 | GPU 1.3/45.5GB
  [gen @ step 32000, 1,179,648,000 tok] prompt: In 1923, the University of
    In 1923, the University of London was able to obtain funding from the National Science Foundation for the study and research purposes. In October 1917, Professor Michael Zibson (R-Shr), the British Royal Institute of Physics, awarded the Nobel Prize to his colleague, Dr Dora O’Hara (for his work on the topic) for developing a mathematical theory that explained how objects move across the medium, as opposed
  [checkpoint] step 32000 -> checkpoints_v13_sempty/mix3b_delta_nodecay_answ100_9f33b50/best_model.pt
  [val @ step 32000] val_loss=3.6298 val_ppl=37.71 *best* (best 37.71)
  [wiki_val @ step 32000] val_loss=4.4551 val_ppl=86.06
  [checkpoint] step 32000 -> checkpoints_v13_sempty/mix3b_delta_nodecay_answ100_9f33b50/latest.pt
  [diag] step 32000 cgu=+0.57 +0.25 +0.24 +0.24 +0.27 +0.35 +0.41 +0.48 +0.60 +0.65 +0.78 +0.87 +0.98 +1.04 +1.17 +1.61  pam=+0.04 +0.03 +0.01 +0.02 +0.06 +0.03 +0.04 +0.10 +0.05 +0.10 +0.09 +0.11 +0.16 +0.17 +0.49 +0.37
  [diag] dtbias=-4.00 -4.00 -4.00 -4.00 -4.00 -4.00 -4.00 -4.00 -4.00 -4.00 -4.00 -4.00 -4.00 -4.00 -4.00 -4.00  ret=1.00 1.00 1.00 1.00 1.00 1.00 1.00 1.00 1.00 1.00 1.00 1.00 1.00 1.00 1.00 1.00
  [diag] dtbias/head(layer-mean)=-4.00 -4.00 -4.00 -4.00 -4.00 -4.00
  [diag] gnorm=7.5e-01 1.1e-01 4.5e-02 2.0e-01 2.9e-01 1.1e-01 1.3e-01 7.0e-02 5.5e-02 7.2e-02 7.2e-02 8.5e-02 1.1e-01 2.1e-01 9.4e-02 8.3e-02  wnorm=68.4 77.6 80.0 80.2 80.8 81.5 82.2 81.7 81.0 81.4 82.9 83.3 84.4 84.4 86.4 87.1
step 32050 [32050/81380  39%]  loss=3.3459 ppl=28.4 lr=1.35e-04 | 24035 tok/s (avg 56329) ETA 538m03s | gtok=1,181,491,200 | GPU 1.3/45.5GB
step 32100 [32100/81380  39%]  loss=2.6717 ppl=14.5 lr=1.35e-04 | 59649 tok/s (avg 56333) ETA 537m28s | gtok=1,183,334,400 | GPU 1.3/45.5GB
step 32150 [32150/81380  40%]  loss=3.0444 ppl=21.0 lr=1.35e-04 | 59607 tok/s (avg 56338) ETA 536m52s | gtok=1,185,177,600 | GPU 1.3/45.5GB
step 32200 [32200/81380  40%]  loss=3.0177 ppl=20.4 lr=1.34e-04 | 59606 tok/s (avg 56343) ETA 536m17s | gtok=1,187,020,800 | GPU 1.3/45.5GB
step 32250 [32250/81380  40%]  loss=3.3389 ppl=28.2 lr=1.34e-04 | 59573 tok/s (avg 56348) ETA 535m41s | gtok=1,188,864,000 | GPU 1.3/45.5GB
step 32300 [32300/81380  40%]  loss=3.2643 ppl=26.2 lr=1.34e-04 | 59746 tok/s (avg 56353) ETA 535m06s | gtok=1,190,707,200 | GPU 1.3/45.5GB
step 32350 [32350/81380  40%]  loss=3.1478 ppl=23.3 lr=1.34e-04 | 58958 tok/s (avg 56357) ETA 534m31s | gtok=1,192,550,400 | GPU 1.3/45.5GB
step 32400 [32400/81380  40%]  loss=3.2941 ppl=27.0 lr=1.34e-04 | 59657 tok/s (avg 56361) ETA 533m56s | gtok=1,194,393,600 | GPU 1.3/45.5GB
step 32450 [32450/81380  40%]  loss=3.0499 ppl=21.1 lr=1.33e-04 | 59612 tok/s (avg 56366) ETA 533m20s | gtok=1,196,236,800 | GPU 1.3/45.5GB
step 32500 [32500/81380  40%]  loss=2.9779 ppl=19.6 lr=1.33e-04 | 59609 tok/s (avg 56371) ETA 532m45s | gtok=1,198,080,000 | GPU 1.3/45.5GB
step 32550 [32550/81380  40%]  loss=3.2085 ppl=24.7 lr=1.33e-04 | 59627 tok/s (avg 56376) ETA 532m09s | gtok=1,199,923,200 | GPU 1.3/45.5GB
step 32600 [32600/81380  40%]  loss=3.0341 ppl=20.8 lr=1.33e-04 | 51293 tok/s (avg 56367) ETA 531m42s | gtok=1,201,766,400 | GPU 1.3/45.5GB
step 32650 [32650/81380  40%]  loss=3.2727 ppl=26.4 lr=1.33e-04 | 59400 tok/s (avg 56371) ETA 531m06s | gtok=1,203,609,600 | GPU 1.3/45.5GB
step 32700 [32700/81380  40%]  loss=3.0437 ppl=21.0 lr=1.33e-04 | 59463 tok/s (avg 56376) ETA 530m31s | gtok=1,205,452,800 | GPU 1.3/45.5GB
step 32750 [32750/81380  40%]  loss=3.1680 ppl=23.8 lr=1.32e-04 | 59584 tok/s (avg 56381) ETA 529m56s | gtok=1,207,296,000 | GPU 1.3/45.5GB
step 32800 [32800/81380  40%]  loss=3.4440 ppl=31.3 lr=1.32e-04 | 58736 tok/s (avg 56384) ETA 529m21s | gtok=1,209,139,200 | GPU 1.3/45.5GB
step 32850 [32850/81380  40%]  loss=3.1725 ppl=23.9 lr=1.32e-04 | 59552 tok/s (avg 56389) ETA 528m46s | gtok=1,210,982,400 | GPU 1.3/45.5GB
step 32900 [32900/81380  40%]  loss=2.9194 ppl=18.5 lr=1.32e-04 | 59442 tok/s (avg 56393) ETA 528m11s | gtok=1,212,825,600 | GPU 1.3/45.5GB
step 32950 [32950/81380  40%]  loss=3.1133 ppl=22.5 lr=1.32e-04 | 59633 tok/s (avg 56398) ETA 527m36s | gtok=1,214,668,800 | GPU 1.3/45.5GB
step 33000 [33000/81380  41%]  loss=3.0083 ppl=20.3 lr=1.31e-04 | 59565 tok/s (avg 56402) ETA 527m00s | gtok=1,216,512,000 | GPU 1.3/45.5GB
  [checkpoint] step 33000 -> checkpoints_v13_sempty/mix3b_delta_nodecay_answ100_9f33b50/latest.pt
step 33050 [33050/81380  41%]  loss=3.0090 ppl=20.3 lr=1.31e-04 | 56147 tok/s (avg 56402) ETA 526m28s | gtok=1,218,355,200 | GPU 1.3/45.5GB
step 33100 [33100/81380  41%]  loss=3.0699 ppl=21.5 lr=1.31e-04 | 59591 tok/s (avg 56406) ETA 525m53s | gtok=1,220,198,400 | GPU 1.3/45.5GB
step 33150 [33150/81380  41%]  loss=2.7998 ppl=16.4 lr=1.31e-04 | 59567 tok/s (avg 56411) ETA 525m17s | gtok=1,222,041,600 | GPU 1.3/45.5GB
step 33200 [33200/81380  41%]  loss=3.4051 ppl=30.1 lr=1.31e-04 | 59643 tok/s (avg 56415) ETA 524m42s | gtok=1,223,884,800 | GPU 1.3/45.5GB
step 33250 [33250/81380  41%]  loss=2.9444 ppl=19.0 lr=1.31e-04 | 59004 tok/s (avg 56419) ETA 524m07s | gtok=1,225,728,000 | GPU 1.3/45.5GB
step 33300 [33300/81380  41%]  loss=3.2339 ppl=25.4 lr=1.30e-04 | 59545 tok/s (avg 56424) ETA 523m32s | gtok=1,227,571,200 | GPU 1.3/45.5GB
step 33350 [33350/81380  41%]  loss=3.2839 ppl=26.7 lr=1.30e-04 | 59643 tok/s (avg 56428) ETA 522m57s | gtok=1,229,414,400 | GPU 1.3/45.5GB
step 33400 [33400/81380  41%]  loss=3.1103 ppl=22.4 lr=1.30e-04 | 59587 tok/s (avg 56433) ETA 522m22s | gtok=1,231,257,600 | GPU 1.3/45.5GB
step 33450 [33450/81380  41%]  loss=3.0079 ppl=20.2 lr=1.30e-04 | 59423 tok/s (avg 56437) ETA 521m47s | gtok=1,233,100,800 | GPU 1.3/45.5GB
step 33500 [33500/81380  41%]  loss=3.2450 ppl=25.7 lr=1.30e-04 | 59425 tok/s (avg 56441) ETA 521m12s | gtok=1,234,944,000 | GPU 1.3/45.5GB
step 33550 [33550/81380  41%]  loss=2.8173 ppl=16.7 lr=1.29e-04 | 59628 tok/s (avg 56446) ETA 520m37s | gtok=1,236,787,200 | GPU 1.3/45.5GB
step 33600 [33600/81380  41%]  loss=2.8604 ppl=17.5 lr=1.29e-04 | 59635 tok/s (avg 56450) ETA 520m02s | gtok=1,238,630,400 | GPU 1.3/45.5GB
step 33650 [33650/81380  41%]  loss=2.9419 ppl=19.0 lr=1.29e-04 | 59560 tok/s (avg 56454) ETA 519m27s | gtok=1,240,473,600 | GPU 1.3/45.5GB
step 33700 [33700/81380  41%]  loss=2.8525 ppl=17.3 lr=1.29e-04 | 58782 tok/s (avg 56458) ETA 518m52s | gtok=1,242,316,800 | GPU 1.3/45.5GB
step 33750 [33750/81380  41%]  loss=2.9866 ppl=19.8 lr=1.29e-04 | 59488 tok/s (avg 56462) ETA 518m17s | gtok=1,244,160,000 | GPU 1.3/45.5GB
step 33800 [33800/81380  42%]  loss=3.1480 ppl=23.3 lr=1.28e-04 | 59731 tok/s (avg 56467) ETA 517m42s | gtok=1,246,003,200 | GPU 1.3/45.5GB
step 33850 [33850/81380  42%]  loss=2.8249 ppl=16.9 lr=1.28e-04 | 59596 tok/s (avg 56471) ETA 517m07s | gtok=1,247,846,400 | GPU 1.3/45.5GB
step 33900 [33900/81380  42%]  loss=3.0995 ppl=22.2 lr=1.28e-04 | 59627 tok/s (avg 56475) ETA 516m32s | gtok=1,249,689,600 | GPU 1.3/45.5GB
step 33950 [33950/81380  42%]  loss=2.9580 ppl=19.3 lr=1.28e-04 | 59469 tok/s (avg 56480) ETA 515m57s | gtok=1,251,532,800 | GPU 1.3/45.5GB
step 34000 [34000/81380  42%]  loss=3.1315 ppl=22.9 lr=1.28e-04 | 59597 tok/s (avg 56484) ETA 515m22s | gtok=1,253,376,000 | GPU 1.3/45.5GB
  [checkpoint] step 34000 -> checkpoints_v13_sempty/mix3b_delta_nodecay_answ100_9f33b50/best_model.pt
  [val @ step 34000] val_loss=3.6102 val_ppl=36.98 *best* (best 36.98)
  [wiki_val @ step 34000] val_loss=4.4443 val_ppl=85.14
  [checkpoint] step 34000 -> checkpoints_v13_sempty/mix3b_delta_nodecay_answ100_9f33b50/latest.pt
  [diag] step 34000 cgu=+0.56 +0.24 +0.24 +0.23 +0.27 +0.35 +0.40 +0.47 +0.59 +0.64 +0.77 +0.87 +0.98 +1.05 +1.17 +1.61  pam=+0.04 +0.03 +0.01 +0.02 +0.06 +0.03 +0.04 +0.10 +0.04 +0.10 +0.09 +0.11 +0.16 +0.17 +0.49 +0.38
  [diag] dtbias=-4.00 -4.00 -4.00 -4.00 -4.00 -4.00 -4.00 -4.00 -4.00 -4.00 -4.00 -4.00 -4.00 -4.00 -4.00 -4.00  ret=1.00 1.00 1.00 1.00 1.00 1.00 1.00 1.00 1.00 1.00 1.00 1.00 1.00 1.00 1.00 1.00
  [diag] dtbias/head(layer-mean)=-4.00 -4.00 -4.00 -4.00 -4.00 -4.00
  [diag] gnorm=3.2e-01 3.0e-01 2.5e-01 9.1e-02 2.3e-01 1.5e-01 2.0e-01 8.4e-02 7.3e-02 8.6e-02 7.5e-02 1.8e-01 9.6e-02 4.8e-01 1.5e-01 1.2e-01  wnorm=68.8 78.3 80.8 80.9 81.5 82.2 82.9 82.4 81.7 82.1 83.6 84.0 85.1 85.1 87.1 87.8
step 34050 [34050/81380  42%]  loss=2.8984 ppl=18.1 lr=1.28e-04 | 24541 tok/s (avg 56376) ETA 515m48s | gtok=1,255,219,200 | GPU 1.3/45.5GB
step 34100 [34100/81380  42%]  loss=2.9361 ppl=18.8 lr=1.27e-04 | 59568 tok/s (avg 56381) ETA 515m13s | gtok=1,257,062,400 | GPU 1.3/45.5GB
step 34150 [34150/81380  42%]  loss=2.9885 ppl=19.9 lr=1.27e-04 | 59715 tok/s (avg 56385) ETA 514m38s | gtok=1,258,905,600 | GPU 1.3/45.5GB
step 34200 [34200/81380  42%]  loss=2.7109 ppl=15.0 lr=1.27e-04 | 59663 tok/s (avg 56390) ETA 514m03s | gtok=1,260,748,800 | GPU 1.3/45.5GB
step 34250 [34250/81380  42%]  loss=3.1001 ppl=22.2 lr=1.27e-04 | 59486 tok/s (avg 56394) ETA 513m28s | gtok=1,262,592,000 | GPU 1.3/45.5GB
step 34300 [34300/81380  42%]  loss=3.0044 ppl=20.2 lr=1.27e-04 | 59551 tok/s (avg 56398) ETA 512m53s | gtok=1,264,435,200 | GPU 1.3/45.5GB
step 34350 [34350/81380  42%]  loss=2.8120 ppl=16.6 lr=1.26e-04 | 59540 tok/s (avg 56403) ETA 512m18s | gtok=1,266,278,400 | GPU 1.3/45.5GB
step 34400 [34400/81380  42%]  loss=3.1929 ppl=24.4 lr=1.26e-04 | 51084 tok/s (avg 56394) ETA 511m50s | gtok=1,268,121,600 | GPU 1.3/45.5GB
step 34450 [34450/81380  42%]  loss=3.2674 ppl=26.2 lr=1.26e-04 | 59652 tok/s (avg 56399) ETA 511m14s | gtok=1,269,964,800 | GPU 1.3/45.5GB
step 34500 [34500/81380  42%]  loss=3.3393 ppl=28.2 lr=1.26e-04 | 58918 tok/s (avg 56402) ETA 510m40s | gtok=1,271,808,000 | GPU 1.3/45.5GB
step 34550 [34550/81380  42%]  loss=2.8765 ppl=17.8 lr=1.26e-04 | 59655 tok/s (avg 56407) ETA 510m05s | gtok=1,273,651,200 | GPU 1.3/45.5GB
step 34600 [34600/81380  43%]  loss=2.9402 ppl=18.9 lr=1.25e-04 | 59411 tok/s (avg 56411) ETA 509m30s | gtok=1,275,494,400 | GPU 1.3/45.5GB
step 34650 [34650/81380  43%]  loss=3.2888 ppl=26.8 lr=1.25e-04 | 59570 tok/s (avg 56415) ETA 508m55s | gtok=1,277,337,600 | GPU 1.3/45.5GB
step 34700 [34700/81380  43%]  loss=3.2951 ppl=27.0 lr=1.25e-04 | 59557 tok/s (avg 56419) ETA 508m20s | gtok=1,279,180,800 | GPU 1.3/45.5GB
step 34750 [34750/81380  43%]  loss=2.8189 ppl=16.8 lr=1.25e-04 | 59641 tok/s (avg 56424) ETA 507m45s | gtok=1,281,024,000 | GPU 1.3/45.5GB
step 34800 [34800/81380  43%]  loss=2.8982 ppl=18.1 lr=1.25e-04 | 59613 tok/s (avg 56428) ETA 507m10s | gtok=1,282,867,200 | GPU 1.3/45.5GB
step 34850 [34850/81380  43%]  loss=2.8922 ppl=18.0 lr=1.25e-04 | 59577 tok/s (avg 56432) ETA 506m35s | gtok=1,284,710,400 | GPU 1.3/45.5GB
step 34900 [34900/81380  43%]  loss=2.9945 ppl=20.0 lr=1.24e-04 | 59685 tok/s (avg 56437) ETA 506m00s | gtok=1,286,553,600 | GPU 1.3/45.5GB
step 34950 [34950/81380  43%]  loss=3.3775 ppl=29.3 lr=1.24e-04 | 59087 tok/s (avg 56440) ETA 505m25s | gtok=1,288,396,800 | GPU 1.3/45.5GB
step 35000 [35000/81380  43%]  loss=2.9804 ppl=19.7 lr=1.24e-04 | 59553 tok/s (avg 56445) ETA 504m50s | gtok=1,290,240,000 | GPU 1.3/45.5GB
  [checkpoint] step 35000 -> checkpoints_v13_sempty/mix3b_delta_nodecay_answ100_9f33b50/latest.pt
step 35050 [35050/81380  43%]  loss=3.0748 ppl=21.6 lr=1.24e-04 | 49426 tok/s (avg 56433) ETA 504m24s | gtok=1,292,083,200 | GPU 1.3/45.5GB
step 35100 [35100/81380  43%]  loss=3.2229 ppl=25.1 lr=1.24e-04 | 59598 tok/s (avg 56437) ETA 503m49s | gtok=1,293,926,400 | GPU 1.3/45.5GB
step 35150 [35150/81380  43%]  loss=2.7896 ppl=16.3 lr=1.23e-04 | 59532 tok/s (avg 56442) ETA 503m14s | gtok=1,295,769,600 | GPU 1.3/45.5GB
step 35200 [35200/81380  43%]  loss=3.2003 ppl=24.5 lr=1.23e-04 | 59627 tok/s (avg 56446) ETA 502m39s | gtok=1,297,612,800 | GPU 1.3/45.5GB
step 35250 [35250/81380  43%]  loss=2.7806 ppl=16.1 lr=1.23e-04 | 59602 tok/s (avg 56450) ETA 502m04s | gtok=1,299,456,000 | GPU 1.3/45.5GB
step 35300 [35300/81380  43%]  loss=2.8536 ppl=17.3 lr=1.23e-04 | 59588 tok/s (avg 56454) ETA 501m29s | gtok=1,301,299,200 | GPU 1.3/45.5GB
step 35350 [35350/81380  43%]  loss=3.0790 ppl=21.7 lr=1.23e-04 | 58895 tok/s (avg 56458) ETA 500m55s | gtok=1,303,142,400 | GPU 1.3/45.5GB
step 35400 [35400/81380  43%]  loss=2.9213 ppl=18.6 lr=1.22e-04 | 59587 tok/s (avg 56462) ETA 500m20s | gtok=1,304,985,600 | GPU 1.3/45.5GB
step 35450 [35450/81380  44%]  loss=2.9281 ppl=18.7 lr=1.22e-04 | 59629 tok/s (avg 56466) ETA 499m45s | gtok=1,306,828,800 | GPU 1.3/45.5GB
step 35500 [35500/81380  44%]  loss=3.0323 ppl=20.7 lr=1.22e-04 | 59482 tok/s (avg 56470) ETA 499m10s | gtok=1,308,672,000 | GPU 1.3/45.5GB
step 35550 [35550/81380  44%]  loss=3.2972 ppl=27.0 lr=1.22e-04 | 59517 tok/s (avg 56474) ETA 498m35s | gtok=1,310,515,200 | GPU 1.3/45.5GB
step 35600 [35600/81380  44%]  loss=3.2947 ppl=27.0 lr=1.22e-04 | 59588 tok/s (avg 56478) ETA 498m01s | gtok=1,312,358,400 | GPU 1.3/45.5GB
step 35650 [35650/81380  44%]  loss=2.8246 ppl=16.9 lr=1.21e-04 | 59416 tok/s (avg 56482) ETA 497m26s | gtok=1,314,201,600 | GPU 1.3/45.5GB
step 35700 [35700/81380  44%]  loss=2.8033 ppl=16.5 lr=1.21e-04 | 59632 tok/s (avg 56486) ETA 496m51s | gtok=1,316,044,800 | GPU 1.3/45.5GB
step 35750 [35750/81380  44%]  loss=2.9642 ppl=19.4 lr=1.21e-04 | 59529 tok/s (avg 56490) ETA 496m16s | gtok=1,317,888,000 | GPU 1.3/45.5GB
step 35800 [35800/81380  44%]  loss=3.2363 ppl=25.4 lr=1.21e-04 | 58833 tok/s (avg 56494) ETA 495m42s | gtok=1,319,731,200 | GPU 1.3/45.5GB
step 35850 [35850/81380  44%]  loss=3.0421 ppl=20.9 lr=1.21e-04 | 59526 tok/s (avg 56498) ETA 495m07s | gtok=1,321,574,400 | GPU 1.3/45.5GB
step 35900 [35900/81380  44%]  loss=3.1006 ppl=22.2 lr=1.21e-04 | 59589 tok/s (avg 56502) ETA 494m33s | gtok=1,323,417,600 | GPU 1.3/45.5GB
step 35950 [35950/81380  44%]  loss=2.8562 ppl=17.4 lr=1.20e-04 | 59624 tok/s (avg 56506) ETA 493m58s | gtok=1,325,260,800 | GPU 1.3/45.5GB
step 36000 [36000/81380  44%]  loss=3.1626 ppl=23.6 lr=1.20e-04 | 59670 tok/s (avg 56510) ETA 493m23s | gtok=1,327,104,000 | GPU 1.3/45.5GB
  [gen @ step 36000, 1,327,104,000 tok] prompt: In 1923, the University of
    In 1923, the University of London’s Department of Economics and Social Sciences awarded the Nobel Prize for Chemistry to Sir William S. Haines (who was an American chemist) for his work on the interplay between two gases, which are thought to be responsible for the formation of new chemical elements from the Sun. The discovery was then due to James Meiram’s efforts in developing a computer model to solve
  [checkpoint] step 36000 -> checkpoints_v13_sempty/mix3b_delta_nodecay_answ100_9f33b50/best_model.pt
  [val @ step 36000] val_loss=3.5866 val_ppl=36.11 *best* (best 36.11)
  [wiki_val @ step 36000] val_loss=4.3930 val_ppl=80.88
  [checkpoint] step 36000 -> checkpoints_v13_sempty/mix3b_delta_nodecay_answ100_9f33b50/latest.pt
  [diag] step 36000 cgu=+0.54 +0.24 +0.24 +0.23 +0.27 +0.34 +0.39 +0.46 +0.59 +0.63 +0.77 +0.87 +0.97 +1.05 +1.17 +1.62  pam=+0.04 +0.03 +0.01 +0.02 +0.05 +0.03 +0.04 +0.10 +0.04 +0.10 +0.09 +0.11 +0.16 +0.17 +0.50 +0.38
  [diag] dtbias=-4.00 -4.00 -4.00 -4.00 -4.00 -4.00 -4.00 -4.00 -4.00 -4.00 -4.00 -4.00 -4.00 -4.00 -4.00 -4.00  ret=1.00 1.00 1.00 1.00 1.00 1.00 1.00 1.00 1.00 1.00 1.00 1.00 1.00 1.00 1.00 1.00
  [diag] dtbias/head(layer-mean)=-4.00 -4.00 -4.00 -4.00 -4.00 -4.00
  [diag] gnorm=6.1e-01 1.9e-01 2.1e-01 8.2e-02 1.7e-01 9.4e-02 1.1e-01 8.1e-02 8.0e-02 8.9e-02 6.9e-02 8.9e-02 1.0e-01 4.0e-01 1.4e-01 1.2e-01  wnorm=69.2 78.9 81.5 81.5 82.2 82.9 83.5 83.0 82.3 82.7 84.2 84.6 85.7 85.7 87.6 88.3
step 36050 [36050/81380  44%]  loss=2.8564 ppl=17.4 lr=1.20e-04 | 24249 tok/s (avg 56406) ETA 493m45s | gtok=1,328,947,200 | GPU 1.3/45.5GB
step 36100 [36100/81380  44%]  loss=3.0238 ppl=20.6 lr=1.20e-04 | 59691 tok/s (avg 56410) ETA 493m10s | gtok=1,330,790,400 | GPU 1.3/45.5GB
step 36150 [36150/81380  44%]  loss=3.0564 ppl=21.3 lr=1.20e-04 | 58661 tok/s (avg 56413) ETA 492m36s | gtok=1,332,633,600 | GPU 1.3/45.5GB
step 36200 [36200/81380  44%]  loss=2.6865 ppl=14.7 lr=1.19e-04 | 59543 tok/s (avg 56417) ETA 492m01s | gtok=1,334,476,800 | GPU 1.3/45.5GB
step 36250 [36250/81380  45%]  loss=3.0917 ppl=22.0 lr=1.19e-04 | 59419 tok/s (avg 56421) ETA 491m26s | gtok=1,336,320,000 | GPU 1.3/45.5GB
step 36300 [36300/81380  45%]  loss=3.0402 ppl=20.9 lr=1.19e-04 | 59418 tok/s (avg 56425) ETA 490m51s | gtok=1,338,163,200 | GPU 1.3/45.5GB
step 36350 [36350/81380  45%]  loss=3.2192 ppl=25.0 lr=1.19e-04 | 59551 tok/s (avg 56429) ETA 490m17s | gtok=1,340,006,400 | GPU 1.3/45.5GB
step 36400 [36400/81380  45%]  loss=3.0686 ppl=21.5 lr=1.19e-04 | 59476 tok/s (avg 56433) ETA 489m42s | gtok=1,341,849,600 | GPU 1.3/45.5GB
step 36450 [36450/81380  45%]  loss=3.2562 ppl=25.9 lr=1.18e-04 | 59588 tok/s (avg 56437) ETA 489m07s | gtok=1,343,692,800 | GPU 1.3/45.5GB
step 36500 [36500/81380  45%]  loss=3.0128 ppl=20.3 lr=1.18e-04 | 59576 tok/s (avg 56441) ETA 488m32s | gtok=1,345,536,000 | GPU 1.3/45.5GB
step 36550 [36550/81380  45%]  loss=3.0496 ppl=21.1 lr=1.18e-04 | 58734 tok/s (avg 56444) ETA 487m58s | gtok=1,347,379,200 | GPU 1.3/45.5GB
step 36600 [36600/81380  45%]  loss=3.0707 ppl=21.6 lr=1.18e-04 | 59492 tok/s (avg 56448) ETA 487m23s | gtok=1,349,222,400 | GPU 1.3/45.5GB
step 36650 [36650/81380  45%]  loss=2.4833 ppl=12.0 lr=1.18e-04 | 59510 tok/s (avg 56452) ETA 486m49s | gtok=1,351,065,600 | GPU 1.3/45.5GB
step 36700 [36700/81380  45%]  loss=3.2562 ppl=26.0 lr=1.17e-04 | 59485 tok/s (avg 56456) ETA 486m14s | gtok=1,352,908,800 | GPU 1.3/45.5GB
step 36750 [36750/81380  45%]  loss=2.8431 ppl=17.2 lr=1.17e-04 | 59428 tok/s (avg 56460) ETA 485m39s | gtok=1,354,752,000 | GPU 1.3/45.5GB
step 36800 [36800/81380  45%]  loss=3.3852 ppl=29.5 lr=1.17e-04 | 59452 tok/s (avg 56464) ETA 485m05s | gtok=1,356,595,200 | GPU 1.3/45.5GB
step 36850 [36850/81380  45%]  loss=3.1247 ppl=22.8 lr=1.17e-04 | 59492 tok/s (avg 56468) ETA 484m30s | gtok=1,358,438,400 | GPU 1.3/45.5GB
step 36900 [36900/81380  45%]  loss=3.2037 ppl=24.6 lr=1.17e-04 | 59511 tok/s (avg 56472) ETA 483m56s | gtok=1,360,281,600 | GPU 1.3/45.5GB
step 36950 [36950/81380  45%]  loss=3.1273 ppl=22.8 lr=1.16e-04 | 59427 tok/s (avg 56475) ETA 483m21s | gtok=1,362,124,800 | GPU 1.3/45.5GB
step 37000 [37000/81380  45%]  loss=3.1262 ppl=22.8 lr=1.16e-04 | 58701 tok/s (avg 56478) ETA 482m47s | gtok=1,363,968,000 | GPU 1.3/45.5GB
  [checkpoint] step 37000 -> checkpoints_v13_sempty/mix3b_delta_nodecay_answ100_9f33b50/latest.pt
step 37050 [37050/81380  46%]  loss=3.3865 ppl=29.6 lr=1.16e-04 | 56237 tok/s (avg 56478) ETA 482m14s | gtok=1,365,811,200 | GPU 1.3/45.5GB
step 37100 [37100/81380  46%]  loss=2.9881 ppl=19.8 lr=1.16e-04 | 59356 tok/s (avg 56482) ETA 481m40s | gtok=1,367,654,400 | GPU 1.3/45.5GB
step 37150 [37150/81380  46%]  loss=3.1085 ppl=22.4 lr=1.16e-04 | 59539 tok/s (avg 56486) ETA 481m05s | gtok=1,369,497,600 | GPU 1.3/45.5GB
step 37200 [37200/81380  46%]  loss=2.9740 ppl=19.6 lr=1.16e-04 | 59447 tok/s (avg 56489) ETA 480m31s | gtok=1,371,340,800 | GPU 1.3/45.5GB
step 37250 [37250/81380  46%]  loss=2.5537 ppl=12.9 lr=1.15e-04 | 59472 tok/s (avg 56493) ETA 479m56s | gtok=1,373,184,000 | GPU 1.3/45.5GB
step 37300 [37300/81380  46%]  loss=3.1006 ppl=22.2 lr=1.15e-04 | 59607 tok/s (avg 56497) ETA 479m21s | gtok=1,375,027,200 | GPU 1.3/45.5GB
step 37350 [37350/81380  46%]  loss=2.7714 ppl=16.0 lr=1.15e-04 | 59535 tok/s (avg 56501) ETA 478m47s | gtok=1,376,870,400 | GPU 1.3/45.5GB
step 37400 [37400/81380  46%]  loss=3.0648 ppl=21.4 lr=1.15e-04 | 59503 tok/s (avg 56505) ETA 478m12s | gtok=1,378,713,600 | GPU 1.3/45.5GB
step 37450 [37450/81380  46%]  loss=3.1322 ppl=22.9 lr=1.15e-04 | 58925 tok/s (avg 56508) ETA 477m38s | gtok=1,380,556,800 | GPU 1.3/45.5GB
step 37500 [37500/81380  46%]  loss=3.1286 ppl=22.8 lr=1.14e-04 | 52086 tok/s (avg 56502) ETA 477m09s | gtok=1,382,400,000 | GPU 1.3/45.5GB
step 37550 [37550/81380  46%]  loss=2.9674 ppl=19.4 lr=1.14e-04 | 59658 tok/s (avg 56505) ETA 476m34s | gtok=1,384,243,200 | GPU 1.3/45.5GB
step 37600 [37600/81380  46%]  loss=2.8959 ppl=18.1 lr=1.14e-04 | 59445 tok/s (avg 56509) ETA 476m00s | gtok=1,386,086,400 | GPU 1.3/45.5GB
step 37650 [37650/81380  46%]  loss=2.6906 ppl=14.7 lr=1.14e-04 | 59594 tok/s (avg 56513) ETA 475m25s | gtok=1,387,929,600 | GPU 1.3/45.5GB
step 37700 [37700/81380  46%]  loss=3.2815 ppl=26.6 lr=1.14e-04 | 59508 tok/s (avg 56517) ETA 474m50s | gtok=1,389,772,800 | GPU 1.3/45.5GB
step 37750 [37750/81380  46%]  loss=2.9217 ppl=18.6 lr=1.13e-04 | 59704 tok/s (avg 56521) ETA 474m16s | gtok=1,391,616,000 | GPU 1.3/45.5GB
step 37800 [37800/81380  46%]  loss=3.2625 ppl=26.1 lr=1.13e-04 | 59487 tok/s (avg 56525) ETA 473m41s | gtok=1,393,459,200 | GPU 1.3/45.5GB
step 37850 [37850/81380  47%]  loss=3.2025 ppl=24.6 lr=1.13e-04 | 58697 tok/s (avg 56527) ETA 473m07s | gtok=1,395,302,400 | GPU 1.3/45.5GB
step 37900 [37900/81380  47%]  loss=3.0631 ppl=21.4 lr=1.13e-04 | 59412 tok/s (avg 56531) ETA 472m33s | gtok=1,397,145,600 | GPU 1.3/45.5GB
step 37950 [37950/81380  47%]  loss=3.0340 ppl=20.8 lr=1.13e-04 | 59422 tok/s (avg 56535) ETA 471m59s | gtok=1,398,988,800 | GPU 1.3/45.5GB
step 38000 [38000/81380  47%]  loss=2.7919 ppl=16.3 lr=1.12e-04 | 59543 tok/s (avg 56538) ETA 471m24s | gtok=1,400,832,000 | GPU 1.3/45.5GB
  [checkpoint] step 38000 -> checkpoints_v13_sempty/mix3b_delta_nodecay_answ100_9f33b50/best_model.pt
  [val @ step 38000] val_loss=3.5603 val_ppl=35.17 *best* (best 35.17)
  [wiki_val @ step 38000] val_loss=4.3770 val_ppl=79.60
  [checkpoint] step 38000 -> checkpoints_v13_sempty/mix3b_delta_nodecay_answ100_9f33b50/latest.pt
  [diag] step 38000 cgu=+0.53 +0.23 +0.23 +0.23 +0.26 +0.34 +0.39 +0.46 +0.58 +0.63 +0.76 +0.86 +0.98 +1.06 +1.18 +1.63  pam=+0.04 +0.03 +0.01 +0.02 +0.05 +0.03 +0.04 +0.10 +0.04 +0.10 +0.09 +0.11 +0.16 +0.17 +0.50 +0.39
  [diag] dtbias=-4.00 -4.00 -4.00 -4.00 -4.00 -4.00 -4.00 -4.00 -4.00 -4.00 -4.00 -4.00 -4.00 -4.00 -4.00 -4.00  ret=1.00 1.00 1.00 1.00 1.00 1.00 1.00 1.00 1.00 1.00 1.00 1.00 1.00 1.00 1.00 1.00
  [diag] dtbias/head(layer-mean)=-4.00 -4.00 -4.00 -4.00 -4.00 -4.00
  [diag] gnorm=5.4e-01 9.9e-02 1.1e-01 7.0e-02 4.7e-01 2.3e-01 8.5e-02 8.3e-02 8.7e-02 1.5e-01 7.5e-02 8.4e-02 1.2e-01 2.5e-01 1.3e-01 1.2e-01  wnorm=69.5 79.4 82.1 82.1 82.7 83.5 84.1 83.5 82.9 83.3 84.7 85.1 86.2 86.2 88.1 88.8
step 38050 [38050/81380  47%]  loss=3.1042 ppl=22.3 lr=1.12e-04 | 24691 tok/s (avg 56443) ETA 471m39s | gtok=1,402,675,200 | GPU 1.3/45.5GB
step 38100 [38100/81380  47%]  loss=3.1492 ppl=23.3 lr=1.12e-04 | 59498 tok/s (avg 56446) ETA 471m05s | gtok=1,404,518,400 | GPU 1.3/45.5GB
step 38150 [38150/81380  47%]  loss=2.8120 ppl=16.6 lr=1.12e-04 | 59647 tok/s (avg 56450) ETA 470m30s | gtok=1,406,361,600 | GPU 1.3/45.5GB
step 38200 [38200/81380  47%]  loss=3.2070 ppl=24.7 lr=1.12e-04 | 58543 tok/s (avg 56453) ETA 469m56s | gtok=1,408,204,800 | GPU 1.3/45.5GB
step 38250 [38250/81380  47%]  loss=3.0941 ppl=22.1 lr=1.11e-04 | 59547 tok/s (avg 56457) ETA 469m22s | gtok=1,410,048,000 | GPU 1.3/45.5GB
step 38300 [38300/81380  47%]  loss=3.1215 ppl=22.7 lr=1.11e-04 | 59498 tok/s (avg 56461) ETA 468m47s | gtok=1,411,891,200 | GPU 1.3/45.5GB
step 38350 [38350/81380  47%]  loss=2.9125 ppl=18.4 lr=1.11e-04 | 59510 tok/s (avg 56464) ETA 468m13s | gtok=1,413,734,400 | GPU 1.3/45.5GB
step 38400 [38400/81380  47%]  loss=3.1107 ppl=22.4 lr=1.11e-04 | 59631 tok/s (avg 56468) ETA 467m38s | gtok=1,415,577,600 | GPU 1.3/45.5GB
step 38450 [38450/81380  47%]  loss=3.1830 ppl=24.1 lr=1.11e-04 | 59583 tok/s (avg 56472) ETA 467m03s | gtok=1,417,420,800 | GPU 1.3/45.5GB
step 38500 [38500/81380  47%]  loss=3.2802 ppl=26.6 lr=1.10e-04 | 59413 tok/s (avg 56476) ETA 466m29s | gtok=1,419,264,000 | GPU 1.3/45.5GB
step 38550 [38550/81380  47%]  loss=3.0765 ppl=21.7 lr=1.10e-04 | 59406 tok/s (avg 56479) ETA 465m55s | gtok=1,421,107,200 | GPU 1.3/45.5GB
step 38600 [38600/81380  47%]  loss=3.1609 ppl=23.6 lr=1.10e-04 | 59549 tok/s (avg 56483) ETA 465m20s | gtok=1,422,950,400 | GPU 1.3/45.5GB
step 38650 [38650/81380  47%]  loss=2.5918 ppl=13.4 lr=1.10e-04 | 58940 tok/s (avg 56486) ETA 464m46s | gtok=1,424,793,600 | GPU 1.3/45.5GB
step 38700 [38700/81380  48%]  loss=3.0761 ppl=21.7 lr=1.10e-04 | 59563 tok/s (avg 56490) ETA 464m11s | gtok=1,426,636,800 | GPU 1.3/45.5GB
step 38750 [38750/81380  48%]  loss=3.0051 ppl=20.2 lr=1.10e-04 | 59559 tok/s (avg 56494) ETA 463m37s | gtok=1,428,480,000 | GPU 1.3/45.5GB
step 38800 [38800/81380  48%]  loss=2.8360 ppl=17.0 lr=1.09e-04 | 59502 tok/s (avg 56497) ETA 463m02s | gtok=1,430,323,200 | GPU 1.3/45.5GB
step 38850 [38850/81380  48%]  loss=3.1824 ppl=24.1 lr=1.09e-04 | 59572 tok/s (avg 56501) ETA 462m28s | gtok=1,432,166,400 | GPU 1.3/45.5GB
step 38900 [38900/81380  48%]  loss=2.8605 ppl=17.5 lr=1.09e-04 | 59635 tok/s (avg 56505) ETA 461m54s | gtok=1,434,009,600 | GPU 1.3/45.5GB
step 38950 [38950/81380  48%]  loss=3.1603 ppl=23.6 lr=1.09e-04 | 59502 tok/s (avg 56509) ETA 461m19s | gtok=1,435,852,800 | GPU 1.3/45.5GB
step 39000 [39000/81380  48%]  loss=2.7718 ppl=16.0 lr=1.09e-04 | 59437 tok/s (avg 56512) ETA 460m45s | gtok=1,437,696,000 | GPU 1.3/45.5GB
  [checkpoint] step 39000 -> checkpoints_v13_sempty/mix3b_delta_nodecay_answ100_9f33b50/latest.pt
step 39050 [39050/81380  48%]  loss=3.0741 ppl=21.6 lr=1.08e-04 | 56361 tok/s (avg 56512) ETA 460m12s | gtok=1,439,539,200 | GPU 1.3/45.5GB
step 39100 [39100/81380  48%]  loss=3.2730 ppl=26.4 lr=1.08e-04 | 58891 tok/s (avg 56515) ETA 459m38s | gtok=1,441,382,400 | GPU 1.3/45.5GB
step 39150 [39150/81380  48%]  loss=2.7379 ppl=15.5 lr=1.08e-04 | 59465 tok/s (avg 56519) ETA 459m04s | gtok=1,443,225,600 | GPU 1.3/45.5GB
step 39200 [39200/81380  48%]  loss=3.0883 ppl=21.9 lr=1.08e-04 | 59571 tok/s (avg 56522) ETA 458m29s | gtok=1,445,068,800 | GPU 1.3/45.5GB
step 39250 [39250/81380  48%]  loss=3.0687 ppl=21.5 lr=1.08e-04 | 59537 tok/s (avg 56526) ETA 457m55s | gtok=1,446,912,000 | GPU 1.3/45.5GB
step 39300 [39300/81380  48%]  loss=3.1698 ppl=23.8 lr=1.07e-04 | 59567 tok/s (avg 56530) ETA 457m21s | gtok=1,448,755,200 | GPU 1.3/45.5GB
step 39350 [39350/81380  48%]  loss=2.7455 ppl=15.6 lr=1.07e-04 | 59543 tok/s (avg 56533) ETA 456m46s | gtok=1,450,598,400 | GPU 1.3/45.5GB
step 39400 [39400/81380  48%]  loss=3.2374 ppl=25.5 lr=1.07e-04 | 59514 tok/s (avg 56537) ETA 456m12s | gtok=1,452,441,600 | GPU 1.3/45.5GB
step 39450 [39450/81380  48%]  loss=2.8080 ppl=16.6 lr=1.07e-04 | 59589 tok/s (avg 56540) ETA 455m38s | gtok=1,454,284,800 | GPU 1.3/45.5GB
step 39500 [39500/81380  49%]  loss=3.1996 ppl=24.5 lr=1.07e-04 | 59612 tok/s (avg 56544) ETA 455m03s | gtok=1,456,128,000 | GPU 1.3/45.5GB
step 39550 [39550/81380  49%]  loss=3.2717 ppl=26.4 lr=1.06e-04 | 58756 tok/s (avg 56547) ETA 454m29s | gtok=1,457,971,200 | GPU 1.3/45.5GB
step 39600 [39600/81380  49%]  loss=3.0568 ppl=21.3 lr=1.06e-04 | 59407 tok/s (avg 56550) ETA 453m55s | gtok=1,459,814,400 | GPU 1.3/45.5GB
step 39650 [39650/81380  49%]  loss=3.0410 ppl=20.9 lr=1.06e-04 | 59527 tok/s (avg 56554) ETA 453m21s | gtok=1,461,657,600 | GPU 1.3/45.5GB
step 39700 [39700/81380  49%]  loss=2.9347 ppl=18.8 lr=1.06e-04 | 59468 tok/s (avg 56557) ETA 452m46s | gtok=1,463,500,800 | GPU 1.3/45.5GB
step 39750 [39750/81380  49%]  loss=2.9881 ppl=19.8 lr=1.06e-04 | 59623 tok/s (avg 56561) ETA 452m12s | gtok=1,465,344,000 | GPU 1.3/45.5GB
step 39800 [39800/81380  49%]  loss=2.9877 ppl=19.8 lr=1.05e-04 | 59577 tok/s (avg 56565) ETA 451m38s | gtok=1,467,187,200 | GPU 1.3/45.5GB
step 39850 [39850/81380  49%]  loss=2.9244 ppl=18.6 lr=1.05e-04 | 59461 tok/s (avg 56568) ETA 451m04s | gtok=1,469,030,400 | GPU 1.3/45.5GB
step 39900 [39900/81380  49%]  loss=2.7318 ppl=15.4 lr=1.05e-04 | 51481 tok/s (avg 56561) ETA 450m34s | gtok=1,470,873,600 | GPU 1.3/45.5GB
step 39950 [39950/81380  49%]  loss=3.1433 ppl=23.2 lr=1.05e-04 | 58905 tok/s (avg 56564) ETA 450m00s | gtok=1,472,716,800 | GPU 1.3/45.5GB
step 40000 [40000/81380  49%]  loss=2.7812 ppl=16.1 lr=1.05e-04 | 59581 tok/s (avg 56567) ETA 449m26s | gtok=1,474,560,000 | GPU 1.3/45.5GB
  [gen @ step 40000, 1,474,560,000 tok] prompt: In 1923, the University of
    In 1923, the University of North Carolina and North Carolina became the first university in the nation to graduate from a bachelor's degree in electrical engineering. The university is a major center for graduate students in electrical engineering. The university is an active business area that aims to create jobs in the field of electrical engineering as well as the general public.
In addition to faculty, professors are also famous for helping other students learn at the college level
  [checkpoint] step 40000 -> checkpoints_v13_sempty/mix3b_delta_nodecay_answ100_9f33b50/best_model.pt
  [val @ step 40000] val_loss=3.5502 val_ppl=34.82 *best* (best 34.82)
  [wiki_val @ step 40000] val_loss=4.3707 val_ppl=79.10
  [checkpoint] step 40000 -> checkpoints_v13_sempty/mix3b_delta_nodecay_answ100_9f33b50/latest.pt
  [checkpoint] step 40000 -> checkpoints_v13_sempty/mix3b_delta_nodecay_answ100_9f33b50/step_040000.pt
  [checkpoint] pruned step_030000.pt
  [diag] step 40000 cgu=+0.52 +0.23 +0.23 +0.23 +0.26 +0.33 +0.38 +0.45 +0.58 +0.63 +0.77 +0.87 +0.99 +1.07 +1.18 +1.65  pam=+0.04 +0.02 +0.01 +0.02 +0.05 +0.03 +0.04 +0.10 +0.04 +0.10 +0.09 +0.11 +0.17 +0.17 +0.50 +0.40
  [diag] dtbias=-4.00 -4.00 -4.00 -4.00 -4.00 -4.00 -4.00 -4.00 -4.00 -4.00 -4.00 -4.00 -4.00 -4.00 -4.00 -4.00  ret=1.00 1.00 1.00 1.00 1.00 1.00 1.00 1.00 1.00 1.00 1.00 1.00 1.00 1.00 1.00 1.00
  [diag] dtbias/head(layer-mean)=-4.00 -4.00 -4.00 -4.00 -4.00 -4.00
  [diag] gnorm=4.1e-01 2.0e-01 2.3e-01 8.4e-02 3.4e-01 1.2e-01 8.5e-02 1.2e-01 1.1e-01 7.8e-02 6.1e-02 7.0e-02 8.4e-02 5.4e-01 1.0e-01 9.6e-02  wnorm=69.9 79.9 82.6 82.6 83.2 83.9 84.5 84.0 83.3 83.7 85.2 85.5 86.7 86.6 88.6 89.3
step 40050 [40050/81380  49%]  loss=3.1665 ppl=23.7 lr=1.04e-04 | 23877 tok/s (avg 56471) ETA 449m40s | gtok=1,476,403,200 | GPU 1.3/45.5GB
step 40100 [40100/81380  49%]  loss=2.8429 ppl=17.2 lr=1.04e-04 | 59461 tok/s (avg 56474) ETA 449m05s | gtok=1,478,246,400 | GPU 1.3/45.5GB
step 40150 [40150/81380  49%]  loss=3.1139 ppl=22.5 lr=1.04e-04 | 59557 tok/s (avg 56478) ETA 448m31s | gtok=1,480,089,600 | GPU 1.3/45.5GB
step 40200 [40200/81380  49%]  loss=2.9805 ppl=19.7 lr=1.04e-04 | 59504 tok/s (avg 56482) ETA 447m57s | gtok=1,481,932,800 | GPU 1.3/45.5GB
step 40250 [40250/81380  49%]  loss=3.0501 ppl=21.1 lr=1.04e-04 | 59549 tok/s (avg 56485) ETA 447m22s | gtok=1,483,776,000 | GPU 1.3/45.5GB
step 40300 [40300/81380  50%]  loss=3.2575 ppl=26.0 lr=1.03e-04 | 58817 tok/s (avg 56488) ETA 446m48s | gtok=1,485,619,200 | GPU 1.3/45.5GB
step 40350 [40350/81380  50%]  loss=3.2454 ppl=25.7 lr=1.03e-04 | 59554 tok/s (avg 56492) ETA 446m14s | gtok=1,487,462,400 | GPU 1.3/45.5GB
step 40400 [40400/81380  50%]  loss=3.0746 ppl=21.6 lr=1.03e-04 | 59470 tok/s (avg 56495) ETA 445m40s | gtok=1,489,305,600 | GPU 1.3/45.5GB
step 40450 [40450/81380  50%]  loss=2.8743 ppl=17.7 lr=1.03e-04 | 59481 tok/s (avg 56499) ETA 445m05s | gtok=1,491,148,800 | GPU 1.3/45.5GB
step 40500 [40500/81380  50%]  loss=3.1803 ppl=24.1 lr=1.03e-04 | 59395 tok/s (avg 56502) ETA 444m31s | gtok=1,492,992,000 | GPU 1.3/45.5GB
step 40550 [40550/81380  50%]  loss=2.9886 ppl=19.9 lr=1.03e-04 | 59580 tok/s (avg 56506) ETA 443m57s | gtok=1,494,835,200 | GPU 1.3/45.5GB
step 40600 [40600/81380  50%]  loss=2.8973 ppl=18.1 lr=1.02e-04 | 59407 tok/s (avg 56509) ETA 443m23s | gtok=1,496,678,400 | GPU 1.3/45.5GB
step 40650 [40650/81380  50%]  loss=2.9739 ppl=19.6 lr=1.02e-04 | 59410 tok/s (avg 56512) ETA 442m48s | gtok=1,498,521,600 | GPU 1.3/45.5GB
step 40700 [40700/81380  50%]  loss=3.1203 ppl=22.7 lr=1.02e-04 | 59367 tok/s (avg 56516) ETA 442m14s | gtok=1,500,364,800 | GPU 1.3/45.5GB
step 40750 [40750/81380  50%]  loss=3.1983 ppl=24.5 lr=1.02e-04 | 58741 tok/s (avg 56518) ETA 441m40s | gtok=1,502,208,000 | GPU 1.3/45.5GB
step 40800 [40800/81380  50%]  loss=3.0833 ppl=21.8 lr=1.02e-04 | 59373 tok/s (avg 56522) ETA 441m06s | gtok=1,504,051,200 | GPU 1.3/45.5GB
step 40850 [40850/81380  50%]  loss=2.7856 ppl=16.2 lr=1.01e-04 | 59481 tok/s (avg 56525) ETA 440m32s | gtok=1,505,894,400 | GPU 1.3/45.5GB
step 40900 [40900/81380  50%]  loss=3.2170 ppl=25.0 lr=1.01e-04 | 59478 tok/s (avg 56529) ETA 439m58s | gtok=1,507,737,600 | GPU 1.3/45.5GB
step 40950 [40950/81380  50%]  loss=3.0766 ppl=21.7 lr=1.01e-04 | 59492 tok/s (avg 56532) ETA 439m23s | gtok=1,509,580,800 | GPU 1.3/45.5GB
step 41000 [41000/81380  50%]  loss=2.7930 ppl=16.3 lr=1.01e-04 | 59544 tok/s (avg 56536) ETA 438m49s | gtok=1,511,424,000 | GPU 1.3/45.5GB
  [checkpoint] step 41000 -> checkpoints_v13_sempty/mix3b_delta_nodecay_answ100_9f33b50/latest.pt
step 41050 [41050/81380  50%]  loss=2.7838 ppl=16.2 lr=1.01e-04 | 56450 tok/s (avg 56535) ETA 438m17s | gtok=1,513,267,200 | GPU 1.3/45.5GB
step 41100 [41100/81380  51%]  loss=3.0215 ppl=20.5 lr=1.00e-04 | 59582 tok/s (avg 56539) ETA 437m42s | gtok=1,515,110,400 | GPU 1.3/45.5GB
step 41150 [41150/81380  51%]  loss=3.3174 ppl=27.6 lr=1.00e-04 | 59514 tok/s (avg 56542) ETA 437m08s | gtok=1,516,953,600 | GPU 1.3/45.5GB
step 41200 [41200/81380  51%]  loss=3.2016 ppl=24.6 lr=1.00e-04 | 58716 tok/s (avg 56545) ETA 436m35s | gtok=1,518,796,800 | GPU 1.3/45.5GB
step 41250 [41250/81380  51%]  loss=2.7151 ppl=15.1 lr=9.98e-05 | 59803 tok/s (avg 56549) ETA 436m00s | gtok=1,520,640,000 | GPU 1.3/45.5GB
step 41300 [41300/81380  51%]  loss=2.6607 ppl=14.3 lr=9.96e-05 | 59562 tok/s (avg 56552) ETA 435m26s | gtok=1,522,483,200 | GPU 1.3/45.5GB
step 41350 [41350/81380  51%]  loss=3.2608 ppl=26.1 lr=9.94e-05 | 59476 tok/s (avg 56556) ETA 434m52s | gtok=1,524,326,400 | GPU 1.3/45.5GB
step 41400 [41400/81380  51%]  loss=3.1372 ppl=23.0 lr=9.92e-05 | 59520 tok/s (avg 56559) ETA 434m18s | gtok=1,526,169,600 | GPU 1.3/45.5GB
step 41450 [41450/81380  51%]  loss=3.0602 ppl=21.3 lr=9.90e-05 | 59429 tok/s (avg 56562) ETA 433m44s | gtok=1,528,012,800 | GPU 1.3/45.5GB
step 41500 [41500/81380  51%]  loss=3.1649 ppl=23.7 lr=9.88e-05 | 59557 tok/s (avg 56566) ETA 433m09s | gtok=1,529,856,000 | GPU 1.3/45.5GB
step 41550 [41550/81380  51%]  loss=3.0103 ppl=20.3 lr=9.86e-05 | 59596 tok/s (avg 56569) ETA 432m35s | gtok=1,531,699,200 | GPU 1.3/45.5GB
step 41600 [41600/81380  51%]  loss=2.9673 ppl=19.4 lr=9.84e-05 | 58843 tok/s (avg 56572) ETA 432m01s | gtok=1,533,542,400 | GPU 1.3/45.5GB
step 41650 [41650/81380  51%]  loss=3.0399 ppl=20.9 lr=9.82e-05 | 59515 tok/s (avg 56575) ETA 431m27s | gtok=1,535,385,600 | GPU 1.3/45.5GB
step 41700 [41700/81380  51%]  loss=2.8520 ppl=17.3 lr=9.80e-05 | 59420 tok/s (avg 56578) ETA 430m53s | gtok=1,537,228,800 | GPU 1.3/45.5GB
step 41750 [41750/81380  51%]  loss=3.2974 ppl=27.0 lr=9.78e-05 | 59533 tok/s (avg 56582) ETA 430m19s | gtok=1,539,072,000 | GPU 1.3/45.5GB
step 41800 [41800/81380  51%]  loss=3.0371 ppl=20.8 lr=9.76e-05 | 59553 tok/s (avg 56585) ETA 429m45s | gtok=1,540,915,200 | GPU 1.3/45.5GB
step 41850 [41850/81380  51%]  loss=3.3017 ppl=27.2 lr=9.74e-05 | 59599 tok/s (avg 56588) ETA 429m11s | gtok=1,542,758,400 | GPU 1.3/45.5GB
step 41900 [41900/81380  51%]  loss=3.0487 ppl=21.1 lr=9.72e-05 | 59584 tok/s (avg 56592) ETA 428m37s | gtok=1,544,601,600 | GPU 1.3/45.5GB
step 41950 [41950/81380  52%]  loss=2.9781 ppl=19.7 lr=9.70e-05 | 59535 tok/s (avg 56595) ETA 428m03s | gtok=1,546,444,800 | GPU 1.3/45.5GB
step 42000 [42000/81380  52%]  loss=2.8643 ppl=17.5 lr=9.68e-05 | 59578 tok/s (avg 56599) ETA 427m29s | gtok=1,548,288,000 | GPU 1.3/45.5GB
  [checkpoint] step 42000 -> checkpoints_v13_sempty/mix3b_delta_nodecay_answ100_9f33b50/best_model.pt
  [val @ step 42000] val_loss=3.5323 val_ppl=34.20 *best* (best 34.20)
  [wiki_val @ step 42000] val_loss=4.3503 val_ppl=77.50
  [checkpoint] step 42000 -> checkpoints_v13_sempty/mix3b_delta_nodecay_answ100_9f33b50/latest.pt
  [diag] step 42000 cgu=+0.51 +0.23 +0.23 +0.23 +0.26 +0.33 +0.39 +0.45 +0.58 +0.62 +0.76 +0.87 +0.99 +1.07 +1.19 +1.66  pam=+0.03 +0.02 +0.01 +0.02 +0.05 +0.03 +0.04 +0.10 +0.04 +0.10 +0.10 +0.12 +0.17 +0.17 +0.51 +0.40
  [diag] dtbias=-4.00 -4.00 -4.00 -4.00 -4.00 -4.00 -4.00 -4.00 -4.00 -4.00 -4.00 -4.00 -4.00 -4.00 -4.00 -4.00  ret=1.00 1.00 1.00 1.00 1.00 1.00 1.00 1.00 1.00 1.00 1.00 1.00 1.00 1.00 1.00 1.00
  [diag] dtbias/head(layer-mean)=-4.00 -4.00 -4.00 -4.00 -4.00 -4.00
  [diag] gnorm=3.4e-01 1.2e-01 2.7e-01 7.6e-02 4.4e-01 1.3e-01 7.4e-02 8.4e-02 6.4e-02 6.9e-02 5.2e-02 6.9e-02 1.0e-01 6.0e-01 9.6e-02 8.6e-02  wnorm=70.1 80.3 83.1 83.0 83.6 84.3 85.0 84.3 83.7 84.1 85.6 85.9 87.0 87.0 89.0 89.6
step 42050 [42050/81380  52%]  loss=3.1433 ppl=23.2 lr=9.66e-05 | 23122 tok/s (avg 56501) ETA 427m40s | gtok=1,550,131,200 | GPU 1.3/45.5GB
step 42100 [42100/81380  52%]  loss=3.0212 ppl=20.5 lr=9.64e-05 | 59496 tok/s (avg 56505) ETA 427m06s | gtok=1,551,974,400 | GPU 1.3/45.5GB
step 42150 [42150/81380  52%]  loss=3.0528 ppl=21.2 lr=9.62e-05 | 59549 tok/s (avg 56508) ETA 426m32s | gtok=1,553,817,600 | GPU 1.3/45.5GB
step 42200 [42200/81380  52%]  loss=3.1606 ppl=23.6 lr=9.61e-05 | 59602 tok/s (avg 56512) ETA 425m58s | gtok=1,555,660,800 | GPU 1.3/45.5GB
step 42250 [42250/81380  52%]  loss=2.8979 ppl=18.1 lr=9.59e-05 | 59515 tok/s (avg 56515) ETA 425m24s | gtok=1,557,504,000 | GPU 1.3/45.5GB
step 42300 [42300/81380  52%]  loss=3.1428 ppl=23.2 lr=9.57e-05 | 59468 tok/s (avg 56518) ETA 424m49s | gtok=1,559,347,200 | GPU 1.3/45.5GB
step 42350 [42350/81380  52%]  loss=2.9876 ppl=19.8 lr=9.55e-05 | 59486 tok/s (avg 56522) ETA 424m15s | gtok=1,561,190,400 | GPU 1.3/45.5GB
step 42400 [42400/81380  52%]  loss=2.9411 ppl=18.9 lr=9.53e-05 | 58727 tok/s (avg 56524) ETA 423m42s | gtok=1,563,033,600 | GPU 1.3/45.5GB
step 42450 [42450/81380  52%]  loss=3.2818 ppl=26.6 lr=9.51e-05 | 59563 tok/s (avg 56528) ETA 423m07s | gtok=1,564,876,800 | GPU 1.3/45.5GB
step 42500 [42500/81380  52%]  loss=2.9624 ppl=19.3 lr=9.49e-05 | 59488 tok/s (avg 56531) ETA 422m33s | gtok=1,566,720,000 | GPU 1.3/45.5GB
step 42550 [42550/81380  52%]  loss=3.1554 ppl=23.5 lr=9.47e-05 | 59265 tok/s (avg 56534) ETA 421m59s | gtok=1,568,563,200 | GPU 1.3/45.5GB
step 42600 [42600/81380  52%]  loss=3.0063 ppl=20.2 lr=9.45e-05 | 59571 tok/s (avg 56537) ETA 421m25s | gtok=1,570,406,400 | GPU 1.3/45.5GB
step 42650 [42650/81380  52%]  loss=3.0244 ppl=20.6 lr=9.43e-05 | 59388 tok/s (avg 56540) ETA 420m51s | gtok=1,572,249,600 | GPU 1.3/45.5GB
step 42700 [42700/81380  52%]  loss=2.9980 ppl=20.0 lr=9.41e-05 | 59514 tok/s (avg 56544) ETA 420m17s | gtok=1,574,092,800 | GPU 1.3/45.5GB
step 42750 [42750/81380  53%]  loss=3.1575 ppl=23.5 lr=9.39e-05 | 59506 tok/s (avg 56547) ETA 419m43s | gtok=1,575,936,000 | GPU 1.3/45.5GB
step 42800 [42800/81380  53%]  loss=2.6485 ppl=14.1 lr=9.37e-05 | 59457 tok/s (avg 56550) ETA 419m09s | gtok=1,577,779,200 | GPU 1.3/45.5GB
step 42850 [42850/81380  53%]  loss=2.9471 ppl=19.0 lr=9.35e-05 | 58707 tok/s (avg 56553) ETA 418m35s | gtok=1,579,622,400 | GPU 1.3/45.5GB
step 42900 [42900/81380  53%]  loss=2.8437 ppl=17.2 lr=9.33e-05 | 59532 tok/s (avg 56556) ETA 418m01s | gtok=1,581,465,600 | GPU 1.3/45.5GB
step 42950 [42950/81380  53%]  loss=2.5214 ppl=12.4 lr=9.31e-05 | 59511 tok/s (avg 56559) ETA 417m27s | gtok=1,583,308,800 | GPU 1.3/45.5GB
step 43000 [43000/81380  53%]  loss=3.1044 ppl=22.3 lr=9.29e-05 | 59493 tok/s (avg 56563) ETA 416m53s | gtok=1,585,152,000 | GPU 1.3/45.5GB
  [checkpoint] step 43000 -> checkpoints_v13_sempty/mix3b_delta_nodecay_answ100_9f33b50/latest.pt
step 43050 [43050/81380  53%]  loss=3.2001 ppl=24.5 lr=9.27e-05 | 56235 tok/s (avg 56562) ETA 416m21s | gtok=1,586,995,200 | GPU 1.3/45.5GB
step 43100 [43100/81380  53%]  loss=3.0009 ppl=20.1 lr=9.25e-05 | 59555 tok/s (avg 56565) ETA 415m47s | gtok=1,588,838,400 | GPU 1.3/45.5GB
step 43150 [43150/81380  53%]  loss=3.0865 ppl=21.9 lr=9.23e-05 | 59470 tok/s (avg 56569) ETA 415m13s | gtok=1,590,681,600 | GPU 1.3/45.5GB
step 43200 [43200/81380  53%]  loss=3.0329 ppl=20.8 lr=9.22e-05 | 59736 tok/s (avg 56572) ETA 414m39s | gtok=1,592,524,800 | GPU 1.3/45.5GB
step 43250 [43250/81380  53%]  loss=2.9788 ppl=19.7 lr=9.20e-05 | 58764 tok/s (avg 56575) ETA 414m05s | gtok=1,594,368,000 | GPU 1.3/45.5GB
step 43300 [43300/81380  53%]  loss=3.0320 ppl=20.7 lr=9.18e-05 | 59575 tok/s (avg 56578) ETA 413m31s | gtok=1,596,211,200 | GPU 1.3/45.5GB
step 43350 [43350/81380  53%]  loss=2.9617 ppl=19.3 lr=9.16e-05 | 59524 tok/s (avg 56581) ETA 412m57s | gtok=1,598,054,400 | GPU 1.3/45.5GB
step 43400 [43400/81380  53%]  loss=2.8342 ppl=17.0 lr=9.14e-05 | 59490 tok/s (avg 56584) ETA 412m23s | gtok=1,599,897,600 | GPU 1.3/45.5GB
step 43450 [43450/81380  53%]  loss=3.1241 ppl=22.7 lr=9.12e-05 | 59500 tok/s (avg 56587) ETA 411m49s | gtok=1,601,740,800 | GPU 1.3/45.5GB
step 43500 [43500/81380  53%]  loss=2.9354 ppl=18.8 lr=9.10e-05 | 59585 tok/s (avg 56591) ETA 411m15s | gtok=1,603,584,000 | GPU 1.3/45.5GB
step 43550 [43550/81380  54%]  loss=2.7262 ppl=15.3 lr=9.08e-05 | 59521 tok/s (avg 56594) ETA 410m41s | gtok=1,605,427,200 | GPU 1.3/45.5GB
step 43600 [43600/81380  54%]  loss=3.1032 ppl=22.3 lr=9.06e-05 | 59375 tok/s (avg 56597) ETA 410m07s | gtok=1,607,270,400 | GPU 1.3/45.5GB
step 43650 [43650/81380  54%]  loss=3.1108 ppl=22.4 lr=9.04e-05 | 59530 tok/s (avg 56600) ETA 409m33s | gtok=1,609,113,600 | GPU 1.3/45.5GB
step 43700 [43700/81380  54%]  loss=2.6448 ppl=14.1 lr=9.02e-05 | 58846 tok/s (avg 56603) ETA 409m00s | gtok=1,610,956,800 | GPU 1.3/45.5GB
step 43750 [43750/81380  54%]  loss=3.1268 ppl=22.8 lr=9.00e-05 | 59485 tok/s (avg 56606) ETA 408m26s | gtok=1,612,800,000 | GPU 1.3/45.5GB
step 43800 [43800/81380  54%]  loss=2.9176 ppl=18.5 lr=8.98e-05 | 59502 tok/s (avg 56609) ETA 407m52s | gtok=1,614,643,200 | GPU 1.3/45.5GB
step 43850 [43850/81380  54%]  loss=2.9394 ppl=18.9 lr=8.96e-05 | 59548 tok/s (avg 56612) ETA 407m18s | gtok=1,616,486,400 | GPU 1.3/45.5GB
step 43900 [43900/81380  54%]  loss=3.1290 ppl=22.9 lr=8.94e-05 | 59535 tok/s (avg 56615) ETA 406m44s | gtok=1,618,329,600 | GPU 1.3/45.5GB
step 43950 [43950/81380  54%]  loss=2.9312 ppl=18.7 lr=8.92e-05 | 59439 tok/s (avg 56618) ETA 406m10s | gtok=1,620,172,800 | GPU 1.3/45.5GB
step 44000 [44000/81380  54%]  loss=2.8172 ppl=16.7 lr=8.90e-05 | 59759 tok/s (avg 56622) ETA 405m36s | gtok=1,622,016,000 | GPU 1.3/45.5GB
  [gen @ step 44000, 1,622,016,000 tok] prompt: In 1923, the University of
    In 1923, the University of Glasgow had to find an end to a major conflict in England over the use of firearms. The conflict was also being fought by the British, who had been using their guns for fighting against the British and wanted to put them into action. They agreed to supply the British Army with supplies and ammunition, as well as supplies from Europe. However, Britain did not accept this and it finally failed on May 2
  [checkpoint] step 44000 -> checkpoints_v13_sempty/mix3b_delta_nodecay_answ100_9f33b50/best_model.pt
  [val @ step 44000] val_loss=3.5249 val_ppl=33.95 *best* (best 33.95)
  [wiki_val @ step 44000] val_loss=4.3259 val_ppl=75.63
  [checkpoint] step 44000 -> checkpoints_v13_sempty/mix3b_delta_nodecay_answ100_9f33b50/latest.pt
  [diag] step 44000 cgu=+0.50 +0.22 +0.23 +0.23 +0.25 +0.33 +0.39 +0.45 +0.58 +0.62 +0.76 +0.87 +0.99 +1.08 +1.19 +1.67  pam=+0.03 +0.02 +0.00 +0.02 +0.05 +0.03 +0.04 +0.10 +0.04 +0.10 +0.10 +0.12 +0.17 +0.17 +0.51 +0.41
  [diag] dtbias=-4.00 -4.00 -4.00 -4.00 -4.00 -4.00 -4.00 -4.00 -4.00 -4.00 -4.00 -4.00 -4.00 -4.00 -4.00 -4.00  ret=1.00 1.00 1.00 1.00 1.00 1.00 1.00 1.00 1.00 1.00 1.00 1.00 1.00 1.00 1.00 1.00
  [diag] dtbias/head(layer-mean)=-4.00 -4.00 -4.00 -4.00 -4.00 -4.00
  [diag] gnorm=4.6e-01 1.0e-01 1.4e-01 7.3e-02 5.4e-01 1.5e-01 8.3e-02 8.2e-02 8.5e-02 1.2e-01 7.1e-02 8.2e-02 1.5e-01 3.0e-01 1.3e-01 1.1e-01  wnorm=70.4 80.6 83.4 83.4 83.9 84.7 85.3 84.7 84.1 84.4 85.9 86.2 87.3 87.3 89.3 89.9
step 44050 [44050/81380  54%]  loss=3.1515 ppl=23.4 lr=8.88e-05 | 23966 tok/s (avg 56534) ETA 405m41s | gtok=1,623,859,200 | GPU 1.3/45.5GB
step 44100 [44100/81380  54%]  loss=2.8469 ppl=17.2 lr=8.87e-05 | 59550 tok/s (avg 56537) ETA 405m07s | gtok=1,625,702,400 | GPU 1.3/45.5GB
step 44150 [44150/81380  54%]  loss=3.3595 ppl=28.8 lr=8.85e-05 | 59539 tok/s (avg 56541) ETA 404m33s | gtok=1,627,545,600 | GPU 1.3/45.5GB
step 44200 [44200/81380  54%]  loss=2.8850 ppl=17.9 lr=8.83e-05 | 59595 tok/s (avg 56544) ETA 403m59s | gtok=1,629,388,800 | GPU 1.3/45.5GB
step 44250 [44250/81380  54%]  loss=2.7848 ppl=16.2 lr=8.81e-05 | 48983 tok/s (avg 56534) ETA 403m31s | gtok=1,631,232,000 | GPU 1.3/45.5GB
step 44300 [44300/81380  54%]  loss=2.9246 ppl=18.6 lr=8.79e-05 | 59652 tok/s (avg 56537) ETA 402m57s | gtok=1,633,075,200 | GPU 1.3/45.5GB
step 44350 [44350/81380  54%]  loss=3.1814 ppl=24.1 lr=8.77e-05 | 59586 tok/s (avg 56541) ETA 402m23s | gtok=1,634,918,400 | GPU 1.3/45.5GB
step 44400 [44400/81380  55%]  loss=3.2093 ppl=24.8 lr=8.75e-05 | 59601 tok/s (avg 56544) ETA 401m49s | gtok=1,636,761,600 | GPU 1.3/45.5GB
step 44450 [44450/81380  55%]  loss=2.7789 ppl=16.1 lr=8.73e-05 | 59546 tok/s (avg 56547) ETA 401m15s | gtok=1,638,604,800 | GPU 1.3/45.5GB
step 44500 [44500/81380  55%]  loss=2.8178 ppl=16.7 lr=8.71e-05 | 58753 tok/s (avg 56550) ETA 400m41s | gtok=1,640,448,000 | GPU 1.3/45.5GB
step 44550 [44550/81380  55%]  loss=3.3979 ppl=29.9 lr=8.69e-05 | 59528 tok/s (avg 56553) ETA 400m07s | gtok=1,642,291,200 | GPU 1.3/45.5GB
step 44600 [44600/81380  55%]  loss=3.0332 ppl=20.8 lr=8.67e-05 | 59614 tok/s (avg 56556) ETA 399m33s | gtok=1,644,134,400 | GPU 1.3/45.5GB
step 44650 [44650/81380  55%]  loss=3.1212 ppl=22.7 lr=8.65e-05 | 59521 tok/s (avg 56559) ETA 398m59s | gtok=1,645,977,600 | GPU 1.3/45.5GB
step 44700 [44700/81380  55%]  loss=3.0120 ppl=20.3 lr=8.63e-05 | 59630 tok/s (avg 56562) ETA 398m25s | gtok=1,647,820,800 | GPU 1.3/45.5GB
step 44750 [44750/81380  55%]  loss=3.3313 ppl=28.0 lr=8.61e-05 | 59557 tok/s (avg 56566) ETA 397m51s | gtok=1,649,664,000 | GPU 1.3/45.5GB
step 44800 [44800/81380  55%]  loss=2.8178 ppl=16.7 lr=8.59e-05 | 59510 tok/s (avg 56569) ETA 397m17s | gtok=1,651,507,200 | GPU 1.3/45.5GB
step 44850 [44850/81380  55%]  loss=3.1152 ppl=22.5 lr=8.57e-05 | 59566 tok/s (avg 56572) ETA 396m44s | gtok=1,653,350,400 | GPU 1.3/45.5GB
step 44900 [44900/81380  55%]  loss=2.8644 ppl=17.5 lr=8.56e-05 | 59608 tok/s (avg 56575) ETA 396m10s | gtok=1,655,193,600 | GPU 1.3/45.5GB
step 44950 [44950/81380  55%]  loss=3.2170 ppl=25.0 lr=8.54e-05 | 58866 tok/s (avg 56578) ETA 395m36s | gtok=1,657,036,800 | GPU 1.3/45.5GB
step 45000 [45000/81380  55%]  loss=3.1033 ppl=22.3 lr=8.52e-05 | 59555 tok/s (avg 56581) ETA 395m02s | gtok=1,658,880,000 | GPU 1.3/45.5GB
  [checkpoint] step 45000 -> checkpoints_v13_sempty/mix3b_delta_nodecay_answ100_9f33b50/latest.pt
step 45050 [45050/81380  55%]  loss=3.1156 ppl=22.5 lr=8.50e-05 | 56282 tok/s (avg 56580) ETA 394m30s | gtok=1,660,723,200 | GPU 1.3/45.5GB
step 45100 [45100/81380  55%]  loss=2.8855 ppl=17.9 lr=8.48e-05 | 59517 tok/s (avg 56583) ETA 393m56s | gtok=1,662,566,400 | GPU 1.3/45.5GB
step 45150 [45150/81380  55%]  loss=3.0016 ppl=20.1 lr=8.46e-05 | 59388 tok/s (avg 56586) ETA 393m22s | gtok=1,664,409,600 | GPU 1.3/45.5GB
step 45200 [45200/81380  56%]  loss=2.9741 ppl=19.6 lr=8.44e-05 | 59405 tok/s (avg 56589) ETA 392m48s | gtok=1,666,252,800 | GPU 1.3/45.5GB
step 45250 [45250/81380  56%]  loss=2.9885 ppl=19.9 lr=8.42e-05 | 59419 tok/s (avg 56592) ETA 392m14s | gtok=1,668,096,000 | GPU 1.3/45.5GB
step 45300 [45300/81380  56%]  loss=2.8798 ppl=17.8 lr=8.40e-05 | 59539 tok/s (avg 56595) ETA 391m41s | gtok=1,669,939,200 | GPU 1.3/45.5GB
step 45350 [45350/81380  56%]  loss=3.1679 ppl=23.8 lr=8.38e-05 | 58822 tok/s (avg 56598) ETA 391m07s | gtok=1,671,782,400 | GPU 1.3/45.5GB
step 45400 [45400/81380  56%]  loss=2.6140 ppl=13.7 lr=8.36e-05 | 59561 tok/s (avg 56601) ETA 390m33s | gtok=1,673,625,600 | GPU 1.3/45.5GB
step 45450 [45450/81380  56%]  loss=3.2412 ppl=25.6 lr=8.34e-05 | 59639 tok/s (avg 56604) ETA 389m59s | gtok=1,675,468,800 | GPU 1.3/45.5GB
step 45500 [45500/81380  56%]  loss=2.9257 ppl=18.6 lr=8.32e-05 | 59564 tok/s (avg 56607) ETA 389m25s | gtok=1,677,312,000 | GPU 1.3/45.5GB
step 45550 [45550/81380  56%]  loss=2.8898 ppl=18.0 lr=8.30e-05 | 59461 tok/s (avg 56610) ETA 388m52s | gtok=1,679,155,200 | GPU 1.3/45.5GB
step 45600 [45600/81380  56%]  loss=2.9007 ppl=18.2 lr=8.28e-05 | 59526 tok/s (avg 56613) ETA 388m18s | gtok=1,680,998,400 | GPU 1.3/45.5GB
step 45650 [45650/81380  56%]  loss=2.6874 ppl=14.7 lr=8.27e-05 | 59518 tok/s (avg 56616) ETA 387m44s | gtok=1,682,841,600 | GPU 1.3/45.5GB
step 45700 [45700/81380  56%]  loss=3.2381 ppl=25.5 lr=8.25e-05 | 59500 tok/s (avg 56619) ETA 387m10s | gtok=1,684,684,800 | GPU 1.3/45.5GB
step 45750 [45750/81380  56%]  loss=3.1565 ppl=23.5 lr=8.23e-05 | 59497 tok/s (avg 56622) ETA 386m36s | gtok=1,686,528,000 | GPU 1.3/45.5GB
step 45800 [45800/81380  56%]  loss=3.1944 ppl=24.4 lr=8.21e-05 | 58807 tok/s (avg 56625) ETA 386m03s | gtok=1,688,371,200 | GPU 1.3/45.5GB
step 45850 [45850/81380  56%]  loss=3.0616 ppl=21.4 lr=8.19e-05 | 59683 tok/s (avg 56628) ETA 385m29s | gtok=1,690,214,400 | GPU 1.3/45.5GB
step 45900 [45900/81380  56%]  loss=3.3692 ppl=29.1 lr=8.17e-05 | 59627 tok/s (avg 56631) ETA 384m55s | gtok=1,692,057,600 | GPU 1.3/45.5GB
step 45950 [45950/81380  56%]  loss=2.9176 ppl=18.5 lr=8.15e-05 | 59597 tok/s (avg 56634) ETA 384m22s | gtok=1,693,900,800 | GPU 1.3/45.5GB
step 46000 [46000/81380  57%]  loss=3.0046 ppl=20.2 lr=8.13e-05 | 59638 tok/s (avg 56637) ETA 383m48s | gtok=1,695,744,000 | GPU 1.3/45.5GB
  [checkpoint] step 46000 -> checkpoints_v13_sempty/mix3b_delta_nodecay_answ100_9f33b50/best_model.pt
  [val @ step 46000] val_loss=3.5116 val_ppl=33.50 *best* (best 33.50)
  [wiki_val @ step 46000] val_loss=4.3204 val_ppl=75.22
  [checkpoint] step 46000 -> checkpoints_v13_sempty/mix3b_delta_nodecay_answ100_9f33b50/latest.pt
  [diag] step 46000 cgu=+0.50 +0.22 +0.23 +0.23 +0.25 +0.33 +0.39 +0.45 +0.58 +0.62 +0.77 +0.87 +1.00 +1.09 +1.20 +1.68  pam=+0.03 +0.02 +0.01 +0.02 +0.05 +0.02 +0.04 +0.10 +0.04 +0.10 +0.10 +0.12 +0.17 +0.18 +0.52 +0.41
  [diag] dtbias=-4.00 -4.00 -4.00 -4.00 -4.00 -4.00 -4.00 -4.00 -4.00 -4.00 -4.00 -4.00 -4.00 -4.00 -4.00 -4.00  ret=1.00 1.00 1.00 1.00 1.00 1.00 1.00 1.00 1.00 1.00 1.00 1.00 1.00 1.00 1.00 1.00
  [diag] dtbias/head(layer-mean)=-4.00 -4.00 -4.00 -4.00 -4.00 -4.00
  [diag] gnorm=2.3e-01 1.8e-01 3.8e-01 6.6e-02 1.6e-01 1.4e-01 1.1e-01 9.6e-02 1.1e-01 1.6e-01 6.3e-02 6.9e-02 1.1e-01 6.7e-01 1.0e-01 9.5e-02  wnorm=70.6 80.9 83.7 83.6 84.2 84.9 85.6 84.9 84.3 84.7 86.1 86.4 87.6 87.6 89.5 90.2
step 46050 [46050/81380  57%]  loss=2.9518 ppl=19.1 lr=8.11e-05 | 24570 tok/s (avg 56557) ETA 383m48s | gtok=1,697,587,200 | GPU 1.3/45.5GB
step 46100 [46100/81380  57%]  loss=2.7298 ppl=15.3 lr=8.09e-05 | 59522 tok/s (avg 56560) ETA 383m14s | gtok=1,699,430,400 | GPU 1.3/45.5GB
step 46150 [46150/81380  57%]  loss=2.6870 ppl=14.7 lr=8.07e-05 | 58769 tok/s (avg 56562) ETA 382m40s | gtok=1,701,273,600 | GPU 1.3/45.5GB
step 46200 [46200/81380  57%]  loss=2.8443 ppl=17.2 lr=8.05e-05 | 59571 tok/s (avg 56565) ETA 382m07s | gtok=1,703,116,800 | GPU 1.3/45.5GB
step 46250 [46250/81380  57%]  loss=2.8398 ppl=17.1 lr=8.04e-05 | 59562 tok/s (avg 56568) ETA 381m33s | gtok=1,704,960,000 | GPU 1.3/45.5GB
step 46300 [46300/81380  57%]  loss=2.9727 ppl=19.5 lr=8.02e-05 | 59490 tok/s (avg 56571) ETA 380m59s | gtok=1,706,803,200 | GPU 1.3/45.5GB
step 46350 [46350/81380  57%]  loss=3.2680 ppl=26.3 lr=8.00e-05 | 59401 tok/s (avg 56574) ETA 380m25s | gtok=1,708,646,400 | GPU 1.3/45.5GB
step 46400 [46400/81380  57%]  loss=3.0450 ppl=21.0 lr=7.98e-05 | 59411 tok/s (avg 56577) ETA 379m51s | gtok=1,710,489,600 | GPU 1.3/45.5GB
step 46450 [46450/81380  57%]  loss=2.7324 ppl=15.4 lr=7.96e-05 | 59588 tok/s (avg 56580) ETA 379m18s | gtok=1,712,332,800 | GPU 1.3/45.5GB
step 46500 [46500/81380  57%]  loss=2.6824 ppl=14.6 lr=7.94e-05 | 59464 tok/s (avg 56583) ETA 378m44s | gtok=1,714,176,000 | GPU 1.3/45.5GB
step 46550 [46550/81380  57%]  loss=2.9648 ppl=19.4 lr=7.92e-05 | 59591 tok/s (avg 56586) ETA 378m10s | gtok=1,716,019,200 | GPU 1.3/45.5GB
step 46600 [46600/81380  57%]  loss=3.1808 ppl=24.1 lr=7.90e-05 | 58731 tok/s (avg 56588) ETA 377m37s | gtok=1,717,862,400 | GPU 1.3/45.5GB
step 46650 [46650/81380  57%]  loss=3.0934 ppl=22.1 lr=7.88e-05 | 59603 tok/s (avg 56592) ETA 377m03s | gtok=1,719,705,600 | GPU 1.3/45.5GB
step 46700 [46700/81380  57%]  loss=3.1016 ppl=22.2 lr=7.86e-05 | 14823 tok/s (avg 56421) ETA 377m38s | gtok=1,721,548,800 | GPU 1.3/45.5GB
step 46750 [46750/81380  57%]  loss=2.8093 ppl=16.6 lr=7.84e-05 | 59674 tok/s (avg 56425) ETA 377m04s | gtok=1,723,392,000 | GPU 1.3/45.5GB
step 46800 [46800/81380  58%]  loss=3.4757 ppl=32.3 lr=7.82e-05 | 59483 tok/s (avg 56428) ETA 376m30s | gtok=1,725,235,200 | GPU 1.3/45.5GB
step 46850 [46850/81380  58%]  loss=3.0405 ppl=20.9 lr=7.81e-05 | 59521 tok/s (avg 56431) ETA 375m57s | gtok=1,727,078,400 | GPU 1.3/45.5GB
step 46900 [46900/81380  58%]  loss=2.7204 ppl=15.2 lr=7.79e-05 | 59482 tok/s (avg 56434) ETA 375m23s | gtok=1,728,921,600 | GPU 1.3/45.5GB
step 46950 [46950/81380  58%]  loss=3.0036 ppl=20.2 lr=7.77e-05 | 59558 tok/s (avg 56437) ETA 374m49s | gtok=1,730,764,800 | GPU 1.3/45.5GB
step 47000 [47000/81380  58%]  loss=2.6691 ppl=14.4 lr=7.75e-05 | 59622 tok/s (avg 56440) ETA 374m15s | gtok=1,732,608,000 | GPU 1.3/45.5GB
  [checkpoint] step 47000 -> checkpoints_v13_sempty/mix3b_delta_nodecay_answ100_9f33b50/latest.pt
step 47050 [47050/81380  58%]  loss=2.9774 ppl=19.6 lr=7.73e-05 | 55541 tok/s (avg 56439) ETA 373m43s | gtok=1,734,451,200 | GPU 1.3/45.5GB
step 47100 [47100/81380  58%]  loss=3.0137 ppl=20.4 lr=7.71e-05 | 59622 tok/s (avg 56442) ETA 373m09s | gtok=1,736,294,400 | GPU 1.3/45.5GB
step 47150 [47150/81380  58%]  loss=2.9618 ppl=19.3 lr=7.69e-05 | 59584 tok/s (avg 56446) ETA 372m35s | gtok=1,738,137,600 | GPU 1.3/45.5GB
step 47200 [47200/81380  58%]  loss=3.0752 ppl=21.7 lr=7.67e-05 | 59589 tok/s (avg 56449) ETA 372m01s | gtok=1,739,980,800 | GPU 1.3/45.5GB
step 47250 [47250/81380  58%]  loss=3.1108 ppl=22.4 lr=7.65e-05 | 59530 tok/s (avg 56452) ETA 371m27s | gtok=1,741,824,000 | GPU 1.3/45.5GB
step 47300 [47300/81380  58%]  loss=2.7648 ppl=15.9 lr=7.63e-05 | 59546 tok/s (avg 56455) ETA 370m53s | gtok=1,743,667,200 | GPU 1.3/45.5GB
step 47350 [47350/81380  58%]  loss=2.7363 ppl=15.4 lr=7.62e-05 | 59445 tok/s (avg 56458) ETA 370m19s | gtok=1,745,510,400 | GPU 1.3/45.5GB
step 47400 [47400/81380  58%]  loss=3.0663 ppl=21.5 lr=7.60e-05 | 59506 tok/s (avg 56461) ETA 369m45s | gtok=1,747,353,600 | GPU 1.3/45.5GB
step 47450 [47450/81380  58%]  loss=3.2758 ppl=26.5 lr=7.58e-05 | 58667 tok/s (avg 56463) ETA 369m12s | gtok=1,749,196,800 | GPU 1.3/45.5GB
step 47500 [47500/81380  58%]  loss=2.5716 ppl=13.1 lr=7.56e-05 | 59576 tok/s (avg 56466) ETA 368m38s | gtok=1,751,040,000 | GPU 1.3/45.5GB
step 47550 [47550/81380  58%]  loss=2.9313 ppl=18.8 lr=7.54e-05 | 59405 tok/s (avg 56469) ETA 368m04s | gtok=1,752,883,200 | GPU 1.3/45.5GB
step 47600 [47600/81380  58%]  loss=3.1162 ppl=22.6 lr=7.52e-05 | 59442 tok/s (avg 56472) ETA 367m30s | gtok=1,754,726,400 | GPU 1.3/45.5GB
step 47650 [47650/81380  59%]  loss=3.1431 ppl=23.2 lr=7.50e-05 | 59391 tok/s (avg 56475) ETA 366m57s | gtok=1,756,569,600 | GPU 1.3/45.5GB
step 47700 [47700/81380  59%]  loss=2.8794 ppl=17.8 lr=7.48e-05 | 59355 tok/s (avg 56478) ETA 366m23s | gtok=1,758,412,800 | GPU 1.3/45.5GB
step 47750 [47750/81380  59%]  loss=2.8348 ppl=17.0 lr=7.46e-05 | 59375 tok/s (avg 56481) ETA 365m49s | gtok=1,760,256,000 | GPU 1.3/45.5GB
step 47800 [47800/81380  59%]  loss=2.9830 ppl=19.7 lr=7.45e-05 | 59410 tok/s (avg 56484) ETA 365m15s | gtok=1,762,099,200 | GPU 1.3/45.5GB
step 47850 [47850/81380  59%]  loss=3.0804 ppl=21.8 lr=7.43e-05 | 59372 tok/s (avg 56487) ETA 364m42s | gtok=1,763,942,400 | GPU 1.3/45.5GB
step 47900 [47900/81380  59%]  loss=2.8303 ppl=17.0 lr=7.41e-05 | 58754 tok/s (avg 56489) ETA 364m08s | gtok=1,765,785,600 | GPU 1.3/45.5GB
step 47950 [47950/81380  59%]  loss=3.0200 ppl=20.5 lr=7.39e-05 | 59409 tok/s (avg 56492) ETA 363m34s | gtok=1,767,628,800 | GPU 1.3/45.5GB
step 48000 [48000/81380  59%]  loss=3.0446 ppl=21.0 lr=7.37e-05 | 59608 tok/s (avg 56495) ETA 363m01s | gtok=1,769,472,000 | GPU 1.3/45.5GB
  [gen @ step 48000, 1,769,472,000 tok] prompt: In 1923, the University of
    In 1923, the University of Chicago had an educational program which he called "The Nature of the World." A graduate student in his own right was elected to the Academy and became a professor. In 1924 he published The Science of the Earth. In 1924 he founded The Society for the Study of Nature.
He took the title "New Science" to become a national anthem in 1979. He also started a program at Yale University,
  [checkpoint] step 48000 -> checkpoints_v13_sempty/mix3b_delta_nodecay_answ100_9f33b50/best_model.pt
  [val @ step 48000] val_loss=3.5004 val_ppl=33.13 *best* (best 33.13)
  [wiki_val @ step 48000] val_loss=4.2915 val_ppl=73.07
  [checkpoint] step 48000 -> checkpoints_v13_sempty/mix3b_delta_nodecay_answ100_9f33b50/latest.pt
  [diag] step 48000 cgu=+0.49 +0.22 +0.23 +0.23 +0.25 +0.33 +0.38 +0.45 +0.58 +0.62 +0.77 +0.88 +1.00 +1.10 +1.21 +1.69  pam=+0.03 +0.02 +0.01 +0.02 +0.05 +0.02 +0.04 +0.09 +0.04 +0.10 +0.10 +0.12 +0.17 +0.18 +0.52 +0.42
  [diag] dtbias=-4.00 -4.00 -4.00 -4.00 -4.00 -4.00 -4.00 -4.00 -4.00 -4.00 -4.00 -4.00 -4.00 -4.00 -4.00 -4.00  ret=1.00 1.00 1.00 1.00 1.00 1.00 1.00 1.00 1.00 1.00 1.00 1.00 1.00 1.00 1.00 1.00
  [diag] dtbias/head(layer-mean)=-4.00 -4.00 -4.00 -4.00 -4.00 -4.00
  [diag] gnorm=2.8e-01 9.7e-02 4.5e-01 1.4e-01 5.1e-01 1.1e-01 1.5e-01 8.1e-02 7.1e-02 1.1e-01 7.4e-02 8.6e-02 1.0e-01 3.2e-01 1.2e-01 1.1e-01  wnorm=70.8 81.1 83.9 83.9 84.4 85.2 85.8 85.2 84.5 84.9 86.3 86.6 87.8 87.8 89.7 90.4
step 48050 [48050/81380  59%]  loss=3.0880 ppl=21.9 lr=7.35e-05 | 24036 tok/s (avg 56416) ETA 362m58s | gtok=1,771,315,200 | GPU 1.3/45.5GB
step 48100 [48100/81380  59%]  loss=3.1818 ppl=24.1 lr=7.33e-05 | 59614 tok/s (avg 56419) ETA 362m25s | gtok=1,773,158,400 | GPU 1.3/45.5GB
step 48150 [48150/81380  59%]  loss=3.1152 ppl=22.5 lr=7.31e-05 | 59595 tok/s (avg 56422) ETA 361m51s | gtok=1,775,001,600 | GPU 1.3/45.5GB
step 48200 [48200/81380  59%]  loss=3.4908 ppl=32.8 lr=7.29e-05 | 59671 tok/s (avg 56425) ETA 361m17s | gtok=1,776,844,800 | GPU 1.3/45.5GB
step 48250 [48250/81380  59%]  loss=2.9699 ppl=19.5 lr=7.28e-05 | 58818 tok/s (avg 56428) ETA 360m43s | gtok=1,778,688,000 | GPU 1.3/45.5GB
step 48300 [48300/81380  59%]  loss=2.9099 ppl=18.4 lr=7.26e-05 | 59674 tok/s (avg 56431) ETA 360m09s | gtok=1,780,531,200 | GPU 1.3/45.5GB
step 48350 [48350/81380  59%]  loss=2.7857 ppl=16.2 lr=7.24e-05 | 59667 tok/s (avg 56434) ETA 359m36s | gtok=1,782,374,400 | GPU 1.3/45.5GB
step 48400 [48400/81380  59%]  loss=3.1023 ppl=22.2 lr=7.22e-05 | 59516 tok/s (avg 56437) ETA 359m02s | gtok=1,784,217,600 | GPU 1.3/45.5GB
step 48450 [48450/81380  60%]  loss=2.9837 ppl=19.8 lr=7.20e-05 | 59508 tok/s (avg 56440) ETA 358m28s | gtok=1,786,060,800 | GPU 1.3/45.5GB
step 48500 [48500/81380  60%]  loss=3.3039 ppl=27.2 lr=7.18e-05 | 59607 tok/s (avg 56443) ETA 357m54s | gtok=1,787,904,000 | GPU 1.3/45.5GB
step 48550 [48550/81380  60%]  loss=3.0397 ppl=20.9 lr=7.16e-05 | 59488 tok/s (avg 56446) ETA 357m20s | gtok=1,789,747,200 | GPU 1.3/45.5GB
step 48600 [48600/81380  60%]  loss=3.0635 ppl=21.4 lr=7.14e-05 | 59483 tok/s (avg 56449) ETA 356m46s | gtok=1,791,590,400 | GPU 1.3/45.5GB
step 48650 [48650/81380  60%]  loss=2.8758 ppl=17.7 lr=7.13e-05 | 58812 tok/s (avg 56451) ETA 356m13s | gtok=1,793,433,600 | GPU 1.3/45.5GB
step 48700 [48700/81380  60%]  loss=3.1001 ppl=22.2 lr=7.11e-05 | 59462 tok/s (avg 56454) ETA 355m39s | gtok=1,795,276,800 | GPU 1.3/45.5GB
step 48750 [48750/81380  60%]  loss=2.6951 ppl=14.8 lr=7.09e-05 | 59365 tok/s (avg 56457) ETA 355m05s | gtok=1,797,120,000 | GPU 1.3/45.5GB
step 48800 [48800/81380  60%]  loss=3.2696 ppl=26.3 lr=7.07e-05 | 59526 tok/s (avg 56460) ETA 354m32s | gtok=1,798,963,200 | GPU 1.3/45.5GB
step 48850 [48850/81380  60%]  loss=2.9911 ppl=19.9 lr=7.05e-05 | 59546 tok/s (avg 56463) ETA 353m58s | gtok=1,800,806,400 | GPU 1.3/45.5GB
step 48900 [48900/81380  60%]  loss=3.2464 ppl=25.7 lr=7.03e-05 | 59500 tok/s (avg 56466) ETA 353m24s | gtok=1,802,649,600 | GPU 1.3/45.5GB
step 48950 [48950/81380  60%]  loss=3.0504 ppl=21.1 lr=7.01e-05 | 59621 tok/s (avg 56469) ETA 352m50s | gtok=1,804,492,800 | GPU 1.3/45.5GB
step 49000 [49000/81380  60%]  loss=2.9086 ppl=18.3 lr=6.99e-05 | 59631 tok/s (avg 56472) ETA 352m17s | gtok=1,806,336,000 | GPU 1.3/45.5GB
  [checkpoint] step 49000 -> checkpoints_v13_sempty/mix3b_delta_nodecay_answ100_9f33b50/latest.pt
step 49050 [49050/81380  60%]  loss=3.1089 ppl=22.4 lr=6.98e-05 | 56131 tok/s (avg 56472) ETA 351m44s | gtok=1,808,179,200 | GPU 1.3/45.5GB
step 49100 [49100/81380  60%]  loss=2.5871 ppl=13.3 lr=6.96e-05 | 58946 tok/s (avg 56474) ETA 351m11s | gtok=1,810,022,400 | GPU 1.3/45.5GB
step 49150 [49150/81380  60%]  loss=2.6839 ppl=14.6 lr=6.94e-05 | 52321 tok/s (avg 56470) ETA 350m40s | gtok=1,811,865,600 | GPU 1.3/45.5GB
step 49200 [49200/81380  60%]  loss=3.0414 ppl=20.9 lr=6.92e-05 | 59421 tok/s (avg 56472) ETA 350m06s | gtok=1,813,708,800 | GPU 1.3/45.5GB
step 49250 [49250/81380  61%]  loss=3.0658 ppl=21.5 lr=6.90e-05 | 59583 tok/s (avg 56475) ETA 349m32s | gtok=1,815,552,000 | GPU 1.3/45.5GB
step 49300 [49300/81380  61%]  loss=2.6487 ppl=14.1 lr=6.88e-05 | 59454 tok/s (avg 56478) ETA 348m58s | gtok=1,817,395,200 | GPU 1.3/45.5GB
step 49350 [49350/81380  61%]  loss=2.9657 ppl=19.4 lr=6.86e-05 | 59532 tok/s (avg 56481) ETA 348m25s | gtok=1,819,238,400 | GPU 1.3/45.5GB
step 49400 [49400/81380  61%]  loss=2.9658 ppl=19.4 lr=6.85e-05 | 59483 tok/s (avg 56484) ETA 347m51s | gtok=1,821,081,600 | GPU 1.3/45.5GB
step 49450 [49450/81380  61%]  loss=3.1701 ppl=23.8 lr=6.83e-05 | 59380 tok/s (avg 56487) ETA 347m17s | gtok=1,822,924,800 | GPU 1.3/45.5GB
step 49500 [49500/81380  61%]  loss=2.8886 ppl=18.0 lr=6.81e-05 | 58790 tok/s (avg 56489) ETA 346m44s | gtok=1,824,768,000 | GPU 1.3/45.5GB
step 49550 [49550/81380  61%]  loss=2.7690 ppl=15.9 lr=6.79e-05 | 59497 tok/s (avg 56492) ETA 346m10s | gtok=1,826,611,200 | GPU 1.3/45.5GB
step 49600 [49600/81380  61%]  loss=2.9924 ppl=19.9 lr=6.77e-05 | 59550 tok/s (avg 56495) ETA 345m37s | gtok=1,828,454,400 | GPU 1.3/45.5GB
step 49650 [49650/81380  61%]  loss=2.6572 ppl=14.3 lr=6.75e-05 | 59468 tok/s (avg 56498) ETA 345m03s | gtok=1,830,297,600 | GPU 1.3/45.5GB
step 49700 [49700/81380  61%]  loss=3.0231 ppl=20.6 lr=6.73e-05 | 59644 tok/s (avg 56501) ETA 344m29s | gtok=1,832,140,800 | GPU 1.3/45.5GB
step 49750 [49750/81380  61%]  loss=3.2891 ppl=26.8 lr=6.72e-05 | 59667 tok/s (avg 56504) ETA 343m55s | gtok=1,833,984,000 | GPU 1.3/45.5GB
step 49800 [49800/81380  61%]  loss=3.1341 ppl=23.0 lr=6.70e-05 | 59447 tok/s (avg 56507) ETA 343m22s | gtok=1,835,827,200 | GPU 1.3/45.5GB
step 49850 [49850/81380  61%]  loss=2.8456 ppl=17.2 lr=6.68e-05 | 59487 tok/s (avg 56509) ETA 342m48s | gtok=1,837,670,400 | GPU 1.3/45.5GB
step 49900 [49900/81380  61%]  loss=2.9266 ppl=18.7 lr=6.66e-05 | 59535 tok/s (avg 56512) ETA 342m14s | gtok=1,839,513,600 | GPU 1.3/45.5GB
step 49950 [49950/81380  61%]  loss=2.9331 ppl=18.8 lr=6.64e-05 | 58811 tok/s (avg 56515) ETA 341m41s | gtok=1,841,356,800 | GPU 1.3/45.5GB
step 50000 [50000/81380  61%]  loss=2.8952 ppl=18.1 lr=6.62e-05 | 59362 tok/s (avg 56517) ETA 341m07s | gtok=1,843,200,000 | GPU 1.3/45.5GB
  [checkpoint] step 50000 -> checkpoints_v13_sempty/mix3b_delta_nodecay_answ100_9f33b50/best_model.pt
  [val @ step 50000] val_loss=3.4940 val_ppl=32.92 *best* (best 32.92)
  [wiki_val @ step 50000] val_loss=4.2932 val_ppl=73.20
  [checkpoint] step 50000 -> checkpoints_v13_sempty/mix3b_delta_nodecay_answ100_9f33b50/latest.pt
  [checkpoint] step 50000 -> checkpoints_v13_sempty/mix3b_delta_nodecay_answ100_9f33b50/step_050000.pt
  [checkpoint] pruned step_040000.pt
  [diag] step 50000 cgu=+0.49 +0.22 +0.23 +0.23 +0.25 +0.33 +0.38 +0.45 +0.58 +0.62 +0.77 +0.88 +1.00 +1.10 +1.21 +1.70  pam=+0.03 +0.02 +0.01 +0.02 +0.05 +0.02 +0.04 +0.10 +0.04 +0.10 +0.10 +0.12 +0.17 +0.18 +0.53 +0.43
  [diag] dtbias=-4.00 -4.00 -4.00 -4.00 -4.00 -4.00 -4.00 -4.00 -4.00 -4.00 -4.00 -4.00 -4.00 -4.00 -4.00 -4.00  ret=1.00 1.00 1.00 1.00 1.00 1.00 1.00 1.00 1.00 1.00 1.00 1.00 1.00 1.00 1.00 1.00
  [diag] dtbias/head(layer-mean)=-4.00 -4.00 -4.00 -4.00 -4.00 -4.00
  [diag] gnorm=3.0e-01 2.1e-01 1.7e-01 1.0e-01 3.0e-01 2.6e-01 1.6e-01 1.9e-01 9.6e-02 1.7e-01 9.1e-02 1.1e-01 1.4e-01 3.5e-01 1.6e-01 1.4e-01  wnorm=71.0 81.3 84.1 84.0 84.6 85.3 85.9 85.3 84.7 85.0 86.5 86.8 88.0 87.9 89.9 90.6
step 50050 [50050/81380  62%]  loss=3.1550 ppl=23.5 lr=6.61e-05 | 24331 tok/s (avg 56443) ETA 341m02s | gtok=1,845,043,200 | GPU 1.3/45.5GB
step 50100 [50100/81380  62%]  loss=3.0491 ppl=21.1 lr=6.59e-05 | 59468 tok/s (avg 56446) ETA 340m28s | gtok=1,846,886,400 | GPU 1.3/45.5GB
step 50150 [50150/81380  62%]  loss=3.1316 ppl=22.9 lr=6.57e-05 | 59587 tok/s (avg 56448) ETA 339m54s | gtok=1,848,729,600 | GPU 1.3/45.5GB
step 50200 [50200/81380  62%]  loss=2.7749 ppl=16.0 lr=6.55e-05 | 59420 tok/s (avg 56451) ETA 339m21s | gtok=1,850,572,800 | GPU 1.3/45.5GB
step 50250 [50250/81380  62%]  loss=2.9642 ppl=19.4 lr=6.53e-05 | 59568 tok/s (avg 56454) ETA 338m47s | gtok=1,852,416,000 | GPU 1.3/45.5GB
step 50300 [50300/81380  62%]  loss=2.8572 ppl=17.4 lr=6.51e-05 | 58813 tok/s (avg 56456) ETA 338m14s | gtok=1,854,259,200 | GPU 1.3/45.5GB
step 50350 [50350/81380  62%]  loss=2.8284 ppl=16.9 lr=6.50e-05 | 59494 tok/s (avg 56459) ETA 337m40s | gtok=1,856,102,400 | GPU 1.3/45.5GB
step 50400 [50400/81380  62%]  loss=3.0024 ppl=20.1 lr=6.48e-05 | 59404 tok/s (avg 56462) ETA 337m06s | gtok=1,857,945,600 | GPU 1.3/45.5GB
step 50450 [50450/81380  62%]  loss=3.3390 ppl=28.2 lr=6.46e-05 | 59476 tok/s (avg 56465) ETA 336m33s | gtok=1,859,788,800 | GPU 1.3/45.5GB
step 50500 [50500/81380  62%]  loss=3.2583 ppl=26.0 lr=6.44e-05 | 59436 tok/s (avg 56468) ETA 335m59s | gtok=1,861,632,000 | GPU 1.3/45.5GB
step 50550 [50550/81380  62%]  loss=2.8320 ppl=17.0 lr=6.42e-05 | 59654 tok/s (avg 56471) ETA 335m25s | gtok=1,863,475,200 | GPU 1.3/45.5GB
step 50600 [50600/81380  62%]  loss=2.6770 ppl=14.5 lr=6.40e-05 | 59523 tok/s (avg 56474) ETA 334m52s | gtok=1,865,318,400 | GPU 1.3/45.5GB
step 50650 [50650/81380  62%]  loss=3.0430 ppl=21.0 lr=6.39e-05 | 59547 tok/s (avg 56476) ETA 334m18s | gtok=1,867,161,600 | GPU 1.3/45.5GB
step 50700 [50700/81380  62%]  loss=2.9714 ppl=19.5 lr=6.37e-05 | 59590 tok/s (avg 56479) ETA 333m44s | gtok=1,869,004,800 | GPU 1.3/45.5GB
step 50750 [50750/81380  62%]  loss=2.8361 ppl=17.0 lr=6.35e-05 | 58836 tok/s (avg 56482) ETA 333m11s | gtok=1,870,848,000 | GPU 1.3/45.5GB
step 50800 [50800/81380  62%]  loss=3.0763 ppl=21.7 lr=6.33e-05 | 59570 tok/s (avg 56484) ETA 332m37s | gtok=1,872,691,200 | GPU 1.3/45.5GB
step 50850 [50850/81380  62%]  loss=3.2423 ppl=25.6 lr=6.31e-05 | 59597 tok/s (avg 56487) ETA 332m04s | gtok=1,874,534,400 | GPU 1.3/45.5GB
step 50900 [50900/81380  63%]  loss=2.6507 ppl=14.2 lr=6.30e-05 | 59429 tok/s (avg 56490) ETA 331m30s | gtok=1,876,377,600 | GPU 1.3/45.5GB
step 50950 [50950/81380  63%]  loss=3.2382 ppl=25.5 lr=6.28e-05 | 59574 tok/s (avg 56493) ETA 330m56s | gtok=1,878,220,800 | GPU 1.3/45.5GB
step 51000 [51000/81380  63%]  loss=2.9586 ppl=19.3 lr=6.26e-05 | 59492 tok/s (avg 56496) ETA 330m23s | gtok=1,880,064,000 | GPU 1.3/45.5GB
  [checkpoint] step 51000 -> checkpoints_v13_sempty/mix3b_delta_nodecay_answ100_9f33b50/latest.pt
step 51050 [51050/81380  63%]  loss=2.8364 ppl=17.1 lr=6.24e-05 | 56222 tok/s (avg 56496) ETA 329m50s | gtok=1,881,907,200 | GPU 1.3/45.5GB
step 51100 [51100/81380  63%]  loss=2.7298 ppl=15.3 lr=6.22e-05 | 59549 tok/s (avg 56498) ETA 329m17s | gtok=1,883,750,400 | GPU 1.3/45.5GB
step 51150 [51150/81380  63%]  loss=3.0958 ppl=22.1 lr=6.20e-05 | 59604 tok/s (avg 56501) ETA 328m43s | gtok=1,885,593,600 | GPU 1.3/45.5GB
step 51200 [51200/81380  63%]  loss=2.8341 ppl=17.0 lr=6.19e-05 | 58837 tok/s (avg 56503) ETA 328m10s | gtok=1,887,436,800 | GPU 1.3/45.5GB
step 51250 [51250/81380  63%]  loss=2.9271 ppl=18.7 lr=6.17e-05 | 59587 tok/s (avg 56506) ETA 327m36s | gtok=1,889,280,000 | GPU 1.3/45.5GB
step 51300 [51300/81380  63%]  loss=3.1639 ppl=23.7 lr=6.15e-05 | 59572 tok/s (avg 56509) ETA 327m02s | gtok=1,891,123,200 | GPU 1.3/45.5GB
step 51350 [51350/81380  63%]  loss=3.0738 ppl=21.6 lr=6.13e-05 | 59508 tok/s (avg 56512) ETA 326m29s | gtok=1,892,966,400 | GPU 1.3/45.5GB
step 51400 [51400/81380  63%]  loss=2.8630 ppl=17.5 lr=6.11e-05 | 59654 tok/s (avg 56515) ETA 325m55s | gtok=1,894,809,600 | GPU 1.3/45.5GB
step 51450 [51450/81380  63%]  loss=3.1190 ppl=22.6 lr=6.10e-05 | 59597 tok/s (avg 56518) ETA 325m22s | gtok=1,896,652,800 | GPU 1.3/45.5GB
step 51500 [51500/81380  63%]  loss=2.9884 ppl=19.9 lr=6.08e-05 | 59555 tok/s (avg 56520) ETA 324m48s | gtok=1,898,496,000 | GPU 1.3/45.5GB
step 51550 [51550/81380  63%]  loss=3.0709 ppl=21.6 lr=6.06e-05 | 59517 tok/s (avg 56523) ETA 324m14s | gtok=1,900,339,200 | GPU 1.3/45.5GB
step 51600 [51600/81380  63%]  loss=2.9628 ppl=19.4 lr=6.04e-05 | 50304 tok/s (avg 56516) ETA 323m44s | gtok=1,902,182,400 | GPU 1.3/45.5GB
step 51650 [51650/81380  63%]  loss=2.8820 ppl=17.8 lr=6.02e-05 | 59634 tok/s (avg 56519) ETA 323m11s | gtok=1,904,025,600 | GPU 1.3/45.5GB
step 51700 [51700/81380  64%]  loss=2.9477 ppl=19.1 lr=6.01e-05 | 59646 tok/s (avg 56522) ETA 322m37s | gtok=1,905,868,800 | GPU 1.3/45.5GB
step 51750 [51750/81380  64%]  loss=3.0705 ppl=21.6 lr=5.99e-05 | 59497 tok/s (avg 56525) ETA 322m03s | gtok=1,907,712,000 | GPU 1.3/45.5GB
step 51800 [51800/81380  64%]  loss=2.7702 ppl=16.0 lr=5.97e-05 | 59554 tok/s (avg 56528) ETA 321m30s | gtok=1,909,555,200 | GPU 1.3/45.5GB
step 51850 [51850/81380  64%]  loss=3.0287 ppl=20.7 lr=5.95e-05 | 59609 tok/s (avg 56530) ETA 320m56s | gtok=1,911,398,400 | GPU 1.3/45.5GB
step 51900 [51900/81380  64%]  loss=2.7485 ppl=15.6 lr=5.94e-05 | 59457 tok/s (avg 56533) ETA 320m23s | gtok=1,913,241,600 | GPU 1.3/45.5GB
step 51950 [51950/81380  64%]  loss=2.7734 ppl=16.0 lr=5.92e-05 | 59522 tok/s (avg 56536) ETA 319m49s | gtok=1,915,084,800 | GPU 1.3/45.5GB
step 52000 [52000/81380  64%]  loss=2.9816 ppl=19.7 lr=5.90e-05 | 59557 tok/s (avg 56539) ETA 319m16s | gtok=1,916,928,000 | GPU 1.3/45.5GB
  [gen @ step 52000, 1,916,928,000 tok] prompt: In 1923, the University of
    In 1923, the University of Chicago issued a statement to the American Society for Clinical Nutrition that stated that all patients with chronic fatigue syndrome are now entitled to complete a clinical course.
The National Institutes of Health and its co-ordinator, Dr. Jules Vernehle, was awarded with the Nobel Prize in Medicine.
It is believed that this protein binds to nerve cells known as tryptophan receptors and activates
  [checkpoint] step 52000 -> checkpoints_v13_sempty/mix3b_delta_nodecay_answ100_9f33b50/best_model.pt
  [val @ step 52000] val_loss=3.4751 val_ppl=32.30 *best* (best 32.30)
  [wiki_val @ step 52000] val_loss=4.2749 val_ppl=71.88
  [checkpoint] step 52000 -> checkpoints_v13_sempty/mix3b_delta_nodecay_answ100_9f33b50/latest.pt
  [diag] step 52000 cgu=+0.49 +0.22 +0.23 +0.23 +0.25 +0.32 +0.38 +0.45 +0.58 +0.63 +0.77 +0.88 +1.01 +1.11 +1.22 +1.71  pam=+0.03 +0.02 +0.01 +0.02 +0.05 +0.02 +0.04 +0.10 +0.05 +0.10 +0.10 +0.12 +0.17 +0.18 +0.53 +0.43
  [diag] dtbias=-4.00 -4.00 -4.00 -4.00 -4.00 -4.00 -4.00 -4.00 -4.00 -4.00 -4.00 -4.00 -4.00 -4.00 -4.00 -4.00  ret=1.00 1.00 1.00 1.00 1.00 1.00 1.00 1.00 1.00 1.00 1.00 1.00 1.00 1.00 1.00 1.00
  [diag] dtbias/head(layer-mean)=-4.00 -4.00 -4.00 -4.00 -4.00 -4.00
  [diag] gnorm=6.3e-01 1.1e-01 8.8e-02 1.1e-01 4.2e-01 9.7e-02 6.8e-02 1.0e-01 6.6e-02 6.7e-02 4.8e-02 4.9e-02 6.2e-02 5.0e-01 8.3e-02 6.8e-02  wnorm=71.1 81.4 84.2 84.2 84.7 85.4 86.1 85.4 84.8 85.2 86.6 86.9 88.1 88.1 90.0 90.7
step 52050 [52050/81380  64%]  loss=3.1957 ppl=24.4 lr=5.88e-05 | 22418 tok/s (avg 56456) ETA 319m11s | gtok=1,918,771,200 | GPU 1.3/45.5GB
step 52100 [52100/81380  64%]  loss=2.9313 ppl=18.8 lr=5.86e-05 | 59322 tok/s (avg 56459) ETA 318m38s | gtok=1,920,614,400 | GPU 1.3/45.5GB
step 52150 [52150/81380  64%]  loss=3.0467 ppl=21.0 lr=5.85e-05 | 59206 tok/s (avg 56461) ETA 318m04s | gtok=1,922,457,600 | GPU 1.3/45.5GB
step 52200 [52200/81380  64%]  loss=3.1525 ppl=23.4 lr=5.83e-05 | 59243 tok/s (avg 56464) ETA 317m31s | gtok=1,924,300,800 | GPU 1.3/45.5GB
step 52250 [52250/81380  64%]  loss=3.0613 ppl=21.4 lr=5.81e-05 | 59306 tok/s (avg 56466) ETA 316m57s | gtok=1,926,144,000 | GPU 1.3/45.5GB
step 52300 [52300/81380  64%]  loss=2.8716 ppl=17.7 lr=5.79e-05 | 59206 tok/s (avg 56469) ETA 316m24s | gtok=1,927,987,200 | GPU 1.3/45.5GB
step 52350 [52350/81380  64%]  loss=2.9157 ppl=18.5 lr=5.78e-05 | 59154 tok/s (avg 56471) ETA 315m50s | gtok=1,929,830,400 | GPU 1.3/45.5GB
step 52400 [52400/81380  64%]  loss=2.7655 ppl=15.9 lr=5.76e-05 | 58482 tok/s (avg 56473) ETA 315m17s | gtok=1,931,673,600 | GPU 1.3/45.5GB
step 52450 [52450/81380  64%]  loss=2.8126 ppl=16.7 lr=5.74e-05 | 59303 tok/s (avg 56476) ETA 314m43s | gtok=1,933,516,800 | GPU 1.3/45.5GB
step 52500 [52500/81380  65%]  loss=2.9949 ppl=20.0 lr=5.72e-05 | 59254 tok/s (avg 56478) ETA 314m10s | gtok=1,935,360,000 | GPU 1.3/45.5GB
step 52550 [52550/81380  65%]  loss=3.1130 ppl=22.5 lr=5.70e-05 | 59250 tok/s (avg 56481) ETA 313m36s | gtok=1,937,203,200 | GPU 1.3/45.5GB
step 52600 [52600/81380  65%]  loss=3.0281 ppl=20.7 lr=5.69e-05 | 59078 tok/s (avg 56483) ETA 313m03s | gtok=1,939,046,400 | GPU 1.3/45.5GB
step 52650 [52650/81380  65%]  loss=2.9621 ppl=19.3 lr=5.67e-05 | 59159 tok/s (avg 56486) ETA 312m29s | gtok=1,940,889,600 | GPU 1.3/45.5GB
step 52700 [52700/81380  65%]  loss=2.9120 ppl=18.4 lr=5.65e-05 | 59193 tok/s (avg 56488) ETA 311m56s | gtok=1,942,732,800 | GPU 1.3/45.5GB
step 52750 [52750/81380  65%]  loss=2.7794 ppl=16.1 lr=5.63e-05 | 59320 tok/s (avg 56491) ETA 311m23s | gtok=1,944,576,000 | GPU 1.3/45.5GB
step 52800 [52800/81380  65%]  loss=2.7195 ppl=15.2 lr=5.62e-05 | 58681 tok/s (avg 56493) ETA 310m49s | gtok=1,946,419,200 | GPU 1.3/45.5GB
step 52850 [52850/81380  65%]  loss=2.9226 ppl=18.6 lr=5.60e-05 | 59219 tok/s (avg 56495) ETA 310m16s | gtok=1,948,262,400 | GPU 1.3/45.5GB
step 52900 [52900/81380  65%]  loss=2.7928 ppl=16.3 lr=5.58e-05 | 59153 tok/s (avg 56497) ETA 309m42s | gtok=1,950,105,600 | GPU 1.3/45.5GB
step 52950 [52950/81380  65%]  loss=3.2595 ppl=26.0 lr=5.56e-05 | 59310 tok/s (avg 56500) ETA 309m09s | gtok=1,951,948,800 | GPU 1.3/45.5GB
step 53000 [53000/81380  65%]  loss=2.9605 ppl=19.3 lr=5.55e-05 | 59327 tok/s (avg 56502) ETA 308m36s | gtok=1,953,792,000 | GPU 1.3/45.5GB
  [checkpoint] step 53000 -> checkpoints_v13_sempty/mix3b_delta_nodecay_answ100_9f33b50/latest.pt
step 53050 [53050/81380  65%]  loss=2.9365 ppl=18.8 lr=5.53e-05 | 56148 tok/s (avg 56502) ETA 308m03s | gtok=1,955,635,200 | GPU 1.3/45.5GB
step 53100 [53100/81380  65%]  loss=3.1613 ppl=23.6 lr=5.51e-05 | 59351 tok/s (avg 56505) ETA 307m30s | gtok=1,957,478,400 | GPU 1.3/45.5GB
step 53150 [53150/81380  65%]  loss=3.0480 ppl=21.1 lr=5.49e-05 | 59298 tok/s (avg 56507) ETA 306m56s | gtok=1,959,321,600 | GPU 1.3/45.5GB
step 53200 [53200/81380  65%]  loss=2.8579 ppl=17.4 lr=5.48e-05 | 59119 tok/s (avg 56510) ETA 306m23s | gtok=1,961,164,800 | GPU 1.3/45.5GB
step 53250 [53250/81380  65%]  loss=2.9963 ppl=20.0 lr=5.46e-05 | 58455 tok/s (avg 56511) ETA 305m50s | gtok=1,963,008,000 | GPU 1.3/45.5GB
step 53300 [53300/81380  65%]  loss=2.7051 ppl=15.0 lr=5.44e-05 | 59253 tok/s (avg 56514) ETA 305m16s | gtok=1,964,851,200 | GPU 1.3/45.5GB
step 53350 [53350/81380  66%]  loss=3.1063 ppl=22.3 lr=5.42e-05 | 59272 tok/s (avg 56516) ETA 304m43s | gtok=1,966,694,400 | GPU 1.3/45.5GB
step 53400 [53400/81380  66%]  loss=2.9421 ppl=19.0 lr=5.41e-05 | 59231 tok/s (avg 56519) ETA 304m09s | gtok=1,968,537,600 | GPU 1.3/45.5GB
step 53450 [53450/81380  66%]  loss=2.9999 ppl=20.1 lr=5.39e-05 | 59241 tok/s (avg 56521) ETA 303m36s | gtok=1,970,380,800 | GPU 1.3/45.5GB
step 53500 [53500/81380  66%]  loss=2.8706 ppl=17.6 lr=5.37e-05 | 59170 tok/s (avg 56523) ETA 303m03s | gtok=1,972,224,000 | GPU 1.3/45.5GB
step 53550 [53550/81380  66%]  loss=2.9248 ppl=18.6 lr=5.35e-05 | 59201 tok/s (avg 56526) ETA 302m29s | gtok=1,974,067,200 | GPU 1.3/45.5GB
step 53600 [53600/81380  66%]  loss=2.8631 ppl=17.5 lr=5.34e-05 | 59166 tok/s (avg 56528) ETA 301m56s | gtok=1,975,910,400 | GPU 1.3/45.5GB
step 53650 [53650/81380  66%]  loss=3.2576 ppl=26.0 lr=5.32e-05 | 59348 tok/s (avg 56531) ETA 301m22s | gtok=1,977,753,600 | GPU 1.3/45.5GB
step 53700 [53700/81380  66%]  loss=3.1870 ppl=24.2 lr=5.30e-05 | 58667 tok/s (avg 56533) ETA 300m49s | gtok=1,979,596,800 | GPU 1.3/45.5GB
step 53750 [53750/81380  66%]  loss=3.1253 ppl=22.8 lr=5.29e-05 | 59308 tok/s (avg 56535) ETA 300m16s | gtok=1,981,440,000 | GPU 1.3/45.5GB
step 53800 [53800/81380  66%]  loss=2.9933 ppl=20.0 lr=5.27e-05 | 59228 tok/s (avg 56537) ETA 299m42s | gtok=1,983,283,200 | GPU 1.3/45.5GB
step 53850 [53850/81380  66%]  loss=2.8724 ppl=17.7 lr=5.25e-05 | 59380 tok/s (avg 56540) ETA 299m09s | gtok=1,985,126,400 | GPU 1.3/45.5GB
step 53900 [53900/81380  66%]  loss=2.8616 ppl=17.5 lr=5.23e-05 | 59249 tok/s (avg 56542) ETA 298m36s | gtok=1,986,969,600 | GPU 1.3/45.5GB
step 53950 [53950/81380  66%]  loss=2.9191 ppl=18.5 lr=5.22e-05 | 59294 tok/s (avg 56545) ETA 298m02s | gtok=1,988,812,800 | GPU 1.3/45.5GB
step 54000 [54000/81380  66%]  loss=3.1901 ppl=24.3 lr=5.20e-05 | 59346 tok/s (avg 56547) ETA 297m29s | gtok=1,990,656,000 | GPU 1.3/45.5GB
  [val @ step 54000] val_loss=3.4768 val_ppl=32.35 (best 32.30)
  [wiki_val @ step 54000] val_loss=4.2714 val_ppl=71.62
  [checkpoint] step 54000 -> checkpoints_v13_sempty/mix3b_delta_nodecay_answ100_9f33b50/latest.pt
  [diag] step 54000 cgu=+0.49 +0.23 +0.24 +0.23 +0.25 +0.33 +0.39 +0.45 +0.59 +0.63 +0.77 +0.89 +1.01 +1.11 +1.22 +1.72  pam=+0.03 +0.02 +0.01 +0.02 +0.05 +0.02 +0.04 +0.10 +0.05 +0.10 +0.10 +0.12 +0.17 +0.18 +0.53 +0.44
  [diag] dtbias=-4.00 -4.00 -4.00 -4.00 -4.00 -4.00 -4.00 -4.00 -4.00 -4.00 -4.00 -4.00 -4.00 -4.00 -4.00 -4.00  ret=1.00 1.00 1.00 1.00 1.00 1.00 1.00 1.00 1.00 1.00 1.00 1.00 1.00 1.00 1.00 1.00
  [diag] dtbias/head(layer-mean)=-4.00 -4.00 -4.00 -4.00 -4.00 -4.00
  [diag] gnorm=3.3e-01 1.8e-01 2.5e-01 1.1e-01 3.8e-01 1.5e-01 1.9e-01 9.5e-02 1.1e-01 1.2e-01 7.9e-02 9.9e-02 1.2e-01 3.7e-01 1.4e-01 1.3e-01  wnorm=71.2 81.5 84.3 84.2 84.8 85.5 86.2 85.6 84.9 85.3 86.7 87.0 88.2 88.1 90.1 90.8
step 54050 [54050/81380  66%]  loss=3.1863 ppl=24.2 lr=5.18e-05 | 23389 tok/s (avg 56473) ETA 297m20s | gtok=1,992,499,200 | GPU 1.3/45.5GB
step 54100 [54100/81380  66%]  loss=3.0698 ppl=21.5 lr=5.17e-05 | 59447 tok/s (avg 56476) ETA 296m46s | gtok=1,994,342,400 | GPU 1.3/45.5GB
step 54150 [54150/81380  67%]  loss=2.8754 ppl=17.7 lr=5.15e-05 | 59360 tok/s (avg 56478) ETA 296m13s | gtok=1,996,185,600 | GPU 1.3/45.5GB
step 54200 [54200/81380  67%]  loss=2.9254 ppl=18.6 lr=5.13e-05 | 59356 tok/s (avg 56481) ETA 295m39s | gtok=1,998,028,800 | GPU 1.3/45.5GB
step 54250 [54250/81380  67%]  loss=3.2175 ppl=25.0 lr=5.11e-05 | 59214 tok/s (avg 56483) ETA 295m06s | gtok=1,999,872,000 | GPU 1.3/45.5GB
step 54300 [54300/81380  67%]  loss=2.8888 ppl=18.0 lr=5.10e-05 | 59176 tok/s (avg 56486) ETA 294m33s | gtok=2,001,715,200 | GPU 1.3/45.5GB
step 54350 [54350/81380  67%]  loss=3.1087 ppl=22.4 lr=5.08e-05 | 59255 tok/s (avg 56488) ETA 293m59s | gtok=2,003,558,400 | GPU 1.3/45.5GB
step 54400 [54400/81380  67%]  loss=2.8859 ppl=17.9 lr=5.06e-05 | 59424 tok/s (avg 56491) ETA 293m26s | gtok=2,005,401,600 | GPU 1.3/45.5GB
step 54450 [54450/81380  67%]  loss=2.8797 ppl=17.8 lr=5.05e-05 | 59389 tok/s (avg 56493) ETA 292m52s | gtok=2,007,244,800 | GPU 1.3/45.5GB
step 54500 [54500/81380  67%]  loss=2.9020 ppl=18.2 lr=5.03e-05 | 58652 tok/s (avg 56495) ETA 292m19s | gtok=2,009,088,000 | GPU 1.3/45.5GB
step 54550 [54550/81380  67%]  loss=2.7036 ppl=14.9 lr=5.01e-05 | 59309 tok/s (avg 56498) ETA 291m46s | gtok=2,010,931,200 | GPU 1.3/45.5GB
step 54600 [54600/81380  67%]  loss=3.1086 ppl=22.4 lr=5.00e-05 | 59336 tok/s (avg 56500) ETA 291m12s | gtok=2,012,774,400 | GPU 1.3/45.5GB
step 54650 [54650/81380  67%]  loss=2.6708 ppl=14.5 lr=4.98e-05 | 59333 tok/s (avg 56502) ETA 290m39s | gtok=2,014,617,600 | GPU 1.3/45.5GB
step 54700 [54700/81380  67%]  loss=2.9750 ppl=19.6 lr=4.96e-05 | 59375 tok/s (avg 56505) ETA 290m06s | gtok=2,016,460,800 | GPU 1.3/45.5GB
step 54750 [54750/81380  67%]  loss=3.0399 ppl=20.9 lr=4.94e-05 | 59171 tok/s (avg 56507) ETA 289m32s | gtok=2,018,304,000 | GPU 1.3/45.5GB
step 54800 [54800/81380  67%]  loss=2.8550 ppl=17.4 lr=4.93e-05 | 59350 tok/s (avg 56510) ETA 288m59s | gtok=2,020,147,200 | GPU 1.3/45.5GB
step 54850 [54850/81380  67%]  loss=2.9901 ppl=19.9 lr=4.91e-05 | 59430 tok/s (avg 56512) ETA 288m26s | gtok=2,021,990,400 | GPU 1.3/45.5GB
step 54900 [54900/81380  67%]  loss=3.0248 ppl=20.6 lr=4.89e-05 | 59344 tok/s (avg 56515) ETA 287m52s | gtok=2,023,833,600 | GPU 1.3/45.5GB
step 54950 [54950/81380  68%]  loss=3.0630 ppl=21.4 lr=4.88e-05 | 58623 tok/s (avg 56517) ETA 287m19s | gtok=2,025,676,800 | GPU 1.3/45.5GB
step 55000 [55000/81380  68%]  loss=2.6608 ppl=14.3 lr=4.86e-05 | 59347 tok/s (avg 56519) ETA 286m46s | gtok=2,027,520,000 | GPU 1.3/45.5GB
  [checkpoint] step 55000 -> checkpoints_v13_sempty/mix3b_delta_nodecay_answ100_9f33b50/latest.pt
step 55050 [55050/81380  68%]  loss=2.9444 ppl=19.0 lr=4.84e-05 | 56223 tok/s (avg 56519) ETA 286m13s | gtok=2,029,363,200 | GPU 1.3/45.5GB
step 55100 [55100/81380  68%]  loss=2.7935 ppl=16.3 lr=4.83e-05 | 59265 tok/s (avg 56521) ETA 285m40s | gtok=2,031,206,400 | GPU 1.3/45.5GB
step 55150 [55150/81380  68%]  loss=3.1637 ppl=23.7 lr=4.81e-05 | 59291 tok/s (avg 56524) ETA 285m06s | gtok=2,033,049,600 | GPU 1.3/45.5GB
step 55200 [55200/81380  68%]  loss=2.8670 ppl=17.6 lr=4.79e-05 | 59184 tok/s (avg 56526) ETA 284m33s | gtok=2,034,892,800 | GPU 1.3/45.5GB
step 55250 [55250/81380  68%]  loss=2.6455 ppl=14.1 lr=4.78e-05 | 59106 tok/s (avg 56528) ETA 284m00s | gtok=2,036,736,000 | GPU 1.3/45.5GB
step 55300 [55300/81380  68%]  loss=2.5193 ppl=12.4 lr=4.76e-05 | 59310 tok/s (avg 56530) ETA 283m26s | gtok=2,038,579,200 | GPU 1.3/45.5GB
step 55350 [55350/81380  68%]  loss=3.0065 ppl=20.2 lr=4.74e-05 | 58687 tok/s (avg 56532) ETA 282m53s | gtok=2,040,422,400 | GPU 1.3/45.5GB
step 55400 [55400/81380  68%]  loss=2.9345 ppl=18.8 lr=4.73e-05 | 59356 tok/s (avg 56535) ETA 282m20s | gtok=2,042,265,600 | GPU 1.3/45.5GB
step 55450 [55450/81380  68%]  loss=2.7625 ppl=15.8 lr=4.71e-05 | 59332 tok/s (avg 56537) ETA 281m47s | gtok=2,044,108,800 | GPU 1.3/45.5GB
step 55500 [55500/81380  68%]  loss=2.9297 ppl=18.7 lr=4.69e-05 | 59326 tok/s (avg 56540) ETA 281m13s | gtok=2,045,952,000 | GPU 1.3/45.5GB
step 55550 [55550/81380  68%]  loss=3.0960 ppl=22.1 lr=4.68e-05 | 59261 tok/s (avg 56542) ETA 280m40s | gtok=2,047,795,200 | GPU 1.3/45.5GB
step 55600 [55600/81380  68%]  loss=2.7905 ppl=16.3 lr=4.66e-05 | 59384 tok/s (avg 56544) ETA 280m07s | gtok=2,049,638,400 | GPU 1.3/45.5GB
step 55650 [55650/81380  68%]  loss=2.8733 ppl=17.7 lr=4.64e-05 | 59318 tok/s (avg 56547) ETA 279m33s | gtok=2,051,481,600 | GPU 1.3/45.5GB
step 55700 [55700/81380  68%]  loss=2.5523 ppl=12.8 lr=4.63e-05 | 59336 tok/s (avg 56549) ETA 279m00s | gtok=2,053,324,800 | GPU 1.3/45.5GB
step 55750 [55750/81380  69%]  loss=2.9675 ppl=19.4 lr=4.61e-05 | 59373 tok/s (avg 56552) ETA 278m27s | gtok=2,055,168,000 | GPU 1.3/45.5GB
step 55800 [55800/81380  69%]  loss=3.0786 ppl=21.7 lr=4.60e-05 | 58620 tok/s (avg 56553) ETA 277m54s | gtok=2,057,011,200 | GPU 1.3/45.5GB
step 55850 [55850/81380  69%]  loss=2.8921 ppl=18.0 lr=4.58e-05 | 59194 tok/s (avg 56556) ETA 277m20s | gtok=2,058,854,400 | GPU 1.3/45.5GB
step 55900 [55900/81380  69%]  loss=2.7807 ppl=16.1 lr=4.56e-05 | 59198 tok/s (avg 56558) ETA 276m47s | gtok=2,060,697,600 | GPU 1.3/45.5GB
step 55950 [55950/81380  69%]  loss=3.0276 ppl=20.6 lr=4.55e-05 | 59152 tok/s (avg 56560) ETA 276m14s | gtok=2,062,540,800 | GPU 1.3/45.5GB
step 56000 [56000/81380  69%]  loss=2.8069 ppl=16.6 lr=4.53e-05 | 59240 tok/s (avg 56562) ETA 275m41s | gtok=2,064,384,000 | GPU 1.3/45.5GB
  [gen @ step 56000, 2,064,384,000 tok] prompt: In 1923, the University of
    In 1923, the University of Toronto started its own project to develop a new method for conducting mass spectrometry. The technique allowed researchers to study the behavior and chemistry of atoms by using an array of different methods that could be used in various experiments. In both cases, a single electron beam was used to amplify each molecule.
The results revealed that the molecules were sensitive to specific wavelengths, whereas their chemical compositions were limited. Moreover
  [checkpoint] step 56000 -> checkpoints_v13_sempty/mix3b_delta_nodecay_answ100_9f33b50/best_model.pt
  [val @ step 56000] val_loss=3.4617 val_ppl=31.87 *best* (best 31.87)
  [wiki_val @ step 56000] val_loss=4.2490 val_ppl=70.03
  [checkpoint] step 56000 -> checkpoints_v13_sempty/mix3b_delta_nodecay_answ100_9f33b50/latest.pt
  [diag] step 56000 cgu=+0.49 +0.22 +0.24 +0.24 +0.26 +0.33 +0.39 +0.45 +0.59 +0.63 +0.78 +0.89 +1.02 +1.11 +1.23 +1.72  pam=+0.03 +0.02 +0.01 +0.02 +0.05 +0.02 +0.04 +0.10 +0.05 +0.10 +0.10 +0.12 +0.17 +0.18 +0.54 +0.44
  [diag] dtbias=-4.00 -4.00 -4.00 -4.00 -4.00 -4.00 -4.00 -4.00 -4.00 -4.00 -4.00 -4.00 -4.00 -4.00 -4.00 -4.00  ret=1.00 1.00 1.00 1.00 1.00 1.00 1.00 1.00 1.00 1.00 1.00 1.00 1.00 1.00 1.00 1.00
  [diag] dtbias/head(layer-mean)=-4.00 -4.00 -4.00 -4.00 -4.00 -4.00
  [diag] gnorm=2.6e-01 1.3e-01 4.8e-01 1.9e-01 4.0e-01 1.2e-01 8.5e-02 8.2e-02 8.8e-02 1.0e-01 6.7e-02 7.4e-02 8.3e-02 4.3e-01 1.2e-01 9.7e-02  wnorm=71.3 81.6 84.4 84.3 84.9 85.6 86.2 85.6 85.0 85.4 86.7 87.1 88.2 88.2 90.2 90.8
step 56050 [56050/81380  69%]  loss=2.7957 ppl=16.4 lr=4.51e-05 | 22605 tok/s (avg 56487) ETA 275m30s | gtok=2,066,227,200 | GPU 1.3/45.5GB
step 56100 [56100/81380  69%]  loss=3.1092 ppl=22.4 lr=4.50e-05 | 58523 tok/s (avg 56488) ETA 274m57s | gtok=2,068,070,400 | GPU 1.3/45.5GB
step 56150 [56150/81380  69%]  loss=3.0527 ppl=21.2 lr=4.48e-05 | 59151 tok/s (avg 56491) ETA 274m24s | gtok=2,069,913,600 | GPU 1.3/45.5GB
step 56200 [56200/81380  69%]  loss=2.9046 ppl=18.3 lr=4.46e-05 | 59176 tok/s (avg 56493) ETA 273m51s | gtok=2,071,756,800 | GPU 1.3/45.5GB
step 56250 [56250/81380  69%]  loss=2.9990 ppl=20.1 lr=4.45e-05 | 59257 tok/s (avg 56495) ETA 273m17s | gtok=2,073,600,000 | GPU 1.3/45.5GB
step 56300 [56300/81380  69%]  loss=2.8650 ppl=17.5 lr=4.43e-05 | 59211 tok/s (avg 56498) ETA 272m44s | gtok=2,075,443,200 | GPU 1.3/45.5GB
step 56350 [56350/81380  69%]  loss=2.8664 ppl=17.6 lr=4.42e-05 | 59251 tok/s (avg 56500) ETA 272m11s | gtok=2,077,286,400 | GPU 1.3/45.5GB
step 56400 [56400/81380  69%]  loss=3.1595 ppl=23.6 lr=4.40e-05 | 59204 tok/s (avg 56502) ETA 271m37s | gtok=2,079,129,600 | GPU 1.3/45.5GB
step 56450 [56450/81380  69%]  loss=2.8462 ppl=17.2 lr=4.38e-05 | 59287 tok/s (avg 56505) ETA 271m04s | gtok=2,080,972,800 | GPU 1.3/45.5GB
step 56500 [56500/81380  69%]  loss=2.9866 ppl=19.8 lr=4.37e-05 | 59339 tok/s (avg 56507) ETA 270m31s | gtok=2,082,816,000 | GPU 1.3/45.5GB
step 56550 [56550/81380  69%]  loss=2.9058 ppl=18.3 lr=4.35e-05 | 58637 tok/s (avg 56509) ETA 269m58s | gtok=2,084,659,200 | GPU 1.3/45.5GB
step 56600 [56600/81380  70%]  loss=2.6022 ppl=13.5 lr=4.33e-05 | 59234 tok/s (avg 56511) ETA 269m24s | gtok=2,086,502,400 | GPU 1.3/45.5GB
step 56650 [56650/81380  70%]  loss=2.7135 ppl=15.1 lr=4.32e-05 | 59207 tok/s (avg 56513) ETA 268m51s | gtok=2,088,345,600 | GPU 1.3/45.5GB
step 56700 [56700/81380  70%]  loss=3.0163 ppl=20.4 lr=4.30e-05 | 59248 tok/s (avg 56516) ETA 268m18s | gtok=2,090,188,800 | GPU 1.3/45.5GB
step 56750 [56750/81380  70%]  loss=2.7735 ppl=16.0 lr=4.29e-05 | 59333 tok/s (avg 56518) ETA 267m44s | gtok=2,092,032,000 | GPU 1.3/45.5GB
step 56800 [56800/81380  70%]  loss=3.1378 ppl=23.1 lr=4.27e-05 | 59270 tok/s (avg 56520) ETA 267m11s | gtok=2,093,875,200 | GPU 1.3/45.5GB
step 56850 [56850/81380  70%]  loss=2.8622 ppl=17.5 lr=4.25e-05 | 59331 tok/s (avg 56523) ETA 266m38s | gtok=2,095,718,400 | GPU 1.3/45.5GB
step 56900 [56900/81380  70%]  loss=3.0056 ppl=20.2 lr=4.24e-05 | 59422 tok/s (avg 56525) ETA 266m05s | gtok=2,097,561,600 | GPU 1.3/45.5GB
step 56950 [56950/81380  70%]  loss=2.8835 ppl=17.9 lr=4.22e-05 | 59254 tok/s (avg 56527) ETA 265m31s | gtok=2,099,404,800 | GPU 1.3/45.5GB
step 57000 [57000/81380  70%]  loss=3.0110 ppl=20.3 lr=4.21e-05 | 58580 tok/s (avg 56529) ETA 264m58s | gtok=2,101,248,000 | GPU 1.3/45.5GB
  [checkpoint] step 57000 -> checkpoints_v13_sempty/mix3b_delta_nodecay_answ100_9f33b50/latest.pt
step 57050 [57050/81380  70%]  loss=2.3528 ppl=10.5 lr=4.19e-05 | 56179 tok/s (avg 56529) ETA 264m26s | gtok=2,103,091,200 | GPU 1.3/45.5GB
step 57100 [57100/81380  70%]  loss=2.9646 ppl=19.4 lr=4.17e-05 | 59361 tok/s (avg 56531) ETA 263m53s | gtok=2,104,934,400 | GPU 1.3/45.5GB
step 57150 [57150/81380  70%]  loss=3.0548 ppl=21.2 lr=4.16e-05 | 59434 tok/s (avg 56534) ETA 263m19s | gtok=2,106,777,600 | GPU 1.3/45.5GB
step 57200 [57200/81380  70%]  loss=3.2602 ppl=26.1 lr=4.14e-05 | 59579 tok/s (avg 56536) ETA 262m46s | gtok=2,108,620,800 | GPU 1.3/45.5GB
step 57250 [57250/81380  70%]  loss=2.9885 ppl=19.9 lr=4.13e-05 | 59149 tok/s (avg 56538) ETA 262m13s | gtok=2,110,464,000 | GPU 1.3/45.5GB
step 57300 [57300/81380  70%]  loss=3.2162 ppl=24.9 lr=4.11e-05 | 59300 tok/s (avg 56541) ETA 261m39s | gtok=2,112,307,200 | GPU 1.3/45.5GB
step 57350 [57350/81380  70%]  loss=3.1365 ppl=23.0 lr=4.10e-05 | 59305 tok/s (avg 56543) ETA 261m06s | gtok=2,114,150,400 | GPU 1.3/45.5GB
step 57400 [57400/81380  71%]  loss=3.1883 ppl=24.2 lr=4.08e-05 | 58612 tok/s (avg 56545) ETA 260m33s | gtok=2,115,993,600 | GPU 1.3/45.5GB
step 57450 [57450/81380  71%]  loss=3.2661 ppl=26.2 lr=4.06e-05 | 59298 tok/s (avg 56547) ETA 260m00s | gtok=2,117,836,800 | GPU 1.3/45.5GB
step 57500 [57500/81380  71%]  loss=2.8064 ppl=16.5 lr=4.05e-05 | 59369 tok/s (avg 56549) ETA 259m27s | gtok=2,119,680,000 | GPU 1.3/45.5GB
step 57550 [57550/81380  71%]  loss=2.6857 ppl=14.7 lr=4.03e-05 | 59343 tok/s (avg 56552) ETA 258m53s | gtok=2,121,523,200 | GPU 1.3/45.5GB
step 57600 [57600/81380  71%]  loss=2.8999 ppl=18.2 lr=4.02e-05 | 59375 tok/s (avg 56554) ETA 258m20s | gtok=2,123,366,400 | GPU 1.3/45.5GB
step 57650 [57650/81380  71%]  loss=3.0557 ppl=21.2 lr=4.00e-05 | 59161 tok/s (avg 56556) ETA 257m47s | gtok=2,125,209,600 | GPU 1.3/45.5GB
step 57700 [57700/81380  71%]  loss=3.0970 ppl=22.1 lr=3.99e-05 | 59416 tok/s (avg 56558) ETA 257m14s | gtok=2,127,052,800 | GPU 1.3/45.5GB
step 57750 [57750/81380  71%]  loss=3.3786 ppl=29.3 lr=3.97e-05 | 59405 tok/s (avg 56561) ETA 256m41s | gtok=2,128,896,000 | GPU 1.3/45.5GB
step 57800 [57800/81380  71%]  loss=2.9357 ppl=18.8 lr=3.95e-05 | 59439 tok/s (avg 56563) ETA 256m07s | gtok=2,130,739,200 | GPU 1.3/45.5GB
step 57850 [57850/81380  71%]  loss=2.7127 ppl=15.1 lr=3.94e-05 | 58611 tok/s (avg 56565) ETA 255m34s | gtok=2,132,582,400 | GPU 1.3/45.5GB
step 57900 [57900/81380  71%]  loss=3.0991 ppl=22.2 lr=3.92e-05 | 59431 tok/s (avg 56567) ETA 255m01s | gtok=2,134,425,600 | GPU 1.3/45.5GB
step 57950 [57950/81380  71%]  loss=2.9249 ppl=18.6 lr=3.91e-05 | 59447 tok/s (avg 56569) ETA 254m28s | gtok=2,136,268,800 | GPU 1.3/45.5GB
step 58000 [58000/81380  71%]  loss=3.0761 ppl=21.7 lr=3.89e-05 | 59267 tok/s (avg 56572) ETA 253m55s | gtok=2,138,112,000 | GPU 1.3/45.5GB
  [checkpoint] step 58000 -> checkpoints_v13_sempty/mix3b_delta_nodecay_answ100_9f33b50/best_model.pt
  [val @ step 58000] val_loss=3.4490 val_ppl=31.47 *best* (best 31.47)
  [wiki_val @ step 58000] val_loss=4.2413 val_ppl=69.50
  [checkpoint] step 58000 -> checkpoints_v13_sempty/mix3b_delta_nodecay_answ100_9f33b50/latest.pt
  [diag] step 58000 cgu=+0.49 +0.23 +0.24 +0.24 +0.26 +0.33 +0.39 +0.46 +0.59 +0.64 +0.78 +0.89 +1.02 +1.12 +1.23 +1.73  pam=+0.03 +0.02 +0.01 +0.02 +0.05 +0.02 +0.04 +0.10 +0.05 +0.10 +0.10 +0.12 +0.17 +0.18 +0.54 +0.45
  [diag] dtbias=-4.00 -4.00 -4.00 -4.00 -4.00 -4.00 -4.00 -4.00 -4.00 -4.00 -4.00 -4.00 -4.00 -4.00 -4.00 -4.00  ret=1.00 1.00 1.00 1.00 1.00 1.00 1.00 1.00 1.00 1.00 1.00 1.00 1.00 1.00 1.00 1.00
  [diag] dtbias/head(layer-mean)=-4.00 -4.00 -4.00 -4.00 -4.00 -4.00
  [diag] gnorm=2.9e-01 7.1e-02 4.0e-01 8.1e-02 2.4e-01 1.6e-01 6.9e-02 9.1e-02 8.8e-02 9.1e-02 7.2e-02 9.7e-02 1.1e-01 6.1e-01 1.1e-01 1.1e-01  wnorm=71.4 81.7 84.5 84.4 84.9 85.6 86.3 85.7 85.1 85.4 86.8 87.1 88.3 88.2 90.2 90.9
step 58050 [58050/81380  71%]  loss=2.8775 ppl=17.8 lr=3.88e-05 | 24576 tok/s (avg 56508) ETA 253m39s | gtok=2,139,955,200 | GPU 1.3/45.5GB
step 58100 [58100/81380  71%]  loss=2.8299 ppl=16.9 lr=3.86e-05 | 59442 tok/s (avg 56511) ETA 253m06s | gtok=2,141,798,400 | GPU 1.3/45.5GB
step 58150 [58150/81380  71%]  loss=3.0499 ppl=21.1 lr=3.85e-05 | 59422 tok/s (avg 56513) ETA 252m33s | gtok=2,143,641,600 | GPU 1.3/45.5GB
step 58200 [58200/81380  72%]  loss=2.9996 ppl=20.1 lr=3.83e-05 | 58694 tok/s (avg 56515) ETA 252m00s | gtok=2,145,484,800 | GPU 1.3/45.5GB
step 58250 [58250/81380  72%]  loss=2.9216 ppl=18.6 lr=3.82e-05 | 59277 tok/s (avg 56517) ETA 251m26s | gtok=2,147,328,000 | GPU 1.3/45.5GB
step 58300 [58300/81380  72%]  loss=2.8111 ppl=16.6 lr=3.80e-05 | 59328 tok/s (avg 56519) ETA 250m53s | gtok=2,149,171,200 | GPU 1.3/45.5GB
step 58350 [58350/81380  72%]  loss=3.3107 ppl=27.4 lr=3.78e-05 | 51419 tok/s (avg 56515) ETA 250m22s | gtok=2,151,014,400 | GPU 1.3/45.5GB
step 58400 [58400/81380  72%]  loss=3.1231 ppl=22.7 lr=3.77e-05 | 59398 tok/s (avg 56517) ETA 249m49s | gtok=2,152,857,600 | GPU 1.3/45.5GB
step 58450 [58450/81380  72%]  loss=2.7623 ppl=15.8 lr=3.75e-05 | 59347 tok/s (avg 56519) ETA 249m15s | gtok=2,154,700,800 | GPU 1.3/45.5GB
step 58500 [58500/81380  72%]  loss=2.7276 ppl=15.3 lr=3.74e-05 | 59383 tok/s (avg 56522) ETA 248m42s | gtok=2,156,544,000 | GPU 1.3/45.5GB
step 58550 [58550/81380  72%]  loss=2.6541 ppl=14.2 lr=3.72e-05 | 59469 tok/s (avg 56524) ETA 248m09s | gtok=2,158,387,200 | GPU 1.3/45.5GB
step 58600 [58600/81380  72%]  loss=2.9529 ppl=19.2 lr=3.71e-05 | 59448 tok/s (avg 56526) ETA 247m36s | gtok=2,160,230,400 | GPU 1.3/45.5GB
step 58650 [58650/81380  72%]  loss=2.8616 ppl=17.5 lr=3.69e-05 | 58715 tok/s (avg 56528) ETA 247m03s | gtok=2,162,073,600 | GPU 1.3/45.5GB
step 58700 [58700/81380  72%]  loss=3.0851 ppl=21.9 lr=3.68e-05 | 59530 tok/s (avg 56531) ETA 246m29s | gtok=2,163,916,800 | GPU 1.3/45.5GB
step 58750 [58750/81380  72%]  loss=2.9380 ppl=18.9 lr=3.66e-05 | 59355 tok/s (avg 56533) ETA 245m56s | gtok=2,165,760,000 | GPU 1.3/45.5GB
step 58800 [58800/81380  72%]  loss=2.7304 ppl=15.3 lr=3.65e-05 | 59371 tok/s (avg 56535) ETA 245m23s | gtok=2,167,603,200 | GPU 1.3/45.5GB
step 58850 [58850/81380  72%]  loss=3.0110 ppl=20.3 lr=3.63e-05 | 59188 tok/s (avg 56537) ETA 244m50s | gtok=2,169,446,400 | GPU 1.3/45.5GB
step 58900 [58900/81380  72%]  loss=2.8330 ppl=17.0 lr=3.62e-05 | 59424 tok/s (avg 56540) ETA 244m16s | gtok=2,171,289,600 | GPU 1.3/45.5GB
step 58950 [58950/81380  72%]  loss=3.2518 ppl=25.8 lr=3.60e-05 | 59334 tok/s (avg 56542) ETA 243m43s | gtok=2,173,132,800 | GPU 1.3/45.5GB
step 59000 [59000/81380  72%]  loss=2.7684 ppl=15.9 lr=3.59e-05 | 59363 tok/s (avg 56544) ETA 243m10s | gtok=2,174,976,000 | GPU 1.3/45.5GB
  [checkpoint] step 59000 -> checkpoints_v13_sempty/mix3b_delta_nodecay_answ100_9f33b50/latest.pt
step 59050 [59050/81380  73%]  loss=3.2083 ppl=24.7 lr=3.57e-05 | 56263 tok/s (avg 56544) ETA 242m38s | gtok=2,176,819,200 | GPU 1.3/45.5GB
step 59100 [59100/81380  73%]  loss=2.5288 ppl=12.5 lr=3.56e-05 | 58616 tok/s (avg 56546) ETA 242m05s | gtok=2,178,662,400 | GPU 1.3/45.5GB
step 59150 [59150/81380  73%]  loss=2.9065 ppl=18.3 lr=3.54e-05 | 59393 tok/s (avg 56548) ETA 241m31s | gtok=2,180,505,600 | GPU 1.3/45.5GB
step 59200 [59200/81380  73%]  loss=3.0434 ppl=21.0 lr=3.53e-05 | 59417 tok/s (avg 56550) ETA 240m58s | gtok=2,182,348,800 | GPU 1.3/45.5GB
step 59250 [59250/81380  73%]  loss=3.1992 ppl=24.5 lr=3.51e-05 | 59295 tok/s (avg 56553) ETA 240m25s | gtok=2,184,192,000 | GPU 1.3/45.5GB
step 59300 [59300/81380  73%]  loss=2.9847 ppl=19.8 lr=3.50e-05 | 59212 tok/s (avg 56555) ETA 239m52s | gtok=2,186,035,200 | GPU 1.3/45.5GB
step 59350 [59350/81380  73%]  loss=2.7726 ppl=16.0 lr=3.48e-05 | 59201 tok/s (avg 56557) ETA 239m19s | gtok=2,187,878,400 | GPU 1.3/45.5GB
step 59400 [59400/81380  73%]  loss=3.1259 ppl=22.8 lr=3.47e-05 | 59273 tok/s (avg 56559) ETA 238m46s | gtok=2,189,721,600 | GPU 1.3/45.5GB
step 59450 [59450/81380  73%]  loss=2.7457 ppl=15.6 lr=3.45e-05 | 59427 tok/s (avg 56561) ETA 238m12s | gtok=2,191,564,800 | GPU 1.3/45.5GB
step 59500 [59500/81380  73%]  loss=3.0650 ppl=21.4 lr=3.44e-05 | 59288 tok/s (avg 56563) ETA 237m39s | gtok=2,193,408,000 | GPU 1.3/45.5GB
step 59550 [59550/81380  73%]  loss=2.7279 ppl=15.3 lr=3.42e-05 | 58561 tok/s (avg 56565) ETA 237m06s | gtok=2,195,251,200 | GPU 1.3/45.5GB
step 59600 [59600/81380  73%]  loss=2.4588 ppl=11.7 lr=3.41e-05 | 59313 tok/s (avg 56567) ETA 236m33s | gtok=2,197,094,400 | GPU 1.3/45.5GB
step 59650 [59650/81380  73%]  loss=2.8969 ppl=18.1 lr=3.39e-05 | 59109 tok/s (avg 56569) ETA 236m00s | gtok=2,198,937,600 | GPU 1.3/45.5GB
step 59700 [59700/81380  73%]  loss=2.9463 ppl=19.0 lr=3.38e-05 | 58968 tok/s (avg 56571) ETA 235m27s | gtok=2,200,780,800 | GPU 1.3/45.5GB
step 59750 [59750/81380  73%]  loss=2.8213 ppl=16.8 lr=3.37e-05 | 59187 tok/s (avg 56573) ETA 234m54s | gtok=2,202,624,000 | GPU 1.3/45.5GB
step 59800 [59800/81380  73%]  loss=3.1108 ppl=22.4 lr=3.35e-05 | 59156 tok/s (avg 56575) ETA 234m21s | gtok=2,204,467,200 | GPU 1.3/45.5GB
step 59850 [59850/81380  74%]  loss=2.8989 ppl=18.2 lr=3.34e-05 | 59205 tok/s (avg 56577) ETA 233m48s | gtok=2,206,310,400 | GPU 1.3/45.5GB
step 59900 [59900/81380  74%]  loss=3.2353 ppl=25.4 lr=3.32e-05 | 59181 tok/s (avg 56580) ETA 233m15s | gtok=2,208,153,600 | GPU 1.3/45.5GB
step 59950 [59950/81380  74%]  loss=2.6865 ppl=14.7 lr=3.31e-05 | 58489 tok/s (avg 56581) ETA 232m42s | gtok=2,209,996,800 | GPU 1.3/45.5GB
step 60000 [60000/81380  74%]  loss=3.2103 ppl=24.8 lr=3.29e-05 | 59264 tok/s (avg 56583) ETA 232m09s | gtok=2,211,840,000 | GPU 1.3/45.5GB
  [gen @ step 60000, 2,211,840,000 tok] prompt: In 1923, the University of
    In 1923, the University of Manchester's National Institute for Food and Agriculture (NIST) announced a new level of public education in a country where the public school system was not well-understood.
The system was set up in 1950 by the National Education Association and funded by the state government. The system also included the University of Michigan's Department of Education, which provided the educational institution with a training course to enable students to
  [checkpoint] step 60000 -> checkpoints_v13_sempty/mix3b_delta_nodecay_answ100_9f33b50/best_model.pt
  [val @ step 60000] val_loss=3.4398 val_ppl=31.18 *best* (best 31.18)
  [wiki_val @ step 60000] val_loss=4.2243 val_ppl=68.32
  [checkpoint] step 60000 -> checkpoints_v13_sempty/mix3b_delta_nodecay_answ100_9f33b50/latest.pt
  [checkpoint] step 60000 -> checkpoints_v13_sempty/mix3b_delta_nodecay_answ100_9f33b50/step_060000.pt
  [checkpoint] pruned step_050000.pt
  [diag] step 60000 cgu=+0.49 +0.23 +0.24 +0.24 +0.26 +0.33 +0.39 +0.46 +0.60 +0.64 +0.78 +0.90 +1.03 +1.12 +1.24 +1.74  pam=+0.03 +0.02 +0.01 +0.02 +0.05 +0.02 +0.04 +0.10 +0.05 +0.10 +0.10 +0.12 +0.17 +0.18 +0.55 +0.45
  [diag] dtbias=-4.00 -4.00 -4.00 -4.00 -4.00 -4.00 -4.00 -4.00 -4.00 -4.00 -4.00 -4.00 -4.00 -4.00 -4.00 -4.00  ret=1.00 1.00 1.00 1.00 1.00 1.00 1.00 1.00 1.00 1.00 1.00 1.00 1.00 1.00 1.00 1.00
  [diag] dtbias/head(layer-mean)=-4.00 -4.00 -4.00 -4.00 -4.00 -4.00
  [diag] gnorm=5.2e-01 8.4e-02 2.1e-01 5.9e-02 3.6e-01 8.3e-02 7.1e-02 8.5e-02 8.9e-02 1.2e-01 6.8e-02 9.1e-02 9.4e-02 4.6e-01 1.2e-01 1.2e-01  wnorm=71.4 81.7 84.5 84.4 84.9 85.7 86.3 85.7 85.1 85.5 86.8 87.1 88.3 88.3 90.2 90.9
step 60050 [60050/81380  74%]  loss=3.0525 ppl=21.2 lr=3.28e-05 | 23634 tok/s (avg 56518) ETA 231m52s | gtok=2,213,683,200 | GPU 1.3/45.5GB
step 60100 [60100/81380  74%]  loss=3.2005 ppl=24.5 lr=3.26e-05 | 59175 tok/s (avg 56520) ETA 231m19s | gtok=2,215,526,400 | GPU 1.3/45.5GB
step 60150 [60150/81380  74%]  loss=2.6679 ppl=14.4 lr=3.25e-05 | 59239 tok/s (avg 56522) ETA 230m46s | gtok=2,217,369,600 | GPU 1.3/45.5GB
step 60200 [60200/81380  74%]  loss=2.8785 ppl=17.8 lr=3.24e-05 | 59163 tok/s (avg 56524) ETA 230m13s | gtok=2,219,212,800 | GPU 1.3/45.5GB
step 60250 [60250/81380  74%]  loss=2.6024 ppl=13.5 lr=3.22e-05 | 59303 tok/s (avg 56526) ETA 229m40s | gtok=2,221,056,000 | GPU 1.3/45.5GB
step 60300 [60300/81380  74%]  loss=2.7233 ppl=15.2 lr=3.21e-05 | 58582 tok/s (avg 56528) ETA 229m07s | gtok=2,222,899,200 | GPU 1.3/45.5GB
step 60350 [60350/81380  74%]  loss=3.2476 ppl=25.7 lr=3.19e-05 | 59255 tok/s (avg 56530) ETA 228m33s | gtok=2,224,742,400 | GPU 1.3/45.5GB
step 60400 [60400/81380  74%]  loss=2.8657 ppl=17.6 lr=3.18e-05 | 59354 tok/s (avg 56532) ETA 228m00s | gtok=2,226,585,600 | GPU 1.3/45.5GB
step 60450 [60450/81380  74%]  loss=2.9130 ppl=18.4 lr=3.16e-05 | 59255 tok/s (avg 56534) ETA 227m27s | gtok=2,228,428,800 | GPU 1.3/45.5GB
step 60500 [60500/81380  74%]  loss=2.4493 ppl=11.6 lr=3.15e-05 | 59429 tok/s (avg 56537) ETA 226m54s | gtok=2,230,272,000 | GPU 1.3/45.5GB
step 60550 [60550/81380  74%]  loss=3.0646 ppl=21.4 lr=3.13e-05 | 59348 tok/s (avg 56539) ETA 226m21s | gtok=2,232,115,200 | GPU 1.3/45.5GB
step 60600 [60600/81380  74%]  loss=2.9087 ppl=18.3 lr=3.12e-05 | 59333 tok/s (avg 56541) ETA 225m48s | gtok=2,233,958,400 | GPU 1.3/45.5GB
step 60650 [60650/81380  75%]  loss=3.1022 ppl=22.2 lr=3.11e-05 | 59335 tok/s (avg 56543) ETA 225m15s | gtok=2,235,801,600 | GPU 1.3/45.5GB
step 60700 [60700/81380  75%]  loss=2.9625 ppl=19.3 lr=3.09e-05 | 59284 tok/s (avg 56545) ETA 224m42s | gtok=2,237,644,800 | GPU 1.3/45.5GB
step 60750 [60750/81380  75%]  loss=2.7129 ppl=15.1 lr=3.08e-05 | 58596 tok/s (avg 56547) ETA 224m09s | gtok=2,239,488,000 | GPU 1.3/45.5GB
step 60800 [60800/81380  75%]  loss=2.8381 ppl=17.1 lr=3.06e-05 | 51160 tok/s (avg 56542) ETA 223m37s | gtok=2,241,331,200 | GPU 1.3/45.5GB
step 60850 [60850/81380  75%]  loss=2.9453 ppl=19.0 lr=3.05e-05 | 59335 tok/s (avg 56544) ETA 223m04s | gtok=2,243,174,400 | GPU 1.3/45.5GB
step 60900 [60900/81380  75%]  loss=3.1113 ppl=22.4 lr=3.04e-05 | 59352 tok/s (avg 56547) ETA 222m31s | gtok=2,245,017,600 | GPU 1.3/45.5GB
step 60950 [60950/81380  75%]  loss=3.0041 ppl=20.2 lr=3.02e-05 | 59138 tok/s (avg 56549) ETA 221m58s | gtok=2,246,860,800 | GPU 1.3/45.5GB
step 61000 [61000/81380  75%]  loss=2.7666 ppl=15.9 lr=3.01e-05 | 59245 tok/s (avg 56551) ETA 221m25s | gtok=2,248,704,000 | GPU 1.3/45.5GB
  [checkpoint] step 61000 -> checkpoints_v13_sempty/mix3b_delta_nodecay_answ100_9f33b50/latest.pt
step 61050 [61050/81380  75%]  loss=2.8537 ppl=17.4 lr=2.99e-05 | 56080 tok/s (avg 56550) ETA 220m52s | gtok=2,250,547,200 | GPU 1.3/45.5GB
step 61100 [61100/81380  75%]  loss=2.6826 ppl=14.6 lr=2.98e-05 | 59324 tok/s (avg 56552) ETA 220m19s | gtok=2,252,390,400 | GPU 1.3/45.5GB
step 61150 [61150/81380  75%]  loss=2.6882 ppl=14.7 lr=2.97e-05 | 59253 tok/s (avg 56555) ETA 219m46s | gtok=2,254,233,600 | GPU 1.3/45.5GB
step 61200 [61200/81380  75%]  loss=2.9133 ppl=18.4 lr=2.95e-05 | 58700 tok/s (avg 56556) ETA 219m13s | gtok=2,256,076,800 | GPU 1.3/45.5GB
step 61250 [61250/81380  75%]  loss=2.9867 ppl=19.8 lr=2.94e-05 | 59263 tok/s (avg 56558) ETA 218m40s | gtok=2,257,920,000 | GPU 1.3/45.5GB
step 61300 [61300/81380  75%]  loss=3.0518 ppl=21.2 lr=2.92e-05 | 59228 tok/s (avg 56560) ETA 218m07s | gtok=2,259,763,200 | GPU 1.3/45.5GB
step 61350 [61350/81380  75%]  loss=2.7955 ppl=16.4 lr=2.91e-05 | 59229 tok/s (avg 56562) ETA 217m34s | gtok=2,261,606,400 | GPU 1.3/45.5GB
step 61400 [61400/81380  75%]  loss=2.6143 ppl=13.7 lr=2.90e-05 | 59407 tok/s (avg 56565) ETA 217m01s | gtok=2,263,449,600 | GPU 1.3/45.5GB
step 61450 [61450/81380  76%]  loss=2.7647 ppl=15.9 lr=2.88e-05 | 59255 tok/s (avg 56567) ETA 216m28s | gtok=2,265,292,800 | GPU 1.3/45.5GB
step 61500 [61500/81380  76%]  loss=3.1536 ppl=23.4 lr=2.87e-05 | 59273 tok/s (avg 56569) ETA 215m55s | gtok=2,267,136,000 | GPU 1.3/45.5GB
step 61550 [61550/81380  76%]  loss=3.0556 ppl=21.2 lr=2.86e-05 | 59253 tok/s (avg 56571) ETA 215m22s | gtok=2,268,979,200 | GPU 1.3/45.5GB
step 61600 [61600/81380  76%]  loss=2.6881 ppl=14.7 lr=2.84e-05 | 59477 tok/s (avg 56573) ETA 214m48s | gtok=2,270,822,400 | GPU 1.3/45.5GB
step 61650 [61650/81380  76%]  loss=3.1689 ppl=23.8 lr=2.83e-05 | 58637 tok/s (avg 56575) ETA 214m16s | gtok=2,272,665,600 | GPU 1.3/45.5GB
step 61700 [61700/81380  76%]  loss=3.2455 ppl=25.7 lr=2.82e-05 | 59329 tok/s (avg 56577) ETA 213m42s | gtok=2,274,508,800 | GPU 1.3/45.5GB
step 61750 [61750/81380  76%]  loss=3.0233 ppl=20.6 lr=2.80e-05 | 59163 tok/s (avg 56579) ETA 213m09s | gtok=2,276,352,000 | GPU 1.3/45.5GB
step 61800 [61800/81380  76%]  loss=2.9952 ppl=20.0 lr=2.79e-05 | 59289 tok/s (avg 56581) ETA 212m36s | gtok=2,278,195,200 | GPU 1.3/45.5GB
step 61850 [61850/81380  76%]  loss=2.8292 ppl=16.9 lr=2.77e-05 | 59373 tok/s (avg 56583) ETA 212m03s | gtok=2,280,038,400 | GPU 1.3/45.5GB
step 61900 [61900/81380  76%]  loss=2.8137 ppl=16.7 lr=2.76e-05 | 59418 tok/s (avg 56585) ETA 211m30s | gtok=2,281,881,600 | GPU 1.3/45.5GB
step 61950 [61950/81380  76%]  loss=3.0158 ppl=20.4 lr=2.75e-05 | 59363 tok/s (avg 56588) ETA 210m57s | gtok=2,283,724,800 | GPU 1.3/45.5GB
step 62000 [62000/81380  76%]  loss=3.3232 ppl=27.7 lr=2.73e-05 | 59423 tok/s (avg 56590) ETA 210m24s | gtok=2,285,568,000 | GPU 1.3/45.5GB
  [checkpoint] step 62000 -> checkpoints_v13_sempty/mix3b_delta_nodecay_answ100_9f33b50/best_model.pt
  [val @ step 62000] val_loss=3.4334 val_ppl=30.98 *best* (best 30.98)
  [wiki_val @ step 62000] val_loss=4.2324 val_ppl=68.88
  [checkpoint] step 62000 -> checkpoints_v13_sempty/mix3b_delta_nodecay_answ100_9f33b50/latest.pt
  [diag] step 62000 cgu=+0.49 +0.23 +0.24 +0.24 +0.26 +0.33 +0.39 +0.46 +0.60 +0.64 +0.79 +0.90 +1.03 +1.13 +1.24 +1.74  pam=+0.03 +0.02 +0.01 +0.02 +0.05 +0.02 +0.04 +0.10 +0.05 +0.10 +0.10 +0.12 +0.17 +0.18 +0.55 +0.45
  [diag] dtbias=-4.00 -4.00 -4.00 -4.00 -4.00 -4.00 -4.00 -4.00 -4.00 -4.00 -4.00 -4.00 -4.00 -4.00 -4.00 -4.00  ret=1.00 1.00 1.00 1.00 1.00 1.00 1.00 1.00 1.00 1.00 1.00 1.00 1.00 1.00 1.00 1.00
  [diag] dtbias/head(layer-mean)=-4.00 -4.00 -4.00 -4.00 -4.00 -4.00
  [diag] gnorm=3.9e-01 1.2e-01 3.5e-01 6.7e-02 5.5e-01 1.1e-01 1.2e-01 1.0e-01 8.5e-02 1.1e-01 8.7e-02 9.8e-02 7.7e-02 1.7e-01 1.1e-01 1.1e-01  wnorm=71.5 81.7 84.5 84.4 85.0 85.7 86.3 85.7 85.1 85.5 86.8 87.1 88.3 88.3 90.3 90.9
step 62050 [62050/81380  76%]  loss=3.0070 ppl=20.2 lr=2.72e-05 | 24343 tok/s (avg 56529) ETA 210m05s | gtok=2,287,411,200 | GPU 1.3/45.5GB
step 62100 [62100/81380  76%]  loss=2.7702 ppl=16.0 lr=2.71e-05 | 59350 tok/s (avg 56532) ETA 209m32s | gtok=2,289,254,400 | GPU 1.3/45.5GB
step 62150 [62150/81380  76%]  loss=3.0524 ppl=21.2 lr=2.69e-05 | 59395 tok/s (avg 56534) ETA 208m59s | gtok=2,291,097,600 | GPU 1.3/45.5GB
step 62200 [62200/81380  76%]  loss=3.2301 ppl=25.3 lr=2.68e-05 | 59428 tok/s (avg 56536) ETA 208m26s | gtok=2,292,940,800 | GPU 1.3/45.5GB
step 62250 [62250/81380  76%]  loss=3.1622 ppl=23.6 lr=2.67e-05 | 59321 tok/s (avg 56538) ETA 207m53s | gtok=2,294,784,000 | GPU 1.3/45.5GB
step 62300 [62300/81380  77%]  loss=3.2871 ppl=26.8 lr=2.65e-05 | 59357 tok/s (avg 56540) ETA 207m20s | gtok=2,296,627,200 | GPU 1.3/45.5GB
step 62350 [62350/81380  77%]  loss=2.6607 ppl=14.3 lr=2.64e-05 | 59186 tok/s (avg 56542) ETA 206m47s | gtok=2,298,470,400 | GPU 1.3/45.5GB
step 62400 [62400/81380  77%]  loss=2.6767 ppl=14.5 lr=2.63e-05 | 59216 tok/s (avg 56544) ETA 206m13s | gtok=2,300,313,600 | GPU 1.3/45.5GB
step 62450 [62450/81380  77%]  loss=3.0849 ppl=21.9 lr=2.61e-05 | 16171 tok/s (avg 56431) ETA 206m06s | gtok=2,302,156,800 | GPU 1.3/45.5GB
step 62500 [62500/81380  77%]  loss=3.0279 ppl=20.7 lr=2.60e-05 | 59193 tok/s (avg 56434) ETA 205m32s | gtok=2,304,000,000 | GPU 1.3/45.5GB
step 62550 [62550/81380  77%]  loss=3.1175 ppl=22.6 lr=2.59e-05 | 59213 tok/s (avg 56436) ETA 204m59s | gtok=2,305,843,200 | GPU 1.3/45.5GB
step 62600 [62600/81380  77%]  loss=2.8296 ppl=16.9 lr=2.58e-05 | 59392 tok/s (avg 56438) ETA 204m26s | gtok=2,307,686,400 | GPU 1.3/45.5GB
step 62650 [62650/81380  77%]  loss=2.4861 ppl=12.0 lr=2.56e-05 | 59232 tok/s (avg 56440) ETA 203m53s | gtok=2,309,529,600 | GPU 1.3/45.5GB
step 62700 [62700/81380  77%]  loss=2.8830 ppl=17.9 lr=2.55e-05 | 59196 tok/s (avg 56442) ETA 203m20s | gtok=2,311,372,800 | GPU 1.3/45.5GB
step 62750 [62750/81380  77%]  loss=3.1336 ppl=23.0 lr=2.54e-05 | 59289 tok/s (avg 56444) ETA 202m47s | gtok=2,313,216,000 | GPU 1.3/45.5GB
step 62800 [62800/81380  77%]  loss=2.6601 ppl=14.3 lr=2.52e-05 | 59321 tok/s (avg 56447) ETA 202m14s | gtok=2,315,059,200 | GPU 1.3/45.5GB
step 62850 [62850/81380  77%]  loss=2.9336 ppl=18.8 lr=2.51e-05 | 58607 tok/s (avg 56448) ETA 201m41s | gtok=2,316,902,400 | GPU 1.3/45.5GB
step 62900 [62900/81380  77%]  loss=3.0635 ppl=21.4 lr=2.50e-05 | 59201 tok/s (avg 56450) ETA 201m08s | gtok=2,318,745,600 | GPU 1.3/45.5GB
step 62950 [62950/81380  77%]  loss=2.8314 ppl=17.0 lr=2.48e-05 | 59207 tok/s (avg 56452) ETA 200m34s | gtok=2,320,588,800 | GPU 1.3/45.5GB
step 63000 [63000/81380  77%]  loss=2.7462 ppl=15.6 lr=2.47e-05 | 59244 tok/s (avg 56454) ETA 200m01s | gtok=2,322,432,000 | GPU 1.3/45.5GB
  [checkpoint] step 63000 -> checkpoints_v13_sempty/mix3b_delta_nodecay_answ100_9f33b50/latest.pt
step 63050 [63050/81380  77%]  loss=2.8459 ppl=17.2 lr=2.46e-05 | 55977 tok/s (avg 56454) ETA 199m29s | gtok=2,324,275,200 | GPU 1.3/45.5GB
step 63100 [63100/81380  78%]  loss=2.9904 ppl=19.9 lr=2.45e-05 | 59194 tok/s (avg 56456) ETA 198m56s | gtok=2,326,118,400 | GPU 1.3/45.5GB
step 63150 [63150/81380  78%]  loss=2.7576 ppl=15.8 lr=2.43e-05 | 59199 tok/s (avg 56458) ETA 198m23s | gtok=2,327,961,600 | GPU 1.3/45.5GB
step 63200 [63200/81380  78%]  loss=2.7492 ppl=15.6 lr=2.42e-05 | 59194 tok/s (avg 56460) ETA 197m50s | gtok=2,329,804,800 | GPU 1.3/45.5GB
step 63250 [63250/81380  78%]  loss=2.6745 ppl=14.5 lr=2.41e-05 | 51103 tok/s (avg 56456) ETA 197m18s | gtok=2,331,648,000 | GPU 1.3/45.5GB
step 63300 [63300/81380  78%]  loss=3.0911 ppl=22.0 lr=2.39e-05 | 58593 tok/s (avg 56457) ETA 196m45s | gtok=2,333,491,200 | GPU 1.3/45.5GB
step 63350 [63350/81380  78%]  loss=2.8691 ppl=17.6 lr=2.38e-05 | 59219 tok/s (avg 56459) ETA 196m12s | gtok=2,335,334,400 | GPU 1.3/45.5GB
step 63400 [63400/81380  78%]  loss=2.7847 ppl=16.2 lr=2.37e-05 | 59339 tok/s (avg 56461) ETA 195m39s | gtok=2,337,177,600 | GPU 1.3/45.5GB
step 63450 [63450/81380  78%]  loss=2.9309 ppl=18.7 lr=2.36e-05 | 59296 tok/s (avg 56464) ETA 195m06s | gtok=2,339,020,800 | GPU 1.3/45.5GB
step 63500 [63500/81380  78%]  loss=2.9010 ppl=18.2 lr=2.34e-05 | 59453 tok/s (avg 56466) ETA 194m33s | gtok=2,340,864,000 | GPU 1.3/45.5GB
step 63550 [63550/81380  78%]  loss=2.6945 ppl=14.8 lr=2.33e-05 | 59379 tok/s (avg 56468) ETA 193m59s | gtok=2,342,707,200 | GPU 1.3/45.5GB
step 63600 [63600/81380  78%]  loss=3.1519 ppl=23.4 lr=2.32e-05 | 59355 tok/s (avg 56470) ETA 193m26s | gtok=2,344,550,400 | GPU 1.3/45.5GB
step 63650 [63650/81380  78%]  loss=2.8942 ppl=18.1 lr=2.31e-05 | 59399 tok/s (avg 56472) ETA 192m53s | gtok=2,346,393,600 | GPU 1.3/45.5GB
step 63700 [63700/81380  78%]  loss=2.7240 ppl=15.2 lr=2.29e-05 | 59257 tok/s (avg 56474) ETA 192m20s | gtok=2,348,236,800 | GPU 1.3/45.5GB
step 63750 [63750/81380  78%]  loss=3.1577 ppl=23.5 lr=2.28e-05 | 58651 tok/s (avg 56476) ETA 191m47s | gtok=2,350,080,000 | GPU 1.3/45.5GB
step 63800 [63800/81380  78%]  loss=2.8044 ppl=16.5 lr=2.27e-05 | 59324 tok/s (avg 56478) ETA 191m14s | gtok=2,351,923,200 | GPU 1.3/45.5GB
step 63850 [63850/81380  78%]  loss=2.7218 ppl=15.2 lr=2.26e-05 | 59335 tok/s (avg 56480) ETA 190m41s | gtok=2,353,766,400 | GPU 1.3/45.5GB
step 63900 [63900/81380  79%]  loss=2.9387 ppl=18.9 lr=2.24e-05 | 59434 tok/s (avg 56483) ETA 190m08s | gtok=2,355,609,600 | GPU 1.3/45.5GB
step 63950 [63950/81380  79%]  loss=2.8037 ppl=16.5 lr=2.23e-05 | 59363 tok/s (avg 56485) ETA 189m35s | gtok=2,357,452,800 | GPU 1.3/45.5GB
step 64000 [64000/81380  79%]  loss=2.7481 ppl=15.6 lr=2.22e-05 | 59405 tok/s (avg 56487) ETA 189m02s | gtok=2,359,296,000 | GPU 1.3/45.5GB
  [gen @ step 64000, 2,359,296,000 tok] prompt: In 1923, the University of
    In 1923, the University of Illinois at Chicago founded a new school for women. The University opened a library in Chicago, which helped to spread the concept of women's rights and women's suffrage.
The University opened on January 16, 1929, a year after its completion. It was dedicated in May 1928. The university was initially named for Alexander Hamilton, who had been one of the leading women in the American Medical Association (
  [val @ step 64000] val_loss=3.4341 val_ppl=31.00 (best 30.98)
  [wiki_val @ step 64000] val_loss=4.2266 val_ppl=68.48
  [checkpoint] step 64000 -> checkpoints_v13_sempty/mix3b_delta_nodecay_answ100_9f33b50/latest.pt
  [diag] step 64000 cgu=+0.49 +0.23 +0.24 +0.24 +0.26 +0.33 +0.39 +0.46 +0.60 +0.64 +0.79 +0.90 +1.03 +1.13 +1.24 +1.75  pam=+0.03 +0.02 +0.01 +0.02 +0.05 +0.02 +0.04 +0.10 +0.05 +0.10 +0.10 +0.12 +0.17 +0.18 +0.55 +0.46
  [diag] dtbias=-4.00 -4.00 -4.00 -4.00 -4.00 -4.00 -4.00 -4.00 -4.00 -4.00 -4.00 -4.00 -4.00 -4.00 -4.00 -4.00  ret=1.00 1.00 1.00 1.00 1.00 1.00 1.00 1.00 1.00 1.00 1.00 1.00 1.00 1.00 1.00 1.00
  [diag] dtbias/head(layer-mean)=-4.00 -4.00 -4.00 -4.00 -4.00 -4.00
  [diag] gnorm=2.0e-01 1.2e-01 3.2e-01 5.3e-02 2.0e-01 8.0e-02 1.0e-01 1.0e-01 8.1e-02 8.7e-02 6.3e-02 8.0e-02 9.3e-02 7.2e-01 9.2e-02 9.4e-02  wnorm=71.5 81.7 84.5 84.4 85.0 85.7 86.3 85.7 85.1 85.5 86.8 87.1 88.3 88.3 90.3 91.0
step 64050 [64050/81380  79%]  loss=2.9571 ppl=19.2 lr=2.21e-05 | 24337 tok/s (avg 56429) ETA 188m41s | gtok=2,361,139,200 | GPU 1.3/45.5GB
step 64100 [64100/81380  79%]  loss=2.8602 ppl=17.5 lr=2.20e-05 | 59333 tok/s (avg 56431) ETA 188m08s | gtok=2,362,982,400 | GPU 1.3/45.5GB
step 64150 [64150/81380  79%]  loss=2.9076 ppl=18.3 lr=2.18e-05 | 59296 tok/s (avg 56433) ETA 187m35s | gtok=2,364,825,600 | GPU 1.3/45.5GB
step 64200 [64200/81380  79%]  loss=2.6444 ppl=14.1 lr=2.17e-05 | 59183 tok/s (avg 56435) ETA 187m02s | gtok=2,366,668,800 | GPU 1.3/45.5GB
step 64250 [64250/81380  79%]  loss=3.0985 ppl=22.2 lr=2.16e-05 | 59351 tok/s (avg 56437) ETA 186m29s | gtok=2,368,512,000 | GPU 1.3/45.5GB
step 64300 [64300/81380  79%]  loss=2.9544 ppl=19.2 lr=2.15e-05 | 59410 tok/s (avg 56439) ETA 185m56s | gtok=2,370,355,200 | GPU 1.3/45.5GB
step 64350 [64350/81380  79%]  loss=2.9672 ppl=19.4 lr=2.13e-05 | 59450 tok/s (avg 56442) ETA 185m22s | gtok=2,372,198,400 | GPU 1.3/45.5GB
step 64400 [64400/81380  79%]  loss=2.8861 ppl=17.9 lr=2.12e-05 | 59459 tok/s (avg 56444) ETA 184m49s | gtok=2,374,041,600 | GPU 1.3/45.5GB
step 64450 [64450/81380  79%]  loss=2.6859 ppl=14.7 lr=2.11e-05 | 59414 tok/s (avg 56446) ETA 184m16s | gtok=2,375,884,800 | GPU 1.3/45.5GB
step 64500 [64500/81380  79%]  loss=3.0242 ppl=20.6 lr=2.10e-05 | 58622 tok/s (avg 56448) ETA 183m43s | gtok=2,377,728,000 | GPU 1.3/45.5GB
step 64550 [64550/81380  79%]  loss=2.5407 ppl=12.7 lr=2.09e-05 | 59338 tok/s (avg 56450) ETA 183m10s | gtok=2,379,571,200 | GPU 1.3/45.5GB
step 64600 [64600/81380  79%]  loss=2.7615 ppl=15.8 lr=2.07e-05 | 59398 tok/s (avg 56452) ETA 182m37s | gtok=2,381,414,400 | GPU 1.3/45.5GB
step 64650 [64650/81380  79%]  loss=2.6442 ppl=14.1 lr=2.06e-05 | 59430 tok/s (avg 56454) ETA 182m04s | gtok=2,383,257,600 | GPU 1.3/45.5GB
step 64700 [64700/81380  80%]  loss=2.9746 ppl=19.6 lr=2.05e-05 | 59345 tok/s (avg 56456) ETA 181m31s | gtok=2,385,100,800 | GPU 1.3/45.5GB
step 64750 [64750/81380  80%]  loss=2.9734 ppl=19.6 lr=2.04e-05 | 59344 tok/s (avg 56458) ETA 180m58s | gtok=2,386,944,000 | GPU 1.3/45.5GB
step 64800 [64800/81380  80%]  loss=2.9664 ppl=19.4 lr=2.03e-05 | 59344 tok/s (avg 56460) ETA 180m25s | gtok=2,388,787,200 | GPU 1.3/45.5GB
step 64850 [64850/81380  80%]  loss=2.9633 ppl=19.4 lr=2.02e-05 | 59334 tok/s (avg 56463) ETA 179m52s | gtok=2,390,630,400 | GPU 1.3/45.5GB
step 64900 [64900/81380  80%]  loss=2.8967 ppl=18.1 lr=2.00e-05 | 59354 tok/s (avg 56465) ETA 179m19s | gtok=2,392,473,600 | GPU 1.3/45.5GB
step 64950 [64950/81380  80%]  loss=2.7872 ppl=16.2 lr=1.99e-05 | 58550 tok/s (avg 56466) ETA 178m46s | gtok=2,394,316,800 | GPU 1.3/45.5GB
step 65000 [65000/81380  80%]  loss=2.9816 ppl=19.7 lr=1.98e-05 | 59343 tok/s (avg 56468) ETA 178m13s | gtok=2,396,160,000 | GPU 1.3/45.5GB
  [checkpoint] step 65000 -> checkpoints_v13_sempty/mix3b_delta_nodecay_answ100_9f33b50/latest.pt
step 65050 [65050/81380  80%]  loss=2.9299 ppl=18.7 lr=1.97e-05 | 55960 tok/s (avg 56468) ETA 177m40s | gtok=2,398,003,200 | GPU 1.3/45.5GB
step 65100 [65100/81380  80%]  loss=2.7959 ppl=16.4 lr=1.96e-05 | 59293 tok/s (avg 56470) ETA 177m07s | gtok=2,399,846,400 | GPU 1.3/45.5GB
step 65150 [65150/81380  80%]  loss=2.8204 ppl=16.8 lr=1.95e-05 | 59491 tok/s (avg 56472) ETA 176m34s | gtok=2,401,689,600 | GPU 1.3/45.5GB
step 65200 [65200/81380  80%]  loss=2.9003 ppl=18.2 lr=1.93e-05 | 59438 tok/s (avg 56474) ETA 176m01s | gtok=2,403,532,800 | GPU 1.3/45.5GB
step 65250 [65250/81380  80%]  loss=3.1801 ppl=24.0 lr=1.92e-05 | 59400 tok/s (avg 56476) ETA 175m28s | gtok=2,405,376,000 | GPU 1.3/45.5GB
step 65300 [65300/81380  80%]  loss=3.3123 ppl=27.4 lr=1.91e-05 | 59335 tok/s (avg 56479) ETA 174m55s | gtok=2,407,219,200 | GPU 1.3/45.5GB
step 65350 [65350/81380  80%]  loss=3.0325 ppl=20.7 lr=1.90e-05 | 59412 tok/s (avg 56481) ETA 174m22s | gtok=2,409,062,400 | GPU 1.3/45.5GB
step 65400 [65400/81380  80%]  loss=2.6952 ppl=14.8 lr=1.89e-05 | 58685 tok/s (avg 56482) ETA 173m49s | gtok=2,410,905,600 | GPU 1.3/45.5GB
step 65450 [65450/81380  80%]  loss=2.8515 ppl=17.3 lr=1.88e-05 | 59346 tok/s (avg 56484) ETA 173m16s | gtok=2,412,748,800 | GPU 1.3/45.5GB
step 65500 [65500/81380  80%]  loss=2.7469 ppl=15.6 lr=1.87e-05 | 59365 tok/s (avg 56486) ETA 172m43s | gtok=2,414,592,000 | GPU 1.3/45.5GB
step 65550 [65550/81380  81%]  loss=2.6300 ppl=13.9 lr=1.85e-05 | 59330 tok/s (avg 56489) ETA 172m10s | gtok=2,416,435,200 | GPU 1.3/45.5GB
step 65600 [65600/81380  81%]  loss=2.7320 ppl=15.4 lr=1.84e-05 | 59360 tok/s (avg 56491) ETA 171m37s | gtok=2,418,278,400 | GPU 1.3/45.5GB
step 65650 [65650/81380  81%]  loss=2.7113 ppl=15.0 lr=1.83e-05 | 49725 tok/s (avg 56485) ETA 171m05s | gtok=2,420,121,600 | GPU 1.3/45.5GB
step 65700 [65700/81380  81%]  loss=3.0351 ppl=20.8 lr=1.82e-05 | 59400 tok/s (avg 56487) ETA 170m32s | gtok=2,421,964,800 | GPU 1.3/45.5GB
step 65750 [65750/81380  81%]  loss=2.7695 ppl=16.0 lr=1.81e-05 | 59361 tok/s (avg 56489) ETA 169m59s | gtok=2,423,808,000 | GPU 1.3/45.5GB
step 65800 [65800/81380  81%]  loss=2.8676 ppl=17.6 lr=1.80e-05 | 59253 tok/s (avg 56491) ETA 169m26s | gtok=2,425,651,200 | GPU 1.3/45.5GB
step 65850 [65850/81380  81%]  loss=2.9991 ppl=20.1 lr=1.79e-05 | 58529 tok/s (avg 56492) ETA 168m54s | gtok=2,427,494,400 | GPU 1.3/45.5GB
step 65900 [65900/81380  81%]  loss=3.0551 ppl=21.2 lr=1.78e-05 | 59368 tok/s (avg 56495) ETA 168m21s | gtok=2,429,337,600 | GPU 1.3/45.5GB
step 65950 [65950/81380  81%]  loss=2.7778 ppl=16.1 lr=1.76e-05 | 59267 tok/s (avg 56497) ETA 167m48s | gtok=2,431,180,800 | GPU 1.3/45.5GB
step 66000 [66000/81380  81%]  loss=3.0301 ppl=20.7 lr=1.75e-05 | 59292 tok/s (avg 56499) ETA 167m15s | gtok=2,433,024,000 | GPU 1.3/45.5GB
  [checkpoint] step 66000 -> checkpoints_v13_sempty/mix3b_delta_nodecay_answ100_9f33b50/best_model.pt
  [val @ step 66000] val_loss=3.4285 val_ppl=30.83 *best* (best 30.83)
  [wiki_val @ step 66000] val_loss=4.2083 val_ppl=67.24
  [checkpoint] step 66000 -> checkpoints_v13_sempty/mix3b_delta_nodecay_answ100_9f33b50/latest.pt
  [diag] step 66000 cgu=+0.49 +0.23 +0.24 +0.24 +0.26 +0.33 +0.40 +0.46 +0.60 +0.64 +0.79 +0.90 +1.04 +1.13 +1.25 +1.75  pam=+0.03 +0.02 +0.01 +0.02 +0.05 +0.02 +0.04 +0.10 +0.05 +0.10 +0.11 +0.12 +0.17 +0.18 +0.55 +0.46
  [diag] dtbias=-4.00 -4.00 -4.00 -4.00 -4.00 -4.00 -4.00 -4.00 -4.00 -4.00 -4.00 -4.00 -4.00 -4.00 -4.00 -4.00  ret=1.00 1.00 1.00 1.00 1.00 1.00 1.00 1.00 1.00 1.00 1.00 1.00 1.00 1.00 1.00 1.00
  [diag] dtbias/head(layer-mean)=-4.00 -4.00 -4.00 -4.00 -4.00 -4.00
  [diag] gnorm=5.8e-01 1.3e-01 2.5e-01 2.3e-01 3.7e-01 1.3e-01 7.6e-02 9.5e-02 9.4e-02 8.4e-02 6.9e-02 1.2e-01 1.3e-01 2.3e-01 1.3e-01 1.1e-01  wnorm=71.5 81.7 84.5 84.4 85.0 85.7 86.3 85.7 85.1 85.5 86.8 87.1 88.3 88.3 90.3 91.0
step 66050 [66050/81380  81%]  loss=2.8082 ppl=16.6 lr=1.74e-05 | 24496 tok/s (avg 56443) ETA 166m52s | gtok=2,434,867,200 | GPU 1.3/45.5GB
step 66100 [66100/81380  81%]  loss=2.9935 ppl=20.0 lr=1.73e-05 | 59492 tok/s (avg 56445) ETA 166m19s | gtok=2,436,710,400 | GPU 1.3/45.5GB
step 66150 [66150/81380  81%]  loss=2.8966 ppl=18.1 lr=1.72e-05 | 59397 tok/s (avg 56447) ETA 165m46s | gtok=2,438,553,600 | GPU 1.3/45.5GB
step 66200 [66200/81380  81%]  loss=2.7928 ppl=16.3 lr=1.71e-05 | 58616 tok/s (avg 56449) ETA 165m13s | gtok=2,440,396,800 | GPU 1.3/45.5GB
step 66250 [66250/81380  81%]  loss=2.8827 ppl=17.9 lr=1.70e-05 | 59454 tok/s (avg 56451) ETA 164m40s | gtok=2,442,240,000 | GPU 1.3/45.5GB
step 66300 [66300/81380  81%]  loss=3.0521 ppl=21.2 lr=1.69e-05 | 59420 tok/s (avg 56453) ETA 164m07s | gtok=2,444,083,200 | GPU 1.3/45.5GB
step 66350 [66350/81380  82%]  loss=3.0425 ppl=21.0 lr=1.68e-05 | 59432 tok/s (avg 56455) ETA 163m34s | gtok=2,445,926,400 | GPU 1.3/45.5GB
step 66400 [66400/81380  82%]  loss=2.9662 ppl=19.4 lr=1.67e-05 | 59416 tok/s (avg 56457) ETA 163m01s | gtok=2,447,769,600 | GPU 1.3/45.5GB
step 66450 [66450/81380  82%]  loss=2.8332 ppl=17.0 lr=1.65e-05 | 59394 tok/s (avg 56459) ETA 162m28s | gtok=2,449,612,800 | GPU 1.3/45.5GB
step 66500 [66500/81380  82%]  loss=2.8964 ppl=18.1 lr=1.64e-05 | 59324 tok/s (avg 56461) ETA 161m55s | gtok=2,451,456,000 | GPU 1.3/45.5GB
step 66550 [66550/81380  82%]  loss=3.0050 ppl=20.2 lr=1.63e-05 | 59284 tok/s (avg 56463) ETA 161m22s | gtok=2,453,299,200 | GPU 1.3/45.5GB
step 66600 [66600/81380  82%]  loss=2.8716 ppl=17.7 lr=1.62e-05 | 59236 tok/s (avg 56465) ETA 160m49s | gtok=2,455,142,400 | GPU 1.3/45.5GB
step 66650 [66650/81380  82%]  loss=2.7302 ppl=15.3 lr=1.61e-05 | 58506 tok/s (avg 56467) ETA 160m16s | gtok=2,456,985,600 | GPU 1.3/45.5GB
step 66700 [66700/81380  82%]  loss=2.4325 ppl=11.4 lr=1.60e-05 | 59481 tok/s (avg 56469) ETA 159m43s | gtok=2,458,828,800 | GPU 1.3/45.5GB
step 66750 [66750/81380  82%]  loss=2.8881 ppl=18.0 lr=1.59e-05 | 59451 tok/s (avg 56471) ETA 159m10s | gtok=2,460,672,000 | GPU 1.3/45.5GB
step 66800 [66800/81380  82%]  loss=2.9142 ppl=18.4 lr=1.58e-05 | 59426 tok/s (avg 56473) ETA 158m37s | gtok=2,462,515,200 | GPU 1.3/45.5GB
step 66850 [66850/81380  82%]  loss=2.7704 ppl=16.0 lr=1.57e-05 | 59381 tok/s (avg 56475) ETA 158m04s | gtok=2,464,358,400 | GPU 1.3/45.5GB
step 66900 [66900/81380  82%]  loss=2.7517 ppl=15.7 lr=1.56e-05 | 59333 tok/s (avg 56477) ETA 157m31s | gtok=2,466,201,600 | GPU 1.3/45.5GB
step 66950 [66950/81380  82%]  loss=3.1382 ppl=23.1 lr=1.55e-05 | 59203 tok/s (avg 56479) ETA 156m58s | gtok=2,468,044,800 | GPU 1.3/45.5GB
step 67000 [67000/81380  82%]  loss=2.7585 ppl=15.8 lr=1.54e-05 | 59291 tok/s (avg 56481) ETA 156m25s | gtok=2,469,888,000 | GPU 1.3/45.5GB
  [checkpoint] step 67000 -> checkpoints_v13_sempty/mix3b_delta_nodecay_answ100_9f33b50/latest.pt
step 67050 [67050/81380  82%]  loss=2.6124 ppl=13.6 lr=1.53e-05 | 55509 tok/s (avg 56480) ETA 155m52s | gtok=2,471,731,200 | GPU 1.3/45.5GB
step 67100 [67100/81380  82%]  loss=2.9588 ppl=19.3 lr=1.52e-05 | 59433 tok/s (avg 56483) ETA 155m20s | gtok=2,473,574,400 | GPU 1.3/45.5GB
step 67150 [67150/81380  83%]  loss=2.8630 ppl=17.5 lr=1.51e-05 | 59459 tok/s (avg 56485) ETA 154m47s | gtok=2,475,417,600 | GPU 1.3/45.5GB
step 67200 [67200/81380  83%]  loss=3.2458 ppl=25.7 lr=1.50e-05 | 59459 tok/s (avg 56487) ETA 154m14s | gtok=2,477,260,800 | GPU 1.3/45.5GB
step 67250 [67250/81380  83%]  loss=2.5653 ppl=13.0 lr=1.49e-05 | 59385 tok/s (avg 56489) ETA 153m41s | gtok=2,479,104,000 | GPU 1.3/45.5GB
step 67300 [67300/81380  83%]  loss=3.0960 ppl=22.1 lr=1.48e-05 | 59354 tok/s (avg 56491) ETA 153m08s | gtok=2,480,947,200 | GPU 1.3/45.5GB
step 67350 [67350/81380  83%]  loss=2.9538 ppl=19.2 lr=1.47e-05 | 59405 tok/s (avg 56493) ETA 152m35s | gtok=2,482,790,400 | GPU 1.3/45.5GB
step 67400 [67400/81380  83%]  loss=2.6789 ppl=14.6 lr=1.46e-05 | 59433 tok/s (avg 56495) ETA 152m02s | gtok=2,484,633,600 | GPU 1.3/45.5GB
step 67450 [67450/81380  83%]  loss=2.8852 ppl=17.9 lr=1.45e-05 | 59398 tok/s (avg 56497) ETA 151m29s | gtok=2,486,476,800 | GPU 1.3/45.5GB
step 67500 [67500/81380  83%]  loss=2.9928 ppl=19.9 lr=1.44e-05 | 58736 tok/s (avg 56499) ETA 150m56s | gtok=2,488,320,000 | GPU 1.3/45.5GB
step 67550 [67550/81380  83%]  loss=2.7620 ppl=15.8 lr=1.43e-05 | 59490 tok/s (avg 56501) ETA 150m23s | gtok=2,490,163,200 | GPU 1.3/45.5GB
step 67600 [67600/81380  83%]  loss=3.2660 ppl=26.2 lr=1.42e-05 | 59235 tok/s (avg 56503) ETA 149m50s | gtok=2,492,006,400 | GPU 1.3/45.5GB
step 67650 [67650/81380  83%]  loss=3.2566 ppl=26.0 lr=1.41e-05 | 59283 tok/s (avg 56505) ETA 149m17s | gtok=2,493,849,600 | GPU 1.3/45.5GB
step 67700 [67700/81380  83%]  loss=3.1636 ppl=23.7 lr=1.40e-05 | 59288 tok/s (avg 56507) ETA 148m44s | gtok=2,495,692,800 | GPU 1.3/45.5GB
step 67750 [67750/81380  83%]  loss=3.3907 ppl=29.7 lr=1.39e-05 | 59367 tok/s (avg 56509) ETA 148m11s | gtok=2,497,536,000 | GPU 1.3/45.5GB
step 67800 [67800/81380  83%]  loss=2.5328 ppl=12.6 lr=1.38e-05 | 59401 tok/s (avg 56511) ETA 147m38s | gtok=2,499,379,200 | GPU 1.3/45.5GB
step 67850 [67850/81380  83%]  loss=2.8717 ppl=17.7 lr=1.37e-05 | 59436 tok/s (avg 56513) ETA 147m05s | gtok=2,501,222,400 | GPU 1.3/45.5GB
step 67900 [67900/81380  83%]  loss=2.6499 ppl=14.2 lr=1.36e-05 | 59400 tok/s (avg 56515) ETA 146m32s | gtok=2,503,065,600 | GPU 1.3/45.5GB
step 67950 [67950/81380  83%]  loss=3.3894 ppl=29.6 lr=1.35e-05 | 58685 tok/s (avg 56516) ETA 146m00s | gtok=2,504,908,800 | GPU 1.3/45.5GB
step 68000 [68000/81380  84%]  loss=2.9156 ppl=18.5 lr=1.34e-05 | 59328 tok/s (avg 56518) ETA 145m27s | gtok=2,506,752,000 | GPU 1.3/45.5GB
  [gen @ step 68000, 2,506,752,000 tok] prompt: In 1923, the University of
    In 1923, the University of Chicago and the Center for Biomedical Engineering used molecular biology to study the mechanisms that enable these cells to replicate.
This research led to a major breakthrough in drug development by creating an innovative therapeutic strategy for treating cancer and developing treatments that could replace existing drugs. Researchers at the U-M Medical School have published their findings online in Science Advances. The team's current work shows that they can engineer proteins
  [checkpoint] step 68000 -> checkpoints_v13_sempty/mix3b_delta_nodecay_answ100_9f33b50/best_model.pt
  [val @ step 68000] val_loss=3.4228 val_ppl=30.65 *best* (best 30.65)
  [wiki_val @ step 68000] val_loss=4.2031 val_ppl=66.89
  [checkpoint] step 68000 -> checkpoints_v13_sempty/mix3b_delta_nodecay_answ100_9f33b50/latest.pt
  [diag] step 68000 cgu=+0.49 +0.23 +0.24 +0.24 +0.26 +0.33 +0.40 +0.46 +0.60 +0.65 +0.79 +0.90 +1.04 +1.13 +1.25 +1.76  pam=+0.03 +0.02 +0.01 +0.02 +0.05 +0.02 +0.04 +0.10 +0.05 +0.10 +0.11 +0.12 +0.17 +0.18 +0.56 +0.46
  [diag] dtbias=-4.00 -4.00 -4.00 -4.00 -4.00 -4.00 -4.00 -4.00 -4.00 -4.00 -4.00 -4.00 -4.00 -4.00 -4.00 -4.00  ret=1.00 1.00 1.00 1.00 1.00 1.00 1.00 1.00 1.00 1.00 1.00 1.00 1.00 1.00 1.00 1.00
  [diag] dtbias/head(layer-mean)=-4.00 -4.00 -4.00 -4.00 -4.00 -4.00
  [diag] gnorm=2.8e-01 1.4e-01 1.9e-01 2.4e-01 3.3e-01 9.0e-02 9.5e-02 1.4e-01 1.2e-01 1.2e-01 9.5e-02 1.2e-01 1.1e-01 4.1e-01 1.6e-01 1.5e-01  wnorm=71.5 81.7 84.5 84.4 85.0 85.7 86.3 85.7 85.1 85.5 86.8 87.1 88.3 88.3 90.3 91.0
step 68050 [68050/81380  84%]  loss=3.1971 ppl=24.5 lr=1.33e-05 | 22645 tok/s (avg 56456) ETA 145m04s | gtok=2,508,595,200 | GPU 1.3/45.5GB
step 68100 [68100/81380  84%]  loss=2.7113 ppl=15.0 lr=1.32e-05 | 59330 tok/s (avg 56458) ETA 144m31s | gtok=2,510,438,400 | GPU 1.3/45.5GB
step 68150 [68150/81380  84%]  loss=3.0583 ppl=21.3 lr=1.31e-05 | 59511 tok/s (avg 56460) ETA 143m58s | gtok=2,512,281,600 | GPU 1.3/45.5GB
step 68200 [68200/81380  84%]  loss=2.6663 ppl=14.4 lr=1.30e-05 | 59257 tok/s (avg 56462) ETA 143m25s | gtok=2,514,124,800 | GPU 1.3/45.5GB
step 68250 [68250/81380  84%]  loss=2.6962 ppl=14.8 lr=1.29e-05 | 59156 tok/s (avg 56464) ETA 142m52s | gtok=2,515,968,000 | GPU 1.3/45.5GB
step 68300 [68300/81380  84%]  loss=2.9847 ppl=19.8 lr=1.28e-05 | 58612 tok/s (avg 56466) ETA 142m19s | gtok=2,517,811,200 | GPU 1.3/45.5GB
step 68350 [68350/81380  84%]  loss=2.8535 ppl=17.3 lr=1.27e-05 | 59303 tok/s (avg 56468) ETA 141m46s | gtok=2,519,654,400 | GPU 1.3/45.5GB
step 68400 [68400/81380  84%]  loss=2.8162 ppl=16.7 lr=1.26e-05 | 59293 tok/s (avg 56470) ETA 141m13s | gtok=2,521,497,600 | GPU 1.3/45.5GB
step 68450 [68450/81380  84%]  loss=2.8285 ppl=16.9 lr=1.25e-05 | 59333 tok/s (avg 56472) ETA 140m40s | gtok=2,523,340,800 | GPU 1.3/45.5GB
step 68500 [68500/81380  84%]  loss=2.9780 ppl=19.6 lr=1.24e-05 | 59314 tok/s (avg 56473) ETA 140m07s | gtok=2,525,184,000 | GPU 1.3/45.5GB
step 68550 [68550/81380  84%]  loss=2.7099 ppl=15.0 lr=1.23e-05 | 59193 tok/s (avg 56475) ETA 139m34s | gtok=2,527,027,200 | GPU 1.3/45.5GB
step 68600 [68600/81380  84%]  loss=2.9560 ppl=19.2 lr=1.22e-05 | 59389 tok/s (avg 56477) ETA 139m01s | gtok=2,528,870,400 | GPU 1.3/45.5GB
step 68650 [68650/81380  84%]  loss=3.1824 ppl=24.1 lr=1.21e-05 | 59268 tok/s (avg 56479) ETA 138m28s | gtok=2,530,713,600 | GPU 1.3/45.5GB
step 68700 [68700/81380  84%]  loss=2.6632 ppl=14.3 lr=1.20e-05 | 59341 tok/s (avg 56481) ETA 137m55s | gtok=2,532,556,800 | GPU 1.3/45.5GB
step 68750 [68750/81380  84%]  loss=3.0714 ppl=21.6 lr=1.19e-05 | 58581 tok/s (avg 56483) ETA 137m23s | gtok=2,534,400,000 | GPU 1.3/45.5GB
step 68800 [68800/81380  85%]  loss=2.6148 ppl=13.7 lr=1.18e-05 | 59383 tok/s (avg 56485) ETA 136m50s | gtok=2,536,243,200 | GPU 1.3/45.5GB
step 68850 [68850/81380  85%]  loss=3.1596 ppl=23.6 lr=1.18e-05 | 59400 tok/s (avg 56487) ETA 136m17s | gtok=2,538,086,400 | GPU 1.3/45.5GB
step 68900 [68900/81380  85%]  loss=2.8945 ppl=18.1 lr=1.17e-05 | 59396 tok/s (avg 56489) ETA 135m44s | gtok=2,539,929,600 | GPU 1.3/45.5GB
step 68950 [68950/81380  85%]  loss=2.7727 ppl=16.0 lr=1.16e-05 | 59358 tok/s (avg 56491) ETA 135m11s | gtok=2,541,772,800 | GPU 1.3/45.5GB
step 69000 [69000/81380  85%]  loss=2.7467 ppl=15.6 lr=1.15e-05 | 59414 tok/s (avg 56493) ETA 134m38s | gtok=2,543,616,000 | GPU 1.3/45.5GB
  [checkpoint] step 69000 -> checkpoints_v13_sempty/mix3b_delta_nodecay_answ100_9f33b50/latest.pt
step 69050 [69050/81380  85%]  loss=3.0263 ppl=20.6 lr=1.14e-05 | 56190 tok/s (avg 56493) ETA 134m05s | gtok=2,545,459,200 | GPU 1.3/45.5GB
step 69100 [69100/81380  85%]  loss=2.7627 ppl=15.8 lr=1.13e-05 | 59473 tok/s (avg 56495) ETA 133m32s | gtok=2,547,302,400 | GPU 1.3/45.5GB
step 69150 [69150/81380  85%]  loss=2.8031 ppl=16.5 lr=1.12e-05 | 58682 tok/s (avg 56496) ETA 133m00s | gtok=2,549,145,600 | GPU 1.3/45.5GB
step 69200 [69200/81380  85%]  loss=2.8200 ppl=16.8 lr=1.11e-05 | 59299 tok/s (avg 56498) ETA 132m27s | gtok=2,550,988,800 | GPU 1.3/45.5GB
step 69250 [69250/81380  85%]  loss=2.6509 ppl=14.2 lr=1.10e-05 | 59170 tok/s (avg 56500) ETA 131m54s | gtok=2,552,832,000 | GPU 1.3/45.5GB
step 69300 [69300/81380  85%]  loss=3.0447 ppl=21.0 lr=1.09e-05 | 59288 tok/s (avg 56502) ETA 131m21s | gtok=2,554,675,200 | GPU 1.3/45.5GB
step 69350 [69350/81380  85%]  loss=2.7703 ppl=16.0 lr=1.09e-05 | 59322 tok/s (avg 56504) ETA 130m48s | gtok=2,556,518,400 | GPU 1.3/45.5GB
step 69400 [69400/81380  85%]  loss=3.1771 ppl=24.0 lr=1.08e-05 | 59350 tok/s (avg 56506) ETA 130m15s | gtok=2,558,361,600 | GPU 1.3/45.5GB
step 69450 [69450/81380  85%]  loss=2.7159 ppl=15.1 lr=1.07e-05 | 59411 tok/s (avg 56508) ETA 129m42s | gtok=2,560,204,800 | GPU 1.3/45.5GB
step 69500 [69500/81380  85%]  loss=3.0442 ppl=21.0 lr=1.06e-05 | 59342 tok/s (avg 56510) ETA 129m09s | gtok=2,562,048,000 | GPU 1.3/45.5GB
step 69550 [69550/81380  85%]  loss=2.8768 ppl=17.8 lr=1.05e-05 | 51709 tok/s (avg 56506) ETA 128m37s | gtok=2,563,891,200 | GPU 1.3/45.5GB
step 69600 [69600/81380  86%]  loss=2.8171 ppl=16.7 lr=1.04e-05 | 58658 tok/s (avg 56507) ETA 128m04s | gtok=2,565,734,400 | GPU 1.3/45.5GB
step 69650 [69650/81380  86%]  loss=3.1984 ppl=24.5 lr=1.03e-05 | 59412 tok/s (avg 56509) ETA 127m32s | gtok=2,567,577,600 | GPU 1.3/45.5GB
step 69700 [69700/81380  86%]  loss=2.7252 ppl=15.3 lr=1.02e-05 | 59294 tok/s (avg 56511) ETA 126m59s | gtok=2,569,420,800 | GPU 1.3/45.5GB
step 69750 [69750/81380  86%]  loss=2.8588 ppl=17.4 lr=1.02e-05 | 59242 tok/s (avg 56513) ETA 126m26s | gtok=2,571,264,000 | GPU 1.3/45.5GB
step 69800 [69800/81380  86%]  loss=3.1093 ppl=22.4 lr=1.01e-05 | 59441 tok/s (avg 56515) ETA 125m53s | gtok=2,573,107,200 | GPU 1.3/45.5GB
step 69850 [69850/81380  86%]  loss=2.9130 ppl=18.4 lr=9.98e-06 | 59336 tok/s (avg 56517) ETA 125m20s | gtok=2,574,950,400 | GPU 1.3/45.5GB
step 69900 [69900/81380  86%]  loss=2.9134 ppl=18.4 lr=9.90e-06 | 59409 tok/s (avg 56519) ETA 124m47s | gtok=2,576,793,600 | GPU 1.3/45.5GB
step 69950 [69950/81380  86%]  loss=3.0954 ppl=22.1 lr=9.81e-06 | 59404 tok/s (avg 56521) ETA 124m14s | gtok=2,578,636,800 | GPU 1.3/45.5GB
step 70000 [70000/81380  86%]  loss=3.0702 ppl=21.5 lr=9.73e-06 | 58596 tok/s (avg 56522) ETA 123m42s | gtok=2,580,480,000 | GPU 1.3/45.5GB
  [checkpoint] step 70000 -> checkpoints_v13_sempty/mix3b_delta_nodecay_answ100_9f33b50/best_model.pt
  [val @ step 70000] val_loss=3.4174 val_ppl=30.49 *best* (best 30.49)
  [wiki_val @ step 70000] val_loss=4.1960 val_ppl=66.42
  [checkpoint] step 70000 -> checkpoints_v13_sempty/mix3b_delta_nodecay_answ100_9f33b50/latest.pt
  [checkpoint] step 70000 -> checkpoints_v13_sempty/mix3b_delta_nodecay_answ100_9f33b50/step_070000.pt
  [checkpoint] pruned step_060000.pt
  [diag] step 70000 cgu=+0.49 +0.23 +0.24 +0.25 +0.26 +0.34 +0.40 +0.46 +0.60 +0.65 +0.79 +0.91 +1.04 +1.14 +1.25 +1.76  pam=+0.03 +0.02 +0.01 +0.02 +0.05 +0.02 +0.04 +0.10 +0.05 +0.10 +0.11 +0.12 +0.17 +0.18 +0.56 +0.46
  [diag] dtbias=-4.00 -4.00 -4.00 -4.00 -4.00 -4.00 -4.00 -4.00 -4.00 -4.00 -4.00 -4.00 -4.00 -4.00 -4.00 -4.00  ret=1.00 1.00 1.00 1.00 1.00 1.00 1.00 1.00 1.00 1.00 1.00 1.00 1.00 1.00 1.00 1.00
  [diag] dtbias/head(layer-mean)=-4.00 -4.00 -4.00 -4.00 -4.00 -4.00
  [diag] gnorm=5.2e-01 2.2e-01 3.1e-01 6.0e-02 3.2e-01 1.3e-01 1.6e-01 1.2e-01 1.0e-01 8.6e-02 7.5e-02 8.6e-02 9.8e-02 3.2e-01 1.4e-01 1.2e-01  wnorm=71.5 81.7 84.5 84.4 85.0 85.7 86.3 85.7 85.1 85.5 86.8 87.1 88.3 88.3 90.3 91.0
step 70050 [70050/81380  86%]  loss=2.6439 ppl=14.1 lr=9.65e-06 | 22960 tok/s (avg 56464) ETA 123m17s | gtok=2,582,323,200 | GPU 1.3/45.5GB
step 70100 [70100/81380  86%]  loss=2.9477 ppl=19.1 lr=9.56e-06 | 59118 tok/s (avg 56465) ETA 122m44s | gtok=2,584,166,400 | GPU 1.3/45.5GB
step 70150 [70150/81380  86%]  loss=3.0148 ppl=20.4 lr=9.48e-06 | 59173 tok/s (avg 56467) ETA 122m11s | gtok=2,586,009,600 | GPU 1.3/45.5GB
step 70200 [70200/81380  86%]  loss=3.0745 ppl=21.6 lr=9.40e-06 | 59090 tok/s (avg 56469) ETA 121m38s | gtok=2,587,852,800 | GPU 1.3/45.5GB
step 70250 [70250/81380  86%]  loss=3.0171 ppl=20.4 lr=9.31e-06 | 59148 tok/s (avg 56471) ETA 121m05s | gtok=2,589,696,000 | GPU 1.3/45.5GB
step 70300 [70300/81380  86%]  loss=2.9386 ppl=18.9 lr=9.23e-06 | 59412 tok/s (avg 56473) ETA 120m32s | gtok=2,591,539,200 | GPU 1.3/45.5GB
step 70350 [70350/81380  86%]  loss=2.9007 ppl=18.2 lr=9.15e-06 | 59429 tok/s (avg 56475) ETA 119m59s | gtok=2,593,382,400 | GPU 1.3/45.5GB
step 70400 [70400/81380  87%]  loss=2.9879 ppl=19.8 lr=9.07e-06 | 58643 tok/s (avg 56476) ETA 119m27s | gtok=2,595,225,600 | GPU 1.3/45.5GB
step 70450 [70450/81380  87%]  loss=2.4169 ppl=11.2 lr=8.99e-06 | 59371 tok/s (avg 56478) ETA 118m54s | gtok=2,597,068,800 | GPU 1.3/45.5GB
step 70500 [70500/81380  87%]  loss=2.9702 ppl=19.5 lr=8.91e-06 | 59448 tok/s (avg 56480) ETA 118m21s | gtok=2,598,912,000 | GPU 1.3/45.5GB
step 70550 [70550/81380  87%]  loss=2.7795 ppl=16.1 lr=8.83e-06 | 59418 tok/s (avg 56482) ETA 117m48s | gtok=2,600,755,200 | GPU 1.3/45.5GB
step 70600 [70600/81380  87%]  loss=2.6873 ppl=14.7 lr=8.75e-06 | 59359 tok/s (avg 56484) ETA 117m15s | gtok=2,602,598,400 | GPU 1.3/45.5GB
step 70650 [70650/81380  87%]  loss=2.5870 ppl=13.3 lr=8.67e-06 | 59364 tok/s (avg 56486) ETA 116m42s | gtok=2,604,441,600 | GPU 1.3/45.5GB
step 70700 [70700/81380  87%]  loss=2.7850 ppl=16.2 lr=8.59e-06 | 59465 tok/s (avg 56488) ETA 116m09s | gtok=2,606,284,800 | GPU 1.3/45.5GB
step 70750 [70750/81380  87%]  loss=2.7850 ppl=16.2 lr=8.51e-06 | 59406 tok/s (avg 56490) ETA 115m36s | gtok=2,608,128,000 | GPU 1.3/45.5GB
step 70800 [70800/81380  87%]  loss=3.0873 ppl=21.9 lr=8.43e-06 | 58669 tok/s (avg 56491) ETA 115m04s | gtok=2,609,971,200 | GPU 1.3/45.5GB
step 70850 [70850/81380  87%]  loss=2.9436 ppl=19.0 lr=8.35e-06 | 59187 tok/s (avg 56493) ETA 114m31s | gtok=2,611,814,400 | GPU 1.3/45.5GB
step 70900 [70900/81380  87%]  loss=3.1507 ppl=23.4 lr=8.27e-06 | 59636 tok/s (avg 56495) ETA 113m58s | gtok=2,613,657,600 | GPU 1.3/45.5GB
step 70950 [70950/81380  87%]  loss=2.8814 ppl=17.8 lr=8.19e-06 | 59331 tok/s (avg 56497) ETA 113m25s | gtok=2,615,500,800 | GPU 1.3/45.5GB
step 71000 [71000/81380  87%]  loss=3.1191 ppl=22.6 lr=8.12e-06 | 59356 tok/s (avg 56499) ETA 112m52s | gtok=2,617,344,000 | GPU 1.3/45.5GB
  [checkpoint] step 71000 -> checkpoints_v13_sempty/mix3b_delta_nodecay_answ100_9f33b50/latest.pt
step 71050 [71050/81380  87%]  loss=3.0129 ppl=20.3 lr=8.04e-06 | 56318 tok/s (avg 56499) ETA 112m20s | gtok=2,619,187,200 | GPU 1.3/45.5GB
step 71100 [71100/81380  87%]  loss=2.6270 ppl=13.8 lr=7.96e-06 | 59421 tok/s (avg 56501) ETA 111m47s | gtok=2,621,030,400 | GPU 1.3/45.5GB
step 71150 [71150/81380  87%]  loss=3.0040 ppl=20.2 lr=7.89e-06 | 59576 tok/s (avg 56503) ETA 111m14s | gtok=2,622,873,600 | GPU 1.3/45.5GB
step 71200 [71200/81380  87%]  loss=3.0665 ppl=21.5 lr=7.81e-06 | 59388 tok/s (avg 56505) ETA 110m41s | gtok=2,624,716,800 | GPU 1.3/45.5GB
step 71250 [71250/81380  88%]  loss=3.1181 ppl=22.6 lr=7.74e-06 | 58639 tok/s (avg 56506) ETA 110m08s | gtok=2,626,560,000 | GPU 1.3/45.5GB
step 71300 [71300/81380  88%]  loss=2.6762 ppl=14.5 lr=7.66e-06 | 59463 tok/s (avg 56508) ETA 109m35s | gtok=2,628,403,200 | GPU 1.3/45.5GB
step 71350 [71350/81380  88%]  loss=2.8331 ppl=17.0 lr=7.59e-06 | 59374 tok/s (avg 56510) ETA 109m02s | gtok=2,630,246,400 | GPU 1.3/45.5GB
step 71400 [71400/81380  88%]  loss=2.9229 ppl=18.6 lr=7.51e-06 | 59445 tok/s (avg 56512) ETA 108m30s | gtok=2,632,089,600 | GPU 1.3/45.5GB
step 71450 [71450/81380  88%]  loss=2.9572 ppl=19.2 lr=7.44e-06 | 59376 tok/s (avg 56514) ETA 107m57s | gtok=2,633,932,800 | GPU 1.3/45.5GB
step 71500 [71500/81380  88%]  loss=3.0363 ppl=20.8 lr=7.36e-06 | 59358 tok/s (avg 56516) ETA 107m24s | gtok=2,635,776,000 | GPU 1.3/45.5GB
step 71550 [71550/81380  88%]  loss=2.8060 ppl=16.5 lr=7.29e-06 | 59332 tok/s (avg 56518) ETA 106m51s | gtok=2,637,619,200 | GPU 1.3/45.5GB
step 71600 [71600/81380  88%]  loss=2.8232 ppl=16.8 lr=7.22e-06 | 59446 tok/s (avg 56520) ETA 106m18s | gtok=2,639,462,400 | GPU 1.3/45.5GB
step 71650 [71650/81380  88%]  loss=3.1899 ppl=24.3 lr=7.14e-06 | 59432 tok/s (avg 56522) ETA 105m45s | gtok=2,641,305,600 | GPU 1.3/45.5GB
step 71700 [71700/81380  88%]  loss=2.9671 ppl=19.4 lr=7.07e-06 | 58591 tok/s (avg 56523) ETA 105m13s | gtok=2,643,148,800 | GPU 1.3/45.5GB
step 71750 [71750/81380  88%]  loss=2.8487 ppl=17.3 lr=7.00e-06 | 59410 tok/s (avg 56525) ETA 104m40s | gtok=2,644,992,000 | GPU 1.3/45.5GB
step 71800 [71800/81380  88%]  loss=2.8470 ppl=17.2 lr=6.93e-06 | 59248 tok/s (avg 56527) ETA 104m07s | gtok=2,646,835,200 | GPU 1.3/45.5GB
step 71850 [71850/81380  88%]  loss=2.6240 ppl=13.8 lr=6.86e-06 | 59363 tok/s (avg 56529) ETA 103m34s | gtok=2,648,678,400 | GPU 1.3/45.5GB
step 71900 [71900/81380  88%]  loss=2.9138 ppl=18.4 lr=6.79e-06 | 59402 tok/s (avg 56531) ETA 103m01s | gtok=2,650,521,600 | GPU 1.3/45.5GB
step 71950 [71950/81380  88%]  loss=2.9500 ppl=19.1 lr=6.72e-06 | 59406 tok/s (avg 56533) ETA 102m29s | gtok=2,652,364,800 | GPU 1.3/45.5GB
step 72000 [72000/81380  88%]  loss=2.5787 ppl=13.2 lr=6.65e-06 | 59418 tok/s (avg 56535) ETA 101m56s | gtok=2,654,208,000 | GPU 1.3/45.5GB
  [gen @ step 72000, 2,654,208,000 tok] prompt: In 1923, the University of
    In 1923, the University of Texas at Austin decided to conduct a study on the effects of diet on blood pressure. The study was conducted by Dr. Tannen Dufy from the Department of Nutrition and Dietetics at the University of Texas at Austin who found that eating foods high in saturated fats could help prevent type 2 diabetes in patients with prediabetes, while also increasing heart disease risk.
“The results were
  [checkpoint] step 72000 -> checkpoints_v13_sempty/mix3b_delta_nodecay_answ100_9f33b50/best_model.pt
  [val @ step 72000] val_loss=3.4138 val_ppl=30.38 *best* (best 30.38)
  [wiki_val @ step 72000] val_loss=4.1955 val_ppl=66.39
  [checkpoint] step 72000 -> checkpoints_v13_sempty/mix3b_delta_nodecay_answ100_9f33b50/latest.pt
  [diag] step 72000 cgu=+0.50 +0.24 +0.24 +0.25 +0.26 +0.34 +0.40 +0.46 +0.60 +0.65 +0.79 +0.91 +1.04 +1.14 +1.25 +1.76  pam=+0.03 +0.02 +0.01 +0.02 +0.05 +0.02 +0.04 +0.10 +0.05 +0.10 +0.11 +0.12 +0.18 +0.18 +0.56 +0.46
  [diag] dtbias=-4.00 -4.00 -4.00 -4.00 -4.00 -4.00 -4.00 -4.00 -4.00 -4.00 -4.00 -4.00 -4.00 -4.00 -4.00 -4.00  ret=1.00 1.00 1.00 1.00 1.00 1.00 1.00 1.00 1.00 1.00 1.00 1.00 1.00 1.00 1.00 1.00
  [diag] dtbias/head(layer-mean)=-4.00 -4.00 -4.00 -4.00 -4.00 -4.00
  [diag] gnorm=3.0e-01 8.2e-02 2.1e-01 8.8e-02 5.0e-01 1.2e-01 7.9e-02 7.9e-02 6.8e-02 9.3e-02 8.4e-02 1.2e-01 1.2e-01 2.6e-01 1.5e-01 1.4e-01  wnorm=71.6 81.7 84.5 84.4 85.0 85.7 86.3 85.7 85.1 85.5 86.8 87.1 88.3 88.3 90.3 91.0
step 72050 [72050/81380  89%]  loss=2.9373 ppl=18.9 lr=6.58e-06 | 23847 tok/s (avg 56481) ETA 101m29s | gtok=2,656,051,200 | GPU 1.3/45.5GB
step 72100 [72100/81380  89%]  loss=2.9581 ppl=19.3 lr=6.51e-06 | 59376 tok/s (avg 56483) ETA 100m56s | gtok=2,657,894,400 | GPU 1.3/45.5GB
step 72150 [72150/81380  89%]  loss=2.9323 ppl=18.8 lr=6.44e-06 | 59395 tok/s (avg 56485) ETA 100m23s | gtok=2,659,737,600 | GPU 1.3/45.5GB
step 72200 [72200/81380  89%]  loss=2.6529 ppl=14.2 lr=6.37e-06 | 59515 tok/s (avg 56487) ETA 99m51s | gtok=2,661,580,800 | GPU 1.3/45.5GB
step 72250 [72250/81380  89%]  loss=2.9776 ppl=19.6 lr=6.30e-06 | 59365 tok/s (avg 56489) ETA 99m18s | gtok=2,663,424,000 | GPU 1.3/45.5GB
step 72300 [72300/81380  89%]  loss=2.6088 ppl=13.6 lr=6.23e-06 | 59266 tok/s (avg 56490) ETA 98m45s | gtok=2,665,267,200 | GPU 1.3/45.5GB
step 72350 [72350/81380  89%]  loss=3.0366 ppl=20.8 lr=6.16e-06 | 59296 tok/s (avg 56492) ETA 98m12s | gtok=2,667,110,400 | GPU 1.3/45.5GB
step 72400 [72400/81380  89%]  loss=2.7325 ppl=15.4 lr=6.10e-06 | 59469 tok/s (avg 56494) ETA 97m39s | gtok=2,668,953,600 | GPU 1.3/45.5GB
step 72450 [72450/81380  89%]  loss=2.8596 ppl=17.5 lr=6.03e-06 | 51379 tok/s (avg 56490) ETA 97m07s | gtok=2,670,796,800 | GPU 1.3/45.5GB
step 72500 [72500/81380  89%]  loss=2.9026 ppl=18.2 lr=5.96e-06 | 59419 tok/s (avg 56492) ETA 96m34s | gtok=2,672,640,000 | GPU 1.3/45.5GB
step 72550 [72550/81380  89%]  loss=2.7271 ppl=15.3 lr=5.90e-06 | 59389 tok/s (avg 56494) ETA 96m01s | gtok=2,674,483,200 | GPU 1.3/45.5GB
step 72600 [72600/81380  89%]  loss=2.9283 ppl=18.7 lr=5.83e-06 | 59618 tok/s (avg 56496) ETA 95m28s | gtok=2,676,326,400 | GPU 1.3/45.5GB
step 72650 [72650/81380  89%]  loss=2.9719 ppl=19.5 lr=5.76e-06 | 59633 tok/s (avg 56498) ETA 94m56s | gtok=2,678,169,600 | GPU 1.3/45.5GB
step 72700 [72700/81380  89%]  loss=2.5121 ppl=12.3 lr=5.70e-06 | 59440 tok/s (avg 56500) ETA 94m23s | gtok=2,680,012,800 | GPU 1.3/45.5GB
step 72750 [72750/81380  89%]  loss=2.7108 ppl=15.0 lr=5.63e-06 | 59469 tok/s (avg 56502) ETA 93m50s | gtok=2,681,856,000 | GPU 1.3/45.5GB
step 72800 [72800/81380  89%]  loss=2.7541 ppl=15.7 lr=5.57e-06 | 59374 tok/s (avg 56504) ETA 93m17s | gtok=2,683,699,200 | GPU 1.3/45.5GB
step 72850 [72850/81380  90%]  loss=3.0986 ppl=22.2 lr=5.51e-06 | 59371 tok/s (avg 56506) ETA 92m44s | gtok=2,685,542,400 | GPU 1.3/45.5GB
step 72900 [72900/81380  90%]  loss=3.0944 ppl=22.1 lr=5.44e-06 | 58670 tok/s (avg 56507) ETA 92m12s | gtok=2,687,385,600 | GPU 1.3/45.5GB
step 72950 [72950/81380  90%]  loss=2.8530 ppl=17.3 lr=5.38e-06 | 59619 tok/s (avg 56509) ETA 91m39s | gtok=2,689,228,800 | GPU 1.3/45.5GB
step 73000 [73000/81380  90%]  loss=2.9452 ppl=19.0 lr=5.32e-06 | 59456 tok/s (avg 56511) ETA 91m06s | gtok=2,691,072,000 | GPU 1.3/45.5GB
  [checkpoint] step 73000 -> checkpoints_v13_sempty/mix3b_delta_nodecay_answ100_9f33b50/latest.pt
step 73050 [73050/81380  90%]  loss=2.8925 ppl=18.0 lr=5.25e-06 | 56246 tok/s (avg 56511) ETA 90m33s | gtok=2,692,915,200 | GPU 1.3/45.5GB
step 73100 [73100/81380  90%]  loss=2.9044 ppl=18.3 lr=5.19e-06 | 59503 tok/s (avg 56513) ETA 90m01s | gtok=2,694,758,400 | GPU 1.3/45.5GB
step 73150 [73150/81380  90%]  loss=2.9408 ppl=18.9 lr=5.13e-06 | 59483 tok/s (avg 56515) ETA 89m28s | gtok=2,696,601,600 | GPU 1.3/45.5GB
step 73200 [73200/81380  90%]  loss=2.8829 ppl=17.9 lr=5.07e-06 | 59600 tok/s (avg 56517) ETA 88m55s | gtok=2,698,444,800 | GPU 1.3/45.5GB
step 73250 [73250/81380  90%]  loss=3.1579 ppl=23.5 lr=5.01e-06 | 59596 tok/s (avg 56519) ETA 88m22s | gtok=2,700,288,000 | GPU 1.3/45.5GB
step 73300 [73300/81380  90%]  loss=2.7754 ppl=16.0 lr=4.95e-06 | 59461 tok/s (avg 56521) ETA 87m49s | gtok=2,702,131,200 | GPU 1.3/45.5GB
step 73350 [73350/81380  90%]  loss=2.8800 ppl=17.8 lr=4.88e-06 | 58767 tok/s (avg 56522) ETA 87m17s | gtok=2,703,974,400 | GPU 1.3/45.5GB
step 73400 [73400/81380  90%]  loss=3.1264 ppl=22.8 lr=4.82e-06 | 59412 tok/s (avg 56524) ETA 86m44s | gtok=2,705,817,600 | GPU 1.3/45.5GB
step 73450 [73450/81380  90%]  loss=3.0583 ppl=21.3 lr=4.76e-06 | 59498 tok/s (avg 56526) ETA 86m11s | gtok=2,707,660,800 | GPU 1.3/45.5GB
step 73500 [73500/81380  90%]  loss=3.0383 ppl=20.9 lr=4.71e-06 | 59511 tok/s (avg 56528) ETA 85m38s | gtok=2,709,504,000 | GPU 1.3/45.5GB
step 73550 [73550/81380  90%]  loss=2.7359 ppl=15.4 lr=4.65e-06 | 59450 tok/s (avg 56530) ETA 85m06s | gtok=2,711,347,200 | GPU 1.3/45.5GB
step 73600 [73600/81380  90%]  loss=2.8615 ppl=17.5 lr=4.59e-06 | 59434 tok/s (avg 56532) ETA 84m33s | gtok=2,713,190,400 | GPU 1.3/45.5GB
step 73650 [73650/81380  91%]  loss=2.7325 ppl=15.4 lr=4.53e-06 | 59465 tok/s (avg 56534) ETA 84m00s | gtok=2,715,033,600 | GPU 1.3/45.5GB
step 73700 [73700/81380  91%]  loss=2.8613 ppl=17.5 lr=4.47e-06 | 59525 tok/s (avg 56536) ETA 83m27s | gtok=2,716,876,800 | GPU 1.3/45.5GB
step 73750 [73750/81380  91%]  loss=3.4349 ppl=31.0 lr=4.41e-06 | 58947 tok/s (avg 56537) ETA 82m55s | gtok=2,718,720,000 | GPU 1.3/45.5GB
step 73800 [73800/81380  91%]  loss=2.9602 ppl=19.3 lr=4.36e-06 | 59523 tok/s (avg 56539) ETA 82m22s | gtok=2,720,563,200 | GPU 1.3/45.5GB
step 73850 [73850/81380  91%]  loss=3.0525 ppl=21.2 lr=4.30e-06 | 59567 tok/s (avg 56541) ETA 81m49s | gtok=2,722,406,400 | GPU 1.3/45.5GB
step 73900 [73900/81380  91%]  loss=3.0620 ppl=21.4 lr=4.24e-06 | 59409 tok/s (avg 56543) ETA 81m16s | gtok=2,724,249,600 | GPU 1.3/45.5GB
step 73950 [73950/81380  91%]  loss=2.8244 ppl=16.9 lr=4.19e-06 | 59442 tok/s (avg 56545) ETA 80m43s | gtok=2,726,092,800 | GPU 1.3/45.5GB
step 74000 [74000/81380  91%]  loss=2.8739 ppl=17.7 lr=4.13e-06 | 59366 tok/s (avg 56546) ETA 80m11s | gtok=2,727,936,000 | GPU 1.3/45.5GB
  [checkpoint] step 74000 -> checkpoints_v13_sempty/mix3b_delta_nodecay_answ100_9f33b50/best_model.pt
  [val @ step 74000] val_loss=3.4102 val_ppl=30.27 *best* (best 30.27)
  [wiki_val @ step 74000] val_loss=4.1862 val_ppl=65.77
  [checkpoint] step 74000 -> checkpoints_v13_sempty/mix3b_delta_nodecay_answ100_9f33b50/latest.pt
  [diag] step 74000 cgu=+0.50 +0.24 +0.24 +0.25 +0.26 +0.34 +0.40 +0.47 +0.60 +0.65 +0.79 +0.91 +1.04 +1.14 +1.25 +1.76  pam=+0.03 +0.02 +0.01 +0.02 +0.05 +0.02 +0.04 +0.10 +0.05 +0.10 +0.11 +0.12 +0.18 +0.18 +0.56 +0.46
  [diag] dtbias=-4.00 -4.00 -4.00 -4.00 -4.00 -4.00 -4.00 -4.00 -4.00 -4.00 -4.00 -4.00 -4.00 -4.00 -4.00 -4.00  ret=1.00 1.00 1.00 1.00 1.00 1.00 1.00 1.00 1.00 1.00 1.00 1.00 1.00 1.00 1.00 1.00
  [diag] dtbias/head(layer-mean)=-4.00 -4.00 -4.00 -4.00 -4.00 -4.00
  [diag] gnorm=7.4e-01 7.0e-02 1.8e-01 6.8e-02 3.0e-01 8.6e-02 7.6e-02 9.5e-02 8.0e-02 1.1e-01 6.0e-02 8.1e-02 1.0e-01 2.8e-01 1.1e-01 9.5e-02  wnorm=71.6 81.7 84.5 84.4 84.9 85.7 86.3 85.7 85.1 85.5 86.8 87.1 88.3 88.3 90.3 91.0
step 74050 [74050/81380  91%]  loss=3.2411 ppl=25.6 lr=4.08e-06 | 24822 tok/s (avg 56498) ETA 79m42s | gtok=2,729,779,200 | GPU 1.3/45.5GB
step 74100 [74100/81380  91%]  loss=3.1849 ppl=24.2 lr=4.02e-06 | 59316 tok/s (avg 56500) ETA 79m09s | gtok=2,731,622,400 | GPU 1.3/45.5GB
step 74150 [74150/81380  91%]  loss=3.0317 ppl=20.7 lr=3.97e-06 | 58562 tok/s (avg 56501) ETA 78m37s | gtok=2,733,465,600 | GPU 1.3/45.5GB
step 74200 [74200/81380  91%]  loss=3.2951 ppl=27.0 lr=3.91e-06 | 59349 tok/s (avg 56503) ETA 78m04s | gtok=2,735,308,800 | GPU 1.3/45.5GB
step 74250 [74250/81380  91%]  loss=2.8777 ppl=17.8 lr=3.86e-06 | 59343 tok/s (avg 56505) ETA 77m31s | gtok=2,737,152,000 | GPU 1.3/45.5GB
step 74300 [74300/81380  91%]  loss=2.8912 ppl=18.0 lr=3.80e-06 | 59294 tok/s (avg 56506) ETA 76m58s | gtok=2,738,995,200 | GPU 1.3/45.5GB
step 74350 [74350/81380  91%]  loss=2.8733 ppl=17.7 lr=3.75e-06 | 59366 tok/s (avg 56508) ETA 76m26s | gtok=2,740,838,400 | GPU 1.3/45.5GB
step 74400 [74400/81380  91%]  loss=3.0739 ppl=21.6 lr=3.70e-06 | 59529 tok/s (avg 56510) ETA 75m53s | gtok=2,742,681,600 | GPU 1.3/45.5GB
step 74450 [74450/81380  91%]  loss=2.8194 ppl=16.8 lr=3.65e-06 | 59465 tok/s (avg 56512) ETA 75m20s | gtok=2,744,524,800 | GPU 1.3/45.5GB
step 74500 [74500/81380  92%]  loss=2.9487 ppl=19.1 lr=3.59e-06 | 59521 tok/s (avg 56514) ETA 74m47s | gtok=2,746,368,000 | GPU 1.3/45.5GB
step 74550 [74550/81380  92%]  loss=3.0243 ppl=20.6 lr=3.54e-06 | 58603 tok/s (avg 56515) ETA 74m15s | gtok=2,748,211,200 | GPU 1.3/45.5GB
step 74600 [74600/81380  92%]  loss=3.0667 ppl=21.5 lr=3.49e-06 | 59332 tok/s (avg 56517) ETA 73m42s | gtok=2,750,054,400 | GPU 1.3/45.5GB
step 74650 [74650/81380  92%]  loss=2.6299 ppl=13.9 lr=3.44e-06 | 59439 tok/s (avg 56519) ETA 73m09s | gtok=2,751,897,600 | GPU 1.3/45.5GB
step 74700 [74700/81380  92%]  loss=2.7544 ppl=15.7 lr=3.39e-06 | 59474 tok/s (avg 56521) ETA 72m36s | gtok=2,753,740,800 | GPU 1.3/45.5GB
step 74750 [74750/81380  92%]  loss=3.1122 ppl=22.5 lr=3.34e-06 | 59363 tok/s (avg 56523) ETA 72m04s | gtok=2,755,584,000 | GPU 1.3/45.5GB
step 74800 [74800/81380  92%]  loss=2.5295 ppl=12.5 lr=3.29e-06 | 59301 tok/s (avg 56524) ETA 71m31s | gtok=2,757,427,200 | GPU 1.3/45.5GB
step 74850 [74850/81380  92%]  loss=3.1984 ppl=24.5 lr=3.24e-06 | 59536 tok/s (avg 56526) ETA 70m58s | gtok=2,759,270,400 | GPU 1.3/45.5GB
step 74900 [74900/81380  92%]  loss=3.1997 ppl=24.5 lr=3.19e-06 | 52150 tok/s (avg 56523) ETA 70m26s | gtok=2,761,113,600 | GPU 1.3/45.5GB
step 74950 [74950/81380  92%]  loss=2.7373 ppl=15.4 lr=3.14e-06 | 59376 tok/s (avg 56525) ETA 69m53s | gtok=2,762,956,800 | GPU 1.3/45.5GB
step 75000 [75000/81380  92%]  loss=3.0200 ppl=20.5 lr=3.09e-06 | 58702 tok/s (avg 56526) ETA 69m20s | gtok=2,764,800,000 | GPU 1.3/45.5GB
  [checkpoint] step 75000 -> checkpoints_v13_sempty/mix3b_delta_nodecay_answ100_9f33b50/latest.pt
step 75050 [75050/81380  92%]  loss=2.5058 ppl=12.3 lr=3.04e-06 | 56756 tok/s (avg 56526) ETA 68m48s | gtok=2,766,643,200 | GPU 1.3/45.5GB
step 75100 [75100/81380  92%]  loss=2.8084 ppl=16.6 lr=3.00e-06 | 59519 tok/s (avg 56528) ETA 68m15s | gtok=2,768,486,400 | GPU 1.3/45.5GB
step 75150 [75150/81380  92%]  loss=2.7604 ppl=15.8 lr=2.95e-06 | 59440 tok/s (avg 56530) ETA 67m42s | gtok=2,770,329,600 | GPU 1.3/45.5GB
step 75200 [75200/81380  92%]  loss=3.1927 ppl=24.4 lr=2.90e-06 | 59492 tok/s (avg 56532) ETA 67m09s | gtok=2,772,172,800 | GPU 1.3/45.5GB
step 75250 [75250/81380  92%]  loss=2.9781 ppl=19.7 lr=2.86e-06 | 59441 tok/s (avg 56534) ETA 66m37s | gtok=2,774,016,000 | GPU 1.3/45.5GB
step 75300 [75300/81380  93%]  loss=2.6636 ppl=14.3 lr=2.81e-06 | 59441 tok/s (avg 56536) ETA 66m04s | gtok=2,775,859,200 | GPU 1.3/45.5GB
step 75350 [75350/81380  93%]  loss=2.4509 ppl=11.6 lr=2.76e-06 | 59396 tok/s (avg 56538) ETA 65m31s | gtok=2,777,702,400 | GPU 1.3/45.5GB
step 75400 [75400/81380  93%]  loss=2.6739 ppl=14.5 lr=2.72e-06 | 59394 tok/s (avg 56539) ETA 64m58s | gtok=2,779,545,600 | GPU 1.3/45.5GB
step 75450 [75450/81380  93%]  loss=2.7069 ppl=15.0 lr=2.67e-06 | 58738 tok/s (avg 56541) ETA 64m26s | gtok=2,781,388,800 | GPU 1.3/45.5GB
step 75500 [75500/81380  93%]  loss=2.6400 ppl=14.0 lr=2.63e-06 | 59343 tok/s (avg 56543) ETA 63m53s | gtok=2,783,232,000 | GPU 1.3/45.5GB
step 75550 [75550/81380  93%]  loss=2.7255 ppl=15.3 lr=2.58e-06 | 59365 tok/s (avg 56544) ETA 63m20s | gtok=2,785,075,200 | GPU 1.3/45.5GB
step 75600 [75600/81380  93%]  loss=3.0154 ppl=20.4 lr=2.54e-06 | 59251 tok/s (avg 56546) ETA 62m48s | gtok=2,786,918,400 | GPU 1.3/45.5GB
step 75650 [75650/81380  93%]  loss=2.9528 ppl=19.2 lr=2.50e-06 | 59342 tok/s (avg 56548) ETA 62m15s | gtok=2,788,761,600 | GPU 1.3/45.5GB
step 75700 [75700/81380  93%]  loss=3.1312 ppl=22.9 lr=2.45e-06 | 59324 tok/s (avg 56550) ETA 61m42s | gtok=2,790,604,800 | GPU 1.3/45.5GB
step 75750 [75750/81380  93%]  loss=2.9297 ppl=18.7 lr=2.41e-06 | 59390 tok/s (avg 56551) ETA 61m10s | gtok=2,792,448,000 | GPU 1.3/45.5GB
step 75800 [75800/81380  93%]  loss=2.8852 ppl=17.9 lr=2.37e-06 | 59348 tok/s (avg 56553) ETA 60m37s | gtok=2,794,291,200 | GPU 1.3/45.5GB
step 75850 [75850/81380  93%]  loss=3.0397 ppl=20.9 lr=2.33e-06 | 58877 tok/s (avg 56555) ETA 60m04s | gtok=2,796,134,400 | GPU 1.3/45.5GB
step 75900 [75900/81380  93%]  loss=2.8141 ppl=16.7 lr=2.28e-06 | 59351 tok/s (avg 56556) ETA 59m31s | gtok=2,797,977,600 | GPU 1.3/45.5GB
step 75950 [75950/81380  93%]  loss=3.1961 ppl=24.4 lr=2.24e-06 | 59414 tok/s (avg 56558) ETA 58m59s | gtok=2,799,820,800 | GPU 1.3/45.5GB
step 76000 [76000/81380  93%]  loss=2.6614 ppl=14.3 lr=2.20e-06 | 59414 tok/s (avg 56560) ETA 58m26s | gtok=2,801,664,000 | GPU 1.3/45.5GB
  [gen @ step 76000, 2,801,664,000 tok] prompt: In 1923, the University of
    In 1923, the University of Chicago and his colleagues produced a computerized model for a supercomputer. The model was used to create a programmable computer with multiple processors (PCAs) and one or more parallel processors that could be used in multiple ways at once. In a test run on the IBM-IEC 907 project, they made it possible for programmers to take data from a variety of computers, including smartphones, tablets
  [checkpoint] step 76000 -> checkpoints_v13_sempty/mix3b_delta_nodecay_answ100_9f33b50/best_model.pt
  [val @ step 76000] val_loss=3.4081 val_ppl=30.21 *best* (best 30.21)
  [wiki_val @ step 76000] val_loss=4.1826 val_ppl=65.53
  [checkpoint] step 76000 -> checkpoints_v13_sempty/mix3b_delta_nodecay_answ100_9f33b50/latest.pt
  [diag] step 76000 cgu=+0.50 +0.24 +0.24 +0.25 +0.26 +0.34 +0.40 +0.47 +0.60 +0.65 +0.79 +0.91 +1.04 +1.14 +1.25 +1.76  pam=+0.03 +0.02 +0.01 +0.02 +0.05 +0.02 +0.04 +0.10 +0.05 +0.10 +0.11 +0.12 +0.18 +0.18 +0.56 +0.46
  [diag] dtbias=-4.00 -4.00 -4.00 -4.00 -4.00 -4.00 -4.00 -4.00 -4.00 -4.00 -4.00 -4.00 -4.00 -4.00 -4.00 -4.00  ret=1.00 1.00 1.00 1.00 1.00 1.00 1.00 1.00 1.00 1.00 1.00 1.00 1.00 1.00 1.00 1.00
  [diag] dtbias/head(layer-mean)=-4.00 -4.00 -4.00 -4.00 -4.00 -4.00
  [diag] gnorm=2.8e-01 8.1e-02 4.5e-01 7.4e-02 2.2e-01 9.2e-02 7.7e-02 8.9e-02 9.0e-02 1.4e-01 7.1e-02 9.5e-02 1.1e-01 4.9e-01 1.4e-01 1.3e-01  wnorm=71.6 81.7 84.5 84.4 84.9 85.7 86.3 85.7 85.1 85.5 86.8 87.1 88.3 88.3 90.3 91.0
step 76050 [76050/81380  93%]  loss=2.9035 ppl=18.2 lr=2.16e-06 | 23950 tok/s (avg 56509) ETA 57m57s | gtok=2,803,507,200 | GPU 1.3/45.5GB
step 76100 [76100/81380  94%]  loss=3.0056 ppl=20.2 lr=2.12e-06 | 59458 tok/s (avg 56511) ETA 57m24s | gtok=2,805,350,400 | GPU 1.3/45.5GB
step 76150 [76150/81380  94%]  loss=3.2142 ppl=24.9 lr=2.08e-06 | 59406 tok/s (avg 56513) ETA 56m51s | gtok=2,807,193,600 | GPU 1.3/45.5GB
step 76200 [76200/81380  94%]  loss=3.1227 ppl=22.7 lr=2.04e-06 | 58748 tok/s (avg 56514) ETA 56m18s | gtok=2,809,036,800 | GPU 1.3/45.5GB
step 76250 [76250/81380  94%]  loss=2.9296 ppl=18.7 lr=2.00e-06 | 59534 tok/s (avg 56516) ETA 55m46s | gtok=2,810,880,000 | GPU 1.3/45.5GB
step 76300 [76300/81380  94%]  loss=2.4880 ppl=12.0 lr=1.96e-06 | 59550 tok/s (avg 56518) ETA 55m13s | gtok=2,812,723,200 | GPU 1.3/45.5GB
step 76350 [76350/81380  94%]  loss=2.8461 ppl=17.2 lr=1.93e-06 | 59573 tok/s (avg 56520) ETA 54m40s | gtok=2,814,566,400 | GPU 1.3/45.5GB
step 76400 [76400/81380  94%]  loss=3.1655 ppl=23.7 lr=1.89e-06 | 59436 tok/s (avg 56522) ETA 54m07s | gtok=2,816,409,600 | GPU 1.3/45.5GB
step 76450 [76450/81380  94%]  loss=3.0677 ppl=21.5 lr=1.85e-06 | 59407 tok/s (avg 56524) ETA 53m35s | gtok=2,818,252,800 | GPU 1.3/45.5GB
step 76500 [76500/81380  94%]  loss=2.9888 ppl=19.9 lr=1.81e-06 | 59380 tok/s (avg 56525) ETA 53m02s | gtok=2,820,096,000 | GPU 1.3/45.5GB
step 76550 [76550/81380  94%]  loss=2.9445 ppl=19.0 lr=1.78e-06 | 59305 tok/s (avg 56527) ETA 52m29s | gtok=2,821,939,200 | GPU 1.3/45.5GB
step 76600 [76600/81380  94%]  loss=2.7140 ppl=15.1 lr=1.74e-06 | 58630 tok/s (avg 56528) ETA 51m57s | gtok=2,823,782,400 | GPU 1.3/45.5GB
step 76650 [76650/81380  94%]  loss=2.7616 ppl=15.8 lr=1.70e-06 | 59386 tok/s (avg 56530) ETA 51m24s | gtok=2,825,625,600 | GPU 1.3/45.5GB
step 76700 [76700/81380  94%]  loss=3.0217 ppl=20.5 lr=1.67e-06 | 59309 tok/s (avg 56532) ETA 50m51s | gtok=2,827,468,800 | GPU 1.3/45.5GB
step 76750 [76750/81380  94%]  loss=2.9993 ppl=20.1 lr=1.63e-06 | 59387 tok/s (avg 56534) ETA 50m19s | gtok=2,829,312,000 | GPU 1.3/45.5GB
step 76800 [76800/81380  94%]  loss=3.1171 ppl=22.6 lr=1.60e-06 | 59325 tok/s (avg 56535) ETA 49m46s | gtok=2,831,155,200 | GPU 1.3/45.5GB
step 76850 [76850/81380  94%]  loss=2.8617 ppl=17.5 lr=1.56e-06 | 59381 tok/s (avg 56537) ETA 49m13s | gtok=2,832,998,400 | GPU 1.3/45.5GB
step 76900 [76900/81380  94%]  loss=2.7987 ppl=16.4 lr=1.53e-06 | 59355 tok/s (avg 56539) ETA 48m41s | gtok=2,834,841,600 | GPU 1.3/45.5GB
step 76950 [76950/81380  95%]  loss=3.0273 ppl=20.6 lr=1.50e-06 | 59412 tok/s (avg 56541) ETA 48m08s | gtok=2,836,684,800 | GPU 1.3/45.5GB
step 77000 [77000/81380  95%]  loss=2.9155 ppl=18.5 lr=1.46e-06 | 59430 tok/s (avg 56543) ETA 47m35s | gtok=2,838,528,000 | GPU 1.3/45.5GB
  [checkpoint] step 77000 -> checkpoints_v13_sempty/mix3b_delta_nodecay_answ100_9f33b50/latest.pt
step 77050 [77050/81380  95%]  loss=3.1349 ppl=23.0 lr=1.43e-06 | 55559 tok/s (avg 56542) ETA 47m03s | gtok=2,840,371,200 | GPU 1.3/45.5GB
step 77100 [77100/81380  95%]  loss=2.4219 ppl=11.3 lr=1.40e-06 | 59584 tok/s (avg 56544) ETA 46m30s | gtok=2,842,214,400 | GPU 1.3/45.5GB
step 77150 [77150/81380  95%]  loss=2.9734 ppl=19.6 lr=1.36e-06 | 59433 tok/s (avg 56546) ETA 45m57s | gtok=2,844,057,600 | GPU 1.3/45.5GB
step 77200 [77200/81380  95%]  loss=2.7648 ppl=15.9 lr=1.33e-06 | 59463 tok/s (avg 56547) ETA 45m25s | gtok=2,845,900,800 | GPU 1.3/45.5GB
step 77250 [77250/81380  95%]  loss=2.6030 ppl=13.5 lr=1.30e-06 | 59470 tok/s (avg 56549) ETA 44m52s | gtok=2,847,744,000 | GPU 1.3/45.5GB
step 77300 [77300/81380  95%]  loss=3.0382 ppl=20.9 lr=1.27e-06 | 59502 tok/s (avg 56551) ETA 44m19s | gtok=2,849,587,200 | GPU 1.3/45.5GB
step 77350 [77350/81380  95%]  loss=3.0241 ppl=20.6 lr=1.24e-06 | 59549 tok/s (avg 56553) ETA 43m46s | gtok=2,851,430,400 | GPU 1.3/45.5GB
step 77400 [77400/81380  95%]  loss=2.9947 ppl=20.0 lr=1.21e-06 | 51408 tok/s (avg 56549) ETA 43m14s | gtok=2,853,273,600 | GPU 1.3/45.5GB
step 77450 [77450/81380  95%]  loss=3.1359 ppl=23.0 lr=1.18e-06 | 58817 tok/s (avg 56551) ETA 42m41s | gtok=2,855,116,800 | GPU 1.3/45.5GB
step 77500 [77500/81380  95%]  loss=2.8797 ppl=17.8 lr=1.15e-06 | 59564 tok/s (avg 56552) ETA 42m09s | gtok=2,856,960,000 | GPU 1.3/45.5GB
step 77550 [77550/81380  95%]  loss=3.0244 ppl=20.6 lr=1.12e-06 | 59441 tok/s (avg 56554) ETA 41m36s | gtok=2,858,803,200 | GPU 1.3/45.5GB
step 77600 [77600/81380  95%]  loss=3.0057 ppl=20.2 lr=1.09e-06 | 59636 tok/s (avg 56556) ETA 41m03s | gtok=2,860,646,400 | GPU 1.3/45.5GB
step 77650 [77650/81380  95%]  loss=2.6454 ppl=14.1 lr=1.06e-06 | 59630 tok/s (avg 56558) ETA 40m31s | gtok=2,862,489,600 | GPU 1.3/45.5GB
step 77700 [77700/81380  95%]  loss=2.6829 ppl=14.6 lr=1.03e-06 | 59554 tok/s (avg 56560) ETA 39m58s | gtok=2,864,332,800 | GPU 1.3/45.5GB
step 77750 [77750/81380  96%]  loss=3.0896 ppl=22.0 lr=1.00e-06 | 59539 tok/s (avg 56562) ETA 39m25s | gtok=2,866,176,000 | GPU 1.3/45.5GB
step 77800 [77800/81380  96%]  loss=2.7061 ppl=15.0 lr=9.77e-07 | 59377 tok/s (avg 56563) ETA 38m53s | gtok=2,868,019,200 | GPU 1.3/45.5GB
step 77850 [77850/81380  96%]  loss=2.9274 ppl=18.7 lr=9.50e-07 | 59358 tok/s (avg 56565) ETA 38m20s | gtok=2,869,862,400 | GPU 1.3/45.5GB
step 77900 [77900/81380  96%]  loss=3.1638 ppl=23.7 lr=9.24e-07 | 58635 tok/s (avg 56566) ETA 37m47s | gtok=2,871,705,600 | GPU 1.3/45.5GB
step 77950 [77950/81380  96%]  loss=2.9341 ppl=18.8 lr=8.97e-07 | 59481 tok/s (avg 56568) ETA 37m15s | gtok=2,873,548,800 | GPU 1.3/45.5GB
step 78000 [78000/81380  96%]  loss=2.7958 ppl=16.4 lr=8.71e-07 | 59396 tok/s (avg 56570) ETA 36m42s | gtok=2,875,392,000 | GPU 1.3/45.5GB
  [checkpoint] step 78000 -> checkpoints_v13_sempty/mix3b_delta_nodecay_answ100_9f33b50/best_model.pt
  [val @ step 78000] val_loss=3.4071 val_ppl=30.18 *best* (best 30.18)
  [wiki_val @ step 78000] val_loss=4.1830 val_ppl=65.56
  [checkpoint] step 78000 -> checkpoints_v13_sempty/mix3b_delta_nodecay_answ100_9f33b50/latest.pt
  [diag] step 78000 cgu=+0.50 +0.24 +0.24 +0.25 +0.26 +0.34 +0.40 +0.47 +0.60 +0.65 +0.79 +0.91 +1.04 +1.14 +1.25 +1.76  pam=+0.03 +0.02 +0.01 +0.02 +0.05 +0.02 +0.04 +0.10 +0.05 +0.10 +0.11 +0.12 +0.18 +0.18 +0.56 +0.46
  [diag] dtbias=-4.00 -4.00 -4.00 -4.00 -4.00 -4.00 -4.00 -4.00 -4.00 -4.00 -4.00 -4.00 -4.00 -4.00 -4.00 -4.00  ret=1.00 1.00 1.00 1.00 1.00 1.00 1.00 1.00 1.00 1.00 1.00 1.00 1.00 1.00 1.00 1.00
  [diag] dtbias/head(layer-mean)=-4.00 -4.00 -4.00 -4.00 -4.00 -4.00
  [diag] gnorm=4.2e-01 7.1e-02 2.7e-01 7.6e-02 5.3e-01 5.6e-02 8.0e-02 4.6e-02 6.1e-02 5.4e-02 5.9e-02 6.0e-02 6.5e-02 5.0e-01 8.6e-02 8.9e-02  wnorm=71.6 81.7 84.5 84.4 84.9 85.7 86.3 85.7 85.1 85.5 86.8 87.1 88.3 88.3 90.3 91.0
step 78050 [78050/81380  96%]  loss=2.7691 ppl=15.9 lr=8.46e-07 | 11614 tok/s (avg 56430) ETA 36m15s | gtok=2,877,235,200 | GPU 1.3/45.5GB
step 78100 [78100/81380  96%]  loss=2.8049 ppl=16.5 lr=8.21e-07 | 59254 tok/s (avg 56432) ETA 35m42s | gtok=2,879,078,400 | GPU 1.3/45.5GB
step 78150 [78150/81380  96%]  loss=3.0940 ppl=22.1 lr=7.96e-07 | 59350 tok/s (avg 56433) ETA 35m09s | gtok=2,880,921,600 | GPU 1.3/45.5GB
step 78200 [78200/81380  96%]  loss=3.1030 ppl=22.3 lr=7.71e-07 | 59364 tok/s (avg 56435) ETA 34m37s | gtok=2,882,764,800 | GPU 1.3/45.5GB
step 78250 [78250/81380  96%]  loss=2.8380 ppl=17.1 lr=7.47e-07 | 58746 tok/s (avg 56437) ETA 34m04s | gtok=2,884,608,000 | GPU 1.3/45.5GB
step 78300 [78300/81380  96%]  loss=2.7724 ppl=16.0 lr=7.24e-07 | 59251 tok/s (avg 56438) ETA 33m31s | gtok=2,886,451,200 | GPU 1.3/45.5GB
step 78350 [78350/81380  96%]  loss=3.1529 ppl=23.4 lr=7.00e-07 | 59517 tok/s (avg 56440) ETA 32m59s | gtok=2,888,294,400 | GPU 1.3/45.5GB
step 78400 [78400/81380  96%]  loss=2.7660 ppl=15.9 lr=6.78e-07 | 59522 tok/s (avg 56442) ETA 32m26s | gtok=2,890,137,600 | GPU 1.3/45.5GB
step 78450 [78450/81380  96%]  loss=2.9853 ppl=19.8 lr=6.55e-07 | 59353 tok/s (avg 56444) ETA 31m53s | gtok=2,891,980,800 | GPU 1.3/45.5GB
step 78500 [78500/81380  96%]  loss=3.0312 ppl=20.7 lr=6.33e-07 | 59490 tok/s (avg 56446) ETA 31m20s | gtok=2,893,824,000 | GPU 1.3/45.5GB
step 78550 [78550/81380  97%]  loss=2.5752 ppl=13.1 lr=6.11e-07 | 59502 tok/s (avg 56447) ETA 30m48s | gtok=2,895,667,200 | GPU 1.3/45.5GB
step 78600 [78600/81380  97%]  loss=2.8927 ppl=18.0 lr=5.90e-07 | 59417 tok/s (avg 56449) ETA 30m15s | gtok=2,897,510,400 | GPU 1.3/45.5GB
step 78650 [78650/81380  97%]  loss=2.7632 ppl=15.9 lr=5.69e-07 | 59570 tok/s (avg 56451) ETA 29m42s | gtok=2,899,353,600 | GPU 1.3/45.5GB
step 78700 [78700/81380  97%]  loss=2.8229 ppl=16.8 lr=5.48e-07 | 58728 tok/s (avg 56452) ETA 29m10s | gtok=2,901,196,800 | GPU 1.3/45.5GB
step 78750 [78750/81380  97%]  loss=2.7776 ppl=16.1 lr=5.28e-07 | 59373 tok/s (avg 56454) ETA 28m37s | gtok=2,903,040,000 | GPU 1.3/45.5GB
step 78800 [78800/81380  97%]  loss=2.8716 ppl=17.7 lr=5.08e-07 | 59450 tok/s (avg 56456) ETA 28m04s | gtok=2,904,883,200 | GPU 1.3/45.5GB
step 78850 [78850/81380  97%]  loss=2.9143 ppl=18.4 lr=4.88e-07 | 59368 tok/s (avg 56458) ETA 27m31s | gtok=2,906,726,400 | GPU 1.3/45.5GB
step 78900 [78900/81380  97%]  loss=2.8027 ppl=16.5 lr=4.69e-07 | 59397 tok/s (avg 56460) ETA 26m59s | gtok=2,908,569,600 | GPU 1.3/45.5GB
step 78950 [78950/81380  97%]  loss=2.7957 ppl=16.4 lr=4.51e-07 | 59571 tok/s (avg 56461) ETA 26m26s | gtok=2,910,412,800 | GPU 1.3/45.5GB
step 79000 [79000/81380  97%]  loss=2.6926 ppl=14.8 lr=4.32e-07 | 59551 tok/s (avg 56463) ETA 25m53s | gtok=2,912,256,000 | GPU 1.3/45.5GB
  [checkpoint] step 79000 -> checkpoints_v13_sempty/mix3b_delta_nodecay_answ100_9f33b50/latest.pt
step 79050 [79050/81380  97%]  loss=3.1197 ppl=22.6 lr=4.14e-07 | 56342 tok/s (avg 56463) ETA 25m21s | gtok=2,914,099,200 | GPU 1.3/45.5GB
step 79100 [79100/81380  97%]  loss=2.8076 ppl=16.6 lr=3.97e-07 | 59572 tok/s (avg 56465) ETA 24m48s | gtok=2,915,942,400 | GPU 1.3/45.5GB
step 79150 [79150/81380  97%]  loss=2.8212 ppl=16.8 lr=3.80e-07 | 58633 tok/s (avg 56466) ETA 24m15s | gtok=2,917,785,600 | GPU 1.3/45.5GB
step 79200 [79200/81380  97%]  loss=2.8277 ppl=16.9 lr=3.63e-07 | 59542 tok/s (avg 56468) ETA 23m43s | gtok=2,919,628,800 | GPU 1.3/45.5GB
step 79250 [79250/81380  97%]  loss=2.9650 ppl=19.4 lr=3.46e-07 | 59420 tok/s (avg 56470) ETA 23m10s | gtok=2,921,472,000 | GPU 1.3/45.5GB
step 79300 [79300/81380  97%]  loss=3.0926 ppl=22.0 lr=3.30e-07 | 59398 tok/s (avg 56472) ETA 22m37s | gtok=2,923,315,200 | GPU 1.3/45.5GB
step 79350 [79350/81380  98%]  loss=2.8161 ppl=16.7 lr=3.15e-07 | 59555 tok/s (avg 56474) ETA 22m05s | gtok=2,925,158,400 | GPU 1.3/45.5GB
step 79400 [79400/81380  98%]  loss=2.8844 ppl=17.9 lr=2.99e-07 | 59291 tok/s (avg 56475) ETA 21m32s | gtok=2,927,001,600 | GPU 1.3/45.5GB
step 79450 [79450/81380  98%]  loss=3.0138 ppl=20.4 lr=2.84e-07 | 59406 tok/s (avg 56477) ETA 20m59s | gtok=2,928,844,800 | GPU 1.3/45.5GB
step 79500 [79500/81380  98%]  loss=3.1150 ppl=22.5 lr=2.70e-07 | 59421 tok/s (avg 56479) ETA 20m27s | gtok=2,930,688,000 | GPU 1.3/45.5GB
step 79550 [79550/81380  98%]  loss=2.7101 ppl=15.0 lr=2.56e-07 | 59463 tok/s (avg 56481) ETA 19m54s | gtok=2,932,531,200 | GPU 1.3/45.5GB
step 79600 [79600/81380  98%]  loss=2.8764 ppl=17.7 lr=2.42e-07 | 58705 tok/s (avg 56482) ETA 19m21s | gtok=2,934,374,400 | GPU 1.3/45.5GB
step 79650 [79650/81380  98%]  loss=3.0992 ppl=22.2 lr=2.29e-07 | 59302 tok/s (avg 56484) ETA 18m49s | gtok=2,936,217,600 | GPU 1.3/45.5GB
step 79700 [79700/81380  98%]  loss=2.7020 ppl=14.9 lr=2.15e-07 | 59274 tok/s (avg 56485) ETA 18m16s | gtok=2,938,060,800 | GPU 1.3/45.5GB
step 79750 [79750/81380  98%]  loss=3.0481 ppl=21.1 lr=2.03e-07 | 59322 tok/s (avg 56487) ETA 17m43s | gtok=2,939,904,000 | GPU 1.3/45.5GB
step 79800 [79800/81380  98%]  loss=2.9325 ppl=18.8 lr=1.91e-07 | 59534 tok/s (avg 56489) ETA 17m11s | gtok=2,941,747,200 | GPU 1.3/45.5GB
step 79850 [79850/81380  98%]  loss=3.2576 ppl=26.0 lr=1.79e-07 | 51508 tok/s (avg 56485) ETA 16m38s | gtok=2,943,590,400 | GPU 1.3/45.5GB
step 79900 [79900/81380  98%]  loss=2.7837 ppl=16.2 lr=1.67e-07 | 59507 tok/s (avg 56487) ETA 16m05s | gtok=2,945,433,600 | GPU 1.3/45.5GB
step 79950 [79950/81380  98%]  loss=2.8464 ppl=17.2 lr=1.56e-07 | 59525 tok/s (avg 56489) ETA 15m33s | gtok=2,947,276,800 | GPU 1.3/45.5GB
step 80000 [80000/81380  98%]  loss=3.2815 ppl=26.6 lr=1.45e-07 | 58870 tok/s (avg 56490) ETA 15m00s | gtok=2,949,120,000 | GPU 1.3/45.5GB
  [gen @ step 80000, 2,949,120,000 tok] prompt: In 1923, the University of
    In 1923, the University of Oxford issued an edict forbidding women from entering private study, and a new school established. The new School was founded in 1923 by Dr Jonsson Beitlán, who was one of the first students to work at the university. This school became known as “The University” because it had the advantage that, instead of only having access to a second or third-person education
  [checkpoint] step 80000 -> checkpoints_v13_sempty/mix3b_delta_nodecay_answ100_9f33b50/best_model.pt
  [val @ step 80000] val_loss=3.4066 val_ppl=30.16 *best* (best 30.16)
  [wiki_val @ step 80000] val_loss=4.1823 val_ppl=65.52
  [checkpoint] step 80000 -> checkpoints_v13_sempty/mix3b_delta_nodecay_answ100_9f33b50/latest.pt
  [checkpoint] step 80000 -> checkpoints_v13_sempty/mix3b_delta_nodecay_answ100_9f33b50/step_080000.pt
  [checkpoint] pruned step_070000.pt
  [diag] step 80000 cgu=+0.50 +0.24 +0.24 +0.25 +0.26 +0.34 +0.40 +0.47 +0.60 +0.65 +0.79 +0.91 +1.04 +1.14 +1.25 +1.76  pam=+0.03 +0.02 +0.01 +0.02 +0.05 +0.02 +0.04 +0.10 +0.05 +0.10 +0.11 +0.12 +0.18 +0.18 +0.56 +0.46
  [diag] dtbias=-4.00 -4.00 -4.00 -4.00 -4.00 -4.00 -4.00 -4.00 -4.00 -4.00 -4.00 -4.00 -4.00 -4.00 -4.00 -4.00  ret=1.00 1.00 1.00 1.00 1.00 1.00 1.00 1.00 1.00 1.00 1.00 1.00 1.00 1.00 1.00 1.00
  [diag] dtbias/head(layer-mean)=-4.00 -4.00 -4.00 -4.00 -4.00 -4.00
  [diag] gnorm=2.5e-01 1.7e-01 2.2e-01 7.4e-02 6.5e-01 9.9e-02 1.3e-01 9.3e-02 8.1e-02 1.3e-01 7.8e-02 9.3e-02 9.0e-02 3.4e-01 1.2e-01 1.1e-01  wnorm=71.6 81.7 84.5 84.4 84.9 85.7 86.3 85.7 85.1 85.5 86.8 87.1 88.3 88.3 90.3 91.0
step 80050 [80050/81380  98%]  loss=3.0034 ppl=20.2 lr=1.35e-07 | 23691 tok/s (avg 56442) ETA 14m28s | gtok=2,950,963,200 | GPU 1.3/45.5GB
step 80100 [80100/81380  98%]  loss=2.5860 ppl=13.3 lr=1.25e-07 | 59408 tok/s (avg 56443) ETA 13m55s | gtok=2,952,806,400 | GPU 1.3/45.5GB
step 80150 [80150/81380  98%]  loss=2.8082 ppl=16.6 lr=1.16e-07 | 59544 tok/s (avg 56445) ETA 13m23s | gtok=2,954,649,600 | GPU 1.3/45.5GB
step 80200 [80200/81380  99%]  loss=2.7086 ppl=15.0 lr=1.06e-07 | 59488 tok/s (avg 56447) ETA 12m50s | gtok=2,956,492,800 | GPU 1.3/45.5GB
step 80250 [80250/81380  99%]  loss=2.7946 ppl=16.4 lr=9.75e-08 | 59420 tok/s (avg 56449) ETA 12m17s | gtok=2,958,336,000 | GPU 1.3/45.5GB
step 80300 [80300/81380  99%]  loss=3.0163 ppl=20.4 lr=8.91e-08 | 59454 tok/s (avg 56451) ETA 11m45s | gtok=2,960,179,200 | GPU 1.3/45.5GB
step 80350 [80350/81380  99%]  loss=2.9095 ppl=18.3 lr=8.10e-08 | 58713 tok/s (avg 56452) ETA 11m12s | gtok=2,962,022,400 | GPU 1.3/45.5GB
step 80400 [80400/81380  99%]  loss=2.6192 ppl=13.7 lr=7.33e-08 | 59433 tok/s (avg 56454) ETA 10m39s | gtok=2,963,865,600 | GPU 1.3/45.5GB
step 80450 [80450/81380  99%]  loss=2.6143 ppl=13.7 lr=6.61e-08 | 59479 tok/s (avg 56455) ETA 10m07s | gtok=2,965,708,800 | GPU 1.3/45.5GB
step 80500 [80500/81380  99%]  loss=2.8217 ppl=16.8 lr=5.91e-08 | 59328 tok/s (avg 56457) ETA 9m34s | gtok=2,967,552,000 | GPU 1.3/45.5GB
step 80550 [80550/81380  99%]  loss=3.0773 ppl=21.7 lr=5.26e-08 | 59472 tok/s (avg 56459) ETA 9m01s | gtok=2,969,395,200 | GPU 1.3/45.5GB
step 80600 [80600/81380  99%]  loss=3.0613 ppl=21.4 lr=4.65e-08 | 59414 tok/s (avg 56461) ETA 8m29s | gtok=2,971,238,400 | GPU 1.3/45.5GB
step 80650 [80650/81380  99%]  loss=2.5951 ppl=13.4 lr=4.07e-08 | 59396 tok/s (avg 56462) ETA 7m56s | gtok=2,973,081,600 | GPU 1.3/45.5GB
step 80700 [80700/81380  99%]  loss=3.3046 ppl=27.2 lr=3.53e-08 | 59375 tok/s (avg 56464) ETA 7m23s | gtok=2,974,924,800 | GPU 1.3/45.5GB
step 80750 [80750/81380  99%]  loss=3.0102 ppl=20.3 lr=3.03e-08 | 59312 tok/s (avg 56466) ETA 6m51s | gtok=2,976,768,000 | GPU 1.3/45.5GB
step 80800 [80800/81380  99%]  loss=3.0034 ppl=20.2 lr=2.57e-08 | 58632 tok/s (avg 56467) ETA 6m18s | gtok=2,978,611,200 | GPU 1.3/45.5GB
step 80850 [80850/81380  99%]  loss=2.9461 ppl=19.0 lr=2.15e-08 | 59462 tok/s (avg 56469) ETA 5m45s | gtok=2,980,454,400 | GPU 1.3/45.5GB
step 80900 [80900/81380  99%]  loss=2.6114 ppl=13.6 lr=1.76e-08 | 59369 tok/s (avg 56471) ETA 5m13s | gtok=2,982,297,600 | GPU 1.3/45.5GB
step 80950 [80950/81380  99%]  loss=2.8596 ppl=17.5 lr=1.41e-08 | 59562 tok/s (avg 56472) ETA 4m40s | gtok=2,984,140,800 | GPU 1.3/45.5GB
step 81000 [81000/81380 100%]  loss=3.1178 ppl=22.6 lr=1.10e-08 | 59564 tok/s (avg 56474) ETA 4m08s | gtok=2,985,984,000 | GPU 1.3/45.5GB
  [checkpoint] step 81000 -> checkpoints_v13_sempty/mix3b_delta_nodecay_answ100_9f33b50/latest.pt
step 81050 [81050/81380 100%]  loss=2.8385 ppl=17.1 lr=8.32e-09 | 55956 tok/s (avg 56474) ETA 3m35s | gtok=2,987,827,200 | GPU 1.3/45.5GB
step 81100 [81100/81380 100%]  loss=2.8938 ppl=18.1 lr=5.99e-09 | 59270 tok/s (avg 56475) ETA 3m02s | gtok=2,989,670,400 | GPU 1.3/45.5GB
step 81150 [81150/81380 100%]  loss=2.9687 ppl=19.5 lr=4.04e-09 | 59555 tok/s (avg 56477) ETA 2m30s | gtok=2,991,513,600 | GPU 1.3/45.5GB
step 81200 [81200/81380 100%]  loss=2.5171 ppl=12.4 lr=2.47e-09 | 59637 tok/s (avg 56479) ETA 1m57s | gtok=2,993,356,800 | GPU 1.3/45.5GB
step 81250 [81250/81380 100%]  loss=3.0236 ppl=20.6 lr=1.29e-09 | 58912 tok/s (avg 56481) ETA 1m24s | gtok=2,995,200,000 | GPU 1.3/45.5GB
step 81300 [81300/81380 100%]  loss=2.8461 ppl=17.2 lr=4.89e-10 | 59480 tok/s (avg 56482) ETA 0m52s | gtok=2,997,043,200 | GPU 1.3/45.5GB
step 81350 [81350/81380 100%]  loss=2.8177 ppl=16.7 lr=6.87e-11 | 59506 tok/s (avg 56484) ETA 0m19s | gtok=2,998,886,400 | GPU 1.3/45.5GB

Training complete. steps=81380 tokens=2,999,992,320 best_val_ppl=30.16
train loss: 10.9488 -> 2.8705 (delta -8.0783)
  [checkpoint] step 81380 -> checkpoints_v13_sempty/mix3b_delta_nodecay_answ100_9f33b50/latest.pt
=== mix3b_delta_nodecay_answ100 end 1788760631 exit=0 attempts=1 ===
