=== mix3b_chrono_gate start 2026-09-04T19:15:11Z commit=bbc12e9 log=logs/v13_sempty_mix3b_chrono_gate_bbc12e9_20260904_1915.log ckpt=checkpoints_v13_sempty/mix3b_chrono_gate_bbc12e9 ===
[resume] auto: no checkpoints_v13_sempty/mix3b_chrono_gate_bbc12e9/latest.pt; starting fresh
Streaming pretrain blend: sources=['dclm', 'fineweb', 'smoltalk2_mid', 'recall'] weights=[0.45, 0.42, 0.1, 0.03] edu>=3 budget=3000000000 vocab=50261 holdout_pct=5 exclude_holdout=True mix_seed=42 warmup=300,000,000 skips={'dclm': 0, 'fineweb': 0, 'smoltalk2_mid': 0, 'recall': 0}
[cache] Pretrain holdout val from .cache/v7_tokens/pretrain_holdout_v1_v50261_t500000_e3_p5.pt (500,000 tokens)
[cache] Loaded WikiText-103 validation from .cache/v7_tokens/wikitext103_validation_v2_full_sl2048.pt (248,461 tokens)
Val chunks: 121
streaming pretrain: sources=('dclm', 'fineweb', 'smoltalk2_mid', 'recall') weights=(0.45, 0.42, 0.1, 0.03) target_tokens=3000000000 steps=81380 cached=False chat_vocab=True wiki_val=True
========================================================================
  v13_sempty trainer  (real-arm PAM, O(1) memory)
  wall clock start : 2026-09-04 19:15:16
  commit           : bbc12e9
  preset / dataset : baseline_real_pm / mix
========================================================================
[env]
  device=cuda gpu=NVIDIA RTX PRO 6000 Blackwell Server Edition torch=2.8.0+cu128
  fused_pam=True fused_ce=True ce_gemm_dtype=auto amp=bf16 grad_ckpt=False
[geometry]
  batch_size=18 seq_len=2048 tokens/step=36,864
  steps=81,380 steps/epoch=None epochs_implied=n/a
  planned_tokens=2,999,992,320  lr=0.0002 warmup=1000 wd=0.01 grad_clip=1.0
  checkpoints: dir=checkpoints_v13_sempty/mix3b_chrono_gate_bbc12e9 latest_every=1000 keep_every=10000 best=on val_every=2000 resume=auto
[data]
  train_chunks=None val_chunks=244 recall_frac=0.0 vocab=50261 tokenizer=gpt2
[params]
  total=102,004,892 (102.00M dense)
[config] {'vocab_size': 50261, 'dim': 588, 'n_heads': 6, 'head_dim': 98, 'n_layers': 16, 'expand': 3, 'dropout': 0.0, 'max_seq_len': 2048, 'use_rope': True, 'tie_weights': True, 'gradient_checkpointing': False, 'activation': 'swish', 'chunk_size': 256, 'base_dt_bias': -4.0, 'is_complex': False, 'n_states': 1, 'state_dt_spread': 2.0, 'vault': False, 'delta': False, 'cond_mem': False, 'cond_mem_slots': 262144, 'cond_mem_dim': 64, 'cond_mem_layers': (0, 1), 'chrono': True, 'out_gate': True}
[args] {'preset': 'baseline_real_pm', 'dataset': 'mix', 'device': 'cuda', 'steps': 81380, 'epochs': 1, 'batch_size': 18, 'seq_len': 2048, 'lr': 0.0002, 'weight_decay': 0.01, 'dropout': 0.0, 'warmup_steps': 1000, 'gradient_clip': 1.0, 'amp_dtype': 'bf16', 'fused_ce': True, 'no_fused_ce': False, 'fused_ce_chunk': 4096, 'ce_gemm_dtype': 'auto', 'fused_pam': True, 'max_samples': 64, 'seed': 42, 'target_tokens': 3000000000, 'pretrain_sources': 'dclm,fineweb,smoltalk2_mid,recall', 'pretrain_weights': '0.45,0.42,0.10,0.03', 'edu_score_min': 3, 'fineweb_name': 'sample-10BT', 'holdout_pct': 5, 'blend_warmup_tokens': 300000000, 'num_workers': 2, 'no_wiki_val': False, 'resume': 'auto', 'keep_every_steps': 10000, 'no_chat_vocab': False, 'checkpoint_dir': 'checkpoints_v13_sempty/mix3b_chrono_gate_bbc12e9', 'gradient_checkpointing': False, 'log_interval': 50, 'val_every': 2000, 'gen_every': 4000, 'gen_prompt': 'In 1923, the University of', 'gen_max_tokens': 80, 'save_every_steps': 1000, 'diag_every': 2000, 'max_val_batches': 0, 'recall_frac': 0.0, 'n_states': None, 'vault': False, 'delta': False, 'cond_mem': False, 'chrono': True, 'out_gate': True}
========================================================================
Token indices sequence length is longer than the specified maximum sequence length for this model (1053 > 1024). Running this sequence through the model will result in indexing errors
step 50 [50/81380   0%]  loss=10.5790 ppl=39300.3 lr=1.00e-05 | 12467 tok/s (avg 12467) ETA 4008m16s | gtok=1,843,200 | GPU 1.3/30.5GB
step 100 [100/81380   0%]  loss=10.0507 ppl=23171.9 lr=2.00e-05 | 86345 tok/s (avg 21787) ETA 2292m05s | gtok=3,686,400 | GPU 1.3/30.5GB
step 150 [150/81380   0%]  loss=8.8403 ppl=6907.4 lr=3.00e-05 | 86806 tok/s (avg 29037) ETA 1718m45s | gtok=5,529,600 | GPU 1.3/30.5GB
step 200 [200/81380   0%]  loss=7.9872 ppl=2942.9 lr=4.00e-05 | 86231 tok/s (avg 34809) ETA 1432m53s | gtok=7,372,800 | GPU 1.3/30.5GB
step 250 [250/81380   0%]  loss=7.3463 ppl=1550.4 lr=5.00e-05 | 86118 tok/s (avg 39518) ETA 1261m21s | gtok=9,216,000 | GPU 1.3/30.5GB
step 300 [300/81380   0%]  loss=6.9898 ppl=1085.5 lr=6.00e-05 | 86147 tok/s (avg 43436) ETA 1146m52s | gtok=11,059,200 | GPU 1.3/30.5GB
step 350 [350/81380   0%]  loss=6.8761 ppl=968.9 lr=7.00e-05 | 85914 tok/s (avg 46737) ETA 1065m12s | gtok=12,902,400 | GPU 1.3/30.5GB
step 400 [400/81380   0%]  loss=6.5591 ppl=705.6 lr=8.00e-05 | 85618 tok/s (avg 49550) ETA 1004m07s | gtok=14,745,600 | GPU 1.3/30.5GB
step 450 [450/81380   1%]  loss=6.5386 ppl=691.3 lr=9.00e-05 | 85345 tok/s (avg 51972) ETA 956m44s | gtok=16,588,800 | GPU 1.3/30.5GB
step 500 [500/81380   1%]  loss=6.3288 ppl=560.5 lr=1.00e-04 | 85307 tok/s (avg 54085) ETA 918m47s | gtok=18,432,000 | GPU 1.3/30.5GB
step 550 [550/81380   1%]  loss=6.2004 ppl=493.0 lr=1.10e-04 | 85649 tok/s (avg 55960) ETA 887m27s | gtok=20,275,200 | GPU 1.3/30.5GB
step 600 [600/81380   1%]  loss=5.9729 ppl=392.6 lr=1.20e-04 | 85716 tok/s (avg 57627) ETA 861m14s | gtok=22,118,400 | GPU 1.3/30.5GB
step 650 [650/81380   1%]  loss=6.0256 ppl=413.9 lr=1.30e-04 | 85436 tok/s (avg 59107) ETA 839m09s | gtok=23,961,600 | GPU 1.3/30.5GB
step 700 [700/81380   1%]  loss=5.8278 ppl=339.6 lr=1.40e-04 | 85481 tok/s (avg 60439) ETA 820m09s | gtok=25,804,800 | GPU 1.3/30.5GB
step 750 [750/81380   1%]  loss=5.8313 ppl=340.8 lr=1.50e-04 | 85700 tok/s (avg 61650) ETA 803m32s | gtok=27,648,000 | GPU 1.3/30.5GB
step 800 [800/81380   1%]  loss=5.6003 ppl=270.5 lr=1.60e-04 | 85919 tok/s (avg 62758) ETA 788m52s | gtok=29,491,200 | GPU 1.3/30.5GB
step 850 [850/81380   1%]  loss=5.5577 ppl=259.2 lr=1.70e-04 | 85755 tok/s (avg 63764) ETA 775m56s | gtok=31,334,400 | GPU 1.3/30.5GB
step 900 [900/81380   1%]  loss=5.6301 ppl=278.7 lr=1.80e-04 | 85681 tok/s (avg 64683) ETA 764m26s | gtok=33,177,600 | GPU 1.3/30.5GB
step 950 [950/81380   1%]  loss=5.3760 ppl=216.2 lr=1.90e-04 | 85009 tok/s (avg 65508) ETA 754m21s | gtok=35,020,800 | GPU 1.3/30.5GB
step 1000 [1000/81380   1%]  loss=5.5052 ppl=246.0 lr=2.00e-04 | 85465 tok/s (avg 66281) ETA 745m05s | gtok=36,864,000 | GPU 1.3/30.5GB
  [checkpoint] step 1000 -> checkpoints_v13_sempty/mix3b_chrono_gate_bbc12e9/latest.pt
step 1050 [1050/81380   1%]  loss=5.4434 ppl=231.2 lr=2.00e-04 | 83431 tok/s (avg 66937) ETA 737m20s | gtok=38,707,200 | GPU 1.3/30.5GB
step 1100 [1100/81380   1%]  loss=5.4004 ppl=221.5 lr=2.00e-04 | 85370 tok/s (avg 67600) ETA 729m38s | gtok=40,550,400 | GPU 1.3/30.5GB
step 1150 [1150/81380   1%]  loss=5.1311 ppl=169.2 lr=2.00e-04 | 85465 tok/s (avg 68220) ETA 722m33s | gtok=42,393,600 | GPU 1.3/30.5GB
step 1200 [1200/81380   1%]  loss=5.1626 ppl=174.6 lr=2.00e-04 | 85612 tok/s (avg 68802) ETA 716m00s | gtok=44,236,800 | GPU 1.3/30.5GB
step 1250 [1250/81380   2%]  loss=5.1885 ppl=179.2 lr=2.00e-04 | 85548 tok/s (avg 69345) ETA 709m57s | gtok=46,080,000 | GPU 1.3/30.5GB
step 1300 [1300/81380   2%]  loss=5.0815 ppl=161.0 lr=2.00e-04 | 85449 tok/s (avg 69852) ETA 704m22s | gtok=47,923,200 | GPU 1.3/30.5GB
step 1350 [1350/81380   2%]  loss=5.1559 ppl=173.5 lr=2.00e-04 | 85365 tok/s (avg 70325) ETA 699m11s | gtok=49,766,400 | GPU 1.3/30.5GB
step 1400 [1400/81380   2%]  loss=4.8348 ppl=125.8 lr=2.00e-04 | 84543 tok/s (avg 70750) ETA 694m33s | gtok=51,609,600 | GPU 1.3/30.5GB
step 1450 [1450/81380   2%]  loss=5.0580 ppl=157.3 lr=2.00e-04 | 85393 tok/s (avg 71171) ETA 690m01s | gtok=53,452,800 | GPU 1.3/30.5GB
step 1500 [1500/81380   2%]  loss=4.8133 ppl=123.1 lr=2.00e-04 | 85703 tok/s (avg 71575) ETA 685m41s | gtok=55,296,000 | GPU 1.3/30.5GB
step 1550 [1550/81380   2%]  loss=4.7313 ppl=113.4 lr=2.00e-04 | 85194 tok/s (avg 71946) ETA 681m43s | gtok=57,139,200 | GPU 1.3/30.5GB
step 1600 [1600/81380   2%]  loss=4.8908 ppl=133.1 lr=2.00e-04 | 85039 tok/s (avg 72294) ETA 678m01s | gtok=58,982,400 | GPU 1.3/30.5GB
step 1650 [1650/81380   2%]  loss=4.7435 ppl=114.8 lr=2.00e-04 | 85158 tok/s (avg 72626) ETA 674m29s | gtok=60,825,600 | GPU 1.3/30.5GB
step 1700 [1700/81380   2%]  loss=4.7895 ppl=120.2 lr=2.00e-04 | 85262 tok/s (avg 72944) ETA 671m08s | gtok=62,668,800 | GPU 1.3/30.5GB
step 1750 [1750/81380   2%]  loss=4.7053 ppl=110.5 lr=2.00e-04 | 85154 tok/s (avg 73244) ETA 667m57s | gtok=64,512,000 | GPU 1.3/30.5GB
step 1800 [1800/81380   2%]  loss=4.6897 ppl=108.8 lr=2.00e-04 | 84966 tok/s (avg 73526) ETA 664m59s | gtok=66,355,200 | GPU 1.3/30.5GB
step 1850 [1850/81380   2%]  loss=4.5729 ppl=96.8 lr=2.00e-04 | 85247 tok/s (avg 73800) ETA 662m06s | gtok=68,198,400 | GPU 1.3/30.5GB
step 1900 [1900/81380   2%]  loss=4.7994 ppl=121.4 lr=2.00e-04 | 84621 tok/s (avg 74050) ETA 659m27s | gtok=70,041,600 | GPU 1.3/30.5GB
step 1950 [1950/81380   2%]  loss=4.6804 ppl=107.8 lr=2.00e-04 | 85176 tok/s (avg 74298) ETA 656m50s | gtok=71,884,800 | GPU 1.3/30.5GB
step 2000 [2000/81380   2%]  loss=4.6195 ppl=101.4 lr=2.00e-04 | 85120 tok/s (avg 74535) ETA 654m20s | gtok=73,728,000 | GPU 1.3/30.5GB
  [checkpoint] step 2000 -> checkpoints_v13_sempty/mix3b_chrono_gate_bbc12e9/best_model.pt
  [val @ step 2000] val_loss=4.6504 val_ppl=104.63 *best* (best 104.63)
  [wiki_val @ step 2000] val_loss=6.0473 val_ppl=422.95
  [checkpoint] step 2000 -> checkpoints_v13_sempty/mix3b_chrono_gate_bbc12e9/latest.pt
  [diag] step 2000 cgu=+0.95 +0.94 +0.95 +0.97 +0.98 +1.01 +1.04 +1.11 +1.14 +1.16 +1.21 +1.22 +1.23 +1.23 +1.23 +1.18  pam=+0.07 +0.09 +0.10 +0.09 +0.11 +0.11 +0.12 +0.11 +0.11 +0.13 +0.13 +0.13 +0.15 +0.15 +0.15 +0.12
  [diag] dtbias=-3.98 -3.98 -3.98 -3.99 -3.97 -3.98 -3.98 -3.99 -3.99 -3.99 -3.98 -3.98 -3.96 -3.99 -3.97 -3.99  ret=0.86 0.83 0.86 0.91 0.84 0.87 0.83 0.93 0.92 0.88 0.88 0.90 0.72 0.91 0.80 0.89
  [diag] gnorm=7.6e-02 7.1e-02 7.4e-02 7.0e-02 7.9e-02 7.3e-02 1.3e-01 8.7e-02 1.0e-01 1.3e-01 1.4e-01 1.1e-01 1.3e-01 2.0e-01 1.1e-01 1.2e-01  wnorm=56.9 57.1 57.3 57.4 57.6 57.7 58.0 58.1 58.3 58.5 58.9 59.2 59.6 59.6 59.9 59.7
step 2050 [2050/81380   3%]  loss=4.5026 ppl=90.3 lr=2.00e-04 | 29892 tok/s (avg 71916) ETA 677m44s | gtok=75,571,200 | GPU 1.3/30.5GB
step 2100 [2100/81380   3%]  loss=4.6257 ppl=102.1 lr=2.00e-04 | 84836 tok/s (avg 72177) ETA 674m51s | gtok=77,414,400 | GPU 1.3/30.5GB
step 2150 [2150/81380   3%]  loss=4.5681 ppl=96.4 lr=2.00e-04 | 85010 tok/s (avg 72431) ETA 672m04s | gtok=79,257,600 | GPU 1.3/30.5GB
step 2200 [2200/81380   3%]  loss=4.5934 ppl=98.8 lr=2.00e-04 | 84704 tok/s (avg 72671) ETA 669m25s | gtok=81,100,800 | GPU 1.3/30.5GB
step 2250 [2250/81380   3%]  loss=4.4477 ppl=85.4 lr=2.00e-04 | 85445 tok/s (avg 72913) ETA 666m47s | gtok=82,944,000 | GPU 1.3/30.5GB
step 2300 [2300/81380   3%]  loss=4.5446 ppl=94.1 lr=2.00e-04 | 85456 tok/s (avg 73146) ETA 664m14s | gtok=84,787,200 | GPU 1.3/30.5GB
step 2350 [2350/81380   3%]  loss=4.4447 ppl=85.2 lr=2.00e-04 | 85531 tok/s (avg 73372) ETA 661m46s | gtok=86,630,400 | GPU 1.3/30.5GB
step 2400 [2400/81380   3%]  loss=4.3008 ppl=73.8 lr=2.00e-04 | 85437 tok/s (avg 73589) ETA 659m24s | gtok=88,473,600 | GPU 1.3/30.5GB
step 2450 [2450/81380   3%]  loss=4.4281 ppl=83.8 lr=2.00e-04 | 85073 tok/s (avg 73792) ETA 657m10s | gtok=90,316,800 | GPU 1.3/30.5GB
step 2500 [2500/81380   3%]  loss=4.3726 ppl=79.3 lr=2.00e-04 | 85100 tok/s (avg 73989) ETA 655m00s | gtok=92,160,000 | GPU 1.3/30.5GB
step 2550 [2550/81380   3%]  loss=4.4033 ppl=81.7 lr=2.00e-04 | 85295 tok/s (avg 74182) ETA 652m54s | gtok=94,003,200 | GPU 1.3/30.5GB
step 2600 [2600/81380   3%]  loss=4.2953 ppl=73.4 lr=2.00e-04 | 85256 tok/s (avg 74367) ETA 650m51s | gtok=95,846,400 | GPU 1.3/30.5GB
step 2650 [2650/81380   3%]  loss=4.3534 ppl=77.7 lr=2.00e-04 | 84716 tok/s (avg 74539) ETA 648m56s | gtok=97,689,600 | GPU 1.3/30.5GB
step 2700 [2700/81380   3%]  loss=4.3828 ppl=80.1 lr=2.00e-04 | 85505 tok/s (avg 74717) ETA 646m59s | gtok=99,532,800 | GPU 1.3/30.5GB
step 2750 [2750/81380   3%]  loss=4.1860 ppl=65.8 lr=2.00e-04 | 85290 tok/s (avg 74885) ETA 645m07s | gtok=101,376,000 | GPU 1.3/30.5GB
step 2800 [2800/81380   3%]  loss=4.3036 ppl=74.0 lr=2.00e-04 | 85490 tok/s (avg 75052) ETA 643m17s | gtok=103,219,200 | GPU 1.3/30.5GB
step 2850 [2850/81380   4%]  loss=4.3764 ppl=79.6 lr=2.00e-04 | 85208 tok/s (avg 75209) ETA 641m31s | gtok=105,062,400 | GPU 1.3/30.5GB
step 2900 [2900/81380   4%]  loss=4.3623 ppl=78.4 lr=2.00e-04 | 85400 tok/s (avg 75364) ETA 639m48s | gtok=106,905,600 | GPU 1.3/30.5GB
step 2950 [2950/81380   4%]  loss=4.2167 ppl=67.8 lr=2.00e-04 | 85245 tok/s (avg 75512) ETA 638m08s | gtok=108,748,800 | GPU 1.3/30.5GB
step 3000 [3000/81380   4%]  loss=4.3342 ppl=76.3 lr=2.00e-04 | 85278 tok/s (avg 75657) ETA 636m30s | gtok=110,592,000 | GPU 1.3/30.5GB
  [checkpoint] step 3000 -> checkpoints_v13_sempty/mix3b_chrono_gate_bbc12e9/latest.pt
step 3050 [3050/81380   4%]  loss=4.4321 ppl=84.1 lr=2.00e-04 | 78719 tok/s (avg 75705) ETA 635m42s | gtok=112,435,200 | GPU 1.3/30.5GB
step 3100 [3100/81380   4%]  loss=4.3240 ppl=75.5 lr=2.00e-04 | 84881 tok/s (avg 75837) ETA 634m11s | gtok=114,278,400 | GPU 1.3/30.5GB
step 3150 [3150/81380   4%]  loss=4.1975 ppl=66.5 lr=2.00e-04 | 85178 tok/s (avg 75969) ETA 632m41s | gtok=116,121,600 | GPU 1.3/30.5GB
step 3200 [3200/81380   4%]  loss=4.4653 ppl=86.9 lr=2.00e-04 | 85340 tok/s (avg 76100) ETA 631m11s | gtok=117,964,800 | GPU 1.3/30.5GB
step 3250 [3250/81380   4%]  loss=4.1841 ppl=65.6 lr=2.00e-04 | 84537 tok/s (avg 76217) ETA 629m49s | gtok=119,808,000 | GPU 1.3/30.5GB
step 3300 [3300/81380   4%]  loss=4.0823 ppl=59.3 lr=2.00e-04 | 85739 tok/s (avg 76345) ETA 628m21s | gtok=121,651,200 | GPU 1.3/30.5GB
step 3350 [3350/81380   4%]  loss=4.0719 ppl=58.7 lr=2.00e-04 | 84944 tok/s (avg 76461) ETA 627m00s | gtok=123,494,400 | GPU 1.3/30.5GB
step 3400 [3400/81380   4%]  loss=4.2353 ppl=69.1 lr=2.00e-04 | 85004 tok/s (avg 76574) ETA 625m40s | gtok=125,337,600 | GPU 1.3/30.5GB
step 3450 [3450/81380   4%]  loss=4.1606 ppl=64.1 lr=2.00e-04 | 84720 tok/s (avg 76681) ETA 624m24s | gtok=127,180,800 | GPU 1.3/30.5GB
step 3500 [3500/81380   4%]  loss=4.2050 ppl=67.0 lr=2.00e-04 | 85025 tok/s (avg 76788) ETA 623m08s | gtok=129,024,000 | GPU 1.3/30.5GB
step 3550 [3550/81380   4%]  loss=4.2158 ppl=67.8 lr=2.00e-04 | 84348 tok/s (avg 76886) ETA 621m56s | gtok=130,867,200 | GPU 1.3/30.5GB
step 3600 [3600/81380   4%]  loss=4.1581 ppl=63.9 lr=1.99e-04 | 84874 tok/s (avg 76986) ETA 620m44s | gtok=132,710,400 | GPU 1.3/30.5GB
step 3650 [3650/81380   4%]  loss=4.0747 ppl=58.8 lr=1.99e-04 | 84972 tok/s (avg 77085) ETA 619m32s | gtok=134,553,600 | GPU 1.3/30.5GB
step 3700 [3700/81380   5%]  loss=4.1959 ppl=66.4 lr=1.99e-04 | 85055 tok/s (avg 77183) ETA 618m21s | gtok=136,396,800 | GPU 1.3/30.5GB
step 3750 [3750/81380   5%]  loss=4.1974 ppl=66.5 lr=1.99e-04 | 85099 tok/s (avg 77279) ETA 617m11s | gtok=138,240,000 | GPU 1.3/30.5GB
step 3800 [3800/81380   5%]  loss=4.0440 ppl=57.1 lr=1.99e-04 | 84906 tok/s (avg 77370) ETA 616m03s | gtok=140,083,200 | GPU 1.3/30.5GB
step 3850 [3850/81380   5%]  loss=4.0146 ppl=55.4 lr=1.99e-04 | 84723 tok/s (avg 77458) ETA 614m58s | gtok=141,926,400 | GPU 1.3/30.5GB
step 3900 [3900/81380   5%]  loss=4.2449 ppl=69.7 lr=1.99e-04 | 84710 tok/s (avg 77543) ETA 613m54s | gtok=143,769,600 | GPU 1.3/30.5GB
step 3950 [3950/81380   5%]  loss=4.0572 ppl=57.8 lr=1.99e-04 | 84550 tok/s (avg 77624) ETA 612m51s | gtok=145,612,800 | GPU 1.3/30.5GB
step 4000 [4000/81380   5%]  loss=4.0617 ppl=58.1 lr=1.99e-04 | 84620 tok/s (avg 77704) ETA 611m50s | gtok=147,456,000 | GPU 1.3/30.5GB
  [gen @ step 4000, 147,456,000 tok] prompt: In 1923, the University of
    In 1923, the University of Chicago was awarded a Nobel Prize in astronomy and a retired graduate from Los Alamos.
A series of discoveries at the University of New York’s School of Engineering (GPS) led to the development of new technologies that will help scientists develop an understanding of how human beings work, and how they are used in other ways.
“The first step we can explore is the study of
  [checkpoint] step 4000 -> checkpoints_v13_sempty/mix3b_chrono_gate_bbc12e9/best_model.pt
  [val @ step 4000] val_loss=4.1178 val_ppl=61.43 *best* (best 61.43)
  [wiki_val @ step 4000] val_loss=5.2367 val_ppl=188.04
  [checkpoint] step 4000 -> checkpoints_v13_sempty/mix3b_chrono_gate_bbc12e9/latest.pt
  [diag] step 4000 cgu=+0.78 +0.72 +0.71 +0.74 +0.77 +0.81 +0.87 +1.01 +1.08 +1.15 +1.23 +1.29 +1.30 +1.33 +1.43 +1.32  pam=+0.04 +0.07 +0.07 +0.06 +0.09 +0.09 +0.10 +0.09 +0.10 +0.12 +0.13 +0.13 +0.15 +0.18 +0.16 +0.11
  [diag] dtbias=-3.97 -3.96 -3.96 -3.99 -3.96 -3.97 -3.97 -3.98 -3.98 -3.98 -3.96 -3.97 -3.94 -3.99 -3.96 -3.98  ret=0.85 0.80 0.84 0.90 0.83 0.85 0.83 0.93 0.90 0.86 0.86 0.88 0.69 0.88 0.76 0.86
  [diag] gnorm=7.2e-02 6.6e-02 9.3e-02 7.8e-02 6.3e-02 6.4e-02 9.1e-02 7.8e-02 1.0e-01 1.2e-01 1.1e-01 1.1e-01 1.1e-01 1.9e-01 1.0e-01 1.0e-01  wnorm=57.9 58.5 58.9 59.2 59.6 59.8 60.1 60.4 60.8 61.1 61.6 62.0 62.6 62.8 63.6 63.1
step 4050 [4050/81380   5%]  loss=4.1332 ppl=62.4 lr=1.99e-04 | 28783 tok/s (avg 76107) ETA 624m16s | gtok=149,299,200 | GPU 1.3/30.5GB
step 4100 [4100/81380   5%]  loss=4.1789 ppl=65.3 lr=1.99e-04 | 85182 tok/s (avg 76206) ETA 623m03s | gtok=151,142,400 | GPU 1.3/30.5GB
step 4150 [4150/81380   5%]  loss=3.9815 ppl=53.6 lr=1.99e-04 | 85254 tok/s (avg 76304) ETA 621m51s | gtok=152,985,600 | GPU 1.3/30.5GB
step 4200 [4200/81380   5%]  loss=3.9509 ppl=52.0 lr=1.99e-04 | 85500 tok/s (avg 76402) ETA 620m39s | gtok=154,828,800 | GPU 1.3/30.5GB
step 4250 [4250/81380   5%]  loss=4.0609 ppl=58.0 lr=1.99e-04 | 85003 tok/s (avg 76493) ETA 619m31s | gtok=156,672,000 | GPU 1.3/30.5GB
step 4300 [4300/81380   5%]  loss=4.0779 ppl=59.0 lr=1.99e-04 | 85418 tok/s (avg 76586) ETA 618m21s | gtok=158,515,200 | GPU 1.3/30.5GB
step 4350 [4350/81380   5%]  loss=4.1000 ppl=60.3 lr=1.99e-04 | 85450 tok/s (avg 76677) ETA 617m13s | gtok=160,358,400 | GPU 1.3/30.5GB
step 4400 [4400/81380   5%]  loss=4.1100 ppl=60.9 lr=1.99e-04 | 85104 tok/s (avg 76764) ETA 616m07s | gtok=162,201,600 | GPU 1.3/30.5GB
step 4450 [4450/81380   5%]  loss=4.1046 ppl=60.6 lr=1.99e-04 | 85277 tok/s (avg 76850) ETA 615m02s | gtok=164,044,800 | GPU 1.3/30.5GB
step 4500 [4500/81380   6%]  loss=4.0409 ppl=56.9 lr=1.99e-04 | 84872 tok/s (avg 76931) ETA 613m59s | gtok=165,888,000 | GPU 1.3/30.5GB
step 4550 [4550/81380   6%]  loss=4.0128 ppl=55.3 lr=1.99e-04 | 84748 tok/s (avg 77009) ETA 612m58s | gtok=167,731,200 | GPU 1.3/30.5GB
step 4600 [4600/81380   6%]  loss=3.9195 ppl=50.4 lr=1.99e-04 | 84955 tok/s (avg 77087) ETA 611m57s | gtok=169,574,400 | GPU 1.3/30.5GB
step 4650 [4650/81380   6%]  loss=3.9821 ppl=53.6 lr=1.99e-04 | 85080 tok/s (avg 77165) ETA 610m56s | gtok=171,417,600 | GPU 1.3/30.5GB
step 4700 [4700/81380   6%]  loss=3.9986 ppl=54.5 lr=1.99e-04 | 85007 tok/s (avg 77241) ETA 609m56s | gtok=173,260,800 | GPU 1.3/30.5GB
step 4750 [4750/81380   6%]  loss=4.0293 ppl=56.2 lr=1.99e-04 | 84671 tok/s (avg 77312) ETA 608m58s | gtok=175,104,000 | GPU 1.3/30.5GB
step 4800 [4800/81380   6%]  loss=4.0614 ppl=58.1 lr=1.99e-04 | 85202 tok/s (avg 77387) ETA 607m59s | gtok=176,947,200 | GPU 1.3/30.5GB
step 4850 [4850/81380   6%]  loss=4.0356 ppl=56.6 lr=1.99e-04 | 85360 tok/s (avg 77461) ETA 607m00s | gtok=178,790,400 | GPU 1.3/30.5GB
step 4900 [4900/81380   6%]  loss=3.9208 ppl=50.4 lr=1.99e-04 | 85604 tok/s (avg 77537) ETA 606m01s | gtok=180,633,600 | GPU 1.3/30.5GB
step 4950 [4950/81380   6%]  loss=3.9646 ppl=52.7 lr=1.99e-04 | 85639 tok/s (avg 77611) ETA 605m03s | gtok=182,476,800 | GPU 1.3/30.5GB
step 5000 [5000/81380   6%]  loss=4.0533 ppl=57.6 lr=1.99e-04 | 85197 tok/s (avg 77680) ETA 604m07s | gtok=184,320,000 | GPU 1.3/30.5GB
  [checkpoint] step 5000 -> checkpoints_v13_sempty/mix3b_chrono_gate_bbc12e9/latest.pt
step 5050 [5050/81380   6%]  loss=4.1134 ppl=61.2 lr=1.99e-04 | 78638 tok/s (avg 77689) ETA 603m38s | gtok=186,163,200 | GPU 1.3/30.5GB
step 5100 [5100/81380   6%]  loss=3.9487 ppl=51.9 lr=1.99e-04 | 85530 tok/s (avg 77759) ETA 602m42s | gtok=188,006,400 | GPU 1.3/30.5GB
step 5150 [5150/81380   6%]  loss=4.1229 ppl=61.7 lr=1.99e-04 | 85234 tok/s (avg 77826) ETA 601m48s | gtok=189,849,600 | GPU 1.3/30.5GB
step 5200 [5200/81380   6%]  loss=3.9157 ppl=50.2 lr=1.99e-04 | 84248 tok/s (avg 77883) ETA 600m58s | gtok=191,692,800 | GPU 1.3/30.5GB
step 5250 [5250/81380   6%]  loss=3.8385 ppl=46.5 lr=1.99e-04 | 85108 tok/s (avg 77946) ETA 600m05s | gtok=193,536,000 | GPU 1.3/30.5GB
step 5300 [5300/81380   7%]  loss=3.8280 ppl=46.0 lr=1.99e-04 | 84969 tok/s (avg 78006) ETA 599m13s | gtok=195,379,200 | GPU 1.3/30.5GB
step 5350 [5350/81380   7%]  loss=4.0168 ppl=55.5 lr=1.99e-04 | 85067 tok/s (avg 78067) ETA 598m22s | gtok=197,222,400 | GPU 1.3/30.5GB
step 5400 [5400/81380   7%]  loss=4.0534 ppl=57.6 lr=1.99e-04 | 84965 tok/s (avg 78126) ETA 597m31s | gtok=199,065,600 | GPU 1.3/30.5GB
step 5450 [5450/81380   7%]  loss=3.7760 ppl=43.6 lr=1.98e-04 | 84877 tok/s (avg 78183) ETA 596m41s | gtok=200,908,800 | GPU 1.3/30.5GB
step 5500 [5500/81380   7%]  loss=3.8422 ppl=46.6 lr=1.98e-04 | 85461 tok/s (avg 78243) ETA 595m50s | gtok=202,752,000 | GPU 1.3/30.5GB
step 5550 [5550/81380   7%]  loss=3.9572 ppl=52.3 lr=1.98e-04 | 85360 tok/s (avg 78302) ETA 595m00s | gtok=204,595,200 | GPU 1.3/30.5GB
step 5600 [5600/81380   7%]  loss=3.9289 ppl=50.8 lr=1.98e-04 | 84939 tok/s (avg 78357) ETA 594m11s | gtok=206,438,400 | GPU 1.3/30.5GB
step 5650 [5650/81380   7%]  loss=3.8513 ppl=47.1 lr=1.98e-04 | 85342 tok/s (avg 78414) ETA 593m22s | gtok=208,281,600 | GPU 1.3/30.5GB
step 5700 [5700/81380   7%]  loss=3.8543 ppl=47.2 lr=1.98e-04 | 85288 tok/s (avg 78469) ETA 592m33s | gtok=210,124,800 | GPU 1.3/30.5GB
step 5750 [5750/81380   7%]  loss=3.7603 ppl=43.0 lr=1.98e-04 | 85552 tok/s (avg 78526) ETA 591m44s | gtok=211,968,000 | GPU 1.3/30.5GB
step 5800 [5800/81380   7%]  loss=3.9263 ppl=50.7 lr=1.98e-04 | 85209 tok/s (avg 78579) ETA 590m57s | gtok=213,811,200 | GPU 1.3/30.5GB
step 5850 [5850/81380   7%]  loss=3.9908 ppl=54.1 lr=1.98e-04 | 84960 tok/s (avg 78629) ETA 590m10s | gtok=215,654,400 | GPU 1.3/30.5GB
step 5900 [5900/81380   7%]  loss=3.8563 ppl=47.3 lr=1.98e-04 | 84744 tok/s (avg 78677) ETA 589m25s | gtok=217,497,600 | GPU 1.3/30.5GB
step 5950 [5950/81380   7%]  loss=3.8919 ppl=49.0 lr=1.98e-04 | 84886 tok/s (avg 78726) ETA 588m40s | gtok=219,340,800 | GPU 1.3/30.5GB
step 6000 [6000/81380   7%]  loss=3.8250 ppl=45.8 lr=1.98e-04 | 84917 tok/s (avg 78774) ETA 587m55s | gtok=221,184,000 | GPU 1.3/30.5GB
  [checkpoint] step 6000 -> checkpoints_v13_sempty/mix3b_chrono_gate_bbc12e9/best_model.pt
  [val @ step 6000] val_loss=3.8978 val_ppl=49.30 *best* (best 49.30)
  [wiki_val @ step 6000] val_loss=4.8871 val_ppl=132.56
  [checkpoint] step 6000 -> checkpoints_v13_sempty/mix3b_chrono_gate_bbc12e9/latest.pt
  [diag] step 6000 cgu=+0.66 +0.56 +0.55 +0.59 +0.64 +0.69 +0.76 +0.92 +1.02 +1.10 +1.19 +1.27 +1.30 +1.33 +1.52 +1.39  pam=+0.03 +0.05 +0.05 +0.05 +0.08 +0.07 +0.09 +0.08 +0.09 +0.10 +0.11 +0.12 +0.15 +0.19 +0.16 +0.11
  [diag] dtbias=-3.96 -3.95 -3.95 -3.99 -3.95 -3.96 -3.96 -3.97 -3.97 -3.97 -3.96 -3.96 -3.93 -3.99 -3.95 -3.97  ret=0.82 0.77 0.82 0.89 0.81 0.83 0.82 0.92 0.89 0.85 0.84 0.86 0.65 0.87 0.73 0.84
  [diag] gnorm=1.0e-01 6.6e-02 8.7e-02 9.8e-02 6.3e-02 7.1e-02 1.1e-01 8.2e-02 9.5e-02 1.3e-01 1.2e-01 1.1e-01 1.3e-01 2.4e-01 1.1e-01 1.2e-01  wnorm=59.2 60.2 60.9 61.3 61.8 62.0 62.3 62.7 63.0 63.3 64.0 64.4 65.0 65.2 66.4 65.9
step 6050 [6050/81380   7%]  loss=3.9067 ppl=49.7 lr=1.98e-04 | 28953 tok/s (avg 77669) ETA 595m53s | gtok=223,027,200 | GPU 1.3/30.5GB
step 6100 [6100/81380   7%]  loss=3.8667 ppl=47.8 lr=1.98e-04 | 84634 tok/s (avg 77721) ETA 595m05s | gtok=224,870,400 | GPU 1.3/30.5GB
step 6150 [6150/81380   8%]  loss=3.8135 ppl=45.3 lr=1.98e-04 | 84705 tok/s (avg 77774) ETA 594m18s | gtok=226,713,600 | GPU 1.3/30.5GB
step 6200 [6200/81380   8%]  loss=3.8181 ppl=45.5 lr=1.98e-04 | 85007 tok/s (avg 77827) ETA 593m30s | gtok=228,556,800 | GPU 1.3/30.5GB
step 6250 [6250/81380   8%]  loss=3.8232 ppl=45.8 lr=1.98e-04 | 84777 tok/s (avg 77878) ETA 592m43s | gtok=230,400,000 | GPU 1.3/30.5GB
step 6300 [6300/81380   8%]  loss=3.9665 ppl=52.8 lr=1.98e-04 | 85093 tok/s (avg 77930) ETA 591m55s | gtok=232,243,200 | GPU 1.3/30.5GB
step 6350 [6350/81380   8%]  loss=3.9718 ppl=53.1 lr=1.98e-04 | 85029 tok/s (avg 77982) ETA 591m08s | gtok=234,086,400 | GPU 1.3/30.5GB
step 6400 [6400/81380   8%]  loss=3.9720 ppl=53.1 lr=1.98e-04 | 84559 tok/s (avg 78029) ETA 590m23s | gtok=235,929,600 | GPU 1.3/30.5GB
step 6450 [6450/81380   8%]  loss=3.7838 ppl=44.0 lr=1.98e-04 | 85111 tok/s (avg 78080) ETA 589m37s | gtok=237,772,800 | GPU 1.3/30.5GB
step 6500 [6500/81380   8%]  loss=3.8498 ppl=47.0 lr=1.98e-04 | 85098 tok/s (avg 78129) ETA 588m50s | gtok=239,616,000 | GPU 1.3/30.5GB
step 6550 [6550/81380   8%]  loss=3.9036 ppl=49.6 lr=1.98e-04 | 84914 tok/s (avg 78177) ETA 588m05s | gtok=241,459,200 | GPU 1.3/30.5GB
step 6600 [6600/81380   8%]  loss=3.8867 ppl=48.7 lr=1.98e-04 | 84971 tok/s (avg 78224) ETA 587m20s | gtok=243,302,400 | GPU 1.3/30.5GB
step 6650 [6650/81380   8%]  loss=3.9744 ppl=53.2 lr=1.98e-04 | 85079 tok/s (avg 78272) ETA 586m36s | gtok=245,145,600 | GPU 1.3/30.5GB
step 6700 [6700/81380   8%]  loss=3.7786 ppl=43.8 lr=1.98e-04 | 84856 tok/s (avg 78317) ETA 585m52s | gtok=246,988,800 | GPU 1.3/30.5GB
step 6750 [6750/81380   8%]  loss=3.7616 ppl=43.0 lr=1.97e-04 | 84776 tok/s (avg 78361) ETA 585m08s | gtok=248,832,000 | GPU 1.3/30.5GB
step 6800 [6800/81380   8%]  loss=3.6985 ppl=40.4 lr=1.97e-04 | 84601 tok/s (avg 78404) ETA 584m26s | gtok=250,675,200 | GPU 1.3/30.5GB
step 6850 [6850/81380   8%]  loss=3.9112 ppl=50.0 lr=1.97e-04 | 84229 tok/s (avg 78443) ETA 583m45s | gtok=252,518,400 | GPU 1.3/30.5GB
step 6900 [6900/81380   8%]  loss=3.8066 ppl=45.0 lr=1.97e-04 | 85221 tok/s (avg 78488) ETA 583m01s | gtok=254,361,600 | GPU 1.3/30.5GB
step 6950 [6950/81380   9%]  loss=3.8929 ppl=49.1 lr=1.97e-04 | 85060 tok/s (avg 78532) ETA 582m18s | gtok=256,204,800 | GPU 1.3/30.5GB
step 7000 [7000/81380   9%]  loss=3.8870 ppl=48.8 lr=1.97e-04 | 85086 tok/s (avg 78575) ETA 581m35s | gtok=258,048,000 | GPU 1.3/30.5GB
  [checkpoint] step 7000 -> checkpoints_v13_sempty/mix3b_chrono_gate_bbc12e9/latest.pt
step 7050 [7050/81380   9%]  loss=3.7085 ppl=40.8 lr=1.97e-04 | 78666 tok/s (avg 78576) ETA 581m12s | gtok=259,891,200 | GPU 1.3/30.5GB
step 7100 [7100/81380   9%]  loss=3.8086 ppl=45.1 lr=1.97e-04 | 84917 tok/s (avg 78617) ETA 580m30s | gtok=261,734,400 | GPU 1.3/30.5GB
step 7150 [7150/81380   9%]  loss=3.6754 ppl=39.5 lr=1.97e-04 | 85334 tok/s (avg 78661) ETA 579m47s | gtok=263,577,600 | GPU 1.3/30.5GB
step 7200 [7200/81380   9%]  loss=3.8491 ppl=47.0 lr=1.97e-04 | 85222 tok/s (avg 78703) ETA 579m05s | gtok=265,420,800 | GPU 1.3/30.5GB
step 7250 [7250/81380   9%]  loss=3.6676 ppl=39.2 lr=1.97e-04 | 85127 tok/s (avg 78744) ETA 578m24s | gtok=267,264,000 | GPU 1.3/30.5GB
step 7300 [7300/81380   9%]  loss=3.7474 ppl=42.4 lr=1.97e-04 | 84304 tok/s (avg 78779) ETA 577m45s | gtok=269,107,200 | GPU 1.3/30.5GB
step 7350 [7350/81380   9%]  loss=3.6426 ppl=38.2 lr=1.97e-04 | 85180 tok/s (avg 78819) ETA 577m03s | gtok=270,950,400 | GPU 1.3/30.5GB
step 7400 [7400/81380   9%]  loss=3.8193 ppl=45.6 lr=1.97e-04 | 85184 tok/s (avg 78859) ETA 576m23s | gtok=272,793,600 | GPU 1.3/30.5GB
step 7450 [7450/81380   9%]  loss=3.8173 ppl=45.5 lr=1.97e-04 | 85434 tok/s (avg 78900) ETA 575m41s | gtok=274,636,800 | GPU 1.3/30.5GB
step 7500 [7500/81380   9%]  loss=3.7740 ppl=43.6 lr=1.97e-04 | 85252 tok/s (avg 78939) ETA 575m01s | gtok=276,480,000 | GPU 1.3/30.5GB
step 7550 [7550/81380   9%]  loss=3.7848 ppl=44.0 lr=1.97e-04 | 85353 tok/s (avg 78979) ETA 574m20s | gtok=278,323,200 | GPU 1.3/30.5GB
step 7600 [7600/81380   9%]  loss=3.8127 ppl=45.3 lr=1.97e-04 | 85211 tok/s (avg 79017) ETA 573m40s | gtok=280,166,400 | GPU 1.3/30.5GB
step 7650 [7650/81380   9%]  loss=3.8801 ppl=48.4 lr=1.97e-04 | 85190 tok/s (avg 79054) ETA 573m01s | gtok=282,009,600 | GPU 1.3/30.5GB
step 7700 [7700/81380   9%]  loss=3.7296 ppl=41.7 lr=1.97e-04 | 85465 tok/s (avg 79093) ETA 572m21s | gtok=283,852,800 | GPU 1.3/30.5GB
step 7750 [7750/81380  10%]  loss=3.8608 ppl=47.5 lr=1.97e-04 | 84669 tok/s (avg 79126) ETA 571m43s | gtok=285,696,000 | GPU 1.3/30.5GB
step 7800 [7800/81380  10%]  loss=3.8510 ppl=47.0 lr=1.96e-04 | 85296 tok/s (avg 79163) ETA 571m04s | gtok=287,539,200 | GPU 1.3/30.5GB
step 7850 [7850/81380  10%]  loss=3.6295 ppl=37.7 lr=1.96e-04 | 85342 tok/s (avg 79199) ETA 570m25s | gtok=289,382,400 | GPU 1.3/30.5GB
step 7900 [7900/81380  10%]  loss=3.6651 ppl=39.1 lr=1.96e-04 | 85183 tok/s (avg 79235) ETA 569m46s | gtok=291,225,600 | GPU 1.3/30.5GB
step 7950 [7950/81380  10%]  loss=3.7356 ppl=41.9 lr=1.96e-04 | 85204 tok/s (avg 79269) ETA 569m08s | gtok=293,068,800 | GPU 1.3/30.5GB
step 8000 [8000/81380  10%]  loss=3.7513 ppl=42.6 lr=1.96e-04 | 85241 tok/s (avg 79304) ETA 568m30s | gtok=294,912,000 | GPU 1.3/30.5GB
  [gen @ step 8000, 294,912,000 tok] prompt: In 1923, the University of
    In 1923, the University of Nebraska found that “the number of black people living in a given area was approximately 20% higher than white men.”
The number of black women in this population has risen to around 500,000 from 18 million in 1960, which is a result of the movement of black people and their families into the middle classes. As with all the African groups, there are many opportunities to change the
  [checkpoint] step 8000 -> checkpoints_v13_sempty/mix3b_chrono_gate_bbc12e9/best_model.pt
  [val @ step 8000] val_loss=3.7848 val_ppl=44.03 *best* (best 44.03)
  [wiki_val @ step 8000] val_loss=4.7540 val_ppl=116.04
  [checkpoint] step 8000 -> checkpoints_v13_sempty/mix3b_chrono_gate_bbc12e9/latest.pt
  [diag] step 8000 cgu=+0.57 +0.46 +0.45 +0.50 +0.56 +0.62 +0.69 +0.85 +0.96 +1.05 +1.14 +1.23 +1.28 +1.30 +1.55 +1.44  pam=+0.02 +0.04 +0.04 +0.04 +0.06 +0.06 +0.07 +0.07 +0.08 +0.09 +0.10 +0.11 +0.14 +0.19 +0.16 +0.10
  [diag] dtbias=-3.95 -3.94 -3.94 -3.99 -3.94 -3.96 -3.96 -3.97 -3.97 -3.97 -3.96 -3.96 -3.93 -3.99 -3.94 -3.97  ret=0.82 0.76 0.81 0.89 0.79 0.83 0.81 0.92 0.89 0.85 0.84 0.86 0.65 0.87 0.72 0.83
  [diag] gnorm=1.4e-01 7.7e-02 7.3e-02 1.4e-01 6.7e-02 8.1e-02 1.0e-01 8.2e-02 1.0e-01 1.3e-01 1.3e-01 1.2e-01 1.5e-01 2.3e-01 1.1e-01 1.2e-01  wnorm=60.7 62.1 62.9 63.4 63.9 64.1 64.5 64.8 65.2 65.5 66.1 66.6 67.1 67.4 68.7 68.3
step 8050 [8050/81380  10%]  loss=3.7528 ppl=42.6 lr=1.96e-04 | 28371 tok/s (avg 78430) ETA 574m27s | gtok=296,755,200 | GPU 1.3/30.5GB
step 8100 [8100/81380  10%]  loss=3.6533 ppl=38.6 lr=1.96e-04 | 85164 tok/s (avg 78468) ETA 573m46s | gtok=298,598,400 | GPU 1.3/30.5GB
step 8150 [8150/81380  10%]  loss=3.8402 ppl=46.5 lr=1.96e-04 | 58149 tok/s (avg 78300) ETA 574m36s | gtok=300,441,600 | GPU 1.3/30.5GB
step 8200 [8200/81380  10%]  loss=3.7472 ppl=42.4 lr=1.96e-04 | 85191 tok/s (avg 78339) ETA 573m56s | gtok=302,284,800 | GPU 1.3/30.5GB
step 8250 [8250/81380  10%]  loss=3.7154 ppl=41.1 lr=1.96e-04 | 85265 tok/s (avg 78377) ETA 573m15s | gtok=304,128,000 | GPU 1.3/30.5GB
step 8300 [8300/81380  10%]  loss=3.7758 ppl=43.6 lr=1.96e-04 | 85458 tok/s (avg 78416) ETA 572m35s | gtok=305,971,200 | GPU 1.3/30.5GB
step 8350 [8350/81380  10%]  loss=3.4917 ppl=32.8 lr=1.96e-04 | 85281 tok/s (avg 78454) ETA 571m55s | gtok=307,814,400 | GPU 1.3/30.5GB
step 8400 [8400/81380  10%]  loss=3.5698 ppl=35.5 lr=1.96e-04 | 85437 tok/s (avg 78492) ETA 571m15s | gtok=309,657,600 | GPU 1.3/30.5GB
step 8450 [8450/81380  10%]  loss=3.5771 ppl=35.8 lr=1.96e-04 | 85381 tok/s (avg 78530) ETA 570m35s | gtok=311,500,800 | GPU 1.3/30.5GB
step 8500 [8500/81380  10%]  loss=3.7130 ppl=41.0 lr=1.96e-04 | 85139 tok/s (avg 78566) ETA 569m56s | gtok=313,344,000 | GPU 1.3/30.5GB
step 8550 [8550/81380  11%]  loss=3.7066 ppl=40.7 lr=1.96e-04 | 84912 tok/s (avg 78600) ETA 569m17s | gtok=315,187,200 | GPU 1.3/30.5GB
step 8600 [8600/81380  11%]  loss=3.6204 ppl=37.4 lr=1.96e-04 | 84324 tok/s (avg 78631) ETA 568m40s | gtok=317,030,400 | GPU 1.3/30.5GB
step 8650 [8650/81380  11%]  loss=3.6469 ppl=38.4 lr=1.96e-04 | 85067 tok/s (avg 78666) ETA 568m02s | gtok=318,873,600 | GPU 1.3/30.5GB
step 8700 [8700/81380  11%]  loss=3.6880 ppl=40.0 lr=1.96e-04 | 85086 tok/s (avg 78700) ETA 567m24s | gtok=320,716,800 | GPU 1.3/30.5GB
step 8750 [8750/81380  11%]  loss=3.6084 ppl=36.9 lr=1.95e-04 | 84891 tok/s (avg 78732) ETA 566m46s | gtok=322,560,000 | GPU 1.3/30.5GB
step 8800 [8800/81380  11%]  loss=3.7379 ppl=42.0 lr=1.95e-04 | 85405 tok/s (avg 78767) ETA 566m08s | gtok=324,403,200 | GPU 1.3/30.5GB
step 8850 [8850/81380  11%]  loss=3.8649 ppl=47.7 lr=1.95e-04 | 85158 tok/s (avg 78801) ETA 565m30s | gtok=326,246,400 | GPU 1.3/30.5GB
step 8900 [8900/81380  11%]  loss=3.6828 ppl=39.8 lr=1.95e-04 | 85191 tok/s (avg 78834) ETA 564m52s | gtok=328,089,600 | GPU 1.3/30.5GB
step 8950 [8950/81380  11%]  loss=3.5366 ppl=34.3 lr=1.95e-04 | 85127 tok/s (avg 78867) ETA 564m15s | gtok=329,932,800 | GPU 1.3/30.5GB
step 9000 [9000/81380  11%]  loss=3.5273 ppl=34.0 lr=1.95e-04 | 84781 tok/s (avg 78897) ETA 563m38s | gtok=331,776,000 | GPU 1.3/30.5GB
  [checkpoint] step 9000 -> checkpoints_v13_sempty/mix3b_chrono_gate_bbc12e9/latest.pt
step 9050 [9050/81380  11%]  loss=3.6159 ppl=37.2 lr=1.95e-04 | 78120 tok/s (avg 78893) ETA 563m17s | gtok=333,619,200 | GPU 1.3/30.5GB
step 9100 [9100/81380  11%]  loss=3.7555 ppl=42.8 lr=1.95e-04 | 84574 tok/s (avg 78922) ETA 562m41s | gtok=335,462,400 | GPU 1.3/30.5GB
step 9150 [9150/81380  11%]  loss=3.7220 ppl=41.3 lr=1.95e-04 | 84939 tok/s (avg 78953) ETA 562m05s | gtok=337,305,600 | GPU 1.3/30.5GB
step 9200 [9200/81380  11%]  loss=3.5624 ppl=35.2 lr=1.95e-04 | 84128 tok/s (avg 78979) ETA 561m30s | gtok=339,148,800 | GPU 1.3/30.5GB
step 9250 [9250/81380  11%]  loss=3.5675 ppl=35.4 lr=1.95e-04 | 84743 tok/s (avg 79008) ETA 560m54s | gtok=340,992,000 | GPU 1.3/30.5GB
step 9300 [9300/81380  11%]  loss=3.6992 ppl=40.4 lr=1.95e-04 | 85075 tok/s (avg 79038) ETA 560m18s | gtok=342,835,200 | GPU 1.3/30.5GB
step 9350 [9350/81380  11%]  loss=3.5278 ppl=34.1 lr=1.95e-04 | 84963 tok/s (avg 79068) ETA 559m42s | gtok=344,678,400 | GPU 1.3/30.5GB
step 9400 [9400/81380  12%]  loss=3.5795 ppl=35.9 lr=1.95e-04 | 84931 tok/s (avg 79097) ETA 559m07s | gtok=346,521,600 | GPU 1.3/30.5GB
step 9450 [9450/81380  12%]  loss=3.5128 ppl=33.5 lr=1.95e-04 | 84991 tok/s (avg 79126) ETA 558m31s | gtok=348,364,800 | GPU 1.3/30.5GB
step 9500 [9500/81380  12%]  loss=3.6851 ppl=39.9 lr=1.95e-04 | 85330 tok/s (avg 79156) ETA 557m55s | gtok=350,208,000 | GPU 1.3/30.5GB
step 9550 [9550/81380  12%]  loss=3.6016 ppl=36.7 lr=1.94e-04 | 85070 tok/s (avg 79185) ETA 557m19s | gtok=352,051,200 | GPU 1.3/30.5GB
step 9600 [9600/81380  12%]  loss=3.5813 ppl=35.9 lr=1.94e-04 | 85311 tok/s (avg 79215) ETA 556m44s | gtok=353,894,400 | GPU 1.3/30.5GB
step 9650 [9650/81380  12%]  loss=3.5455 ppl=34.7 lr=1.94e-04 | 85233 tok/s (avg 79244) ETA 556m08s | gtok=355,737,600 | GPU 1.3/30.5GB
step 9700 [9700/81380  12%]  loss=3.6036 ppl=36.7 lr=1.94e-04 | 85489 tok/s (avg 79273) ETA 555m32s | gtok=357,580,800 | GPU 1.3/30.5GB
step 9750 [9750/81380  12%]  loss=3.5679 ppl=35.4 lr=1.94e-04 | 84818 tok/s (avg 79300) ETA 554m58s | gtok=359,424,000 | GPU 1.3/30.5GB
step 9800 [9800/81380  12%]  loss=3.4680 ppl=32.1 lr=1.94e-04 | 85032 tok/s (avg 79327) ETA 554m23s | gtok=361,267,200 | GPU 1.3/30.5GB
step 9850 [9850/81380  12%]  loss=3.6888 ppl=40.0 lr=1.94e-04 | 84829 tok/s (avg 79353) ETA 553m49s | gtok=363,110,400 | GPU 1.3/30.5GB
step 9900 [9900/81380  12%]  loss=3.4578 ppl=31.7 lr=1.94e-04 | 85840 tok/s (avg 79384) ETA 553m13s | gtok=364,953,600 | GPU 1.3/30.5GB
step 9950 [9950/81380  12%]  loss=3.5411 ppl=34.5 lr=1.94e-04 | 85468 tok/s (avg 79412) ETA 552m38s | gtok=366,796,800 | GPU 1.3/30.5GB
step 10000 [10000/81380  12%]  loss=3.5598 ppl=35.2 lr=1.94e-04 | 85348 tok/s (avg 79440) ETA 552m03s | gtok=368,640,000 | GPU 1.3/30.5GB
  [checkpoint] step 10000 -> checkpoints_v13_sempty/mix3b_chrono_gate_bbc12e9/best_model.pt
  [val @ step 10000] val_loss=3.7297 val_ppl=41.67 *best* (best 41.67)
  [wiki_val @ step 10000] val_loss=4.6305 val_ppl=102.56
  [checkpoint] step 10000 -> checkpoints_v13_sempty/mix3b_chrono_gate_bbc12e9/latest.pt
  [checkpoint] step 10000 -> checkpoints_v13_sempty/mix3b_chrono_gate_bbc12e9/step_010000.pt
  [diag] step 10000 cgu=+0.49 +0.39 +0.39 +0.44 +0.51 +0.56 +0.63 +0.79 +0.91 +1.01 +1.09 +1.19 +1.25 +1.28 +1.56 +1.47  pam=+0.01 +0.03 +0.03 +0.03 +0.05 +0.05 +0.06 +0.06 +0.07 +0.07 +0.08 +0.10 +0.13 +0.18 +0.16 +0.10
  [diag] dtbias=-3.95 -3.93 -3.94 -3.98 -3.93 -3.95 -3.95 -3.97 -3.97 -3.97 -3.95 -3.95 -3.92 -3.98 -3.94 -3.97  ret=0.81 0.75 0.80 0.88 0.79 0.82 0.80 0.91 0.89 0.84 0.84 0.85 0.62 0.86 0.70 0.82
  [diag] gnorm=8.9e-02 6.2e-02 9.0e-02 8.8e-02 6.5e-02 7.4e-02 1.0e-01 8.5e-02 9.1e-02 1.1e-01 1.1e-01 1.1e-01 1.4e-01 2.0e-01 1.1e-01 1.1e-01  wnorm=62.1 64.1 65.0 65.5 66.0 66.2 66.5 66.9 67.3 67.5 68.2 68.6 69.1 69.4 70.8 70.5
step 10050 [10050/81380  12%]  loss=3.6709 ppl=39.3 lr=1.94e-04 | 28962 tok/s (avg 78757) ETA 556m27s | gtok=370,483,200 | GPU 1.3/30.5GB
step 10100 [10100/81380  12%]  loss=3.5814 ppl=35.9 lr=1.94e-04 | 85032 tok/s (avg 78786) ETA 555m52s | gtok=372,326,400 | GPU 1.3/30.5GB
step 10150 [10150/81380  12%]  loss=3.6678 ppl=39.2 lr=1.94e-04 | 85226 tok/s (avg 78815) ETA 555m16s | gtok=374,169,600 | GPU 1.3/30.5GB
step 10200 [10200/81380  13%]  loss=3.5757 ppl=35.7 lr=1.94e-04 | 84460 tok/s (avg 78841) ETA 554m42s | gtok=376,012,800 | GPU 1.3/30.5GB
step 10250 [10250/81380  13%]  loss=3.5404 ppl=34.5 lr=1.94e-04 | 85063 tok/s (avg 78869) ETA 554m06s | gtok=377,856,000 | GPU 1.3/30.5GB
step 10300 [10300/81380  13%]  loss=3.7093 ppl=40.8 lr=1.93e-04 | 85256 tok/s (avg 78898) ETA 553m31s | gtok=379,699,200 | GPU 1.3/30.5GB
step 10350 [10350/81380  13%]  loss=3.5330 ppl=34.2 lr=1.93e-04 | 84532 tok/s (avg 78923) ETA 552m57s | gtok=381,542,400 | GPU 1.3/30.5GB
step 10400 [10400/81380  13%]  loss=3.4184 ppl=30.5 lr=1.93e-04 | 84598 tok/s (avg 78948) ETA 552m23s | gtok=383,385,600 | GPU 1.3/30.5GB
step 10450 [10450/81380  13%]  loss=3.4547 ppl=31.6 lr=1.93e-04 | 85099 tok/s (avg 78976) ETA 551m48s | gtok=385,228,800 | GPU 1.3/30.5GB
step 10500 [10500/81380  13%]  loss=3.7534 ppl=42.7 lr=1.93e-04 | 84902 tok/s (avg 79002) ETA 551m14s | gtok=387,072,000 | GPU 1.3/30.5GB
step 10550 [10550/81380  13%]  loss=3.6201 ppl=37.3 lr=1.93e-04 | 84971 tok/s (avg 79028) ETA 550m39s | gtok=388,915,200 | GPU 1.3/30.5GB
step 10600 [10600/81380  13%]  loss=3.5142 ppl=33.6 lr=1.93e-04 | 85002 tok/s (avg 79054) ETA 550m05s | gtok=390,758,400 | GPU 1.3/30.5GB
step 10650 [10650/81380  13%]  loss=3.6678 ppl=39.2 lr=1.93e-04 | 84767 tok/s (avg 79080) ETA 549m31s | gtok=392,601,600 | GPU 1.3/30.5GB
step 10700 [10700/81380  13%]  loss=3.4284 ppl=30.8 lr=1.93e-04 | 84831 tok/s (avg 79105) ETA 548m58s | gtok=394,444,800 | GPU 1.3/30.5GB
step 10750 [10750/81380  13%]  loss=3.6229 ppl=37.4 lr=1.93e-04 | 84108 tok/s (avg 79126) ETA 548m25s | gtok=396,288,000 | GPU 1.3/30.5GB
step 10800 [10800/81380  13%]  loss=3.4151 ppl=30.4 lr=1.93e-04 | 84949 tok/s (avg 79152) ETA 547m51s | gtok=398,131,200 | GPU 1.3/30.5GB
step 10850 [10850/81380  13%]  loss=3.5332 ppl=34.2 lr=1.93e-04 | 84903 tok/s (avg 79176) ETA 547m18s | gtok=399,974,400 | GPU 1.3/30.5GB
step 10900 [10900/81380  13%]  loss=3.7702 ppl=43.4 lr=1.93e-04 | 85093 tok/s (avg 79202) ETA 546m44s | gtok=401,817,600 | GPU 1.3/30.5GB
step 10950 [10950/81380  13%]  loss=3.6977 ppl=40.4 lr=1.93e-04 | 85195 tok/s (avg 79227) ETA 546m10s | gtok=403,660,800 | GPU 1.3/30.5GB
step 11000 [11000/81380  14%]  loss=3.5527 ppl=34.9 lr=1.92e-04 | 85003 tok/s (avg 79251) ETA 545m37s | gtok=405,504,000 | GPU 1.3/30.5GB
  [checkpoint] step 11000 -> checkpoints_v13_sempty/mix3b_chrono_gate_bbc12e9/latest.pt
step 11050 [11050/81380  14%]  loss=3.5265 ppl=34.0 lr=1.92e-04 | 78731 tok/s (avg 79249) ETA 545m15s | gtok=407,347,200 | GPU 1.3/30.5GB
step 11100 [11100/81380  14%]  loss=3.4773 ppl=32.4 lr=1.92e-04 | 84959 tok/s (avg 79273) ETA 544m41s | gtok=409,190,400 | GPU 1.3/30.5GB
step 11150 [11150/81380  14%]  loss=3.6784 ppl=39.6 lr=1.92e-04 | 85043 tok/s (avg 79297) ETA 544m08s | gtok=411,033,600 | GPU 1.3/30.5GB
step 11200 [11200/81380  14%]  loss=3.5171 ppl=33.7 lr=1.92e-04 | 85138 tok/s (avg 79321) ETA 543m35s | gtok=412,876,800 | GPU 1.3/30.5GB
step 11250 [11250/81380  14%]  loss=3.6677 ppl=39.2 lr=1.92e-04 | 85322 tok/s (avg 79346) ETA 543m02s | gtok=414,720,000 | GPU 1.3/30.5GB
step 11300 [11300/81380  14%]  loss=3.5043 ppl=33.3 lr=1.92e-04 | 84369 tok/s (avg 79367) ETA 542m30s | gtok=416,563,200 | GPU 1.3/30.5GB
step 11350 [11350/81380  14%]  loss=3.4843 ppl=32.6 lr=1.92e-04 | 85135 tok/s (avg 79391) ETA 541m57s | gtok=418,406,400 | GPU 1.3/30.5GB
step 11400 [11400/81380  14%]  loss=3.5477 ppl=34.7 lr=1.92e-04 | 85455 tok/s (avg 79416) ETA 541m24s | gtok=420,249,600 | GPU 1.3/30.5GB
step 11450 [11450/81380  14%]  loss=3.5439 ppl=34.6 lr=1.92e-04 | 85105 tok/s (avg 79439) ETA 540m51s | gtok=422,092,800 | GPU 1.3/30.5GB
step 11500 [11500/81380  14%]  loss=3.2704 ppl=26.3 lr=1.92e-04 | 85089 tok/s (avg 79462) ETA 540m18s | gtok=423,936,000 | GPU 1.3/30.5GB
step 11550 [11550/81380  14%]  loss=3.5872 ppl=36.1 lr=1.92e-04 | 85161 tok/s (avg 79485) ETA 539m46s | gtok=425,779,200 | GPU 1.3/30.5GB
step 11600 [11600/81380  14%]  loss=3.5368 ppl=34.4 lr=1.92e-04 | 85237 tok/s (avg 79508) ETA 539m13s | gtok=427,622,400 | GPU 1.3/30.5GB
step 11650 [11650/81380  14%]  loss=3.5329 ppl=34.2 lr=1.91e-04 | 85085 tok/s (avg 79530) ETA 538m41s | gtok=429,465,600 | GPU 1.3/30.5GB
step 11700 [11700/81380  14%]  loss=3.6410 ppl=38.1 lr=1.91e-04 | 85285 tok/s (avg 79553) ETA 538m08s | gtok=431,308,800 | GPU 1.3/30.5GB
step 11750 [11750/81380  14%]  loss=3.6636 ppl=39.0 lr=1.91e-04 | 5791 tok/s (avg 75463) ETA 566m54s | gtok=433,152,000 | GPU 1.3/30.5GB
step 11800 [11800/81380  14%]  loss=3.6466 ppl=38.3 lr=1.91e-04 | 84009 tok/s (avg 75496) ETA 566m15s | gtok=434,995,200 | GPU 1.3/30.5GB
step 11850 [11850/81380  15%]  loss=3.6438 ppl=38.2 lr=1.91e-04 | 84913 tok/s (avg 75531) ETA 565m35s | gtok=436,838,400 | GPU 1.3/30.5GB
step 11900 [11900/81380  15%]  loss=3.5199 ppl=33.8 lr=1.91e-04 | 85239 tok/s (avg 75567) ETA 564m54s | gtok=438,681,600 | GPU 1.3/30.5GB
step 11950 [11950/81380  15%]  loss=3.4058 ppl=30.1 lr=1.91e-04 | 85504 tok/s (avg 75604) ETA 564m13s | gtok=440,524,800 | GPU 1.3/30.5GB
step 12000 [12000/81380  15%]  loss=3.5670 ppl=35.4 lr=1.91e-04 | 85380 tok/s (avg 75640) ETA 563m33s | gtok=442,368,000 | GPU 1.3/30.5GB
  [gen @ step 12000, 442,368,000 tok] prompt: In 1923, the University of
    In 1923, the University of New Mexico was formed.
On November 5, 1914, in order to be able to determine the course of events affecting the development of the city of New York City, the United States Supreme Court ruling (1890) made its decision on a basis that the establishment of the National Academy of Sciences would promote national interest and national unity among people living abroad and therefore their welfare. This plan would help states
  [checkpoint] step 12000 -> checkpoints_v13_sempty/mix3b_chrono_gate_bbc12e9/best_model.pt
  [val @ step 12000] val_loss=3.6671 val_ppl=39.14 *best* (best 39.14)
  [wiki_val @ step 12000] val_loss=4.5649 val_ppl=96.05
  [checkpoint] step 12000 -> checkpoints_v13_sempty/mix3b_chrono_gate_bbc12e9/latest.pt
  [diag] step 12000 cgu=+0.43 +0.34 +0.35 +0.40 +0.47 +0.52 +0.59 +0.75 +0.87 +0.96 +1.05 +1.15 +1.22 +1.25 +1.56 +1.49  pam=+0.01 +0.03 +0.03 +0.03 +0.05 +0.04 +0.05 +0.05 +0.06 +0.06 +0.07 +0.10 +0.12 +0.18 +0.15 +0.09
  [diag] dtbias=-3.94 -3.92 -3.93 -3.98 -3.93 -3.95 -3.95 -3.97 -3.97 -3.97 -3.95 -3.95 -3.91 -3.98 -3.93 -3.96  ret=0.81 0.76 0.80 0.89 0.79 0.83 0.81 0.92 0.89 0.85 0.84 0.86 0.65 0.87 0.71 0.83
  [diag] gnorm=1.2e-01 7.3e-02 1.7e-01 1.4e-01 6.7e-02 6.5e-02 9.9e-02 8.7e-02 8.7e-02 1.5e-01 1.1e-01 1.0e-01 1.5e-01 2.1e-01 1.0e-01 1.1e-01  wnorm=63.6 66.0 67.0 67.6 68.0 68.2 68.5 68.9 69.2 69.4 70.1 70.5 70.9 71.3 72.7 72.4
step 12050 [12050/81380  15%]  loss=3.5781 ppl=35.8 lr=1.91e-04 | 28554 tok/s (avg 75126) ETA 566m59s | gtok=444,211,200 | GPU 1.3/30.5GB
step 12100 [12100/81380  15%]  loss=3.5321 ppl=34.2 lr=1.91e-04 | 85100 tok/s (avg 75162) ETA 566m18s | gtok=446,054,400 | GPU 1.3/30.5GB
step 12150 [12150/81380  15%]  loss=3.5318 ppl=34.2 lr=1.91e-04 | 85273 tok/s (avg 75199) ETA 565m37s | gtok=447,897,600 | GPU 1.3/30.5GB
step 12200 [12200/81380  15%]  loss=3.4693 ppl=32.1 lr=1.91e-04 | 84396 tok/s (avg 75233) ETA 564m58s | gtok=449,740,800 | GPU 1.3/30.5GB
step 12250 [12250/81380  15%]  loss=3.6461 ppl=38.3 lr=1.90e-04 | 85279 tok/s (avg 75269) ETA 564m17s | gtok=451,584,000 | GPU 1.3/30.5GB
step 12300 [12300/81380  15%]  loss=3.5586 ppl=35.1 lr=1.90e-04 | 85263 tok/s (avg 75305) ETA 563m36s | gtok=453,427,200 | GPU 1.3/30.5GB
step 12350 [12350/81380  15%]  loss=3.7476 ppl=42.4 lr=1.90e-04 | 85265 tok/s (avg 75340) ETA 562m56s | gtok=455,270,400 | GPU 1.3/30.5GB
step 12400 [12400/81380  15%]  loss=3.6412 ppl=38.1 lr=1.90e-04 | 84978 tok/s (avg 75375) ETA 562m16s | gtok=457,113,600 | GPU 1.3/30.5GB
step 12450 [12450/81380  15%]  loss=3.5502 ppl=34.8 lr=1.90e-04 | 85057 tok/s (avg 75409) ETA 561m36s | gtok=458,956,800 | GPU 1.3/30.5GB
step 12500 [12500/81380  15%]  loss=3.6952 ppl=40.3 lr=1.90e-04 | 85178 tok/s (avg 75444) ETA 560m56s | gtok=460,800,000 | GPU 1.3/30.5GB
step 12550 [12550/81380  15%]  loss=3.4709 ppl=32.2 lr=1.90e-04 | 85106 tok/s (avg 75478) ETA 560m17s | gtok=462,643,200 | GPU 1.3/30.5GB
step 12600 [12600/81380  15%]  loss=3.4289 ppl=30.8 lr=1.90e-04 | 85137 tok/s (avg 75512) ETA 559m37s | gtok=464,486,400 | GPU 1.3/30.5GB
step 12650 [12650/81380  16%]  loss=3.5082 ppl=33.4 lr=1.90e-04 | 85055 tok/s (avg 75545) ETA 558m58s | gtok=466,329,600 | GPU 1.3/30.5GB
step 12700 [12700/81380  16%]  loss=3.5173 ppl=33.7 lr=1.90e-04 | 84959 tok/s (avg 75578) ETA 558m19s | gtok=468,172,800 | GPU 1.3/30.5GB
step 12750 [12750/81380  16%]  loss=3.5481 ppl=34.7 lr=1.90e-04 | 84408 tok/s (avg 75609) ETA 557m41s | gtok=470,016,000 | GPU 1.3/30.5GB
step 12800 [12800/81380  16%]  loss=3.6197 ppl=37.3 lr=1.90e-04 | 85327 tok/s (avg 75643) ETA 557m01s | gtok=471,859,200 | GPU 1.3/30.5GB
step 12850 [12850/81380  16%]  loss=3.7354 ppl=41.9 lr=1.89e-04 | 85227 tok/s (avg 75676) ETA 556m22s | gtok=473,702,400 | GPU 1.3/30.5GB
step 12900 [12900/81380  16%]  loss=3.5337 ppl=34.3 lr=1.89e-04 | 85265 tok/s (avg 75709) ETA 555m43s | gtok=475,545,600 | GPU 1.3/30.5GB
step 12950 [12950/81380  16%]  loss=3.5017 ppl=33.2 lr=1.89e-04 | 85004 tok/s (avg 75741) ETA 555m05s | gtok=477,388,800 | GPU 1.3/30.5GB
step 13000 [13000/81380  16%]  loss=3.5757 ppl=35.7 lr=1.89e-04 | 85115 tok/s (avg 75773) ETA 554m27s | gtok=479,232,000 | GPU 1.3/30.5GB
  [checkpoint] step 13000 -> checkpoints_v13_sempty/mix3b_chrono_gate_bbc12e9/latest.pt
step 13050 [13050/81380  16%]  loss=3.4673 ppl=32.1 lr=1.89e-04 | 78619 tok/s (avg 75784) ETA 553m58s | gtok=481,075,200 | GPU 1.3/30.5GB
step 13100 [13100/81380  16%]  loss=3.7326 ppl=41.8 lr=1.89e-04 | 85126 tok/s (avg 75816) ETA 553m19s | gtok=482,918,400 | GPU 1.3/30.5GB
step 13150 [13150/81380  16%]  loss=3.4362 ppl=31.1 lr=1.89e-04 | 85129 tok/s (avg 75847) ETA 552m41s | gtok=484,761,600 | GPU 1.3/30.5GB
step 13200 [13200/81380  16%]  loss=3.4707 ppl=32.2 lr=1.89e-04 | 85115 tok/s (avg 75878) ETA 552m03s | gtok=486,604,800 | GPU 1.3/30.5GB
step 13250 [13250/81380  16%]  loss=3.5231 ppl=33.9 lr=1.89e-04 | 85196 tok/s (avg 75910) ETA 551m25s | gtok=488,448,000 | GPU 1.3/30.5GB
step 13300 [13300/81380  16%]  loss=3.4244 ppl=30.7 lr=1.89e-04 | 84492 tok/s (avg 75939) ETA 550m49s | gtok=490,291,200 | GPU 1.3/30.5GB
step 13350 [13350/81380  16%]  loss=3.3652 ppl=28.9 lr=1.89e-04 | 85382 tok/s (avg 75970) ETA 550m11s | gtok=492,134,400 | GPU 1.3/30.5GB
step 13400 [13400/81380  16%]  loss=3.3716 ppl=29.1 lr=1.88e-04 | 85076 tok/s (avg 76001) ETA 549m33s | gtok=493,977,600 | GPU 1.3/30.5GB
step 13450 [13450/81380  17%]  loss=3.3145 ppl=27.5 lr=1.88e-04 | 85111 tok/s (avg 76031) ETA 548m56s | gtok=495,820,800 | GPU 1.3/30.5GB
step 13500 [13500/81380  17%]  loss=3.4258 ppl=30.7 lr=1.88e-04 | 85317 tok/s (avg 76061) ETA 548m18s | gtok=497,664,000 | GPU 1.3/30.5GB
step 13550 [13550/81380  17%]  loss=3.6780 ppl=39.6 lr=1.88e-04 | 84957 tok/s (avg 76091) ETA 547m41s | gtok=499,507,200 | GPU 1.3/30.5GB
step 13600 [13600/81380  17%]  loss=3.6057 ppl=36.8 lr=1.88e-04 | 84977 tok/s (avg 76120) ETA 547m05s | gtok=501,350,400 | GPU 1.3/30.5GB
step 13650 [13650/81380  17%]  loss=3.2996 ppl=27.1 lr=1.88e-04 | 85217 tok/s (avg 76150) ETA 546m27s | gtok=503,193,600 | GPU 1.3/30.5GB
step 13700 [13700/81380  17%]  loss=3.6081 ppl=36.9 lr=1.88e-04 | 85209 tok/s (avg 76179) ETA 545m51s | gtok=505,036,800 | GPU 1.3/30.5GB
step 13750 [13750/81380  17%]  loss=3.3933 ppl=29.8 lr=1.88e-04 | 84918 tok/s (avg 76208) ETA 545m14s | gtok=506,880,000 | GPU 1.3/30.5GB
step 13800 [13800/81380  17%]  loss=3.4693 ppl=32.1 lr=1.88e-04 | 85116 tok/s (avg 76237) ETA 544m38s | gtok=508,723,200 | GPU 1.3/30.5GB
step 13850 [13850/81380  17%]  loss=3.5730 ppl=35.6 lr=1.88e-04 | 84454 tok/s (avg 76264) ETA 544m02s | gtok=510,566,400 | GPU 1.3/30.5GB
step 13900 [13900/81380  17%]  loss=3.3545 ppl=28.6 lr=1.88e-04 | 85040 tok/s (avg 76292) ETA 543m26s | gtok=512,409,600 | GPU 1.3/30.5GB
step 13950 [13950/81380  17%]  loss=3.5981 ppl=36.5 lr=1.87e-04 | 85181 tok/s (avg 76320) ETA 542m49s | gtok=514,252,800 | GPU 1.3/30.5GB
step 14000 [14000/81380  17%]  loss=3.2327 ppl=25.3 lr=1.87e-04 | 85202 tok/s (avg 76349) ETA 542m13s | gtok=516,096,000 | GPU 1.3/30.5GB
  [checkpoint] step 14000 -> checkpoints_v13_sempty/mix3b_chrono_gate_bbc12e9/best_model.pt
  [val @ step 14000] val_loss=3.6276 val_ppl=37.62 *best* (best 37.62)
  [wiki_val @ step 14000] val_loss=4.4848 val_ppl=88.66
  [checkpoint] step 14000 -> checkpoints_v13_sempty/mix3b_chrono_gate_bbc12e9/latest.pt
  [diag] step 14000 cgu=+0.37 +0.31 +0.32 +0.38 +0.44 +0.49 +0.56 +0.71 +0.83 +0.92 +1.01 +1.11 +1.18 +1.22 +1.56 +1.50  pam=+0.01 +0.02 +0.02 +0.02 +0.04 +0.03 +0.04 +0.04 +0.05 +0.06 +0.06 +0.09 +0.11 +0.17 +0.15 +0.09
  [diag] dtbias=-3.94 -3.92 -3.93 -3.98 -3.92 -3.95 -3.95 -3.97 -3.97 -3.97 -3.95 -3.95 -3.91 -3.98 -3.93 -3.96  ret=0.79 0.74 0.80 0.88 0.79 0.82 0.81 0.92 0.89 0.85 0.84 0.86 0.63 0.86 0.69 0.82
  [diag] gnorm=7.9e-02 5.8e-02 1.4e-01 2.6e-01 6.1e-02 6.1e-02 1.5e-01 7.9e-02 1.0e-01 1.0e-01 1.1e-01 9.9e-02 1.2e-01 1.9e-01 1.0e-01 1.1e-01  wnorm=65.1 67.9 68.9 69.5 69.9 70.1 70.4 70.7 71.0 71.2 71.9 72.2 72.6 73.0 74.4 74.2
step 14050 [14050/81380  17%]  loss=3.3410 ppl=28.2 lr=1.87e-04 | 29203 tok/s (avg 75913) ETA 544m56s | gtok=517,939,200 | GPU 1.3/30.5GB
step 14100 [14100/81380  17%]  loss=3.4698 ppl=32.1 lr=1.87e-04 | 84630 tok/s (avg 75940) ETA 544m19s | gtok=519,782,400 | GPU 1.3/30.5GB
step 14150 [14150/81380  17%]  loss=3.4831 ppl=32.6 lr=1.87e-04 | 84817 tok/s (avg 75969) ETA 543m43s | gtok=521,625,600 | GPU 1.3/30.5GB
step 14200 [14200/81380  17%]  loss=3.6119 ppl=37.0 lr=1.87e-04 | 84742 tok/s (avg 75996) ETA 543m07s | gtok=523,468,800 | GPU 1.3/30.5GB
step 14250 [14250/81380  18%]  loss=3.2372 ppl=25.5 lr=1.87e-04 | 84433 tok/s (avg 76023) ETA 542m31s | gtok=525,312,000 | GPU 1.3/30.5GB
step 14300 [14300/81380  18%]  loss=3.5387 ppl=34.4 lr=1.87e-04 | 84320 tok/s (avg 76049) ETA 541m56s | gtok=527,155,200 | GPU 1.3/30.5GB
step 14350 [14350/81380  18%]  loss=3.2226 ppl=25.1 lr=1.87e-04 | 85073 tok/s (avg 76077) ETA 541m20s | gtok=528,998,400 | GPU 1.3/30.5GB
step 14400 [14400/81380  18%]  loss=3.4294 ppl=30.9 lr=1.87e-04 | 84916 tok/s (avg 76105) ETA 540m44s | gtok=530,841,600 | GPU 1.3/30.5GB
step 14450 [14450/81380  18%]  loss=3.2647 ppl=26.2 lr=1.86e-04 | 85609 tok/s (avg 76134) ETA 540m07s | gtok=532,684,800 | GPU 1.3/30.5GB
step 14500 [14500/81380  18%]  loss=3.4186 ppl=30.5 lr=1.86e-04 | 84580 tok/s (avg 76160) ETA 539m32s | gtok=534,528,000 | GPU 1.3/30.5GB
step 14550 [14550/81380  18%]  loss=3.4480 ppl=31.4 lr=1.86e-04 | 84816 tok/s (avg 76187) ETA 538m56s | gtok=536,371,200 | GPU 1.3/30.5GB
step 14600 [14600/81380  18%]  loss=3.5130 ppl=33.5 lr=1.86e-04 | 84794 tok/s (avg 76213) ETA 538m21s | gtok=538,214,400 | GPU 1.3/30.5GB
step 14650 [14650/81380  18%]  loss=3.4603 ppl=31.8 lr=1.86e-04 | 84808 tok/s (avg 76240) ETA 537m45s | gtok=540,057,600 | GPU 1.3/30.5GB
step 14700 [14700/81380  18%]  loss=3.5345 ppl=34.3 lr=1.86e-04 | 84696 tok/s (avg 76266) ETA 537m10s | gtok=541,900,800 | GPU 1.3/30.5GB
step 14750 [14750/81380  18%]  loss=3.4494 ppl=31.5 lr=1.86e-04 | 84697 tok/s (avg 76291) ETA 536m35s | gtok=543,744,000 | GPU 1.3/30.5GB
step 14800 [14800/81380  18%]  loss=3.5108 ppl=33.5 lr=1.86e-04 | 84137 tok/s (avg 76315) ETA 536m01s | gtok=545,587,200 | GPU 1.3/30.5GB
step 14850 [14850/81380  18%]  loss=3.6268 ppl=37.6 lr=1.86e-04 | 84977 tok/s (avg 76342) ETA 535m26s | gtok=547,430,400 | GPU 1.3/30.5GB
step 14900 [14900/81380  18%]  loss=3.4953 ppl=33.0 lr=1.86e-04 | 85063 tok/s (avg 76368) ETA 534m50s | gtok=549,273,600 | GPU 1.3/30.5GB
step 14950 [14950/81380  18%]  loss=3.3942 ppl=29.8 lr=1.86e-04 | 84885 tok/s (avg 76394) ETA 534m16s | gtok=551,116,800 | GPU 1.3/30.5GB
step 15000 [15000/81380  18%]  loss=3.4459 ppl=31.4 lr=1.85e-04 | 84920 tok/s (avg 76419) ETA 533m41s | gtok=552,960,000 | GPU 1.3/30.5GB
  [checkpoint] step 15000 -> checkpoints_v13_sempty/mix3b_chrono_gate_bbc12e9/latest.pt
step 15050 [15050/81380  18%]  loss=3.5046 ppl=33.3 lr=1.85e-04 | 78634 tok/s (avg 76426) ETA 533m14s | gtok=554,803,200 | GPU 1.3/30.5GB
step 15100 [15100/81380  19%]  loss=3.6018 ppl=36.7 lr=1.85e-04 | 84824 tok/s (avg 76451) ETA 532m39s | gtok=556,646,400 | GPU 1.3/30.5GB
step 15150 [15150/81380  19%]  loss=3.4591 ppl=31.8 lr=1.85e-04 | 85137 tok/s (avg 76477) ETA 532m04s | gtok=558,489,600 | GPU 1.3/30.5GB
step 15200 [15200/81380  19%]  loss=3.4871 ppl=32.7 lr=1.85e-04 | 85282 tok/s (avg 76503) ETA 531m29s | gtok=560,332,800 | GPU 1.3/30.5GB
step 15250 [15250/81380  19%]  loss=3.4748 ppl=32.3 lr=1.85e-04 | 69532 tok/s (avg 76478) ETA 531m16s | gtok=562,176,000 | GPU 1.3/30.5GB
step 15300 [15300/81380  19%]  loss=3.5530 ppl=34.9 lr=1.85e-04 | 85066 tok/s (avg 76503) ETA 530m41s | gtok=564,019,200 | GPU 1.3/30.5GB
step 15350 [15350/81380  19%]  loss=3.4500 ppl=31.5 lr=1.85e-04 | 84456 tok/s (avg 76527) ETA 530m07s | gtok=565,862,400 | GPU 1.3/30.5GB
step 15400 [15400/81380  19%]  loss=3.4362 ppl=31.1 lr=1.85e-04 | 85211 tok/s (avg 76552) ETA 529m33s | gtok=567,705,600 | GPU 1.3/30.5GB
step 15450 [15450/81380  19%]  loss=3.5038 ppl=33.2 lr=1.84e-04 | 84744 tok/s (avg 76576) ETA 528m59s | gtok=569,548,800 | GPU 1.3/30.5GB
step 15500 [15500/81380  19%]  loss=3.4427 ppl=31.3 lr=1.84e-04 | 84707 tok/s (avg 76600) ETA 528m25s | gtok=571,392,000 | GPU 1.3/30.5GB
step 15550 [15550/81380  19%]  loss=3.4282 ppl=30.8 lr=1.84e-04 | 84930 tok/s (avg 76624) ETA 527m51s | gtok=573,235,200 | GPU 1.3/30.5GB
step 15600 [15600/81380  19%]  loss=3.3823 ppl=29.4 lr=1.84e-04 | 85120 tok/s (avg 76648) ETA 527m16s | gtok=575,078,400 | GPU 1.3/30.5GB
step 15650 [15650/81380  19%]  loss=3.4851 ppl=32.6 lr=1.84e-04 | 84991 tok/s (avg 76672) ETA 526m42s | gtok=576,921,600 | GPU 1.3/30.5GB
step 15700 [15700/81380  19%]  loss=3.4913 ppl=32.8 lr=1.84e-04 | 84550 tok/s (avg 76695) ETA 526m09s | gtok=578,764,800 | GPU 1.3/30.5GB
step 15750 [15750/81380  19%]  loss=3.4115 ppl=30.3 lr=1.84e-04 | 84509 tok/s (avg 76718) ETA 525m36s | gtok=580,608,000 | GPU 1.3/30.5GB
step 15800 [15800/81380  19%]  loss=3.5745 ppl=35.7 lr=1.84e-04 | 84583 tok/s (avg 76740) ETA 525m02s | gtok=582,451,200 | GPU 1.3/30.5GB
step 15850 [15850/81380  19%]  loss=3.2789 ppl=26.5 lr=1.84e-04 | 85045 tok/s (avg 76764) ETA 524m29s | gtok=584,294,400 | GPU 1.3/30.5GB
step 15900 [15900/81380  20%]  loss=3.4248 ppl=30.7 lr=1.84e-04 | 83951 tok/s (avg 76784) ETA 523m56s | gtok=586,137,600 | GPU 1.3/30.5GB
step 15950 [15950/81380  20%]  loss=3.3440 ppl=28.3 lr=1.83e-04 | 84921 tok/s (avg 76808) ETA 523m23s | gtok=587,980,800 | GPU 1.3/30.5GB
step 16000 [16000/81380  20%]  loss=3.4969 ppl=33.0 lr=1.83e-04 | 85211 tok/s (avg 76831) ETA 522m49s | gtok=589,824,000 | GPU 1.3/30.5GB
  [gen @ step 16000, 589,824,000 tok] prompt: In 1923, the University of
    In 1923, the University of Bristol established a school in Bristol to develop an early-care plan for schools and in the hope of promoting a more traditional form of education.
From 1926 until his death in 1929, Bristol became the first woman’s school in America. As an adolescent, Bristol was considered to be one of the most important institutions for women. In 1925 it opened and started the University of Bristol's first female
  [checkpoint] step 16000 -> checkpoints_v13_sempty/mix3b_chrono_gate_bbc12e9/best_model.pt
  [val @ step 16000] val_loss=3.5882 val_ppl=36.17 *best* (best 36.17)
  [wiki_val @ step 16000] val_loss=4.4471 val_ppl=85.38
  [checkpoint] step 16000 -> checkpoints_v13_sempty/mix3b_chrono_gate_bbc12e9/latest.pt
  [diag] step 16000 cgu=+0.33 +0.29 +0.30 +0.35 +0.42 +0.46 +0.53 +0.68 +0.80 +0.89 +0.98 +1.07 +1.16 +1.20 +1.55 +1.50  pam=+0.01 +0.02 +0.02 +0.02 +0.03 +0.03 +0.04 +0.04 +0.04 +0.05 +0.06 +0.08 +0.11 +0.17 +0.14 +0.09
  [diag] dtbias=-3.93 -3.92 -3.92 -3.98 -3.92 -3.94 -3.95 -3.96 -3.97 -3.97 -3.95 -3.94 -3.90 -3.98 -3.92 -3.96  ret=0.79 0.73 0.79 0.88 0.79 0.82 0.81 0.91 0.89 0.85 0.84 0.86 0.64 0.87 0.71 0.82
  [diag] gnorm=1.2e-01 8.3e-02 7.8e-02 1.2e-01 7.8e-02 6.2e-02 8.6e-02 9.2e-02 8.6e-02 9.7e-02 1.3e-01 1.0e-01 1.1e-01 1.9e-01 1.0e-01 1.1e-01  wnorm=66.6 69.7 70.7 71.3 71.7 71.9 72.2 72.5 72.7 72.9 73.6 73.9 74.2 74.6 76.0 75.8
step 16050 [16050/81380  20%]  loss=3.4218 ppl=30.6 lr=1.83e-04 | 27217 tok/s (avg 76397) ETA 525m23s | gtok=591,667,200 | GPU 1.3/30.5GB
step 16100 [16100/81380  20%]  loss=3.4836 ppl=32.6 lr=1.83e-04 | 84868 tok/s (avg 76421) ETA 524m49s | gtok=593,510,400 | GPU 1.3/30.5GB
step 16150 [16150/81380  20%]  loss=3.5149 ppl=33.6 lr=1.83e-04 | 84735 tok/s (avg 76444) ETA 524m16s | gtok=595,353,600 | GPU 1.3/30.5GB
step 16200 [16200/81380  20%]  loss=3.4359 ppl=31.1 lr=1.83e-04 | 85076 tok/s (avg 76468) ETA 523m42s | gtok=597,196,800 | GPU 1.3/30.5GB
step 16250 [16250/81380  20%]  loss=3.6170 ppl=37.2 lr=1.83e-04 | 84035 tok/s (avg 76489) ETA 523m09s | gtok=599,040,000 | GPU 1.3/30.5GB
step 16300 [16300/81380  20%]  loss=3.5933 ppl=36.4 lr=1.83e-04 | 84856 tok/s (avg 76513) ETA 522m35s | gtok=600,883,200 | GPU 1.3/30.5GB
step 16350 [16350/81380  20%]  loss=3.5087 ppl=33.4 lr=1.83e-04 | 84983 tok/s (avg 76536) ETA 522m02s | gtok=602,726,400 | GPU 1.3/30.5GB
step 16400 [16400/81380  20%]  loss=3.2767 ppl=26.5 lr=1.82e-04 | 84903 tok/s (avg 76559) ETA 521m28s | gtok=604,569,600 | GPU 1.3/30.5GB
step 16450 [16450/81380  20%]  loss=3.4739 ppl=32.3 lr=1.82e-04 | 84870 tok/s (avg 76582) ETA 520m55s | gtok=606,412,800 | GPU 1.3/30.5GB
step 16500 [16500/81380  20%]  loss=3.4556 ppl=31.7 lr=1.82e-04 | 85090 tok/s (avg 76605) ETA 520m21s | gtok=608,256,000 | GPU 1.3/30.5GB
step 16550 [16550/81380  20%]  loss=3.4473 ppl=31.4 lr=1.82e-04 | 84901 tok/s (avg 76628) ETA 519m48s | gtok=610,099,200 | GPU 1.3/30.5GB
step 16600 [16600/81380  20%]  loss=3.5699 ppl=35.5 lr=1.82e-04 | 85233 tok/s (avg 76651) ETA 519m14s | gtok=611,942,400 | GPU 1.3/30.5GB
step 16650 [16650/81380  20%]  loss=3.2494 ppl=25.8 lr=1.82e-04 | 85017 tok/s (avg 76673) ETA 518m41s | gtok=613,785,600 | GPU 1.3/30.5GB
step 16700 [16700/81380  21%]  loss=3.6081 ppl=36.9 lr=1.82e-04 | 84957 tok/s (avg 76696) ETA 518m08s | gtok=615,628,800 | GPU 1.3/30.5GB
step 16750 [16750/81380  21%]  loss=3.5311 ppl=34.2 lr=1.82e-04 | 84995 tok/s (avg 76718) ETA 517m35s | gtok=617,472,000 | GPU 1.3/30.5GB
step 16800 [16800/81380  21%]  loss=3.1859 ppl=24.2 lr=1.82e-04 | 84171 tok/s (avg 76738) ETA 517m03s | gtok=619,315,200 | GPU 1.3/30.5GB
step 16850 [16850/81380  21%]  loss=3.6462 ppl=38.3 lr=1.81e-04 | 84711 tok/s (avg 76760) ETA 516m30s | gtok=621,158,400 | GPU 1.3/30.5GB
step 16900 [16900/81380  21%]  loss=3.5162 ppl=33.7 lr=1.81e-04 | 84829 tok/s (avg 76781) ETA 515m57s | gtok=623,001,600 | GPU 1.3/30.5GB
step 16950 [16950/81380  21%]  loss=3.4076 ppl=30.2 lr=1.81e-04 | 84735 tok/s (avg 76803) ETA 515m25s | gtok=624,844,800 | GPU 1.3/30.5GB
step 17000 [17000/81380  21%]  loss=3.6282 ppl=37.6 lr=1.81e-04 | 84880 tok/s (avg 76824) ETA 514m52s | gtok=626,688,000 | GPU 1.3/30.5GB
  [checkpoint] step 17000 -> checkpoints_v13_sempty/mix3b_chrono_gate_bbc12e9/latest.pt
step 17050 [17050/81380  21%]  loss=3.3156 ppl=27.5 lr=1.81e-04 | 78389 tok/s (avg 76829) ETA 514m26s | gtok=628,531,200 | GPU 1.3/30.5GB
step 17100 [17100/81380  21%]  loss=3.3573 ppl=28.7 lr=1.81e-04 | 84477 tok/s (avg 76849) ETA 513m54s | gtok=630,374,400 | GPU 1.3/30.5GB
step 17150 [17150/81380  21%]  loss=3.3169 ppl=27.6 lr=1.81e-04 | 84965 tok/s (avg 76870) ETA 513m22s | gtok=632,217,600 | GPU 1.3/30.5GB
step 17200 [17200/81380  21%]  loss=3.4235 ppl=30.7 lr=1.81e-04 | 84219 tok/s (avg 76890) ETA 512m50s | gtok=634,060,800 | GPU 1.3/30.5GB
step 17250 [17250/81380  21%]  loss=3.3673 ppl=29.0 lr=1.81e-04 | 85561 tok/s (avg 76913) ETA 512m17s | gtok=635,904,000 | GPU 1.3/30.5GB
step 17300 [17300/81380  21%]  loss=3.5894 ppl=36.2 lr=1.80e-04 | 85014 tok/s (avg 76934) ETA 511m44s | gtok=637,747,200 | GPU 1.3/30.5GB
step 17350 [17350/81380  21%]  loss=3.3775 ppl=29.3 lr=1.80e-04 | 84208 tok/s (avg 76953) ETA 511m13s | gtok=639,590,400 | GPU 1.3/30.5GB
step 17400 [17400/81380  21%]  loss=3.3077 ppl=27.3 lr=1.80e-04 | 85086 tok/s (avg 76974) ETA 510m40s | gtok=641,433,600 | GPU 1.3/30.5GB
step 17450 [17450/81380  21%]  loss=3.3878 ppl=29.6 lr=1.80e-04 | 85054 tok/s (avg 76995) ETA 510m08s | gtok=643,276,800 | GPU 1.3/30.5GB
step 17500 [17500/81380  22%]  loss=3.5563 ppl=35.0 lr=1.80e-04 | 84941 tok/s (avg 77016) ETA 509m36s | gtok=645,120,000 | GPU 1.3/30.5GB
step 17550 [17550/81380  22%]  loss=3.3737 ppl=29.2 lr=1.80e-04 | 84930 tok/s (avg 77036) ETA 509m04s | gtok=646,963,200 | GPU 1.3/30.5GB
step 17600 [17600/81380  22%]  loss=3.3894 ppl=29.6 lr=1.80e-04 | 84870 tok/s (avg 77056) ETA 508m32s | gtok=648,806,400 | GPU 1.3/30.5GB
step 17650 [17650/81380  22%]  loss=3.3266 ppl=27.8 lr=1.80e-04 | 84892 tok/s (avg 77076) ETA 508m00s | gtok=650,649,600 | GPU 1.3/30.5GB
step 17700 [17700/81380  22%]  loss=3.5219 ppl=33.9 lr=1.79e-04 | 84702 tok/s (avg 77096) ETA 507m29s | gtok=652,492,800 | GPU 1.3/30.5GB
step 17750 [17750/81380  22%]  loss=3.3641 ppl=28.9 lr=1.79e-04 | 84545 tok/s (avg 77115) ETA 506m57s | gtok=654,336,000 | GPU 1.3/30.5GB
step 17800 [17800/81380  22%]  loss=3.3888 ppl=29.6 lr=1.79e-04 | 85674 tok/s (avg 77137) ETA 506m25s | gtok=656,179,200 | GPU 1.3/30.5GB
step 17850 [17850/81380  22%]  loss=3.3053 ppl=27.3 lr=1.79e-04 | 85429 tok/s (avg 77158) ETA 505m53s | gtok=658,022,400 | GPU 1.3/30.5GB
step 17900 [17900/81380  22%]  loss=3.4190 ppl=30.5 lr=1.79e-04 | 85055 tok/s (avg 77178) ETA 505m21s | gtok=659,865,600 | GPU 1.3/30.5GB
step 17950 [17950/81380  22%]  loss=3.3715 ppl=29.1 lr=1.79e-04 | 84595 tok/s (avg 77197) ETA 504m49s | gtok=661,708,800 | GPU 1.3/30.5GB
step 18000 [18000/81380  22%]  loss=3.4044 ppl=30.1 lr=1.79e-04 | 85068 tok/s (avg 77216) ETA 504m18s | gtok=663,552,000 | GPU 1.3/30.5GB
  [checkpoint] step 18000 -> checkpoints_v13_sempty/mix3b_chrono_gate_bbc12e9/best_model.pt
  [val @ step 18000] val_loss=3.5548 val_ppl=34.98 *best* (best 34.98)
  [wiki_val @ step 18000] val_loss=4.4335 val_ppl=84.22
  [checkpoint] step 18000 -> checkpoints_v13_sempty/mix3b_chrono_gate_bbc12e9/latest.pt
  [diag] step 18000 cgu=+0.29 +0.27 +0.28 +0.34 +0.40 +0.44 +0.51 +0.65 +0.77 +0.86 +0.95 +1.04 +1.13 +1.18 +1.55 +1.51  pam=+0.01 +0.02 +0.02 +0.02 +0.03 +0.03 +0.03 +0.03 +0.04 +0.04 +0.05 +0.08 +0.10 +0.17 +0.14 +0.08
  [diag] dtbias=-3.93 -3.91 -3.92 -3.98 -3.91 -3.94 -3.94 -3.96 -3.96 -3.97 -3.95 -3.94 -3.90 -3.98 -3.92 -3.95  ret=0.78 0.73 0.79 0.88 0.79 0.82 0.81 0.91 0.88 0.85 0.83 0.86 0.64 0.86 0.70 0.82
  [diag] gnorm=2.3e-01 9.3e-02 8.4e-02 1.3e-01 5.9e-02 7.6e-02 1.3e-01 1.2e-01 8.5e-02 1.7e-01 1.0e-01 1.1e-01 1.2e-01 1.9e-01 1.0e-01 1.1e-01  wnorm=68.1 71.3 72.4 72.9 73.3 73.6 73.8 74.1 74.3 74.5 75.2 75.4 75.7 76.1 77.5 77.3
step 18050 [18050/81380  22%]  loss=3.4702 ppl=32.1 lr=1.79e-04 | 29252 tok/s (avg 76867) ETA 506m11s | gtok=665,395,200 | GPU 1.3/30.5GB
step 18100 [18100/81380  22%]  loss=3.3388 ppl=28.2 lr=1.78e-04 | 85292 tok/s (avg 76888) ETA 505m39s | gtok=667,238,400 | GPU 1.3/30.5GB
step 18150 [18150/81380  22%]  loss=3.2022 ppl=24.6 lr=1.78e-04 | 85011 tok/s (avg 76909) ETA 505m07s | gtok=669,081,600 | GPU 1.3/30.5GB
step 18200 [18200/81380  22%]  loss=3.3978 ppl=29.9 lr=1.78e-04 | 85045 tok/s (avg 76929) ETA 504m35s | gtok=670,924,800 | GPU 1.3/30.5GB
step 18250 [18250/81380  22%]  loss=3.5425 ppl=34.6 lr=1.78e-04 | 84962 tok/s (avg 76949) ETA 504m03s | gtok=672,768,000 | GPU 1.3/30.5GB
step 18300 [18300/81380  22%]  loss=3.4192 ppl=30.5 lr=1.78e-04 | 84876 tok/s (avg 76968) ETA 503m32s | gtok=674,611,200 | GPU 1.3/30.5GB
step 18350 [18350/81380  23%]  loss=3.2875 ppl=26.8 lr=1.78e-04 | 84434 tok/s (avg 76987) ETA 503m00s | gtok=676,454,400 | GPU 1.3/30.5GB
step 18400 [18400/81380  23%]  loss=3.4143 ppl=30.4 lr=1.78e-04 | 85142 tok/s (avg 77007) ETA 502m29s | gtok=678,297,600 | GPU 1.3/30.5GB
step 18450 [18450/81380  23%]  loss=3.4079 ppl=30.2 lr=1.78e-04 | 84993 tok/s (avg 77027) ETA 501m57s | gtok=680,140,800 | GPU 1.3/30.5GB
step 18500 [18500/81380  23%]  loss=3.4385 ppl=31.1 lr=1.78e-04 | 84970 tok/s (avg 77046) ETA 501m26s | gtok=681,984,000 | GPU 1.3/30.5GB
step 18550 [18550/81380  23%]  loss=3.3974 ppl=29.9 lr=1.77e-04 | 85067 tok/s (avg 77066) ETA 500m54s | gtok=683,827,200 | GPU 1.3/30.5GB
step 18600 [18600/81380  23%]  loss=3.2769 ppl=26.5 lr=1.77e-04 | 85053 tok/s (avg 77085) ETA 500m22s | gtok=685,670,400 | GPU 1.3/30.5GB
step 18650 [18650/81380  23%]  loss=3.3931 ppl=29.8 lr=1.77e-04 | 84827 tok/s (avg 77104) ETA 499m51s | gtok=687,513,600 | GPU 1.3/30.5GB
step 18700 [18700/81380  23%]  loss=3.4841 ppl=32.6 lr=1.77e-04 | 85230 tok/s (avg 77124) ETA 499m20s | gtok=689,356,800 | GPU 1.3/30.5GB
step 18750 [18750/81380  23%]  loss=3.2749 ppl=26.4 lr=1.77e-04 | 85238 tok/s (avg 77143) ETA 498m48s | gtok=691,200,000 | GPU 1.3/30.5GB
step 18800 [18800/81380  23%]  loss=3.1781 ppl=24.0 lr=1.77e-04 | 85136 tok/s (avg 77162) ETA 498m17s | gtok=693,043,200 | GPU 1.3/30.5GB
step 18850 [18850/81380  23%]  loss=3.4939 ppl=32.9 lr=1.77e-04 | 85316 tok/s (avg 77182) ETA 497m45s | gtok=694,886,400 | GPU 1.3/30.5GB
step 18900 [18900/81380  23%]  loss=3.3712 ppl=29.1 lr=1.77e-04 | 85321 tok/s (avg 77201) ETA 497m14s | gtok=696,729,600 | GPU 1.3/30.5GB
step 18950 [18950/81380  23%]  loss=3.3039 ppl=27.2 lr=1.76e-04 | 84652 tok/s (avg 77219) ETA 496m43s | gtok=698,572,800 | GPU 1.3/30.5GB
step 19000 [19000/81380  23%]  loss=3.5368 ppl=34.4 lr=1.76e-04 | 85239 tok/s (avg 77238) ETA 496m12s | gtok=700,416,000 | GPU 1.3/30.5GB
  [checkpoint] step 19000 -> checkpoints_v13_sempty/mix3b_chrono_gate_bbc12e9/latest.pt
step 19050 [19050/81380  23%]  loss=3.4026 ppl=30.0 lr=1.76e-04 | 78392 tok/s (avg 77241) ETA 495m47s | gtok=702,259,200 | GPU 1.3/30.5GB
step 19100 [19100/81380  23%]  loss=3.2840 ppl=26.7 lr=1.76e-04 | 85026 tok/s (avg 77260) ETA 495m16s | gtok=704,102,400 | GPU 1.3/30.5GB
step 19150 [19150/81380  24%]  loss=3.4932 ppl=32.9 lr=1.76e-04 | 85211 tok/s (avg 77279) ETA 494m45s | gtok=705,945,600 | GPU 1.3/30.5GB
step 19200 [19200/81380  24%]  loss=3.2390 ppl=25.5 lr=1.76e-04 | 85079 tok/s (avg 77297) ETA 494m14s | gtok=707,788,800 | GPU 1.3/30.5GB
step 19250 [19250/81380  24%]  loss=3.4913 ppl=32.8 lr=1.76e-04 | 85015 tok/s (avg 77316) ETA 493m43s | gtok=709,632,000 | GPU 1.3/30.5GB
step 19300 [19300/81380  24%]  loss=3.3451 ppl=28.4 lr=1.75e-04 | 84987 tok/s (avg 77334) ETA 493m12s | gtok=711,475,200 | GPU 1.3/30.5GB
step 19350 [19350/81380  24%]  loss=3.4601 ppl=31.8 lr=1.75e-04 | 85001 tok/s (avg 77352) ETA 492m42s | gtok=713,318,400 | GPU 1.3/30.5GB
step 19400 [19400/81380  24%]  loss=3.3675 ppl=29.0 lr=1.75e-04 | 85129 tok/s (avg 77370) ETA 492m11s | gtok=715,161,600 | GPU 1.3/30.5GB
step 19450 [19450/81380  24%]  loss=3.4216 ppl=30.6 lr=1.75e-04 | 85467 tok/s (avg 77389) ETA 491m40s | gtok=717,004,800 | GPU 1.3/30.5GB
step 19500 [19500/81380  24%]  loss=3.2309 ppl=25.3 lr=1.75e-04 | 84622 tok/s (avg 77406) ETA 491m10s | gtok=718,848,000 | GPU 1.3/30.5GB
step 19550 [19550/81380  24%]  loss=3.3416 ppl=28.3 lr=1.75e-04 | 85200 tok/s (avg 77424) ETA 490m39s | gtok=720,691,200 | GPU 1.3/30.5GB
step 19600 [19600/81380  24%]  loss=3.5897 ppl=36.2 lr=1.75e-04 | 85111 tok/s (avg 77442) ETA 490m08s | gtok=722,534,400 | GPU 1.3/30.5GB
step 19650 [19650/81380  24%]  loss=3.2822 ppl=26.6 lr=1.75e-04 | 85300 tok/s (avg 77460) ETA 489m38s | gtok=724,377,600 | GPU 1.3/30.5GB
step 19700 [19700/81380  24%]  loss=3.2387 ppl=25.5 lr=1.74e-04 | 85099 tok/s (avg 77477) ETA 489m07s | gtok=726,220,800 | GPU 1.3/30.5GB
step 19750 [19750/81380  24%]  loss=3.3939 ppl=29.8 lr=1.74e-04 | 85185 tok/s (avg 77495) ETA 488m37s | gtok=728,064,000 | GPU 1.3/30.5GB
step 19800 [19800/81380  24%]  loss=3.4917 ppl=32.8 lr=1.74e-04 | 85139 tok/s (avg 77513) ETA 488m06s | gtok=729,907,200 | GPU 1.3/30.5GB
step 19850 [19850/81380  24%]  loss=3.4292 ppl=30.9 lr=1.74e-04 | 85066 tok/s (avg 77530) ETA 487m36s | gtok=731,750,400 | GPU 1.3/30.5GB
step 19900 [19900/81380  24%]  loss=3.3139 ppl=27.5 lr=1.74e-04 | 84941 tok/s (avg 77547) ETA 487m06s | gtok=733,593,600 | GPU 1.3/30.5GB
step 19950 [19950/81380  25%]  loss=3.3839 ppl=29.5 lr=1.74e-04 | 85243 tok/s (avg 77565) ETA 486m35s | gtok=735,436,800 | GPU 1.3/30.5GB
step 20000 [20000/81380  25%]  loss=3.6114 ppl=37.0 lr=1.74e-04 | 85171 tok/s (avg 77582) ETA 486m05s | gtok=737,280,000 | GPU 1.3/30.5GB
  [gen @ step 20000, 737,280,000 tok] prompt: In 1923, the University of
    In 1923, the University of Chicago found that a certain percentage of children with ADHD had at least one child with ADHD.
The results showed a significant difference between the groups. According to research by the Harvard School of Public Health, the majority of children with ADHD who received a diagnosis of ADHD were actually those without a child's diagnoses. Those that did not have a diagnosis of ADHD became more likely to be unemployed and those with a
  [checkpoint] step 20000 -> checkpoints_v13_sempty/mix3b_chrono_gate_bbc12e9/best_model.pt
  [val @ step 20000] val_loss=3.5336 val_ppl=34.25 *best* (best 34.25)
  [wiki_val @ step 20000] val_loss=4.3753 val_ppl=79.46
  [checkpoint] step 20000 -> checkpoints_v13_sempty/mix3b_chrono_gate_bbc12e9/latest.pt
  [checkpoint] step 20000 -> checkpoints_v13_sempty/mix3b_chrono_gate_bbc12e9/step_020000.pt
  [diag] step 20000 cgu=+0.26 +0.26 +0.27 +0.33 +0.39 +0.43 +0.50 +0.63 +0.74 +0.84 +0.92 +1.01 +1.11 +1.16 +1.54 +1.52  pam=+0.01 +0.02 +0.01 +0.02 +0.03 +0.02 +0.03 +0.03 +0.04 +0.04 +0.05 +0.07 +0.10 +0.16 +0.14 +0.08
  [diag] dtbias=-3.93 -3.91 -3.92 -3.98 -3.91 -3.94 -3.94 -3.96 -3.96 -3.97 -3.95 -3.94 -3.89 -3.98 -3.92 -3.95  ret=0.77 0.72 0.78 0.88 0.77 0.82 0.80 0.91 0.88 0.84 0.83 0.85 0.63 0.86 0.69 0.80
  [diag] gnorm=1.6e-01 1.8e-01 8.0e-02 1.0e-01 6.3e-02 8.0e-02 1.3e-01 1.8e-01 1.0e-01 1.0e-01 1.1e-01 1.2e-01 1.5e-01 2.0e-01 1.1e-01 1.2e-01  wnorm=69.4 72.9 74.0 74.5 74.9 75.1 75.3 75.6 75.8 75.9 76.6 76.8 77.1 77.4 78.8 78.7
step 20050 [20050/81380  25%]  loss=3.5344 ppl=34.3 lr=1.74e-04 | 28114 tok/s (avg 77243) ETA 487m49s | gtok=739,123,200 | GPU 1.3/30.5GB
step 20100 [20100/81380  25%]  loss=3.2141 ppl=24.9 lr=1.73e-04 | 85071 tok/s (avg 77261) ETA 487m19s | gtok=740,966,400 | GPU 1.3/30.5GB
step 20150 [20150/81380  25%]  loss=3.5176 ppl=33.7 lr=1.73e-04 | 84973 tok/s (avg 77278) ETA 486m48s | gtok=742,809,600 | GPU 1.3/30.5GB
step 20200 [20200/81380  25%]  loss=3.3648 ppl=28.9 lr=1.73e-04 | 85069 tok/s (avg 77296) ETA 486m18s | gtok=744,652,800 | GPU 1.3/30.5GB
step 20250 [20250/81380  25%]  loss=3.3527 ppl=28.6 lr=1.73e-04 | 84985 tok/s (avg 77313) ETA 485m47s | gtok=746,496,000 | GPU 1.3/30.5GB
step 20300 [20300/81380  25%]  loss=3.1849 ppl=24.2 lr=1.73e-04 | 85104 tok/s (avg 77330) ETA 485m17s | gtok=748,339,200 | GPU 1.3/30.5GB
step 20350 [20350/81380  25%]  loss=3.3872 ppl=29.6 lr=1.73e-04 | 85154 tok/s (avg 77348) ETA 484m46s | gtok=750,182,400 | GPU 1.3/30.5GB
step 20400 [20400/81380  25%]  loss=3.3195 ppl=27.6 lr=1.73e-04 | 84318 tok/s (avg 77363) ETA 484m17s | gtok=752,025,600 | GPU 1.3/30.5GB
step 20450 [20450/81380  25%]  loss=3.4167 ppl=30.5 lr=1.72e-04 | 84934 tok/s (avg 77380) ETA 483m47s | gtok=753,868,800 | GPU 1.3/30.5GB
step 20500 [20500/81380  25%]  loss=3.3169 ppl=27.6 lr=1.72e-04 | 85356 tok/s (avg 77398) ETA 483m16s | gtok=755,712,000 | GPU 1.3/30.5GB
step 20550 [20550/81380  25%]  loss=3.1857 ppl=24.2 lr=1.72e-04 | 85099 tok/s (avg 77415) ETA 482m46s | gtok=757,555,200 | GPU 1.3/30.5GB
step 20600 [20600/81380  25%]  loss=3.2252 ppl=25.2 lr=1.72e-04 | 84925 tok/s (avg 77432) ETA 482m16s | gtok=759,398,400 | GPU 1.3/30.5GB
step 20650 [20650/81380  25%]  loss=3.3085 ppl=27.3 lr=1.72e-04 | 84949 tok/s (avg 77448) ETA 481m46s | gtok=761,241,600 | GPU 1.3/30.5GB
step 20700 [20700/81380  25%]  loss=3.3823 ppl=29.4 lr=1.72e-04 | 85073 tok/s (avg 77465) ETA 481m16s | gtok=763,084,800 | GPU 1.3/30.5GB
step 20750 [20750/81380  25%]  loss=3.3140 ppl=27.5 lr=1.72e-04 | 85057 tok/s (avg 77482) ETA 480m46s | gtok=764,928,000 | GPU 1.3/30.5GB
step 20800 [20800/81380  26%]  loss=3.3859 ppl=29.5 lr=1.72e-04 | 85149 tok/s (avg 77498) ETA 480m16s | gtok=766,771,200 | GPU 1.3/30.5GB
step 20850 [20850/81380  26%]  loss=3.3180 ppl=27.6 lr=1.71e-04 | 85089 tok/s (avg 77515) ETA 479m46s | gtok=768,614,400 | GPU 1.3/30.5GB
step 20900 [20900/81380  26%]  loss=3.3981 ppl=29.9 lr=1.71e-04 | 84953 tok/s (avg 77531) ETA 479m16s | gtok=770,457,600 | GPU 1.3/30.5GB
step 20950 [20950/81380  26%]  loss=3.1802 ppl=24.1 lr=1.71e-04 | 84331 tok/s (avg 77546) ETA 478m47s | gtok=772,300,800 | GPU 1.3/30.5GB
step 21000 [21000/81380  26%]  loss=3.3252 ppl=27.8 lr=1.71e-04 | 85238 tok/s (avg 77563) ETA 478m17s | gtok=774,144,000 | GPU 1.3/30.5GB
  [checkpoint] step 21000 -> checkpoints_v13_sempty/mix3b_chrono_gate_bbc12e9/latest.pt
step 21050 [21050/81380  26%]  loss=3.4640 ppl=31.9 lr=1.71e-04 | 78909 tok/s (avg 77566) ETA 477m52s | gtok=775,987,200 | GPU 1.3/30.5GB
step 21100 [21100/81380  26%]  loss=3.4081 ppl=30.2 lr=1.71e-04 | 85304 tok/s (avg 77583) ETA 477m22s | gtok=777,830,400 | GPU 1.3/30.5GB
step 21150 [21150/81380  26%]  loss=3.3596 ppl=28.8 lr=1.71e-04 | 85200 tok/s (avg 77599) ETA 476m52s | gtok=779,673,600 | GPU 1.3/30.5GB
step 21200 [21200/81380  26%]  loss=3.1655 ppl=23.7 lr=1.70e-04 | 85320 tok/s (avg 77616) ETA 476m22s | gtok=781,516,800 | GPU 1.3/30.5GB
step 21250 [21250/81380  26%]  loss=3.4704 ppl=32.2 lr=1.70e-04 | 85392 tok/s (avg 77632) ETA 475m53s | gtok=783,360,000 | GPU 1.3/30.5GB
step 21300 [21300/81380  26%]  loss=3.3883 ppl=29.6 lr=1.70e-04 | 85204 tok/s (avg 77648) ETA 475m23s | gtok=785,203,200 | GPU 1.3/30.5GB
step 21350 [21350/81380  26%]  loss=3.4662 ppl=32.0 lr=1.70e-04 | 85165 tok/s (avg 77664) ETA 474m53s | gtok=787,046,400 | GPU 1.3/30.5GB
step 21400 [21400/81380  26%]  loss=3.3772 ppl=29.3 lr=1.70e-04 | 85051 tok/s (avg 77680) ETA 474m24s | gtok=788,889,600 | GPU 1.3/30.5GB
step 21450 [21450/81380  26%]  loss=3.4402 ppl=31.2 lr=1.70e-04 | 85218 tok/s (avg 77696) ETA 473m54s | gtok=790,732,800 | GPU 1.3/30.5GB
step 21500 [21500/81380  26%]  loss=3.3152 ppl=27.5 lr=1.70e-04 | 84322 tok/s (avg 77710) ETA 473m25s | gtok=792,576,000 | GPU 1.3/30.5GB
step 21550 [21550/81380  26%]  loss=3.2565 ppl=26.0 lr=1.69e-04 | 85102 tok/s (avg 77726) ETA 472m56s | gtok=794,419,200 | GPU 1.3/30.5GB
step 21600 [21600/81380  27%]  loss=3.4720 ppl=32.2 lr=1.69e-04 | 85166 tok/s (avg 77742) ETA 472m26s | gtok=796,262,400 | GPU 1.3/30.5GB
step 21650 [21650/81380  27%]  loss=3.5242 ppl=33.9 lr=1.69e-04 | 85157 tok/s (avg 77757) ETA 471m57s | gtok=798,105,600 | GPU 1.3/30.5GB
step 21700 [21700/81380  27%]  loss=3.3812 ppl=29.4 lr=1.69e-04 | 85095 tok/s (avg 77773) ETA 471m28s | gtok=799,948,800 | GPU 1.3/30.5GB
step 21750 [21750/81380  27%]  loss=3.3542 ppl=28.6 lr=1.69e-04 | 85162 tok/s (avg 77788) ETA 470m58s | gtok=801,792,000 | GPU 1.3/30.5GB
step 21800 [21800/81380  27%]  loss=3.4160 ppl=30.4 lr=1.69e-04 | 85134 tok/s (avg 77804) ETA 470m29s | gtok=803,635,200 | GPU 1.3/30.5GB
step 21850 [21850/81380  27%]  loss=3.3370 ppl=28.1 lr=1.69e-04 | 85591 tok/s (avg 77820) ETA 469m59s | gtok=805,478,400 | GPU 1.3/30.5GB
step 21900 [21900/81380  27%]  loss=3.3476 ppl=28.4 lr=1.68e-04 | 85120 tok/s (avg 77835) ETA 469m30s | gtok=807,321,600 | GPU 1.3/30.5GB
step 21950 [21950/81380  27%]  loss=3.4338 ppl=31.0 lr=1.68e-04 | 85058 tok/s (avg 77850) ETA 469m01s | gtok=809,164,800 | GPU 1.3/30.5GB
step 22000 [22000/81380  27%]  loss=3.4628 ppl=31.9 lr=1.68e-04 | 85120 tok/s (avg 77865) ETA 468m32s | gtok=811,008,000 | GPU 1.3/30.5GB
  [checkpoint] step 22000 -> checkpoints_v13_sempty/mix3b_chrono_gate_bbc12e9/best_model.pt
  [val @ step 22000] val_loss=3.5260 val_ppl=33.99 *best* (best 33.99)
  [wiki_val @ step 22000] val_loss=4.3537 val_ppl=77.77
  [checkpoint] step 22000 -> checkpoints_v13_sempty/mix3b_chrono_gate_bbc12e9/latest.pt
  [diag] step 22000 cgu=+0.24 +0.25 +0.26 +0.32 +0.37 +0.42 +0.48 +0.61 +0.72 +0.82 +0.90 +0.99 +1.09 +1.14 +1.54 +1.53  pam=+0.01 +0.01 +0.01 +0.01 +0.03 +0.02 +0.03 +0.03 +0.03 +0.04 +0.04 +0.07 +0.09 +0.16 +0.13 +0.08
  [diag] dtbias=-3.93 -3.91 -3.92 -3.98 -3.91 -3.94 -3.94 -3.96 -3.96 -3.96 -3.95 -3.94 -3.89 -3.98 -3.91 -3.95  ret=0.77 0.72 0.78 0.88 0.78 0.82 0.81 0.91 0.89 0.85 0.84 0.86 0.64 0.86 0.69 0.80
  [diag] gnorm=6.1e-01 7.5e-02 2.9e-01 2.2e-01 5.8e-02 9.2e-02 7.8e-02 8.5e-02 8.0e-02 9.8e-02 1.2e-01 1.3e-01 1.1e-01 2.0e-01 1.0e-01 1.1e-01  wnorm=70.7 74.3 75.4 75.9 76.3 76.5 76.7 76.9 77.1 77.2 77.9 78.1 78.3 78.7 80.1 79.9
step 22050 [22050/81380  27%]  loss=3.2662 ppl=26.2 lr=1.68e-04 | 27112 tok/s (avg 77536) ETA 470m07s | gtok=812,851,200 | GPU 1.3/30.5GB
step 22100 [22100/81380  27%]  loss=3.5500 ppl=34.8 lr=1.68e-04 | 85054 tok/s (avg 77552) ETA 469m38s | gtok=814,694,400 | GPU 1.3/30.5GB
step 22150 [22150/81380  27%]  loss=3.4154 ppl=30.4 lr=1.68e-04 | 84942 tok/s (avg 77567) ETA 469m09s | gtok=816,537,600 | GPU 1.3/30.5GB
step 22200 [22200/81380  27%]  loss=3.2543 ppl=25.9 lr=1.68e-04 | 84865 tok/s (avg 77582) ETA 468m40s | gtok=818,380,800 | GPU 1.3/30.5GB
step 22250 [22250/81380  27%]  loss=3.2952 ppl=27.0 lr=1.67e-04 | 85076 tok/s (avg 77597) ETA 468m10s | gtok=820,224,000 | GPU 1.3/30.5GB
step 22300 [22300/81380  27%]  loss=3.3589 ppl=28.8 lr=1.67e-04 | 85235 tok/s (avg 77613) ETA 467m41s | gtok=822,067,200 | GPU 1.3/30.5GB
step 22350 [22350/81380  27%]  loss=3.3949 ppl=29.8 lr=1.67e-04 | 84927 tok/s (avg 77628) ETA 467m12s | gtok=823,910,400 | GPU 1.3/30.5GB
step 22400 [22400/81380  28%]  loss=3.4573 ppl=31.7 lr=1.67e-04 | 85010 tok/s (avg 77643) ETA 466m43s | gtok=825,753,600 | GPU 1.3/30.5GB
step 22450 [22450/81380  28%]  loss=3.3073 ppl=27.3 lr=1.67e-04 | 84790 tok/s (avg 77658) ETA 466m14s | gtok=827,596,800 | GPU 1.3/30.5GB
step 22500 [22500/81380  28%]  loss=3.5421 ppl=34.5 lr=1.67e-04 | 84911 tok/s (avg 77672) ETA 465m45s | gtok=829,440,000 | GPU 1.3/30.5GB
step 22550 [22550/81380  28%]  loss=3.5015 ppl=33.2 lr=1.67e-04 | 84154 tok/s (avg 77686) ETA 465m16s | gtok=831,283,200 | GPU 1.3/30.5GB
step 22600 [22600/81380  28%]  loss=3.3227 ppl=27.7 lr=1.66e-04 | 85134 tok/s (avg 77701) ETA 464m47s | gtok=833,126,400 | GPU 1.3/30.5GB
step 22650 [22650/81380  28%]  loss=3.3911 ppl=29.7 lr=1.66e-04 | 85158 tok/s (avg 77716) ETA 464m18s | gtok=834,969,600 | GPU 1.3/30.5GB
step 22700 [22700/81380  28%]  loss=3.4026 ppl=30.0 lr=1.66e-04 | 85087 tok/s (avg 77730) ETA 463m49s | gtok=836,812,800 | GPU 1.3/30.5GB
step 22750 [22750/81380  28%]  loss=3.2781 ppl=26.5 lr=1.66e-04 | 84929 tok/s (avg 77745) ETA 463m20s | gtok=838,656,000 | GPU 1.3/30.5GB
step 22800 [22800/81380  28%]  loss=3.3009 ppl=27.1 lr=1.66e-04 | 84832 tok/s (avg 77759) ETA 462m51s | gtok=840,499,200 | GPU 1.3/30.5GB
step 22850 [22850/81380  28%]  loss=3.3204 ppl=27.7 lr=1.66e-04 | 84666 tok/s (avg 77773) ETA 462m22s | gtok=842,342,400 | GPU 1.3/30.5GB
step 22900 [22900/81380  28%]  loss=3.4240 ppl=30.7 lr=1.66e-04 | 84797 tok/s (avg 77787) ETA 461m54s | gtok=844,185,600 | GPU 1.3/30.5GB
step 22950 [22950/81380  28%]  loss=3.5393 ppl=34.4 lr=1.65e-04 | 84971 tok/s (avg 77801) ETA 461m25s | gtok=846,028,800 | GPU 1.3/30.5GB
step 23000 [23000/81380  28%]  loss=3.2786 ppl=26.5 lr=1.65e-04 | 85077 tok/s (avg 77816) ETA 460m56s | gtok=847,872,000 | GPU 1.3/30.5GB
  [checkpoint] step 23000 -> checkpoints_v13_sempty/mix3b_chrono_gate_bbc12e9/latest.pt
step 23050 [23050/81380  28%]  loss=3.5697 ppl=35.5 lr=1.65e-04 | 77596 tok/s (avg 77815) ETA 460m33s | gtok=849,715,200 | GPU 1.3/30.5GB
step 23100 [23100/81380  28%]  loss=3.4118 ppl=30.3 lr=1.65e-04 | 85039 tok/s (avg 77830) ETA 460m04s | gtok=851,558,400 | GPU 1.3/30.5GB
step 23150 [23150/81380  28%]  loss=3.5481 ppl=34.7 lr=1.65e-04 | 84919 tok/s (avg 77844) ETA 459m35s | gtok=853,401,600 | GPU 1.3/30.5GB
step 23200 [23200/81380  29%]  loss=3.3705 ppl=29.1 lr=1.65e-04 | 85167 tok/s (avg 77858) ETA 459m06s | gtok=855,244,800 | GPU 1.3/30.5GB
step 23250 [23250/81380  29%]  loss=3.3258 ppl=27.8 lr=1.65e-04 | 85125 tok/s (avg 77872) ETA 458m38s | gtok=857,088,000 | GPU 1.3/30.5GB
step 23300 [23300/81380  29%]  loss=3.3362 ppl=28.1 lr=1.64e-04 | 84926 tok/s (avg 77886) ETA 458m09s | gtok=858,931,200 | GPU 1.3/30.5GB
step 23350 [23350/81380  29%]  loss=3.3865 ppl=29.6 lr=1.64e-04 | 85099 tok/s (avg 77901) ETA 457m40s | gtok=860,774,400 | GPU 1.3/30.5GB
step 23400 [23400/81380  29%]  loss=3.4373 ppl=31.1 lr=1.64e-04 | 85216 tok/s (avg 77915) ETA 457m12s | gtok=862,617,600 | GPU 1.3/30.5GB
step 23450 [23450/81380  29%]  loss=3.1818 ppl=24.1 lr=1.64e-04 | 85243 tok/s (avg 77929) ETA 456m43s | gtok=864,460,800 | GPU 1.3/30.5GB
step 23500 [23500/81380  29%]  loss=3.2615 ppl=26.1 lr=1.64e-04 | 85200 tok/s (avg 77943) ETA 456m14s | gtok=866,304,000 | GPU 1.3/30.5GB
step 23550 [23550/81380  29%]  loss=3.4751 ppl=32.3 lr=1.64e-04 | 85178 tok/s (avg 77957) ETA 455m46s | gtok=868,147,200 | GPU 1.3/30.5GB
step 23600 [23600/81380  29%]  loss=3.2194 ppl=25.0 lr=1.63e-04 | 85139 tok/s (avg 77971) ETA 455m17s | gtok=869,990,400 | GPU 1.3/30.5GB
step 23650 [23650/81380  29%]  loss=3.2620 ppl=26.1 lr=1.63e-04 | 83857 tok/s (avg 77983) ETA 454m50s | gtok=871,833,600 | GPU 1.3/30.5GB
step 23700 [23700/81380  29%]  loss=3.2117 ppl=24.8 lr=1.63e-04 | 85263 tok/s (avg 77997) ETA 454m21s | gtok=873,676,800 | GPU 1.3/30.5GB
step 23750 [23750/81380  29%]  loss=3.3185 ppl=27.6 lr=1.63e-04 | 85262 tok/s (avg 78011) ETA 453m53s | gtok=875,520,000 | GPU 1.3/30.5GB
step 23800 [23800/81380  29%]  loss=3.4144 ppl=30.4 lr=1.63e-04 | 85065 tok/s (avg 78024) ETA 453m24s | gtok=877,363,200 | GPU 1.3/30.5GB
step 23850 [23850/81380  29%]  loss=3.3703 ppl=29.1 lr=1.63e-04 | 84762 tok/s (avg 78037) ETA 452m56s | gtok=879,206,400 | GPU 1.3/30.5GB
step 23900 [23900/81380  29%]  loss=3.5064 ppl=33.3 lr=1.63e-04 | 85157 tok/s (avg 78051) ETA 452m28s | gtok=881,049,600 | GPU 1.3/30.5GB
step 23950 [23950/81380  29%]  loss=3.2850 ppl=26.7 lr=1.62e-04 | 84951 tok/s (avg 78064) ETA 451m59s | gtok=882,892,800 | GPU 1.3/30.5GB
step 24000 [24000/81380  29%]  loss=3.0592 ppl=21.3 lr=1.62e-04 | 85004 tok/s (avg 78078) ETA 451m31s | gtok=884,736,000 | GPU 1.3/30.5GB
  [gen @ step 24000, 884,736,000 tok] prompt: In 1923, the University of
    In 1923, the University of London was founded in a new location, and as a result it was a place where new life was born.
The great German composer Ludwig I, Franz Ferdinand (1589-1627) and his wife Maria Christi were among the first to set foot on a farmhouse in 1593, with the intention of selling their property to a churchyard for three years. The two men, Hans
  [checkpoint] step 24000 -> checkpoints_v13_sempty/mix3b_chrono_gate_bbc12e9/best_model.pt
  [val @ step 24000] val_loss=3.5032 val_ppl=33.22 *best* (best 33.22)
  [wiki_val @ step 24000] val_loss=4.3216 val_ppl=75.31
  [checkpoint] step 24000 -> checkpoints_v13_sempty/mix3b_chrono_gate_bbc12e9/latest.pt
  [diag] step 24000 cgu=+0.22 +0.24 +0.26 +0.31 +0.37 +0.41 +0.47 +0.60 +0.71 +0.80 +0.88 +0.97 +1.07 +1.13 +1.54 +1.53  pam=+0.01 +0.01 +0.01 +0.01 +0.02 +0.02 +0.03 +0.03 +0.03 +0.04 +0.04 +0.06 +0.09 +0.15 +0.13 +0.08
  [diag] dtbias=-3.92 -3.90 -3.91 -3.98 -3.91 -3.93 -3.94 -3.96 -3.96 -3.96 -3.94 -3.94 -3.88 -3.98 -3.91 -3.94  ret=0.76 0.71 0.78 0.88 0.78 0.82 0.80 0.91 0.88 0.84 0.83 0.86 0.63 0.86 0.68 0.79
  [diag] gnorm=5.6e-01 1.3e-01 3.5e-01 1.5e-01 9.5e-02 8.2e-02 1.1e-01 7.5e-02 1.0e-01 1.6e-01 1.2e-01 1.0e-01 1.3e-01 2.0e-01 1.1e-01 1.2e-01  wnorm=72.0 75.6 76.7 77.2 77.5 77.8 78.0 78.1 78.4 78.4 79.1 79.2 79.5 79.8 81.2 81.0
step 24050 [24050/81380  30%]  loss=3.4555 ppl=31.7 lr=1.62e-04 | 12263 tok/s (avg 77216) ETA 456m10s | gtok=886,579,200 | GPU 1.3/30.5GB
step 24100 [24100/81380  30%]  loss=3.3493 ppl=28.5 lr=1.62e-04 | 85048 tok/s (avg 77231) ETA 455m41s | gtok=888,422,400 | GPU 1.3/30.5GB
step 24150 [24150/81380  30%]  loss=3.2568 ppl=26.0 lr=1.62e-04 | 85053 tok/s (avg 77245) ETA 455m11s | gtok=890,265,600 | GPU 1.3/30.5GB
step 24200 [24200/81380  30%]  loss=3.3623 ppl=28.9 lr=1.62e-04 | 85109 tok/s (avg 77260) ETA 454m42s | gtok=892,108,800 | GPU 1.3/30.5GB
step 24250 [24250/81380  30%]  loss=3.2084 ppl=24.7 lr=1.61e-04 | 85062 tok/s (avg 77275) ETA 454m13s | gtok=893,952,000 | GPU 1.3/30.5GB
step 24300 [24300/81380  30%]  loss=3.5186 ppl=33.7 lr=1.61e-04 | 85093 tok/s (avg 77289) ETA 453m44s | gtok=895,795,200 | GPU 1.3/30.5GB
step 24350 [24350/81380  30%]  loss=3.2435 ppl=25.6 lr=1.61e-04 | 85044 tok/s (avg 77304) ETA 453m15s | gtok=897,638,400 | GPU 1.3/30.5GB
step 24400 [24400/81380  30%]  loss=3.3582 ppl=28.7 lr=1.61e-04 | 85043 tok/s (avg 77318) ETA 452m47s | gtok=899,481,600 | GPU 1.3/30.5GB
step 24450 [24450/81380  30%]  loss=3.1818 ppl=24.1 lr=1.61e-04 | 84936 tok/s (avg 77333) ETA 452m18s | gtok=901,324,800 | GPU 1.3/30.5GB
step 24500 [24500/81380  30%]  loss=3.3723 ppl=29.1 lr=1.61e-04 | 85379 tok/s (avg 77347) ETA 451m49s | gtok=903,168,000 | GPU 1.3/30.5GB
step 24550 [24550/81380  30%]  loss=3.4856 ppl=32.6 lr=1.61e-04 | 84888 tok/s (avg 77361) ETA 451m20s | gtok=905,011,200 | GPU 1.3/30.5GB
step 24600 [24600/81380  30%]  loss=3.3412 ppl=28.3 lr=1.60e-04 | 84304 tok/s (avg 77374) ETA 450m52s | gtok=906,854,400 | GPU 1.3/30.5GB
step 24650 [24650/81380  30%]  loss=3.1236 ppl=22.7 lr=1.60e-04 | 85015 tok/s (avg 77388) ETA 450m23s | gtok=908,697,600 | GPU 1.3/30.5GB
step 24700 [24700/81380  30%]  loss=3.4382 ppl=31.1 lr=1.60e-04 | 85266 tok/s (avg 77403) ETA 449m54s | gtok=910,540,800 | GPU 1.3/30.5GB
step 24750 [24750/81380  30%]  loss=3.4885 ppl=32.7 lr=1.60e-04 | 85294 tok/s (avg 77417) ETA 449m25s | gtok=912,384,000 | GPU 1.3/30.5GB
step 24800 [24800/81380  30%]  loss=3.2124 ppl=24.8 lr=1.60e-04 | 85103 tok/s (avg 77431) ETA 448m56s | gtok=914,227,200 | GPU 1.3/30.5GB
step 24850 [24850/81380  31%]  loss=3.2504 ppl=25.8 lr=1.60e-04 | 85055 tok/s (avg 77445) ETA 448m28s | gtok=916,070,400 | GPU 1.3/30.5GB
step 24900 [24900/81380  31%]  loss=2.8748 ppl=17.7 lr=1.59e-04 | 85212 tok/s (avg 77460) ETA 447m59s | gtok=917,913,600 | GPU 1.3/30.5GB
step 24950 [24950/81380  31%]  loss=3.1047 ppl=22.3 lr=1.59e-04 | 85225 tok/s (avg 77474) ETA 447m30s | gtok=919,756,800 | GPU 1.3/30.5GB
step 25000 [25000/81380  31%]  loss=3.4798 ppl=32.5 lr=1.59e-04 | 85036 tok/s (avg 77488) ETA 447m02s | gtok=921,600,000 | GPU 1.3/30.5GB
  [checkpoint] step 25000 -> checkpoints_v13_sempty/mix3b_chrono_gate_bbc12e9/latest.pt
step 25050 [25050/81380  31%]  loss=3.2973 ppl=27.0 lr=1.59e-04 | 78662 tok/s (avg 77490) ETA 446m37s | gtok=923,443,200 | GPU 1.3/30.5GB
step 25100 [25100/81380  31%]  loss=3.3214 ppl=27.7 lr=1.59e-04 | 85188 tok/s (avg 77504) ETA 446m09s | gtok=925,286,400 | GPU 1.3/30.5GB
step 25150 [25150/81380  31%]  loss=3.0757 ppl=21.7 lr=1.59e-04 | 84963 tok/s (avg 77517) ETA 445m40s | gtok=927,129,600 | GPU 1.3/30.5GB
step 25200 [25200/81380  31%]  loss=3.3237 ppl=27.8 lr=1.59e-04 | 84472 tok/s (avg 77530) ETA 445m12s | gtok=928,972,800 | GPU 1.3/30.5GB
step 25250 [25250/81380  31%]  loss=3.2762 ppl=26.5 lr=1.58e-04 | 85106 tok/s (avg 77544) ETA 444m44s | gtok=930,816,000 | GPU 1.3/30.5GB
step 25300 [25300/81380  31%]  loss=3.3280 ppl=27.9 lr=1.58e-04 | 85080 tok/s (avg 77557) ETA 444m15s | gtok=932,659,200 | GPU 1.3/30.5GB
step 25350 [25350/81380  31%]  loss=3.3343 ppl=28.1 lr=1.58e-04 | 85149 tok/s (avg 77571) ETA 443m47s | gtok=934,502,400 | GPU 1.3/30.5GB
step 25400 [25400/81380  31%]  loss=3.4742 ppl=32.3 lr=1.58e-04 | 85077 tok/s (avg 77584) ETA 443m18s | gtok=936,345,600 | GPU 1.3/30.5GB
step 25450 [25450/81380  31%]  loss=3.1990 ppl=24.5 lr=1.58e-04 | 85118 tok/s (avg 77598) ETA 442m50s | gtok=938,188,800 | GPU 1.3/30.5GB
step 25500 [25500/81380  31%]  loss=3.4280 ppl=30.8 lr=1.58e-04 | 85116 tok/s (avg 77611) ETA 442m22s | gtok=940,032,000 | GPU 1.3/30.5GB
step 25550 [25550/81380  31%]  loss=3.1771 ppl=24.0 lr=1.57e-04 | 84973 tok/s (avg 77624) ETA 441m53s | gtok=941,875,200 | GPU 1.3/30.5GB
step 25600 [25600/81380  31%]  loss=3.3530 ppl=28.6 lr=1.57e-04 | 84823 tok/s (avg 77637) ETA 441m25s | gtok=943,718,400 | GPU 1.3/30.5GB
step 25650 [25650/81380  32%]  loss=3.2962 ppl=27.0 lr=1.57e-04 | 84881 tok/s (avg 77650) ETA 440m57s | gtok=945,561,600 | GPU 1.3/30.5GB
step 25700 [25700/81380  32%]  loss=3.3778 ppl=29.3 lr=1.57e-04 | 84605 tok/s (avg 77663) ETA 440m29s | gtok=947,404,800 | GPU 1.3/30.5GB
step 25750 [25750/81380  32%]  loss=3.1891 ppl=24.3 lr=1.57e-04 | 84141 tok/s (avg 77674) ETA 440m01s | gtok=949,248,000 | GPU 1.3/30.5GB
step 25800 [25800/81380  32%]  loss=3.5172 ppl=33.7 lr=1.57e-04 | 84798 tok/s (avg 77687) ETA 439m33s | gtok=951,091,200 | GPU 1.3/30.5GB
step 25850 [25850/81380  32%]  loss=3.1744 ppl=23.9 lr=1.56e-04 | 84915 tok/s (avg 77700) ETA 439m05s | gtok=952,934,400 | GPU 1.3/30.5GB
step 25900 [25900/81380  32%]  loss=3.4059 ppl=30.1 lr=1.56e-04 | 85171 tok/s (avg 77713) ETA 438m37s | gtok=954,777,600 | GPU 1.3/30.5GB
step 25950 [25950/81380  32%]  loss=3.3484 ppl=28.5 lr=1.56e-04 | 84714 tok/s (avg 77725) ETA 438m09s | gtok=956,620,800 | GPU 1.3/30.5GB
step 26000 [26000/81380  32%]  loss=3.1977 ppl=24.5 lr=1.56e-04 | 84736 tok/s (avg 77738) ETA 437m41s | gtok=958,464,000 | GPU 1.3/30.5GB
  [checkpoint] step 26000 -> checkpoints_v13_sempty/mix3b_chrono_gate_bbc12e9/best_model.pt
  [val @ step 26000] val_loss=3.4858 val_ppl=32.65 *best* (best 32.65)
  [wiki_val @ step 26000] val_loss=4.3208 val_ppl=75.25
  [checkpoint] step 26000 -> checkpoints_v13_sempty/mix3b_chrono_gate_bbc12e9/latest.pt
  [diag] step 26000 cgu=+0.21 +0.24 +0.25 +0.30 +0.36 +0.40 +0.46 +0.59 +0.69 +0.79 +0.87 +0.96 +1.06 +1.12 +1.54 +1.54  pam=+0.01 +0.01 +0.01 +0.01 +0.02 +0.02 +0.02 +0.03 +0.03 +0.03 +0.04 +0.06 +0.09 +0.15 +0.13 +0.08
  [diag] dtbias=-3.92 -3.90 -3.91 -3.98 -3.90 -3.93 -3.94 -3.96 -3.96 -3.96 -3.94 -3.93 -3.88 -3.98 -3.91 -3.94  ret=0.75 0.71 0.78 0.88 0.77 0.81 0.80 0.91 0.88 0.84 0.83 0.85 0.62 0.86 0.67 0.79
  [diag] gnorm=7.3e-02 1.8e-01 2.4e-01 4.3e-01 6.9e-02 7.4e-02 1.0e-01 9.6e-02 7.8e-02 2.2e-01 1.0e-01 9.7e-02 1.2e-01 1.8e-01 1.0e-01 1.1e-01  wnorm=73.2 76.8 77.9 78.4 78.7 78.9 79.1 79.3 79.5 79.5 80.2 80.3 80.5 80.9 82.2 82.0
step 26050 [26050/81380  32%]  loss=3.3853 ppl=29.5 lr=1.56e-04 | 29231 tok/s (avg 77491) ETA 438m41s | gtok=960,307,200 | GPU 1.3/30.5GB
step 26100 [26100/81380  32%]  loss=3.4114 ppl=30.3 lr=1.56e-04 | 84889 tok/s (avg 77504) ETA 438m13s | gtok=962,150,400 | GPU 1.3/30.5GB
step 26150 [26150/81380  32%]  loss=3.4334 ppl=31.0 lr=1.55e-04 | 84407 tok/s (avg 77516) ETA 437m45s | gtok=963,993,600 | GPU 1.3/30.5GB
step 26200 [26200/81380  32%]  loss=3.4271 ppl=30.8 lr=1.55e-04 | 85384 tok/s (avg 77529) ETA 437m17s | gtok=965,836,800 | GPU 1.3/30.5GB
step 26250 [26250/81380  32%]  loss=3.3827 ppl=29.5 lr=1.55e-04 | 85470 tok/s (avg 77543) ETA 436m48s | gtok=967,680,000 | GPU 1.3/30.5GB
step 26300 [26300/81380  32%]  loss=3.2271 ppl=25.2 lr=1.55e-04 | 85036 tok/s (avg 77556) ETA 436m20s | gtok=969,523,200 | GPU 1.3/30.5GB
step 26350 [26350/81380  32%]  loss=3.2954 ppl=27.0 lr=1.55e-04 | 85431 tok/s (avg 77570) ETA 435m52s | gtok=971,366,400 | GPU 1.3/30.5GB
step 26400 [26400/81380  32%]  loss=3.1908 ppl=24.3 lr=1.55e-04 | 85168 tok/s (avg 77583) ETA 435m24s | gtok=973,209,600 | GPU 1.3/30.5GB
step 26450 [26450/81380  33%]  loss=3.1643 ppl=23.7 lr=1.54e-04 | 84894 tok/s (avg 77595) ETA 434m56s | gtok=975,052,800 | GPU 1.3/30.5GB
step 26500 [26500/81380  33%]  loss=3.4322 ppl=30.9 lr=1.54e-04 | 85016 tok/s (avg 77608) ETA 434m28s | gtok=976,896,000 | GPU 1.3/30.5GB
step 26550 [26550/81380  33%]  loss=3.5261 ppl=34.0 lr=1.54e-04 | 85015 tok/s (avg 77621) ETA 434m00s | gtok=978,739,200 | GPU 1.3/30.5GB
step 26600 [26600/81380  33%]  loss=3.4330 ppl=31.0 lr=1.54e-04 | 85020 tok/s (avg 77634) ETA 433m32s | gtok=980,582,400 | GPU 1.3/30.5GB
step 26650 [26650/81380  33%]  loss=3.2606 ppl=26.1 lr=1.54e-04 | 84966 tok/s (avg 77646) ETA 433m04s | gtok=982,425,600 | GPU 1.3/30.5GB
step 26700 [26700/81380  33%]  loss=3.4514 ppl=31.5 lr=1.54e-04 | 84263 tok/s (avg 77658) ETA 432m36s | gtok=984,268,800 | GPU 1.3/30.5GB
step 26750 [26750/81380  33%]  loss=3.3687 ppl=29.0 lr=1.53e-04 | 85029 tok/s (avg 77670) ETA 432m08s | gtok=986,112,000 | GPU 1.3/30.5GB
step 26800 [26800/81380  33%]  loss=3.3397 ppl=28.2 lr=1.53e-04 | 85060 tok/s (avg 77683) ETA 431m40s | gtok=987,955,200 | GPU 1.3/30.5GB
step 26850 [26850/81380  33%]  loss=3.4752 ppl=32.3 lr=1.53e-04 | 85261 tok/s (avg 77696) ETA 431m12s | gtok=989,798,400 | GPU 1.3/30.5GB
step 26900 [26900/81380  33%]  loss=3.3908 ppl=29.7 lr=1.53e-04 | 85113 tok/s (avg 77708) ETA 430m44s | gtok=991,641,600 | GPU 1.3/30.5GB
step 26950 [26950/81380  33%]  loss=3.3435 ppl=28.3 lr=1.53e-04 | 85080 tok/s (avg 77721) ETA 430m16s | gtok=993,484,800 | GPU 1.3/30.5GB
step 27000 [27000/81380  33%]  loss=3.1546 ppl=23.4 lr=1.53e-04 | 85377 tok/s (avg 77734) ETA 429m48s | gtok=995,328,000 | GPU 1.3/30.5GB
  [checkpoint] step 27000 -> checkpoints_v13_sempty/mix3b_chrono_gate_bbc12e9/latest.pt
step 27050 [27050/81380  33%]  loss=3.2291 ppl=25.3 lr=1.52e-04 | 78574 tok/s (avg 77735) ETA 429m24s | gtok=997,171,200 | GPU 1.3/30.5GB
step 27100 [27100/81380  33%]  loss=3.2708 ppl=26.3 lr=1.52e-04 | 85091 tok/s (avg 77748) ETA 428m56s | gtok=999,014,400 | GPU 1.3/30.5GB
step 27150 [27150/81380  33%]  loss=3.2253 ppl=25.2 lr=1.52e-04 | 85018 tok/s (avg 77760) ETA 428m29s | gtok=1,000,857,600 | GPU 1.3/30.5GB
step 27200 [27200/81380  33%]  loss=3.5366 ppl=34.4 lr=1.52e-04 | 84938 tok/s (avg 77772) ETA 428m01s | gtok=1,002,700,800 | GPU 1.3/30.5GB
step 27250 [27250/81380  33%]  loss=3.0536 ppl=21.2 lr=1.52e-04 | 84272 tok/s (avg 77783) ETA 427m34s | gtok=1,004,544,000 | GPU 1.3/30.5GB
step 27300 [27300/81380  34%]  loss=3.3096 ppl=27.4 lr=1.52e-04 | 85068 tok/s (avg 77795) ETA 427m06s | gtok=1,006,387,200 | GPU 1.3/30.5GB
step 27350 [27350/81380  34%]  loss=3.3071 ppl=27.3 lr=1.51e-04 | 84988 tok/s (avg 77807) ETA 426m38s | gtok=1,008,230,400 | GPU 1.3/30.5GB
step 27400 [27400/81380  34%]  loss=3.2859 ppl=26.7 lr=1.51e-04 | 85099 tok/s (avg 77819) ETA 426m10s | gtok=1,010,073,600 | GPU 1.3/30.5GB
step 27450 [27450/81380  34%]  loss=3.5829 ppl=36.0 lr=1.51e-04 | 85108 tok/s (avg 77832) ETA 425m43s | gtok=1,011,916,800 | GPU 1.3/30.5GB
step 27500 [27500/81380  34%]  loss=3.4575 ppl=31.7 lr=1.51e-04 | 85205 tok/s (avg 77844) ETA 425m15s | gtok=1,013,760,000 | GPU 1.3/30.5GB
step 27550 [27550/81380  34%]  loss=3.4827 ppl=32.5 lr=1.51e-04 | 85167 tok/s (avg 77856) ETA 424m47s | gtok=1,015,603,200 | GPU 1.3/30.5GB
step 27600 [27600/81380  34%]  loss=3.4450 ppl=31.3 lr=1.51e-04 | 85254 tok/s (avg 77868) ETA 424m20s | gtok=1,017,446,400 | GPU 1.3/30.5GB
step 27650 [27650/81380  34%]  loss=3.1041 ppl=22.3 lr=1.50e-04 | 85253 tok/s (avg 77880) ETA 423m52s | gtok=1,019,289,600 | GPU 1.3/30.5GB
step 27700 [27700/81380  34%]  loss=3.4725 ppl=32.2 lr=1.50e-04 | 85186 tok/s (avg 77892) ETA 423m25s | gtok=1,021,132,800 | GPU 1.3/30.5GB
step 27750 [27750/81380  34%]  loss=3.2729 ppl=26.4 lr=1.50e-04 | 85216 tok/s (avg 77904) ETA 422m57s | gtok=1,022,976,000 | GPU 1.3/30.5GB
step 27800 [27800/81380  34%]  loss=3.2542 ppl=25.9 lr=1.50e-04 | 84065 tok/s (avg 77915) ETA 422m30s | gtok=1,024,819,200 | GPU 1.3/30.5GB
step 27850 [27850/81380  34%]  loss=3.4353 ppl=31.0 lr=1.50e-04 | 85146 tok/s (avg 77927) ETA 422m02s | gtok=1,026,662,400 | GPU 1.3/30.5GB
step 27900 [27900/81380  34%]  loss=3.1199 ppl=22.6 lr=1.50e-04 | 85165 tok/s (avg 77938) ETA 421m35s | gtok=1,028,505,600 | GPU 1.3/30.5GB
step 27950 [27950/81380  34%]  loss=3.2588 ppl=26.0 lr=1.49e-04 | 85127 tok/s (avg 77950) ETA 421m07s | gtok=1,030,348,800 | GPU 1.3/30.5GB
step 28000 [28000/81380  34%]  loss=3.1908 ppl=24.3 lr=1.49e-04 | 85181 tok/s (avg 77962) ETA 420m40s | gtok=1,032,192,000 | GPU 1.3/30.5GB
  [gen @ step 28000, 1,032,192,000 tok] prompt: In 1923, the University of
    In 1923, the University of Michigan began a research program for children who had received an instruction in the medical school at a college in the United States. The program was named the International American College Medical School (IGIN) and the University of Illinois at Chicago developed the University of Chicago's Center on Advanced Nursing Studies. It focused on the research and development of advanced care systems that can be used to help patients receive treatment with medications,
  [checkpoint] step 28000 -> checkpoints_v13_sempty/mix3b_chrono_gate_bbc12e9/best_model.pt
  [val @ step 28000] val_loss=3.4578 val_ppl=31.75 *best* (best 31.75)
  [wiki_val @ step 28000] val_loss=4.2641 val_ppl=71.10
  [checkpoint] step 28000 -> checkpoints_v13_sempty/mix3b_chrono_gate_bbc12e9/latest.pt
  [diag] step 28000 cgu=+0.20 +0.23 +0.25 +0.30 +0.35 +0.40 +0.45 +0.58 +0.68 +0.78 +0.85 +0.95 +1.05 +1.11 +1.54 +1.54  pam=+0.01 +0.01 +0.01 +0.01 +0.02 +0.02 +0.02 +0.02 +0.03 +0.03 +0.03 +0.06 +0.08 +0.15 +0.13 +0.08
  [diag] dtbias=-3.92 -3.90 -3.91 -3.98 -3.90 -3.93 -3.93 -3.96 -3.96 -3.96 -3.94 -3.93 -3.88 -3.98 -3.91 -3.94  ret=0.76 0.71 0.78 0.88 0.77 0.82 0.80 0.90 0.88 0.85 0.84 0.86 0.63 0.86 0.68 0.80
  [diag] gnorm=1.9e-01 1.5e-01 2.7e-01 9.3e-02 6.2e-02 6.3e-02 8.4e-02 7.5e-02 8.6e-02 1.2e-01 1.7e-01 1.2e-01 1.4e-01 2.0e-01 1.1e-01 1.2e-01  wnorm=74.3 77.9 79.0 79.5 79.7 80.0 80.2 80.3 80.5 80.5 81.2 81.2 81.4 81.8 83.1 82.9
step 28050 [28050/81380  34%]  loss=3.3168 ppl=27.6 lr=1.49e-04 | 28659 tok/s (avg 77724) ETA 421m34s | gtok=1,034,035,200 | GPU 1.3/30.5GB
step 28100 [28100/81380  35%]  loss=3.3015 ppl=27.2 lr=1.49e-04 | 85140 tok/s (avg 77736) ETA 421m06s | gtok=1,035,878,400 | GPU 1.3/30.5GB
step 28150 [28150/81380  35%]  loss=3.3289 ppl=27.9 lr=1.49e-04 | 84227 tok/s (avg 77746) ETA 420m39s | gtok=1,037,721,600 | GPU 1.3/30.5GB
step 28200 [28200/81380  35%]  loss=3.2348 ppl=25.4 lr=1.49e-04 | 85110 tok/s (avg 77758) ETA 420m11s | gtok=1,039,564,800 | GPU 1.3/30.5GB
step 28250 [28250/81380  35%]  loss=3.3284 ppl=27.9 lr=1.48e-04 | 85189 tok/s (avg 77770) ETA 419m44s | gtok=1,041,408,000 | GPU 1.3/30.5GB
step 28300 [28300/81380  35%]  loss=3.3614 ppl=28.8 lr=1.48e-04 | 84899 tok/s (avg 77782) ETA 419m16s | gtok=1,043,251,200 | GPU 1.3/30.5GB
step 28350 [28350/81380  35%]  loss=3.3864 ppl=29.6 lr=1.48e-04 | 84780 tok/s (avg 77793) ETA 418m49s | gtok=1,045,094,400 | GPU 1.3/30.5GB
step 28400 [28400/81380  35%]  loss=3.2977 ppl=27.1 lr=1.48e-04 | 84826 tok/s (avg 77805) ETA 418m22s | gtok=1,046,937,600 | GPU 1.3/30.5GB
step 28450 [28450/81380  35%]  loss=3.2995 ppl=27.1 lr=1.48e-04 | 85078 tok/s (avg 77816) ETA 417m54s | gtok=1,048,780,800 | GPU 1.3/30.5GB
step 28500 [28500/81380  35%]  loss=3.4643 ppl=32.0 lr=1.48e-04 | 84716 tok/s (avg 77827) ETA 417m27s | gtok=1,050,624,000 | GPU 1.3/30.5GB
step 28550 [28550/81380  35%]  loss=3.4001 ppl=30.0 lr=1.47e-04 | 84777 tok/s (avg 77839) ETA 417m00s | gtok=1,052,467,200 | GPU 1.3/30.5GB
step 28600 [28600/81380  35%]  loss=3.3406 ppl=28.2 lr=1.47e-04 | 84914 tok/s (avg 77850) ETA 416m32s | gtok=1,054,310,400 | GPU 1.3/30.5GB
step 28650 [28650/81380  35%]  loss=3.3359 ppl=28.1 lr=1.47e-04 | 84843 tok/s (avg 77861) ETA 416m05s | gtok=1,056,153,600 | GPU 1.3/30.5GB
step 28700 [28700/81380  35%]  loss=3.4089 ppl=30.2 lr=1.47e-04 | 84992 tok/s (avg 77872) ETA 415m38s | gtok=1,057,996,800 | GPU 1.3/30.5GB
step 28750 [28750/81380  35%]  loss=3.1235 ppl=22.7 lr=1.47e-04 | 84045 tok/s (avg 77882) ETA 415m11s | gtok=1,059,840,000 | GPU 1.3/30.5GB
step 28800 [28800/81380  35%]  loss=3.3305 ppl=28.0 lr=1.47e-04 | 85161 tok/s (avg 77894) ETA 414m43s | gtok=1,061,683,200 | GPU 1.3/30.5GB
step 28850 [28850/81380  35%]  loss=3.2533 ppl=25.9 lr=1.46e-04 | 84789 tok/s (avg 77905) ETA 414m16s | gtok=1,063,526,400 | GPU 1.3/30.5GB
step 28900 [28900/81380  36%]  loss=3.2796 ppl=26.6 lr=1.46e-04 | 85465 tok/s (avg 77917) ETA 413m49s | gtok=1,065,369,600 | GPU 1.3/30.5GB
step 28950 [28950/81380  36%]  loss=3.3691 ppl=29.1 lr=1.46e-04 | 85098 tok/s (avg 77928) ETA 413m22s | gtok=1,067,212,800 | GPU 1.3/30.5GB
step 29000 [29000/81380  36%]  loss=3.4396 ppl=31.2 lr=1.46e-04 | 85180 tok/s (avg 77940) ETA 412m54s | gtok=1,069,056,000 | GPU 1.3/30.5GB
  [checkpoint] step 29000 -> checkpoints_v13_sempty/mix3b_chrono_gate_bbc12e9/latest.pt
step 29050 [29050/81380  36%]  loss=3.0281 ppl=20.7 lr=1.46e-04 | 78336 tok/s (avg 77940) ETA 412m30s | gtok=1,070,899,200 | GPU 1.3/30.5GB
step 29100 [29100/81380  36%]  loss=3.3274 ppl=27.9 lr=1.46e-04 | 85030 tok/s (avg 77952) ETA 412m03s | gtok=1,072,742,400 | GPU 1.3/30.5GB
step 29150 [29150/81380  36%]  loss=3.1864 ppl=24.2 lr=1.45e-04 | 84855 tok/s (avg 77962) ETA 411m36s | gtok=1,074,585,600 | GPU 1.3/30.5GB
step 29200 [29200/81380  36%]  loss=3.2548 ppl=25.9 lr=1.45e-04 | 85025 tok/s (avg 77973) ETA 411m09s | gtok=1,076,428,800 | GPU 1.3/30.5GB
step 29250 [29250/81380  36%]  loss=3.3222 ppl=27.7 lr=1.45e-04 | 84943 tok/s (avg 77984) ETA 410m42s | gtok=1,078,272,000 | GPU 1.3/30.5GB
step 29300 [29300/81380  36%]  loss=3.3882 ppl=29.6 lr=1.45e-04 | 68002 tok/s (avg 77965) ETA 410m24s | gtok=1,080,115,200 | GPU 1.3/30.5GB
step 29350 [29350/81380  36%]  loss=3.3396 ppl=28.2 lr=1.45e-04 | 84958 tok/s (avg 77976) ETA 409m57s | gtok=1,081,958,400 | GPU 1.3/30.5GB
step 29400 [29400/81380  36%]  loss=3.3205 ppl=27.7 lr=1.44e-04 | 85085 tok/s (avg 77987) ETA 409m30s | gtok=1,083,801,600 | GPU 1.3/30.5GB
step 29450 [29450/81380  36%]  loss=3.3691 ppl=29.1 lr=1.44e-04 | 85248 tok/s (avg 77998) ETA 409m03s | gtok=1,085,644,800 | GPU 1.3/30.5GB
step 29500 [29500/81380  36%]  loss=3.0265 ppl=20.6 lr=1.44e-04 | 85211 tok/s (avg 78009) ETA 408m36s | gtok=1,087,488,000 | GPU 1.3/30.5GB
step 29550 [29550/81380  36%]  loss=3.1689 ppl=23.8 lr=1.44e-04 | 85255 tok/s (avg 78021) ETA 408m09s | gtok=1,089,331,200 | GPU 1.3/30.5GB
step 29600 [29600/81380  36%]  loss=3.3845 ppl=29.5 lr=1.44e-04 | 85329 tok/s (avg 78032) ETA 407m42s | gtok=1,091,174,400 | GPU 1.3/30.5GB
step 29650 [29650/81380  36%]  loss=3.1963 ppl=24.4 lr=1.44e-04 | 85062 tok/s (avg 78043) ETA 407m15s | gtok=1,093,017,600 | GPU 1.3/30.5GB
step 29700 [29700/81380  36%]  loss=3.2513 ppl=25.8 lr=1.43e-04 | 84952 tok/s (avg 78053) ETA 406m48s | gtok=1,094,860,800 | GPU 1.3/30.5GB
step 29750 [29750/81380  37%]  loss=3.2936 ppl=26.9 lr=1.43e-04 | 85187 tok/s (avg 78064) ETA 406m20s | gtok=1,096,704,000 | GPU 1.3/30.5GB
step 29800 [29800/81380  37%]  loss=3.1933 ppl=24.4 lr=1.43e-04 | 84950 tok/s (avg 78075) ETA 405m54s | gtok=1,098,547,200 | GPU 1.3/30.5GB
step 29850 [29850/81380  37%]  loss=3.3520 ppl=28.6 lr=1.43e-04 | 84157 tok/s (avg 78084) ETA 405m27s | gtok=1,100,390,400 | GPU 1.3/30.5GB
step 29900 [29900/81380  37%]  loss=3.4047 ppl=30.1 lr=1.43e-04 | 85123 tok/s (avg 78095) ETA 405m00s | gtok=1,102,233,600 | GPU 1.3/30.5GB
step 29950 [29950/81380  37%]  loss=3.4071 ppl=30.2 lr=1.43e-04 | 85190 tok/s (avg 78106) ETA 404m33s | gtok=1,104,076,800 | GPU 1.3/30.5GB
step 30000 [30000/81380  37%]  loss=3.3717 ppl=29.1 lr=1.42e-04 | 85166 tok/s (avg 78117) ETA 404m06s | gtok=1,105,920,000 | GPU 1.3/30.5GB
  [checkpoint] step 30000 -> checkpoints_v13_sempty/mix3b_chrono_gate_bbc12e9/best_model.pt
  [val @ step 30000] val_loss=3.4340 val_ppl=31.00 *best* (best 31.00)
  [wiki_val @ step 30000] val_loss=4.2759 val_ppl=71.95
  [checkpoint] step 30000 -> checkpoints_v13_sempty/mix3b_chrono_gate_bbc12e9/latest.pt
  [checkpoint] step 30000 -> checkpoints_v13_sempty/mix3b_chrono_gate_bbc12e9/step_030000.pt
  [diag] step 30000 cgu=+0.19 +0.23 +0.24 +0.30 +0.35 +0.39 +0.45 +0.57 +0.67 +0.77 +0.84 +0.94 +1.04 +1.11 +1.54 +1.55  pam=+0.01 +0.01 +0.01 +0.01 +0.02 +0.02 +0.02 +0.02 +0.03 +0.03 +0.03 +0.06 +0.08 +0.15 +0.12 +0.08
  [diag] dtbias=-3.92 -3.90 -3.90 -3.98 -3.90 -3.93 -3.93 -3.96 -3.96 -3.96 -3.94 -3.93 -3.88 -3.98 -3.91 -3.94  ret=0.76 0.71 0.78 0.88 0.77 0.82 0.80 0.91 0.88 0.84 0.83 0.86 0.63 0.87 0.69 0.80
  [diag] gnorm=1.6e-01 3.0e-01 3.2e-01 2.4e-01 5.9e-02 2.6e-01 1.1e-01 9.9e-02 8.4e-02 1.3e-01 1.0e-01 1.0e-01 1.2e-01 1.9e-01 1.1e-01 1.1e-01  wnorm=75.2 78.8 80.0 80.4 80.7 80.9 81.1 81.2 81.3 81.4 82.1 82.1 82.3 82.7 84.0 83.8
step 30050 [30050/81380  37%]  loss=3.3244 ppl=27.8 lr=1.42e-04 | 29068 tok/s (avg 77898) ETA 404m51s | gtok=1,107,763,200 | GPU 1.3/30.5GB
step 30100 [30100/81380  37%]  loss=3.5076 ppl=33.4 lr=1.42e-04 | 85338 tok/s (avg 77909) ETA 404m23s | gtok=1,109,606,400 | GPU 1.3/30.5GB
step 30150 [30150/81380  37%]  loss=3.2634 ppl=26.1 lr=1.42e-04 | 85236 tok/s (avg 77921) ETA 403m56s | gtok=1,111,449,600 | GPU 1.3/30.5GB
step 30200 [30200/81380  37%]  loss=3.2076 ppl=24.7 lr=1.42e-04 | 85258 tok/s (avg 77932) ETA 403m29s | gtok=1,113,292,800 | GPU 1.3/30.5GB
step 30250 [30250/81380  37%]  loss=3.3201 ppl=27.7 lr=1.41e-04 | 85194 tok/s (avg 77943) ETA 403m02s | gtok=1,115,136,000 | GPU 1.3/30.5GB
step 30300 [30300/81380  37%]  loss=3.0674 ppl=21.5 lr=1.41e-04 | 84229 tok/s (avg 77952) ETA 402m35s | gtok=1,116,979,200 | GPU 1.3/30.5GB
step 30350 [30350/81380  37%]  loss=3.4007 ppl=30.0 lr=1.41e-04 | 84949 tok/s (avg 77963) ETA 402m09s | gtok=1,118,822,400 | GPU 1.3/30.5GB
step 30400 [30400/81380  37%]  loss=3.2606 ppl=26.1 lr=1.41e-04 | 85228 tok/s (avg 77974) ETA 401m42s | gtok=1,120,665,600 | GPU 1.3/30.5GB
step 30450 [30450/81380  37%]  loss=3.3457 ppl=28.4 lr=1.41e-04 | 85215 tok/s (avg 77985) ETA 401m15s | gtok=1,122,508,800 | GPU 1.3/30.5GB
step 30500 [30500/81380  37%]  loss=3.3455 ppl=28.4 lr=1.41e-04 | 85236 tok/s (avg 77996) ETA 400m48s | gtok=1,124,352,000 | GPU 1.3/30.5GB
step 30550 [30550/81380  38%]  loss=3.3214 ppl=27.7 lr=1.40e-04 | 85345 tok/s (avg 78007) ETA 400m21s | gtok=1,126,195,200 | GPU 1.3/30.5GB
step 30600 [30600/81380  38%]  loss=3.3322 ppl=28.0 lr=1.40e-04 | 85159 tok/s (avg 78017) ETA 399m54s | gtok=1,128,038,400 | GPU 1.3/30.5GB
step 30650 [30650/81380  38%]  loss=3.2276 ppl=25.2 lr=1.40e-04 | 85351 tok/s (avg 78028) ETA 399m27s | gtok=1,129,881,600 | GPU 1.3/30.5GB
step 30700 [30700/81380  38%]  loss=3.1652 ppl=23.7 lr=1.40e-04 | 85249 tok/s (avg 78039) ETA 399m00s | gtok=1,131,724,800 | GPU 1.3/30.5GB
step 30750 [30750/81380  38%]  loss=3.4901 ppl=32.8 lr=1.40e-04 | 85209 tok/s (avg 78050) ETA 398m33s | gtok=1,133,568,000 | GPU 1.3/30.5GB
step 30800 [30800/81380  38%]  loss=3.2285 ppl=25.2 lr=1.40e-04 | 84946 tok/s (avg 78060) ETA 398m06s | gtok=1,135,411,200 | GPU 1.3/30.5GB
step 30850 [30850/81380  38%]  loss=3.4204 ppl=30.6 lr=1.39e-04 | 84335 tok/s (avg 78069) ETA 397m40s | gtok=1,137,254,400 | GPU 1.3/30.5GB
step 30900 [30900/81380  38%]  loss=3.4997 ppl=33.1 lr=1.39e-04 | 85211 tok/s (avg 78080) ETA 397m13s | gtok=1,139,097,600 | GPU 1.3/30.5GB
step 30950 [30950/81380  38%]  loss=3.2065 ppl=24.7 lr=1.39e-04 | 85239 tok/s (avg 78091) ETA 396m46s | gtok=1,140,940,800 | GPU 1.3/30.5GB
step 31000 [31000/81380  38%]  loss=3.2788 ppl=26.5 lr=1.39e-04 | 85228 tok/s (avg 78101) ETA 396m19s | gtok=1,142,784,000 | GPU 1.3/30.5GB
  [checkpoint] step 31000 -> checkpoints_v13_sempty/mix3b_chrono_gate_bbc12e9/latest.pt
step 31050 [31050/81380  38%]  loss=3.2872 ppl=26.8 lr=1.39e-04 | 78541 tok/s (avg 78102) ETA 395m55s | gtok=1,144,627,200 | GPU 1.3/30.5GB
step 31100 [31100/81380  38%]  loss=3.2106 ppl=24.8 lr=1.38e-04 | 84807 tok/s (avg 78112) ETA 395m29s | gtok=1,146,470,400 | GPU 1.3/30.5GB
step 31150 [31150/81380  38%]  loss=3.2609 ppl=26.1 lr=1.38e-04 | 84897 tok/s (avg 78122) ETA 395m02s | gtok=1,148,313,600 | GPU 1.3/30.5GB
step 31200 [31200/81380  38%]  loss=3.2095 ppl=24.8 lr=1.38e-04 | 84621 tok/s (avg 78131) ETA 394m35s | gtok=1,150,156,800 | GPU 1.3/30.5GB
step 31250 [31250/81380  38%]  loss=3.1727 ppl=23.9 lr=1.38e-04 | 84860 tok/s (avg 78141) ETA 394m09s | gtok=1,152,000,000 | GPU 1.3/30.5GB
step 31300 [31300/81380  38%]  loss=3.3549 ppl=28.6 lr=1.38e-04 | 85224 tok/s (avg 78152) ETA 393m42s | gtok=1,153,843,200 | GPU 1.3/30.5GB
step 31350 [31350/81380  39%]  loss=3.2568 ppl=26.0 lr=1.38e-04 | 85154 tok/s (avg 78162) ETA 393m15s | gtok=1,155,686,400 | GPU 1.3/30.5GB
step 31400 [31400/81380  39%]  loss=3.3702 ppl=29.1 lr=1.37e-04 | 85333 tok/s (avg 78172) ETA 392m49s | gtok=1,157,529,600 | GPU 1.3/30.5GB
step 31450 [31450/81380  39%]  loss=3.3533 ppl=28.6 lr=1.37e-04 | 84569 tok/s (avg 78182) ETA 392m22s | gtok=1,159,372,800 | GPU 1.3/30.5GB
step 31500 [31500/81380  39%]  loss=3.3287 ppl=27.9 lr=1.37e-04 | 85011 tok/s (avg 78192) ETA 391m56s | gtok=1,161,216,000 | GPU 1.3/30.5GB
step 31550 [31550/81380  39%]  loss=3.4389 ppl=31.2 lr=1.37e-04 | 85160 tok/s (avg 78202) ETA 391m29s | gtok=1,163,059,200 | GPU 1.3/30.5GB
step 31600 [31600/81380  39%]  loss=3.2667 ppl=26.2 lr=1.37e-04 | 85352 tok/s (avg 78212) ETA 391m02s | gtok=1,164,902,400 | GPU 1.3/30.5GB
step 31650 [31650/81380  39%]  loss=3.3336 ppl=28.0 lr=1.36e-04 | 85146 tok/s (avg 78222) ETA 390m36s | gtok=1,166,745,600 | GPU 1.3/30.5GB
step 31700 [31700/81380  39%]  loss=3.3678 ppl=29.0 lr=1.36e-04 | 85108 tok/s (avg 78232) ETA 390m09s | gtok=1,168,588,800 | GPU 1.3/30.5GB
step 31750 [31750/81380  39%]  loss=3.2596 ppl=26.0 lr=1.36e-04 | 85229 tok/s (avg 78242) ETA 389m43s | gtok=1,170,432,000 | GPU 1.3/30.5GB
step 31800 [31800/81380  39%]  loss=3.4597 ppl=31.8 lr=1.36e-04 | 85295 tok/s (avg 78253) ETA 389m16s | gtok=1,172,275,200 | GPU 1.3/30.5GB
step 31850 [31850/81380  39%]  loss=3.3166 ppl=27.6 lr=1.36e-04 | 85177 tok/s (avg 78263) ETA 388m50s | gtok=1,174,118,400 | GPU 1.3/30.5GB
step 31900 [31900/81380  39%]  loss=3.3793 ppl=29.3 lr=1.36e-04 | 84927 tok/s (avg 78272) ETA 388m23s | gtok=1,175,961,600 | GPU 1.3/30.5GB
step 31950 [31950/81380  39%]  loss=3.2689 ppl=26.3 lr=1.35e-04 | 85132 tok/s (avg 78282) ETA 387m57s | gtok=1,177,804,800 | GPU 1.3/30.5GB
step 32000 [32000/81380  39%]  loss=3.0994 ppl=22.2 lr=1.35e-04 | 84487 tok/s (avg 78291) ETA 387m31s | gtok=1,179,648,000 | GPU 1.3/30.5GB
  [gen @ step 32000, 1,179,648,000 tok] prompt: In 1923, the University of
    In 1923, the University of Chicago was founded in Chicago. The university received funding from the U.S. Department of Education, the National Institute on Alcohol Abuse and Disease Prevention and the National Institutes of Health.
The University's goal is to ensure that every student who has a high school diploma will attain their education level in the following areas:

  • Physical development
  • Emotional intelligence
  • Developmental maturity
  [checkpoint] step 32000 -> checkpoints_v13_sempty/mix3b_chrono_gate_bbc12e9/best_model.pt
  [val @ step 32000] val_loss=3.4163 val_ppl=30.46 *best* (best 30.46)
  [wiki_val @ step 32000] val_loss=4.2326 val_ppl=68.90
  [checkpoint] step 32000 -> checkpoints_v13_sempty/mix3b_chrono_gate_bbc12e9/latest.pt
  [diag] step 32000 cgu=+0.19 +0.23 +0.24 +0.30 +0.35 +0.39 +0.45 +0.56 +0.67 +0.76 +0.84 +0.93 +1.03 +1.11 +1.55 +1.56  pam=+0.01 +0.01 +0.01 +0.01 +0.02 +0.02 +0.02 +0.02 +0.03 +0.03 +0.03 +0.06 +0.08 +0.15 +0.12 +0.08
  [diag] dtbias=-3.92 -3.90 -3.90 -3.98 -3.90 -3.93 -3.93 -3.96 -3.96 -3.96 -3.94 -3.93 -3.87 -3.98 -3.90 -3.94  ret=0.76 0.71 0.78 0.88 0.77 0.82 0.81 0.91 0.88 0.85 0.83 0.86 0.63 0.87 0.67 0.79
  [diag] gnorm=6.2e-01 1.1e-01 2.6e-01 2.9e-01 1.4e-01 9.4e-02 1.0e-01 1.1e-01 1.5e-01 9.7e-02 9.4e-02 9.5e-02 1.2e-01 1.8e-01 9.5e-02 9.9e-02  wnorm=76.1 79.6 80.8 81.2 81.5 81.7 81.9 82.0 82.1 82.2 82.9 82.8 83.0 83.4 84.7 84.5
step 32050 [32050/81380  39%]  loss=3.3638 ppl=28.9 lr=1.35e-04 | 28527 tok/s (avg 78078) ETA 388m10s | gtok=1,181,491,200 | GPU 1.3/30.5GB
step 32100 [32100/81380  39%]  loss=3.1757 ppl=23.9 lr=1.35e-04 | 85066 tok/s (avg 78088) ETA 387m44s | gtok=1,183,334,400 | GPU 1.3/30.5GB
step 32150 [32150/81380  40%]  loss=3.4764 ppl=32.3 lr=1.35e-04 | 85234 tok/s (avg 78099) ETA 387m17s | gtok=1,185,177,600 | GPU 1.3/30.5GB
step 32200 [32200/81380  40%]  loss=3.2202 ppl=25.0 lr=1.34e-04 | 85329 tok/s (avg 78109) ETA 386m50s | gtok=1,187,020,800 | GPU 1.3/30.5GB
step 32250 [32250/81380  40%]  loss=3.5021 ppl=33.2 lr=1.34e-04 | 85316 tok/s (avg 78119) ETA 386m24s | gtok=1,188,864,000 | GPU 1.3/30.5GB
step 32300 [32300/81380  40%]  loss=3.2442 ppl=25.6 lr=1.34e-04 | 85244 tok/s (avg 78129) ETA 385m57s | gtok=1,190,707,200 | GPU 1.3/30.5GB
step 32350 [32350/81380  40%]  loss=3.3050 ppl=27.2 lr=1.34e-04 | 84584 tok/s (avg 78138) ETA 385m31s | gtok=1,192,550,400 | GPU 1.3/30.5GB
step 32400 [32400/81380  40%]  loss=3.2683 ppl=26.3 lr=1.34e-04 | 85193 tok/s (avg 78148) ETA 385m04s | gtok=1,194,393,600 | GPU 1.3/30.5GB
step 32450 [32450/81380  40%]  loss=3.3807 ppl=29.4 lr=1.33e-04 | 85176 tok/s (avg 78158) ETA 384m38s | gtok=1,196,236,800 | GPU 1.3/30.5GB
step 32500 [32500/81380  40%]  loss=3.1865 ppl=24.2 lr=1.33e-04 | 85358 tok/s (avg 78169) ETA 384m11s | gtok=1,198,080,000 | GPU 1.3/30.5GB
step 32550 [32550/81380  40%]  loss=3.2779 ppl=26.5 lr=1.33e-04 | 85373 tok/s (avg 78179) ETA 383m45s | gtok=1,199,923,200 | GPU 1.3/30.5GB
step 32600 [32600/81380  40%]  loss=3.3566 ppl=28.7 lr=1.33e-04 | 85261 tok/s (avg 78189) ETA 383m18s | gtok=1,201,766,400 | GPU 1.3/30.5GB
step 32650 [32650/81380  40%]  loss=3.3205 ppl=27.7 lr=1.33e-04 | 84873 tok/s (avg 78198) ETA 382m52s | gtok=1,203,609,600 | GPU 1.3/30.5GB
step 32700 [32700/81380  40%]  loss=3.2203 ppl=25.0 lr=1.33e-04 | 84786 tok/s (avg 78207) ETA 382m25s | gtok=1,205,452,800 | GPU 1.3/30.5GB
step 32750 [32750/81380  40%]  loss=3.2985 ppl=27.1 lr=1.32e-04 | 85445 tok/s (avg 78217) ETA 381m59s | gtok=1,207,296,000 | GPU 1.3/30.5GB
step 32800 [32800/81380  40%]  loss=3.2951 ppl=27.0 lr=1.32e-04 | 68407 tok/s (avg 78200) ETA 381m40s | gtok=1,209,139,200 | GPU 1.3/30.5GB
step 32850 [32850/81380  40%]  loss=3.1952 ppl=24.4 lr=1.32e-04 | 84941 tok/s (avg 78210) ETA 381m14s | gtok=1,210,982,400 | GPU 1.3/30.5GB
step 32900 [32900/81380  40%]  loss=3.2663 ppl=26.2 lr=1.32e-04 | 84186 tok/s (avg 78218) ETA 380m48s | gtok=1,212,825,600 | GPU 1.3/30.5GB
step 32950 [32950/81380  40%]  loss=3.2816 ppl=26.6 lr=1.32e-04 | 84950 tok/s (avg 78228) ETA 380m22s | gtok=1,214,668,800 | GPU 1.3/30.5GB
step 33000 [33000/81380  41%]  loss=3.2877 ppl=26.8 lr=1.31e-04 | 84474 tok/s (avg 78236) ETA 379m56s | gtok=1,216,512,000 | GPU 1.3/30.5GB
  [checkpoint] step 33000 -> checkpoints_v13_sempty/mix3b_chrono_gate_bbc12e9/latest.pt
step 33050 [33050/81380  41%]  loss=3.3491 ppl=28.5 lr=1.31e-04 | 78015 tok/s (avg 78236) ETA 379m32s | gtok=1,218,355,200 | GPU 1.3/30.5GB
step 33100 [33100/81380  41%]  loss=3.2217 ppl=25.1 lr=1.31e-04 | 84590 tok/s (avg 78245) ETA 379m06s | gtok=1,220,198,400 | GPU 1.3/30.5GB
step 33150 [33150/81380  41%]  loss=3.3468 ppl=28.4 lr=1.31e-04 | 84519 tok/s (avg 78254) ETA 378m40s | gtok=1,222,041,600 | GPU 1.3/30.5GB
step 33200 [33200/81380  41%]  loss=3.2269 ppl=25.2 lr=1.31e-04 | 84763 tok/s (avg 78263) ETA 378m14s | gtok=1,223,884,800 | GPU 1.3/30.5GB
step 33250 [33250/81380  41%]  loss=3.2930 ppl=26.9 lr=1.31e-04 | 84509 tok/s (avg 78271) ETA 377m48s | gtok=1,225,728,000 | GPU 1.3/30.5GB
step 33300 [33300/81380  41%]  loss=3.3113 ppl=27.4 lr=1.30e-04 | 84889 tok/s (avg 78281) ETA 377m21s | gtok=1,227,571,200 | GPU 1.3/30.5GB
step 33350 [33350/81380  41%]  loss=3.2352 ppl=25.4 lr=1.30e-04 | 84706 tok/s (avg 78290) ETA 376m55s | gtok=1,229,414,400 | GPU 1.3/30.5GB
step 33400 [33400/81380  41%]  loss=3.3339 ppl=28.0 lr=1.30e-04 | 84803 tok/s (avg 78299) ETA 376m29s | gtok=1,231,257,600 | GPU 1.3/30.5GB
step 33450 [33450/81380  41%]  loss=3.3855 ppl=29.5 lr=1.30e-04 | 84169 tok/s (avg 78307) ETA 376m03s | gtok=1,233,100,800 | GPU 1.3/30.5GB
step 33500 [33500/81380  41%]  loss=3.2053 ppl=24.7 lr=1.30e-04 | 84808 tok/s (avg 78316) ETA 375m37s | gtok=1,234,944,000 | GPU 1.3/30.5GB
step 33550 [33550/81380  41%]  loss=3.2445 ppl=25.6 lr=1.29e-04 | 85078 tok/s (avg 78325) ETA 375m11s | gtok=1,236,787,200 | GPU 1.3/30.5GB
step 33600 [33600/81380  41%]  loss=3.3929 ppl=29.8 lr=1.29e-04 | 84741 tok/s (avg 78334) ETA 374m45s | gtok=1,238,630,400 | GPU 1.3/30.5GB
step 33650 [33650/81380  41%]  loss=3.4016 ppl=30.0 lr=1.29e-04 | 85152 tok/s (avg 78343) ETA 374m19s | gtok=1,240,473,600 | GPU 1.3/30.5GB
step 33700 [33700/81380  41%]  loss=3.0494 ppl=21.1 lr=1.29e-04 | 84825 tok/s (avg 78352) ETA 373m53s | gtok=1,242,316,800 | GPU 1.3/30.5GB
step 33750 [33750/81380  41%]  loss=3.1375 ppl=23.0 lr=1.29e-04 | 84841 tok/s (avg 78361) ETA 373m27s | gtok=1,244,160,000 | GPU 1.3/30.5GB
step 33800 [33800/81380  42%]  loss=3.3251 ppl=27.8 lr=1.28e-04 | 85141 tok/s (avg 78370) ETA 373m00s | gtok=1,246,003,200 | GPU 1.3/30.5GB
step 33850 [33850/81380  42%]  loss=3.3598 ppl=28.8 lr=1.28e-04 | 85014 tok/s (avg 78379) ETA 372m34s | gtok=1,247,846,400 | GPU 1.3/30.5GB
step 33900 [33900/81380  42%]  loss=3.2618 ppl=26.1 lr=1.28e-04 | 84962 tok/s (avg 78388) ETA 372m08s | gtok=1,249,689,600 | GPU 1.3/30.5GB
step 33950 [33950/81380  42%]  loss=3.2287 ppl=25.2 lr=1.28e-04 | 84955 tok/s (avg 78397) ETA 371m42s | gtok=1,251,532,800 | GPU 1.3/30.5GB
step 34000 [34000/81380  42%]  loss=3.5028 ppl=33.2 lr=1.28e-04 | 85096 tok/s (avg 78406) ETA 371m16s | gtok=1,253,376,000 | GPU 1.3/30.5GB
  [checkpoint] step 34000 -> checkpoints_v13_sempty/mix3b_chrono_gate_bbc12e9/best_model.pt
  [val @ step 34000] val_loss=3.4120 val_ppl=30.33 *best* (best 30.33)
  [wiki_val @ step 34000] val_loss=4.2334 val_ppl=68.95
  [checkpoint] step 34000 -> checkpoints_v13_sempty/mix3b_chrono_gate_bbc12e9/latest.pt
  [diag] step 34000 cgu=+0.18 +0.22 +0.24 +0.29 +0.34 +0.39 +0.44 +0.56 +0.66 +0.75 +0.83 +0.93 +1.03 +1.11 +1.55 +1.57  pam=+0.01 +0.01 +0.01 +0.01 +0.02 +0.02 +0.02 +0.02 +0.03 +0.03 +0.03 +0.06 +0.08 +0.14 +0.12 +0.08
  [diag] dtbias=-3.92 -3.90 -3.90 -3.98 -3.89 -3.93 -3.93 -3.95 -3.96 -3.96 -3.94 -3.93 -3.87 -3.98 -3.90 -3.94  ret=0.75 0.70 0.77 0.88 0.77 0.82 0.80 0.90 0.88 0.84 0.83 0.86 0.63 0.87 0.66 0.77
  [diag] gnorm=9.8e-02 2.4e-01 2.9e-01 2.8e-01 9.2e-02 7.8e-02 2.8e-01 1.9e-01 1.9e-01 9.9e-02 2.8e-01 9.7e-02 1.3e-01 1.8e-01 1.1e-01 1.4e-01  wnorm=77.0 80.4 81.5 82.0 82.2 82.4 82.6 82.7 82.8 82.8 83.5 83.5 83.7 84.1 85.3 85.2
step 34050 [34050/81380  42%]  loss=3.4527 ppl=31.6 lr=1.28e-04 | 29154 tok/s (avg 78212) ETA 371m48s | gtok=1,255,219,200 | GPU 1.3/30.5GB
step 34100 [34100/81380  42%]  loss=3.2524 ppl=25.9 lr=1.27e-04 | 84829 tok/s (avg 78221) ETA 371m22s | gtok=1,257,062,400 | GPU 1.3/30.5GB
step 34150 [34150/81380  42%]  loss=3.2959 ppl=27.0 lr=1.27e-04 | 85075 tok/s (avg 78230) ETA 370m55s | gtok=1,258,905,600 | GPU 1.3/30.5GB
step 34200 [34200/81380  42%]  loss=3.4084 ppl=30.2 lr=1.27e-04 | 84845 tok/s (avg 78239) ETA 370m29s | gtok=1,260,748,800 | GPU 1.3/30.5GB
step 34250 [34250/81380  42%]  loss=3.2783 ppl=26.5 lr=1.27e-04 | 85079 tok/s (avg 78248) ETA 370m03s | gtok=1,262,592,000 | GPU 1.3/30.5GB
step 34300 [34300/81380  42%]  loss=3.4567 ppl=31.7 lr=1.27e-04 | 85035 tok/s (avg 78257) ETA 369m37s | gtok=1,264,435,200 | GPU 1.3/30.5GB
step 34350 [34350/81380  42%]  loss=3.2240 ppl=25.1 lr=1.26e-04 | 85129 tok/s (avg 78267) ETA 369m11s | gtok=1,266,278,400 | GPU 1.3/30.5GB
step 34400 [34400/81380  42%]  loss=3.3723 ppl=29.1 lr=1.26e-04 | 85301 tok/s (avg 78276) ETA 368m45s | gtok=1,268,121,600 | GPU 1.3/30.5GB
step 34450 [34450/81380  42%]  loss=3.2985 ppl=27.1 lr=1.26e-04 | 84375 tok/s (avg 78284) ETA 368m19s | gtok=1,269,964,800 | GPU 1.3/30.5GB
step 34500 [34500/81380  42%]  loss=3.3563 ppl=28.7 lr=1.26e-04 | 84857 tok/s (avg 78293) ETA 367m53s | gtok=1,271,808,000 | GPU 1.3/30.5GB
step 34550 [34550/81380  42%]  loss=3.2834 ppl=26.7 lr=1.26e-04 | 84804 tok/s (avg 78302) ETA 367m27s | gtok=1,273,651,200 | GPU 1.3/30.5GB
step 34600 [34600/81380  43%]  loss=3.2416 ppl=25.6 lr=1.25e-04 | 84978 tok/s (avg 78311) ETA 367m01s | gtok=1,275,494,400 | GPU 1.3/30.5GB
step 34650 [34650/81380  43%]  loss=3.4418 ppl=31.2 lr=1.25e-04 | 84911 tok/s (avg 78319) ETA 366m35s | gtok=1,277,337,600 | GPU 1.3/30.5GB
step 34700 [34700/81380  43%]  loss=3.3435 ppl=28.3 lr=1.25e-04 | 84794 tok/s (avg 78328) ETA 366m09s | gtok=1,279,180,800 | GPU 1.3/30.5GB
step 34750 [34750/81380  43%]  loss=3.2109 ppl=24.8 lr=1.25e-04 | 84842 tok/s (avg 78337) ETA 365m43s | gtok=1,281,024,000 | GPU 1.3/30.5GB
step 34800 [34800/81380  43%]  loss=3.2696 ppl=26.3 lr=1.25e-04 | 85052 tok/s (avg 78346) ETA 365m17s | gtok=1,282,867,200 | GPU 1.3/30.5GB
step 34850 [34850/81380  43%]  loss=3.2493 ppl=25.8 lr=1.25e-04 | 84980 tok/s (avg 78354) ETA 364m51s | gtok=1,284,710,400 | GPU 1.3/30.5GB
step 34900 [34900/81380  43%]  loss=3.4937 ppl=32.9 lr=1.24e-04 | 84923 tok/s (avg 78363) ETA 364m25s | gtok=1,286,553,600 | GPU 1.3/30.5GB
step 34950 [34950/81380  43%]  loss=3.4104 ppl=30.3 lr=1.24e-04 | 84637 tok/s (avg 78371) ETA 363m59s | gtok=1,288,396,800 | GPU 1.3/30.5GB
step 35000 [35000/81380  43%]  loss=3.2535 ppl=25.9 lr=1.24e-04 | 83953 tok/s (avg 78379) ETA 363m33s | gtok=1,290,240,000 | GPU 1.3/30.5GB
  [checkpoint] step 35000 -> checkpoints_v13_sempty/mix3b_chrono_gate_bbc12e9/latest.pt
step 35050 [35050/81380  43%]  loss=3.1888 ppl=24.3 lr=1.24e-04 | 78198 tok/s (avg 78378) ETA 363m10s | gtok=1,292,083,200 | GPU 1.3/30.5GB
step 35100 [35100/81380  43%]  loss=3.2583 ppl=26.0 lr=1.24e-04 | 84886 tok/s (avg 78387) ETA 362m44s | gtok=1,293,926,400 | GPU 1.3/30.5GB
step 35150 [35150/81380  43%]  loss=3.3867 ppl=29.6 lr=1.23e-04 | 84747 tok/s (avg 78395) ETA 362m18s | gtok=1,295,769,600 | GPU 1.3/30.5GB
step 35200 [35200/81380  43%]  loss=3.1036 ppl=22.3 lr=1.23e-04 | 84695 tok/s (avg 78404) ETA 361m52s | gtok=1,297,612,800 | GPU 1.3/30.5GB
step 35250 [35250/81380  43%]  loss=3.1591 ppl=23.5 lr=1.23e-04 | 85439 tok/s (avg 78413) ETA 361m26s | gtok=1,299,456,000 | GPU 1.3/30.5GB
step 35300 [35300/81380  43%]  loss=3.0891 ppl=22.0 lr=1.23e-04 | 84949 tok/s (avg 78421) ETA 361m01s | gtok=1,301,299,200 | GPU 1.3/30.5GB
step 35350 [35350/81380  43%]  loss=3.1731 ppl=23.9 lr=1.23e-04 | 85028 tok/s (avg 78430) ETA 360m35s | gtok=1,303,142,400 | GPU 1.3/30.5GB
step 35400 [35400/81380  43%]  loss=3.4838 ppl=32.6 lr=1.22e-04 | 85080 tok/s (avg 78439) ETA 360m09s | gtok=1,304,985,600 | GPU 1.3/30.5GB
step 35450 [35450/81380  44%]  loss=3.3168 ppl=27.6 lr=1.22e-04 | 85103 tok/s (avg 78447) ETA 359m43s | gtok=1,306,828,800 | GPU 1.3/30.5GB
step 35500 [35500/81380  44%]  loss=3.3387 ppl=28.2 lr=1.22e-04 | 85002 tok/s (avg 78456) ETA 359m17s | gtok=1,308,672,000 | GPU 1.3/30.5GB
step 35550 [35550/81380  44%]  loss=3.1405 ppl=23.1 lr=1.22e-04 | 84098 tok/s (avg 78463) ETA 358m52s | gtok=1,310,515,200 | GPU 1.3/30.5GB
step 35600 [35600/81380  44%]  loss=3.3032 ppl=27.2 lr=1.22e-04 | 85364 tok/s (avg 78472) ETA 358m26s | gtok=1,312,358,400 | GPU 1.3/30.5GB
step 35650 [35650/81380  44%]  loss=3.3478 ppl=28.4 lr=1.21e-04 | 85013 tok/s (avg 78481) ETA 358m00s | gtok=1,314,201,600 | GPU 1.3/30.5GB
step 35700 [35700/81380  44%]  loss=3.2765 ppl=26.5 lr=1.21e-04 | 84882 tok/s (avg 78489) ETA 357m34s | gtok=1,316,044,800 | GPU 1.3/30.5GB
step 35750 [35750/81380  44%]  loss=3.2188 ppl=25.0 lr=1.21e-04 | 84633 tok/s (avg 78497) ETA 357m08s | gtok=1,317,888,000 | GPU 1.3/30.5GB
step 35800 [35800/81380  44%]  loss=3.1985 ppl=24.5 lr=1.21e-04 | 84982 tok/s (avg 78505) ETA 356m43s | gtok=1,319,731,200 | GPU 1.3/30.5GB
step 35850 [35850/81380  44%]  loss=3.0845 ppl=21.9 lr=1.21e-04 | 85035 tok/s (avg 78514) ETA 356m17s | gtok=1,321,574,400 | GPU 1.3/30.5GB
step 35900 [35900/81380  44%]  loss=3.2346 ppl=25.4 lr=1.21e-04 | 84880 tok/s (avg 78522) ETA 355m51s | gtok=1,323,417,600 | GPU 1.3/30.5GB
step 35950 [35950/81380  44%]  loss=3.1508 ppl=23.4 lr=1.20e-04 | 84918 tok/s (avg 78530) ETA 355m25s | gtok=1,325,260,800 | GPU 1.3/30.5GB
step 36000 [36000/81380  44%]  loss=3.3794 ppl=29.4 lr=1.20e-04 | 85050 tok/s (avg 78538) ETA 355m00s | gtok=1,327,104,000 | GPU 1.3/30.5GB
  [gen @ step 36000, 1,327,104,000 tok] prompt: In 1923, the University of
    In 1923, the University of Wisconsin-Madison was formed to investigate the effects of pollution on the ozone layer. It had been created by the University of Wisconsin in 1925.
This experiment will be an important step toward a solution to global warming. It is intended to help nations and governments to plan for a global climate which could not only be met with disaster by the coming century, but also be able to prepare for the future with
  [checkpoint] step 36000 -> checkpoints_v13_sempty/mix3b_chrono_gate_bbc12e9/best_model.pt
  [val @ step 36000] val_loss=3.3926 val_ppl=29.74 *best* (best 29.74)
  [wiki_val @ step 36000] val_loss=4.2090 val_ppl=67.29
  [checkpoint] step 36000 -> checkpoints_v13_sempty/mix3b_chrono_gate_bbc12e9/latest.pt
  [diag] step 36000 cgu=+0.18 +0.22 +0.24 +0.29 +0.34 +0.39 +0.44 +0.56 +0.66 +0.75 +0.83 +0.92 +1.03 +1.11 +1.56 +1.58  pam=+0.01 +0.01 +0.01 +0.01 +0.02 +0.02 +0.02 +0.02 +0.03 +0.03 +0.03 +0.05 +0.08 +0.14 +0.12 +0.08
  [diag] dtbias=-3.92 -3.89 -3.90 -3.98 -3.89 -3.93 -3.93 -3.95 -3.96 -3.96 -3.94 -3.93 -3.87 -3.98 -3.90 -3.94  ret=0.75 0.70 0.76 0.88 0.76 0.81 0.80 0.91 0.88 0.85 0.83 0.85 0.63 0.87 0.67 0.77
  [diag] gnorm=8.9e-02 1.3e-01 1.9e-01 5.7e-01 6.8e-02 1.0e-01 1.6e-01 1.4e-01 1.5e-01 9.2e-02 1.2e-01 1.3e-01 1.2e-01 1.7e-01 1.2e-01 1.2e-01  wnorm=77.7 81.0 82.2 82.6 82.8 83.0 83.2 83.3 83.4 83.4 84.1 84.1 84.3 84.7 85.9 85.8
step 36050 [36050/81380  44%]  loss=3.3437 ppl=28.3 lr=1.20e-04 | 11500 tok/s (avg 77909) ETA 357m28s | gtok=1,328,947,200 | GPU 1.3/30.5GB
step 36100 [36100/81380  44%]  loss=3.2614 ppl=26.1 lr=1.20e-04 | 84915 tok/s (avg 77917) ETA 357m02s | gtok=1,330,790,400 | GPU 1.3/30.5GB
step 36150 [36150/81380  44%]  loss=3.2456 ppl=25.7 lr=1.20e-04 | 84408 tok/s (avg 77926) ETA 356m36s | gtok=1,332,633,600 | GPU 1.3/30.5GB
step 36200 [36200/81380  44%]  loss=3.4662 ppl=32.0 lr=1.19e-04 | 69592 tok/s (avg 77913) ETA 356m16s | gtok=1,334,476,800 | GPU 1.3/30.5GB
step 36250 [36250/81380  45%]  loss=3.2645 ppl=26.2 lr=1.19e-04 | 84785 tok/s (avg 77922) ETA 355m50s | gtok=1,336,320,000 | GPU 1.3/30.5GB
step 36300 [36300/81380  45%]  loss=3.1290 ppl=22.9 lr=1.19e-04 | 84945 tok/s (avg 77930) ETA 355m24s | gtok=1,338,163,200 | GPU 1.3/30.5GB
step 36350 [36350/81380  45%]  loss=3.4110 ppl=30.3 lr=1.19e-04 | 85362 tok/s (avg 77940) ETA 354m58s | gtok=1,340,006,400 | GPU 1.3/30.5GB
step 36400 [36400/81380  45%]  loss=3.3026 ppl=27.2 lr=1.19e-04 | 85127 tok/s (avg 77949) ETA 354m32s | gtok=1,341,849,600 | GPU 1.3/30.5GB
step 36450 [36450/81380  45%]  loss=3.1363 ppl=23.0 lr=1.18e-04 | 84745 tok/s (avg 77957) ETA 354m06s | gtok=1,343,692,800 | GPU 1.3/30.5GB
step 36500 [36500/81380  45%]  loss=3.3016 ppl=27.2 lr=1.18e-04 | 84085 tok/s (avg 77965) ETA 353m40s | gtok=1,345,536,000 | GPU 1.3/30.5GB
step 36550 [36550/81380  45%]  loss=3.2552 ppl=25.9 lr=1.18e-04 | 84799 tok/s (avg 77974) ETA 353m14s | gtok=1,347,379,200 | GPU 1.3/30.5GB
step 36600 [36600/81380  45%]  loss=3.3363 ppl=28.1 lr=1.18e-04 | 84889 tok/s (avg 77982) ETA 352m48s | gtok=1,349,222,400 | GPU 1.3/30.5GB
step 36650 [36650/81380  45%]  loss=3.2957 ppl=27.0 lr=1.18e-04 | 85098 tok/s (avg 77991) ETA 352m22s | gtok=1,351,065,600 | GPU 1.3/30.5GB
step 36700 [36700/81380  45%]  loss=3.2587 ppl=26.0 lr=1.17e-04 | 84999 tok/s (avg 78000) ETA 351m56s | gtok=1,352,908,800 | GPU 1.3/30.5GB
step 36750 [36750/81380  45%]  loss=3.2043 ppl=24.6 lr=1.17e-04 | 84860 tok/s (avg 78009) ETA 351m30s | gtok=1,354,752,000 | GPU 1.3/30.5GB
step 36800 [36800/81380  45%]  loss=3.2867 ppl=26.8 lr=1.17e-04 | 84766 tok/s (avg 78017) ETA 351m04s | gtok=1,356,595,200 | GPU 1.3/30.5GB
step 36850 [36850/81380  45%]  loss=3.1571 ppl=23.5 lr=1.17e-04 | 84820 tok/s (avg 78026) ETA 350m38s | gtok=1,358,438,400 | GPU 1.3/30.5GB
step 36900 [36900/81380  45%]  loss=3.3918 ppl=29.7 lr=1.17e-04 | 84912 tok/s (avg 78034) ETA 350m12s | gtok=1,360,281,600 | GPU 1.3/30.5GB
step 36950 [36950/81380  45%]  loss=3.4247 ppl=30.7 lr=1.16e-04 | 84929 tok/s (avg 78043) ETA 349m46s | gtok=1,362,124,800 | GPU 1.3/30.5GB
step 37000 [37000/81380  45%]  loss=3.0700 ppl=21.5 lr=1.16e-04 | 84941 tok/s (avg 78051) ETA 349m20s | gtok=1,363,968,000 | GPU 1.3/30.5GB
  [checkpoint] step 37000 -> checkpoints_v13_sempty/mix3b_chrono_gate_bbc12e9/latest.pt
step 37050 [37050/81380  46%]  loss=3.2387 ppl=25.5 lr=1.16e-04 | 77743 tok/s (avg 78051) ETA 348m57s | gtok=1,365,811,200 | GPU 1.3/30.5GB
step 37100 [37100/81380  46%]  loss=3.0994 ppl=22.2 lr=1.16e-04 | 85028 tok/s (avg 78060) ETA 348m31s | gtok=1,367,654,400 | GPU 1.3/30.5GB
step 37150 [37150/81380  46%]  loss=3.0574 ppl=21.3 lr=1.16e-04 | 85285 tok/s (avg 78068) ETA 348m05s | gtok=1,369,497,600 | GPU 1.3/30.5GB
step 37200 [37200/81380  46%]  loss=3.3840 ppl=29.5 lr=1.16e-04 | 84881 tok/s (avg 78077) ETA 347m39s | gtok=1,371,340,800 | GPU 1.3/30.5GB
step 37250 [37250/81380  46%]  loss=3.2004 ppl=24.5 lr=1.15e-04 | 84778 tok/s (avg 78085) ETA 347m13s | gtok=1,373,184,000 | GPU 1.3/30.5GB
step 37300 [37300/81380  46%]  loss=3.1329 ppl=22.9 lr=1.15e-04 | 84735 tok/s (avg 78093) ETA 346m47s | gtok=1,375,027,200 | GPU 1.3/30.5GB
step 37350 [37350/81380  46%]  loss=3.2346 ppl=25.4 lr=1.15e-04 | 85006 tok/s (avg 78102) ETA 346m22s | gtok=1,376,870,400 | GPU 1.3/30.5GB
step 37400 [37400/81380  46%]  loss=3.3606 ppl=28.8 lr=1.15e-04 | 84900 tok/s (avg 78110) ETA 345m56s | gtok=1,378,713,600 | GPU 1.3/30.5GB
step 37450 [37450/81380  46%]  loss=3.3548 ppl=28.6 lr=1.15e-04 | 85060 tok/s (avg 78119) ETA 345m30s | gtok=1,380,556,800 | GPU 1.3/30.5GB
step 37500 [37500/81380  46%]  loss=3.3734 ppl=29.2 lr=1.14e-04 | 85033 tok/s (avg 78127) ETA 345m04s | gtok=1,382,400,000 | GPU 1.3/30.5GB
step 37550 [37550/81380  46%]  loss=3.4060 ppl=30.1 lr=1.14e-04 | 85100 tok/s (avg 78136) ETA 344m38s | gtok=1,384,243,200 | GPU 1.3/30.5GB
step 37600 [37600/81380  46%]  loss=3.2876 ppl=26.8 lr=1.14e-04 | 84161 tok/s (avg 78143) ETA 344m13s | gtok=1,386,086,400 | GPU 1.3/30.5GB
step 37650 [37650/81380  46%]  loss=3.2584 ppl=26.0 lr=1.14e-04 | 85253 tok/s (avg 78152) ETA 343m47s | gtok=1,387,929,600 | GPU 1.3/30.5GB
step 37700 [37700/81380  46%]  loss=3.2471 ppl=25.7 lr=1.14e-04 | 85138 tok/s (avg 78160) ETA 343m21s | gtok=1,389,772,800 | GPU 1.3/30.5GB
step 37750 [37750/81380  46%]  loss=3.2864 ppl=26.7 lr=1.13e-04 | 85193 tok/s (avg 78169) ETA 342m55s | gtok=1,391,616,000 | GPU 1.3/30.5GB
step 37800 [37800/81380  46%]  loss=2.9431 ppl=19.0 lr=1.13e-04 | 85175 tok/s (avg 78177) ETA 342m29s | gtok=1,393,459,200 | GPU 1.3/30.5GB
step 37850 [37850/81380  47%]  loss=2.9937 ppl=20.0 lr=1.13e-04 | 85097 tok/s (avg 78186) ETA 342m04s | gtok=1,395,302,400 | GPU 1.3/30.5GB
step 37900 [37900/81380  47%]  loss=3.2119 ppl=24.8 lr=1.13e-04 | 85067 tok/s (avg 78194) ETA 341m38s | gtok=1,397,145,600 | GPU 1.3/30.5GB
step 37950 [37950/81380  47%]  loss=3.0570 ppl=21.3 lr=1.13e-04 | 84770 tok/s (avg 78202) ETA 341m12s | gtok=1,398,988,800 | GPU 1.3/30.5GB
step 38000 [38000/81380  47%]  loss=3.2341 ppl=25.4 lr=1.12e-04 | 84850 tok/s (avg 78210) ETA 340m46s | gtok=1,400,832,000 | GPU 1.3/30.5GB
  [val @ step 38000] val_loss=3.3970 val_ppl=29.87 (best 29.74)
  [wiki_val @ step 38000] val_loss=4.1730 val_ppl=64.91
  [checkpoint] step 38000 -> checkpoints_v13_sempty/mix3b_chrono_gate_bbc12e9/latest.pt
  [diag] step 38000 cgu=+0.18 +0.22 +0.24 +0.29 +0.34 +0.39 +0.44 +0.55 +0.66 +0.75 +0.83 +0.92 +1.03 +1.11 +1.57 +1.59  pam=+0.00 +0.01 +0.01 +0.01 +0.02 +0.02 +0.02 +0.02 +0.02 +0.03 +0.03 +0.05 +0.08 +0.14 +0.12 +0.08
  [diag] dtbias=-3.91 -3.89 -3.90 -3.98 -3.89 -3.93 -3.93 -3.95 -3.96 -3.96 -3.94 -3.93 -3.87 -3.98 -3.90 -3.94  ret=0.75 0.70 0.76 0.87 0.76 0.80 0.79 0.90 0.88 0.84 0.83 0.85 0.62 0.86 0.66 0.76
  [diag] gnorm=7.6e-02 2.0e-01 3.7e-01 5.4e-01 9.3e-02 7.3e-02 1.1e-01 7.0e-02 1.3e-01 1.1e-01 1.0e-01 9.5e-02 1.2e-01 1.8e-01 9.6e-02 1.1e-01  wnorm=78.3 81.6 82.8 83.1 83.4 83.6 83.7 83.8 83.9 83.9 84.6 84.6 84.7 85.2 86.4 86.2
step 38050 [38050/81380  47%]  loss=3.3221 ppl=27.7 lr=1.12e-04 | 29986 tok/s (avg 78045) ETA 341m06s | gtok=1,402,675,200 | GPU 1.3/30.5GB
step 38100 [38100/81380  47%]  loss=3.2477 ppl=25.7 lr=1.12e-04 | 84498 tok/s (avg 78053) ETA 340m40s | gtok=1,404,518,400 | GPU 1.3/30.5GB
step 38150 [38150/81380  47%]  loss=3.1854 ppl=24.2 lr=1.12e-04 | 84812 tok/s (avg 78061) ETA 340m15s | gtok=1,406,361,600 | GPU 1.3/30.5GB
step 38200 [38200/81380  47%]  loss=3.2751 ppl=26.4 lr=1.12e-04 | 84932 tok/s (avg 78070) ETA 339m49s | gtok=1,408,204,800 | GPU 1.3/30.5GB
step 38250 [38250/81380  47%]  loss=3.2113 ppl=24.8 lr=1.11e-04 | 84677 tok/s (avg 78077) ETA 339m23s | gtok=1,410,048,000 | GPU 1.3/30.5GB
step 38300 [38300/81380  47%]  loss=3.2028 ppl=24.6 lr=1.11e-04 | 85099 tok/s (avg 78086) ETA 338m57s | gtok=1,411,891,200 | GPU 1.3/30.5GB
step 38350 [38350/81380  47%]  loss=3.1090 ppl=22.4 lr=1.11e-04 | 85093 tok/s (avg 78094) ETA 338m32s | gtok=1,413,734,400 | GPU 1.3/30.5GB
step 38400 [38400/81380  47%]  loss=3.2240 ppl=25.1 lr=1.11e-04 | 84890 tok/s (avg 78102) ETA 338m06s | gtok=1,415,577,600 | GPU 1.3/30.5GB
step 38450 [38450/81380  47%]  loss=3.2504 ppl=25.8 lr=1.11e-04 | 85004 tok/s (avg 78111) ETA 337m40s | gtok=1,417,420,800 | GPU 1.3/30.5GB
step 38500 [38500/81380  47%]  loss=3.2264 ppl=25.2 lr=1.10e-04 | 84858 tok/s (avg 78119) ETA 337m14s | gtok=1,419,264,000 | GPU 1.3/30.5GB
step 38550 [38550/81380  47%]  loss=3.4036 ppl=30.1 lr=1.10e-04 | 84942 tok/s (avg 78127) ETA 336m49s | gtok=1,421,107,200 | GPU 1.3/30.5GB
step 38600 [38600/81380  47%]  loss=3.0946 ppl=22.1 lr=1.10e-04 | 84562 tok/s (avg 78135) ETA 336m23s | gtok=1,422,950,400 | GPU 1.3/30.5GB
step 38650 [38650/81380  47%]  loss=3.0837 ppl=21.8 lr=1.10e-04 | 85351 tok/s (avg 78143) ETA 335m57s | gtok=1,424,793,600 | GPU 1.3/30.5GB
step 38700 [38700/81380  48%]  loss=3.2038 ppl=24.6 lr=1.10e-04 | 85114 tok/s (avg 78151) ETA 335m32s | gtok=1,426,636,800 | GPU 1.3/30.5GB
step 38750 [38750/81380  48%]  loss=3.2812 ppl=26.6 lr=1.10e-04 | 84932 tok/s (avg 78159) ETA 335m06s | gtok=1,428,480,000 | GPU 1.3/30.5GB
step 38800 [38800/81380  48%]  loss=3.1567 ppl=23.5 lr=1.09e-04 | 85100 tok/s (avg 78168) ETA 334m40s | gtok=1,430,323,200 | GPU 1.3/30.5GB
step 38850 [38850/81380  48%]  loss=3.1341 ppl=23.0 lr=1.09e-04 | 84705 tok/s (avg 78175) ETA 334m15s | gtok=1,432,166,400 | GPU 1.3/30.5GB
step 38900 [38900/81380  48%]  loss=3.1676 ppl=23.8 lr=1.09e-04 | 84689 tok/s (avg 78183) ETA 333m49s | gtok=1,434,009,600 | GPU 1.3/30.5GB
step 38950 [38950/81380  48%]  loss=3.1265 ppl=22.8 lr=1.09e-04 | 84819 tok/s (avg 78191) ETA 333m24s | gtok=1,435,852,800 | GPU 1.3/30.5GB
step 39000 [39000/81380  48%]  loss=3.1931 ppl=24.4 lr=1.09e-04 | 85383 tok/s (avg 78199) ETA 332m58s | gtok=1,437,696,000 | GPU 1.3/30.5GB
  [checkpoint] step 39000 -> checkpoints_v13_sempty/mix3b_chrono_gate_bbc12e9/latest.pt
step 39050 [39050/81380  48%]  loss=3.3261 ppl=27.8 lr=1.08e-04 | 78812 tok/s (avg 78200) ETA 332m34s | gtok=1,439,539,200 | GPU 1.3/30.5GB
step 39100 [39100/81380  48%]  loss=3.2367 ppl=25.5 lr=1.08e-04 | 85263 tok/s (avg 78208) ETA 332m08s | gtok=1,441,382,400 | GPU 1.3/30.5GB
step 39150 [39150/81380  48%]  loss=3.3963 ppl=29.9 lr=1.08e-04 | 84554 tok/s (avg 78216) ETA 331m43s | gtok=1,443,225,600 | GPU 1.3/30.5GB
step 39200 [39200/81380  48%]  loss=3.1275 ppl=22.8 lr=1.08e-04 | 85292 tok/s (avg 78224) ETA 331m17s | gtok=1,445,068,800 | GPU 1.3/30.5GB
step 39250 [39250/81380  48%]  loss=3.1804 ppl=24.1 lr=1.08e-04 | 84508 tok/s (avg 78232) ETA 330m52s | gtok=1,446,912,000 | GPU 1.3/30.5GB
step 39300 [39300/81380  48%]  loss=3.2735 ppl=26.4 lr=1.07e-04 | 85601 tok/s (avg 78240) ETA 330m26s | gtok=1,448,755,200 | GPU 1.3/30.5GB
step 39350 [39350/81380  48%]  loss=3.2023 ppl=24.6 lr=1.07e-04 | 85223 tok/s (avg 78248) ETA 330m00s | gtok=1,450,598,400 | GPU 1.3/30.5GB
step 39400 [39400/81380  48%]  loss=3.0358 ppl=20.8 lr=1.07e-04 | 85282 tok/s (avg 78257) ETA 329m35s | gtok=1,452,441,600 | GPU 1.3/30.5GB
step 39450 [39450/81380  48%]  loss=3.2240 ppl=25.1 lr=1.07e-04 | 85057 tok/s (avg 78264) ETA 329m09s | gtok=1,454,284,800 | GPU 1.3/30.5GB
step 39500 [39500/81380  49%]  loss=3.2535 ppl=25.9 lr=1.07e-04 | 84891 tok/s (avg 78272) ETA 328m44s | gtok=1,456,128,000 | GPU 1.3/30.5GB
step 39550 [39550/81380  49%]  loss=3.1833 ppl=24.1 lr=1.06e-04 | 84883 tok/s (avg 78280) ETA 328m18s | gtok=1,457,971,200 | GPU 1.3/30.5GB
step 39600 [39600/81380  49%]  loss=3.0634 ppl=21.4 lr=1.06e-04 | 85081 tok/s (avg 78288) ETA 327m53s | gtok=1,459,814,400 | GPU 1.3/30.5GB
step 39650 [39650/81380  49%]  loss=3.2120 ppl=24.8 lr=1.06e-04 | 85212 tok/s (avg 78296) ETA 327m27s | gtok=1,461,657,600 | GPU 1.3/30.5GB
step 39700 [39700/81380  49%]  loss=3.2007 ppl=24.6 lr=1.06e-04 | 84138 tok/s (avg 78303) ETA 327m02s | gtok=1,463,500,800 | GPU 1.3/30.5GB
step 39750 [39750/81380  49%]  loss=3.2331 ppl=25.4 lr=1.06e-04 | 85100 tok/s (avg 78311) ETA 326m36s | gtok=1,465,344,000 | GPU 1.3/30.5GB
step 39800 [39800/81380  49%]  loss=3.3510 ppl=28.5 lr=1.05e-04 | 85155 tok/s (avg 78318) ETA 326m11s | gtok=1,467,187,200 | GPU 1.3/30.5GB
step 39850 [39850/81380  49%]  loss=3.2871 ppl=26.8 lr=1.05e-04 | 85419 tok/s (avg 78327) ETA 325m45s | gtok=1,469,030,400 | GPU 1.3/30.5GB
step 39900 [39900/81380  49%]  loss=3.1523 ppl=23.4 lr=1.05e-04 | 85206 tok/s (avg 78335) ETA 325m20s | gtok=1,470,873,600 | GPU 1.3/30.5GB
step 39950 [39950/81380  49%]  loss=3.4692 ppl=32.1 lr=1.05e-04 | 85260 tok/s (avg 78343) ETA 324m54s | gtok=1,472,716,800 | GPU 1.3/30.5GB
step 40000 [40000/81380  49%]  loss=3.1388 ppl=23.1 lr=1.05e-04 | 85225 tok/s (avg 78350) ETA 324m29s | gtok=1,474,560,000 | GPU 1.3/30.5GB
  [gen @ step 40000, 1,474,560,000 tok] prompt: In 1923, the University of
    In 1923, the University of Nebraska-Lincoln published a book entitled “The Unprecedented Crisis in the United States.” The book was a call to action against the American people and their political environment.
This book is not an entire collection of letters from President Franklin D. Roosevelt, but is one that he used to promote the United States as a world power and to encourage other nations to seek for greater prosperity
  [checkpoint] step 40000 -> checkpoints_v13_sempty/mix3b_chrono_gate_bbc12e9/best_model.pt
  [val @ step 40000] val_loss=3.3711 val_ppl=29.11 *best* (best 29.11)
  [wiki_val @ step 40000] val_loss=4.1828 val_ppl=65.55
  [checkpoint] step 40000 -> checkpoints_v13_sempty/mix3b_chrono_gate_bbc12e9/latest.pt
  [checkpoint] step 40000 -> checkpoints_v13_sempty/mix3b_chrono_gate_bbc12e9/step_040000.pt
  [diag] step 40000 cgu=+0.18 +0.22 +0.24 +0.29 +0.34 +0.39 +0.44 +0.55 +0.65 +0.75 +0.82 +0.92 +1.03 +1.11 +1.58 +1.60  pam=+0.01 +0.01 +0.01 +0.01 +0.02 +0.02 +0.02 +0.02 +0.02 +0.03 +0.03 +0.05 +0.08 +0.15 +0.12 +0.08
  [diag] dtbias=-3.91 -3.89 -3.90 -3.98 -3.89 -3.92 -3.93 -3.95 -3.96 -3.96 -3.94 -3.93 -3.87 -3.98 -3.90 -3.94  ret=0.75 0.70 0.77 0.88 0.77 0.81 0.80 0.91 0.87 0.85 0.83 0.85 0.63 0.87 0.67 0.77
  [diag] gnorm=1.5e-01 1.7e-01 9.9e-02 7.8e-02 7.0e-02 8.7e-02 2.2e-01 1.4e-01 9.7e-02 1.1e-01 1.2e-01 9.5e-02 1.4e-01 1.8e-01 1.0e-01 1.1e-01  wnorm=78.9 82.1 83.2 83.6 83.8 84.0 84.2 84.2 84.3 84.3 85.0 85.0 85.2 85.6 86.8 86.7
step 40050 [40050/81380  49%]  loss=3.2343 ppl=25.4 lr=1.04e-04 | 28075 tok/s (avg 78176) ETA 324m49s | gtok=1,476,403,200 | GPU 1.3/30.5GB
step 40100 [40100/81380  49%]  loss=3.2132 ppl=24.9 lr=1.04e-04 | 85305 tok/s (avg 78184) ETA 324m23s | gtok=1,478,246,400 | GPU 1.3/30.5GB
step 40150 [40150/81380  49%]  loss=3.4064 ppl=30.2 lr=1.04e-04 | 85390 tok/s (avg 78192) ETA 323m58s | gtok=1,480,089,600 | GPU 1.3/30.5GB
step 40200 [40200/81380  49%]  loss=3.2289 ppl=25.3 lr=1.04e-04 | 85418 tok/s (avg 78200) ETA 323m32s | gtok=1,481,932,800 | GPU 1.3/30.5GB
step 40250 [40250/81380  49%]  loss=3.1053 ppl=22.3 lr=1.04e-04 | 84901 tok/s (avg 78208) ETA 323m06s | gtok=1,483,776,000 | GPU 1.3/30.5GB
step 40300 [40300/81380  50%]  loss=3.3616 ppl=28.8 lr=1.03e-04 | 84854 tok/s (avg 78216) ETA 322m41s | gtok=1,485,619,200 | GPU 1.3/30.5GB
step 40350 [40350/81380  50%]  loss=3.3066 ppl=27.3 lr=1.03e-04 | 85166 tok/s (avg 78223) ETA 322m16s | gtok=1,487,462,400 | GPU 1.3/30.5GB
step 40400 [40400/81380  50%]  loss=3.0801 ppl=21.8 lr=1.03e-04 | 85047 tok/s (avg 78231) ETA 321m50s | gtok=1,489,305,600 | GPU 1.3/30.5GB
step 40450 [40450/81380  50%]  loss=3.2655 ppl=26.2 lr=1.03e-04 | 85029 tok/s (avg 78239) ETA 321m25s | gtok=1,491,148,800 | GPU 1.3/30.5GB
step 40500 [40500/81380  50%]  loss=3.2769 ppl=26.5 lr=1.03e-04 | 84488 tok/s (avg 78246) ETA 320m59s | gtok=1,492,992,000 | GPU 1.3/30.5GB
step 40550 [40550/81380  50%]  loss=3.2217 ppl=25.1 lr=1.03e-04 | 84618 tok/s (avg 78253) ETA 320m34s | gtok=1,494,835,200 | GPU 1.3/30.5GB
step 40600 [40600/81380  50%]  loss=3.2251 ppl=25.2 lr=1.02e-04 | 84015 tok/s (avg 78260) ETA 320m09s | gtok=1,496,678,400 | GPU 1.3/30.5GB
step 40650 [40650/81380  50%]  loss=3.1415 ppl=23.1 lr=1.02e-04 | 84459 tok/s (avg 78267) ETA 319m43s | gtok=1,498,521,600 | GPU 1.3/30.5GB
step 40700 [40700/81380  50%]  loss=3.1458 ppl=23.2 lr=1.02e-04 | 84408 tok/s (avg 78274) ETA 319m18s | gtok=1,500,364,800 | GPU 1.3/30.5GB
step 40750 [40750/81380  50%]  loss=3.2607 ppl=26.1 lr=1.02e-04 | 84398 tok/s (avg 78281) ETA 318m53s | gtok=1,502,208,000 | GPU 1.3/30.5GB
step 40800 [40800/81380  50%]  loss=3.2819 ppl=26.6 lr=1.02e-04 | 84662 tok/s (avg 78288) ETA 318m28s | gtok=1,504,051,200 | GPU 1.3/30.5GB
step 40850 [40850/81380  50%]  loss=3.2593 ppl=26.0 lr=1.01e-04 | 84701 tok/s (avg 78295) ETA 318m02s | gtok=1,505,894,400 | GPU 1.3/30.5GB
step 40900 [40900/81380  50%]  loss=3.1964 ppl=24.4 lr=1.01e-04 | 84990 tok/s (avg 78303) ETA 317m37s | gtok=1,507,737,600 | GPU 1.3/30.5GB
step 40950 [40950/81380  50%]  loss=3.0817 ppl=21.8 lr=1.01e-04 | 85234 tok/s (avg 78311) ETA 317m12s | gtok=1,509,580,800 | GPU 1.3/30.5GB
step 41000 [41000/81380  50%]  loss=3.2018 ppl=24.6 lr=1.01e-04 | 85339 tok/s (avg 78319) ETA 316m46s | gtok=1,511,424,000 | GPU 1.3/30.5GB
  [checkpoint] step 41000 -> checkpoints_v13_sempty/mix3b_chrono_gate_bbc12e9/latest.pt
step 41050 [41050/81380  50%]  loss=3.2476 ppl=25.7 lr=1.01e-04 | 78276 tok/s (avg 78319) ETA 316m23s | gtok=1,513,267,200 | GPU 1.3/30.5GB
step 41100 [41100/81380  51%]  loss=3.2516 ppl=25.8 lr=1.00e-04 | 84548 tok/s (avg 78326) ETA 315m57s | gtok=1,515,110,400 | GPU 1.3/30.5GB
step 41150 [41150/81380  51%]  loss=3.2385 ppl=25.5 lr=1.00e-04 | 84785 tok/s (avg 78333) ETA 315m32s | gtok=1,516,953,600 | GPU 1.3/30.5GB
step 41200 [41200/81380  51%]  loss=3.1679 ppl=23.8 lr=1.00e-04 | 84999 tok/s (avg 78340) ETA 315m07s | gtok=1,518,796,800 | GPU 1.3/30.5GB
step 41250 [41250/81380  51%]  loss=3.0251 ppl=20.6 lr=9.98e-05 | 85271 tok/s (avg 78348) ETA 314m41s | gtok=1,520,640,000 | GPU 1.3/30.5GB
step 41300 [41300/81380  51%]  loss=3.1694 ppl=23.8 lr=9.96e-05 | 85054 tok/s (avg 78356) ETA 314m16s | gtok=1,522,483,200 | GPU 1.3/30.5GB
step 41350 [41350/81380  51%]  loss=3.1020 ppl=22.2 lr=9.94e-05 | 84647 tok/s (avg 78363) ETA 313m51s | gtok=1,524,326,400 | GPU 1.3/30.5GB
step 41400 [41400/81380  51%]  loss=3.2454 ppl=25.7 lr=9.92e-05 | 84905 tok/s (avg 78370) ETA 313m25s | gtok=1,526,169,600 | GPU 1.3/30.5GB
step 41450 [41450/81380  51%]  loss=2.9706 ppl=19.5 lr=9.90e-05 | 84992 tok/s (avg 78377) ETA 313m00s | gtok=1,528,012,800 | GPU 1.3/30.5GB
step 41500 [41500/81380  51%]  loss=3.3122 ppl=27.4 lr=9.88e-05 | 84840 tok/s (avg 78384) ETA 312m35s | gtok=1,529,856,000 | GPU 1.3/30.5GB
step 41550 [41550/81380  51%]  loss=3.3028 ppl=27.2 lr=9.86e-05 | 85145 tok/s (avg 78392) ETA 312m10s | gtok=1,531,699,200 | GPU 1.3/30.5GB
step 41600 [41600/81380  51%]  loss=3.3224 ppl=27.7 lr=9.84e-05 | 85106 tok/s (avg 78399) ETA 311m44s | gtok=1,533,542,400 | GPU 1.3/30.5GB
step 41650 [41650/81380  51%]  loss=3.1073 ppl=22.4 lr=9.82e-05 | 85135 tok/s (avg 78407) ETA 311m19s | gtok=1,535,385,600 | GPU 1.3/30.5GB
step 41700 [41700/81380  51%]  loss=3.1688 ppl=23.8 lr=9.80e-05 | 84640 tok/s (avg 78414) ETA 310m54s | gtok=1,537,228,800 | GPU 1.3/30.5GB
step 41750 [41750/81380  51%]  loss=3.2582 ppl=26.0 lr=9.78e-05 | 85410 tok/s (avg 78421) ETA 310m29s | gtok=1,539,072,000 | GPU 1.3/30.5GB
step 41800 [41800/81380  51%]  loss=3.3472 ppl=28.4 lr=9.76e-05 | 85105 tok/s (avg 78429) ETA 310m03s | gtok=1,540,915,200 | GPU 1.3/30.5GB
step 41850 [41850/81380  51%]  loss=3.1202 ppl=22.7 lr=9.74e-05 | 84673 tok/s (avg 78436) ETA 309m38s | gtok=1,542,758,400 | GPU 1.3/30.5GB
step 41900 [41900/81380  51%]  loss=3.0880 ppl=21.9 lr=9.72e-05 | 85075 tok/s (avg 78443) ETA 309m13s | gtok=1,544,601,600 | GPU 1.3/30.5GB
step 41950 [41950/81380  52%]  loss=3.2060 ppl=24.7 lr=9.70e-05 | 85102 tok/s (avg 78450) ETA 308m48s | gtok=1,546,444,800 | GPU 1.3/30.5GB
step 42000 [42000/81380  52%]  loss=3.2915 ppl=26.9 lr=9.68e-05 | 85148 tok/s (avg 78458) ETA 308m23s | gtok=1,548,288,000 | GPU 1.3/30.5GB
  [checkpoint] step 42000 -> checkpoints_v13_sempty/mix3b_chrono_gate_bbc12e9/best_model.pt
  [val @ step 42000] val_loss=3.3695 val_ppl=29.07 *best* (best 29.07)
  [wiki_val @ step 42000] val_loss=4.1590 val_ppl=64.01
  [checkpoint] step 42000 -> checkpoints_v13_sempty/mix3b_chrono_gate_bbc12e9/latest.pt
  [diag] step 42000 cgu=+0.17 +0.22 +0.24 +0.29 +0.34 +0.39 +0.44 +0.55 +0.65 +0.75 +0.83 +0.92 +1.03 +1.11 +1.59 +1.61  pam=+0.01 +0.01 +0.01 +0.01 +0.02 +0.02 +0.02 +0.02 +0.02 +0.03 +0.03 +0.05 +0.08 +0.15 +0.12 +0.08
  [diag] dtbias=-3.91 -3.89 -3.89 -3.98 -3.89 -3.92 -3.92 -3.95 -3.96 -3.96 -3.94 -3.93 -3.86 -3.98 -3.90 -3.93  ret=0.75 0.70 0.76 0.88 0.77 0.81 0.80 0.91 0.88 0.85 0.83 0.86 0.63 0.87 0.67 0.77
  [diag] gnorm=1.1e-01 7.2e-02 1.2e-01 1.1e-01 8.4e-02 6.4e-02 9.8e-02 9.5e-02 9.4e-02 1.0e-01 1.3e-01 9.4e-02 1.1e-01 1.8e-01 1.1e-01 1.2e-01  wnorm=79.4 82.5 83.6 84.0 84.2 84.4 84.6 84.6 84.7 84.7 85.4 85.3 85.5 86.0 87.2 87.0
step 42050 [42050/81380  52%]  loss=3.2722 ppl=26.4 lr=9.66e-05 | 29608 tok/s (avg 78304) ETA 308m35s | gtok=1,550,131,200 | GPU 1.3/30.5GB
step 42100 [42100/81380  52%]  loss=3.1912 ppl=24.3 lr=9.64e-05 | 84459 tok/s (avg 78311) ETA 308m10s | gtok=1,551,974,400 | GPU 1.3/30.5GB
step 42150 [42150/81380  52%]  loss=3.3258 ppl=27.8 lr=9.62e-05 | 85501 tok/s (avg 78319) ETA 307m45s | gtok=1,553,817,600 | GPU 1.3/30.5GB
step 42200 [42200/81380  52%]  loss=3.0763 ppl=21.7 lr=9.61e-05 | 85304 tok/s (avg 78326) ETA 307m19s | gtok=1,555,660,800 | GPU 1.3/30.5GB
step 42250 [42250/81380  52%]  loss=3.2399 ppl=25.5 lr=9.59e-05 | 85100 tok/s (avg 78334) ETA 306m54s | gtok=1,557,504,000 | GPU 1.3/30.5GB
step 42300 [42300/81380  52%]  loss=3.1274 ppl=22.8 lr=9.57e-05 | 85226 tok/s (avg 78341) ETA 306m29s | gtok=1,559,347,200 | GPU 1.3/30.5GB
step 42350 [42350/81380  52%]  loss=3.1244 ppl=22.7 lr=9.55e-05 | 84923 tok/s (avg 78348) ETA 306m04s | gtok=1,561,190,400 | GPU 1.3/30.5GB
step 42400 [42400/81380  52%]  loss=3.1456 ppl=23.2 lr=9.53e-05 | 84911 tok/s (avg 78355) ETA 305m38s | gtok=1,563,033,600 | GPU 1.3/30.5GB
step 42450 [42450/81380  52%]  loss=3.1476 ppl=23.3 lr=9.51e-05 | 85079 tok/s (avg 78363) ETA 305m13s | gtok=1,564,876,800 | GPU 1.3/30.5GB
step 42500 [42500/81380  52%]  loss=3.2406 ppl=25.5 lr=9.49e-05 | 85121 tok/s (avg 78370) ETA 304m48s | gtok=1,566,720,000 | GPU 1.3/30.5GB
step 42550 [42550/81380  52%]  loss=3.2264 ppl=25.2 lr=9.47e-05 | 85071 tok/s (avg 78377) ETA 304m23s | gtok=1,568,563,200 | GPU 1.3/30.5GB
step 42600 [42600/81380  52%]  loss=3.1729 ppl=23.9 lr=9.45e-05 | 85032 tok/s (avg 78384) ETA 303m58s | gtok=1,570,406,400 | GPU 1.3/30.5GB
step 42650 [42650/81380  52%]  loss=3.2175 ppl=25.0 lr=9.43e-05 | 84347 tok/s (avg 78391) ETA 303m33s | gtok=1,572,249,600 | GPU 1.3/30.5GB
step 42700 [42700/81380  52%]  loss=3.2427 ppl=25.6 lr=9.41e-05 | 84838 tok/s (avg 78398) ETA 303m07s | gtok=1,574,092,800 | GPU 1.3/30.5GB
step 42750 [42750/81380  53%]  loss=3.3960 ppl=29.8 lr=9.39e-05 | 85168 tok/s (avg 78405) ETA 302m42s | gtok=1,575,936,000 | GPU 1.3/30.5GB
step 42800 [42800/81380  53%]  loss=3.1964 ppl=24.4 lr=9.37e-05 | 85248 tok/s (avg 78413) ETA 302m17s | gtok=1,577,779,200 | GPU 1.3/30.5GB
step 42850 [42850/81380  53%]  loss=3.2574 ppl=26.0 lr=9.35e-05 | 85372 tok/s (avg 78420) ETA 301m52s | gtok=1,579,622,400 | GPU 1.3/30.5GB
step 42900 [42900/81380  53%]  loss=3.2614 ppl=26.1 lr=9.33e-05 | 85119 tok/s (avg 78427) ETA 301m27s | gtok=1,581,465,600 | GPU 1.3/30.5GB
step 42950 [42950/81380  53%]  loss=3.1566 ppl=23.5 lr=9.31e-05 | 84948 tok/s (avg 78434) ETA 301m02s | gtok=1,583,308,800 | GPU 1.3/30.5GB
step 43000 [43000/81380  53%]  loss=3.2830 ppl=26.7 lr=9.29e-05 | 85004 tok/s (avg 78441) ETA 300m36s | gtok=1,585,152,000 | GPU 1.3/30.5GB
  [checkpoint] step 43000 -> checkpoints_v13_sempty/mix3b_chrono_gate_bbc12e9/latest.pt
step 43050 [43050/81380  53%]  loss=3.2001 ppl=24.5 lr=9.27e-05 | 78466 tok/s (avg 78441) ETA 300m13s | gtok=1,586,995,200 | GPU 1.3/30.5GB
step 43100 [43100/81380  53%]  loss=3.2524 ppl=25.9 lr=9.25e-05 | 85130 tok/s (avg 78448) ETA 299m48s | gtok=1,588,838,400 | GPU 1.3/30.5GB
step 43150 [43150/81380  53%]  loss=3.1676 ppl=23.8 lr=9.23e-05 | 85012 tok/s (avg 78455) ETA 299m23s | gtok=1,590,681,600 | GPU 1.3/30.5GB
step 43200 [43200/81380  53%]  loss=3.3369 ppl=28.1 lr=9.22e-05 | 84267 tok/s (avg 78462) ETA 298m58s | gtok=1,592,524,800 | GPU 1.3/30.5GB
step 43250 [43250/81380  53%]  loss=3.2109 ppl=24.8 lr=9.20e-05 | 84925 tok/s (avg 78469) ETA 298m33s | gtok=1,594,368,000 | GPU 1.3/30.5GB
step 43300 [43300/81380  53%]  loss=3.3469 ppl=28.4 lr=9.18e-05 | 84894 tok/s (avg 78475) ETA 298m08s | gtok=1,596,211,200 | GPU 1.3/30.5GB
step 43350 [43350/81380  53%]  loss=3.3178 ppl=27.6 lr=9.16e-05 | 84865 tok/s (avg 78482) ETA 297m43s | gtok=1,598,054,400 | GPU 1.3/30.5GB
step 43400 [43400/81380  53%]  loss=3.2709 ppl=26.3 lr=9.14e-05 | 84631 tok/s (avg 78489) ETA 297m18s | gtok=1,599,897,600 | GPU 1.3/30.5GB
step 43450 [43450/81380  53%]  loss=3.2848 ppl=26.7 lr=9.12e-05 | 84943 tok/s (avg 78496) ETA 296m53s | gtok=1,601,740,800 | GPU 1.3/30.5GB
step 43500 [43500/81380  53%]  loss=3.0492 ppl=21.1 lr=9.10e-05 | 84679 tok/s (avg 78502) ETA 296m28s | gtok=1,603,584,000 | GPU 1.3/30.5GB
step 43550 [43550/81380  54%]  loss=3.3014 ppl=27.2 lr=9.08e-05 | 69297 tok/s (avg 78490) ETA 296m07s | gtok=1,605,427,200 | GPU 1.3/30.5GB
step 43600 [43600/81380  54%]  loss=3.3525 ppl=28.6 lr=9.06e-05 | 84548 tok/s (avg 78497) ETA 295m42s | gtok=1,607,270,400 | GPU 1.3/30.5GB
step 43650 [43650/81380  54%]  loss=2.9707 ppl=19.5 lr=9.04e-05 | 84861 tok/s (avg 78504) ETA 295m17s | gtok=1,609,113,600 | GPU 1.3/30.5GB
step 43700 [43700/81380  54%]  loss=3.2591 ppl=26.0 lr=9.02e-05 | 85070 tok/s (avg 78510) ETA 294m52s | gtok=1,610,956,800 | GPU 1.3/30.5GB
step 43750 [43750/81380  54%]  loss=3.3691 ppl=29.1 lr=9.00e-05 | 84434 tok/s (avg 78517) ETA 294m27s | gtok=1,612,800,000 | GPU 1.3/30.5GB
step 43800 [43800/81380  54%]  loss=3.1909 ppl=24.3 lr=8.98e-05 | 85174 tok/s (avg 78524) ETA 294m02s | gtok=1,614,643,200 | GPU 1.3/30.5GB
step 43850 [43850/81380  54%]  loss=3.1776 ppl=24.0 lr=8.96e-05 | 85239 tok/s (avg 78531) ETA 293m37s | gtok=1,616,486,400 | GPU 1.3/30.5GB
step 43900 [43900/81380  54%]  loss=3.2551 ppl=25.9 lr=8.94e-05 | 85363 tok/s (avg 78538) ETA 293m12s | gtok=1,618,329,600 | GPU 1.3/30.5GB
step 43950 [43950/81380  54%]  loss=3.2415 ppl=25.6 lr=8.92e-05 | 85327 tok/s (avg 78545) ETA 292m47s | gtok=1,620,172,800 | GPU 1.3/30.5GB
step 44000 [44000/81380  54%]  loss=3.2203 ppl=25.0 lr=8.90e-05 | 85208 tok/s (avg 78552) ETA 292m22s | gtok=1,622,016,000 | GPU 1.3/30.5GB
  [gen @ step 44000, 1,622,016,000 tok] prompt: In 1923, the University of
    In 1923, the University of Chicago had to find a way to reduce the amount of time the college was being served by the use of public transportation. The college would have no longer be a private city and instead would have to travel between public and private houses in order to get there, thus creating a problem that caused the creation of the "public" (and the "private") by making it more difficult for people who did not
  [checkpoint] step 44000 -> checkpoints_v13_sempty/mix3b_chrono_gate_bbc12e9/best_model.pt
  [val @ step 44000] val_loss=3.3520 val_ppl=28.56 *best* (best 28.56)
  [wiki_val @ step 44000] val_loss=4.1163 val_ppl=61.33
  [checkpoint] step 44000 -> checkpoints_v13_sempty/mix3b_chrono_gate_bbc12e9/latest.pt
  [diag] step 44000 cgu=+0.18 +0.22 +0.24 +0.29 +0.35 +0.39 +0.44 +0.55 +0.65 +0.75 +0.83 +0.92 +1.03 +1.11 +1.60 +1.62  pam=+0.01 +0.01 +0.01 +0.01 +0.02 +0.02 +0.02 +0.02 +0.02 +0.03 +0.03 +0.05 +0.08 +0.15 +0.12 +0.08
  [diag] dtbias=-3.91 -3.89 -3.89 -3.98 -3.89 -3.92 -3.92 -3.95 -3.96 -3.96 -3.94 -3.93 -3.86 -3.98 -3.90 -3.93  ret=0.74 0.70 0.76 0.88 0.76 0.81 0.80 0.91 0.87 0.85 0.83 0.86 0.63 0.87 0.67 0.77
  [diag] gnorm=5.7e-01 2.0e-01 1.8e-01 2.7e-01 6.2e-02 5.8e-02 1.0e-01 9.1e-02 1.4e-01 1.7e-01 1.1e-01 9.9e-02 1.1e-01 1.7e-01 9.8e-02 1.1e-01  wnorm=79.8 82.8 84.0 84.3 84.5 84.7 84.9 84.9 85.0 85.0 85.7 85.6 85.8 86.3 87.5 87.3
step 44050 [44050/81380  54%]  loss=3.2411 ppl=25.6 lr=8.88e-05 | 28508 tok/s (avg 78396) ETA 292m33s | gtok=1,623,859,200 | GPU 1.3/30.5GB
step 44100 [44100/81380  54%]  loss=3.2776 ppl=26.5 lr=8.87e-05 | 84356 tok/s (avg 78402) ETA 292m08s | gtok=1,625,702,400 | GPU 1.3/30.5GB
step 44150 [44150/81380  54%]  loss=3.1875 ppl=24.2 lr=8.85e-05 | 84829 tok/s (avg 78409) ETA 291m43s | gtok=1,627,545,600 | GPU 1.3/30.5GB
step 44200 [44200/81380  54%]  loss=3.2957 ppl=27.0 lr=8.83e-05 | 85220 tok/s (avg 78416) ETA 291m18s | gtok=1,629,388,800 | GPU 1.3/30.5GB
step 44250 [44250/81380  54%]  loss=3.2845 ppl=26.7 lr=8.81e-05 | 85352 tok/s (avg 78423) ETA 290m53s | gtok=1,631,232,000 | GPU 1.3/30.5GB
step 44300 [44300/81380  54%]  loss=3.3233 ppl=27.8 lr=8.79e-05 | 84674 tok/s (avg 78430) ETA 290m28s | gtok=1,633,075,200 | GPU 1.3/30.5GB
step 44350 [44350/81380  54%]  loss=3.1653 ppl=23.7 lr=8.77e-05 | 84892 tok/s (avg 78436) ETA 290m03s | gtok=1,634,918,400 | GPU 1.3/30.5GB
step 44400 [44400/81380  55%]  loss=3.2917 ppl=26.9 lr=8.75e-05 | 85013 tok/s (avg 78443) ETA 289m38s | gtok=1,636,761,600 | GPU 1.3/30.5GB
step 44450 [44450/81380  55%]  loss=3.2086 ppl=24.7 lr=8.73e-05 | 85216 tok/s (avg 78450) ETA 289m13s | gtok=1,638,604,800 | GPU 1.3/30.5GB
step 44500 [44500/81380  55%]  loss=3.1003 ppl=22.2 lr=8.71e-05 | 85147 tok/s (avg 78457) ETA 288m48s | gtok=1,640,448,000 | GPU 1.3/30.5GB
step 44550 [44550/81380  55%]  loss=3.3645 ppl=28.9 lr=8.69e-05 | 85187 tok/s (avg 78464) ETA 288m23s | gtok=1,642,291,200 | GPU 1.3/30.5GB
step 44600 [44600/81380  55%]  loss=3.2200 ppl=25.0 lr=8.67e-05 | 84842 tok/s (avg 78471) ETA 287m58s | gtok=1,644,134,400 | GPU 1.3/30.5GB
step 44650 [44650/81380  55%]  loss=3.1375 ppl=23.0 lr=8.65e-05 | 84098 tok/s (avg 78477) ETA 287m33s | gtok=1,645,977,600 | GPU 1.3/30.5GB
step 44700 [44700/81380  55%]  loss=3.3110 ppl=27.4 lr=8.63e-05 | 85092 tok/s (avg 78483) ETA 287m08s | gtok=1,647,820,800 | GPU 1.3/30.5GB
step 44750 [44750/81380  55%]  loss=3.3192 ppl=27.6 lr=8.61e-05 | 85037 tok/s (avg 78490) ETA 286m43s | gtok=1,649,664,000 | GPU 1.3/30.5GB
step 44800 [44800/81380  55%]  loss=3.3128 ppl=27.5 lr=8.59e-05 | 84762 tok/s (avg 78497) ETA 286m18s | gtok=1,651,507,200 | GPU 1.3/30.5GB
step 44850 [44850/81380  55%]  loss=3.0645 ppl=21.4 lr=8.57e-05 | 84614 tok/s (avg 78503) ETA 285m54s | gtok=1,653,350,400 | GPU 1.3/30.5GB
step 44900 [44900/81380  55%]  loss=2.8771 ppl=17.8 lr=8.56e-05 | 85252 tok/s (avg 78510) ETA 285m29s | gtok=1,655,193,600 | GPU 1.3/30.5GB
step 44950 [44950/81380  55%]  loss=3.2603 ppl=26.1 lr=8.54e-05 | 84352 tok/s (avg 78516) ETA 285m04s | gtok=1,657,036,800 | GPU 1.3/30.5GB
step 45000 [45000/81380  55%]  loss=3.0383 ppl=20.9 lr=8.52e-05 | 84865 tok/s (avg 78523) ETA 284m39s | gtok=1,658,880,000 | GPU 1.3/30.5GB
  [checkpoint] step 45000 -> checkpoints_v13_sempty/mix3b_chrono_gate_bbc12e9/latest.pt
step 45050 [45050/81380  55%]  loss=3.3282 ppl=27.9 lr=8.50e-05 | 78345 tok/s (avg 78522) ETA 284m15s | gtok=1,660,723,200 | GPU 1.3/30.5GB
step 45100 [45100/81380  55%]  loss=3.1940 ppl=24.4 lr=8.48e-05 | 85190 tok/s (avg 78529) ETA 283m50s | gtok=1,662,566,400 | GPU 1.3/30.5GB
step 45150 [45150/81380  55%]  loss=3.3124 ppl=27.4 lr=8.46e-05 | 85140 tok/s (avg 78536) ETA 283m26s | gtok=1,664,409,600 | GPU 1.3/30.5GB
step 45200 [45200/81380  56%]  loss=3.3359 ppl=28.1 lr=8.44e-05 | 84346 tok/s (avg 78542) ETA 283m01s | gtok=1,666,252,800 | GPU 1.3/30.5GB
step 45250 [45250/81380  56%]  loss=3.2073 ppl=24.7 lr=8.42e-05 | 85228 tok/s (avg 78549) ETA 282m36s | gtok=1,668,096,000 | GPU 1.3/30.5GB
step 45300 [45300/81380  56%]  loss=3.2506 ppl=25.8 lr=8.40e-05 | 85065 tok/s (avg 78555) ETA 282m11s | gtok=1,669,939,200 | GPU 1.3/30.5GB
step 45350 [45350/81380  56%]  loss=3.1218 ppl=22.7 lr=8.38e-05 | 84812 tok/s (avg 78562) ETA 281m46s | gtok=1,671,782,400 | GPU 1.3/30.5GB
step 45400 [45400/81380  56%]  loss=3.1958 ppl=24.4 lr=8.36e-05 | 85168 tok/s (avg 78568) ETA 281m21s | gtok=1,673,625,600 | GPU 1.3/30.5GB
step 45450 [45450/81380  56%]  loss=3.1147 ppl=22.5 lr=8.34e-05 | 85087 tok/s (avg 78575) ETA 280m56s | gtok=1,675,468,800 | GPU 1.3/30.5GB
step 45500 [45500/81380  56%]  loss=3.1396 ppl=23.1 lr=8.32e-05 | 84897 tok/s (avg 78581) ETA 280m31s | gtok=1,677,312,000 | GPU 1.3/30.5GB
step 45550 [45550/81380  56%]  loss=3.2847 ppl=26.7 lr=8.30e-05 | 84883 tok/s (avg 78588) ETA 280m07s | gtok=1,679,155,200 | GPU 1.3/30.5GB
step 45600 [45600/81380  56%]  loss=3.2334 ppl=25.4 lr=8.28e-05 | 84915 tok/s (avg 78594) ETA 279m42s | gtok=1,680,998,400 | GPU 1.3/30.5GB
step 45650 [45650/81380  56%]  loss=3.0405 ppl=20.9 lr=8.27e-05 | 84945 tok/s (avg 78601) ETA 279m17s | gtok=1,682,841,600 | GPU 1.3/30.5GB
step 45700 [45700/81380  56%]  loss=3.3318 ppl=28.0 lr=8.25e-05 | 84921 tok/s (avg 78607) ETA 278m52s | gtok=1,684,684,800 | GPU 1.3/30.5GB
step 45750 [45750/81380  56%]  loss=3.1204 ppl=22.7 lr=8.23e-05 | 84353 tok/s (avg 78613) ETA 278m27s | gtok=1,686,528,000 | GPU 1.3/30.5GB
step 45800 [45800/81380  56%]  loss=3.2032 ppl=24.6 lr=8.21e-05 | 84999 tok/s (avg 78619) ETA 278m03s | gtok=1,688,371,200 | GPU 1.3/30.5GB
step 45850 [45850/81380  56%]  loss=3.2741 ppl=26.4 lr=8.19e-05 | 84968 tok/s (avg 78626) ETA 277m38s | gtok=1,690,214,400 | GPU 1.3/30.5GB
step 45900 [45900/81380  56%]  loss=3.1137 ppl=22.5 lr=8.17e-05 | 84983 tok/s (avg 78632) ETA 277m13s | gtok=1,692,057,600 | GPU 1.3/30.5GB
step 45950 [45950/81380  56%]  loss=3.0680 ppl=21.5 lr=8.15e-05 | 85089 tok/s (avg 78639) ETA 276m48s | gtok=1,693,900,800 | GPU 1.3/30.5GB
step 46000 [46000/81380  57%]  loss=3.2584 ppl=26.0 lr=8.13e-05 | 85043 tok/s (avg 78645) ETA 276m23s | gtok=1,695,744,000 | GPU 1.3/30.5GB
  [checkpoint] step 46000 -> checkpoints_v13_sempty/mix3b_chrono_gate_bbc12e9/best_model.pt
  [val @ step 46000] val_loss=3.3378 val_ppl=28.16 *best* (best 28.16)
  [wiki_val @ step 46000] val_loss=4.1348 val_ppl=62.48
  [checkpoint] step 46000 -> checkpoints_v13_sempty/mix3b_chrono_gate_bbc12e9/latest.pt
  [diag] step 46000 cgu=+0.18 +0.22 +0.24 +0.30 +0.35 +0.39 +0.44 +0.55 +0.65 +0.75 +0.83 +0.93 +1.04 +1.12 +1.61 +1.63  pam=+0.01 +0.01 +0.01 +0.01 +0.02 +0.02 +0.02 +0.02 +0.02 +0.03 +0.03 +0.05 +0.08 +0.15 +0.13 +0.08
  [diag] dtbias=-3.91 -3.89 -3.89 -3.98 -3.89 -3.92 -3.92 -3.95 -3.95 -3.96 -3.93 -3.93 -3.86 -3.97 -3.90 -3.93  ret=0.74 0.69 0.76 0.88 0.75 0.81 0.79 0.90 0.87 0.84 0.82 0.85 0.61 0.86 0.65 0.76
  [diag] gnorm=9.1e-02 3.1e-01 2.8e-01 3.3e-01 1.1e-01 1.2e-01 9.3e-02 9.4e-02 8.7e-02 1.7e-01 2.1e-01 1.3e-01 1.5e-01 2.0e-01 1.1e-01 1.3e-01  wnorm=80.2 83.1 84.2 84.6 84.8 85.0 85.1 85.1 85.2 85.2 85.9 85.8 86.0 86.5 87.7 87.6
step 46050 [46050/81380  57%]  loss=3.2821 ppl=26.6 lr=8.11e-05 | 29198 tok/s (avg 78501) ETA 276m30s | gtok=1,697,587,200 | GPU 1.3/30.5GB
step 46100 [46100/81380  57%]  loss=3.1911 ppl=24.3 lr=8.09e-05 | 84934 tok/s (avg 78507) ETA 276m06s | gtok=1,699,430,400 | GPU 1.3/30.5GB
step 46150 [46150/81380  57%]  loss=3.4259 ppl=30.7 lr=8.07e-05 | 84131 tok/s (avg 78513) ETA 275m41s | gtok=1,701,273,600 | GPU 1.3/30.5GB
step 46200 [46200/81380  57%]  loss=3.3079 ppl=27.3 lr=8.05e-05 | 84921 tok/s (avg 78519) ETA 275m16s | gtok=1,703,116,800 | GPU 1.3/30.5GB
step 46250 [46250/81380  57%]  loss=2.9680 ppl=19.5 lr=8.04e-05 | 84932 tok/s (avg 78526) ETA 274m51s | gtok=1,704,960,000 | GPU 1.3/30.5GB
step 46300 [46300/81380  57%]  loss=3.1474 ppl=23.3 lr=8.02e-05 | 85065 tok/s (avg 78532) ETA 274m26s | gtok=1,706,803,200 | GPU 1.3/30.5GB
step 46350 [46350/81380  57%]  loss=3.3399 ppl=28.2 lr=8.00e-05 | 84648 tok/s (avg 78538) ETA 274m02s | gtok=1,708,646,400 | GPU 1.3/30.5GB
step 46400 [46400/81380  57%]  loss=3.3553 ppl=28.7 lr=7.98e-05 | 84713 tok/s (avg 78545) ETA 273m37s | gtok=1,710,489,600 | GPU 1.3/30.5GB
step 46450 [46450/81380  57%]  loss=3.2436 ppl=25.6 lr=7.96e-05 | 84838 tok/s (avg 78551) ETA 273m12s | gtok=1,712,332,800 | GPU 1.3/30.5GB
step 46500 [46500/81380  57%]  loss=3.3230 ppl=27.7 lr=7.94e-05 | 84638 tok/s (avg 78557) ETA 272m47s | gtok=1,714,176,000 | GPU 1.3/30.5GB
step 46550 [46550/81380  57%]  loss=3.0954 ppl=22.1 lr=7.92e-05 | 84843 tok/s (avg 78563) ETA 272m23s | gtok=1,716,019,200 | GPU 1.3/30.5GB
step 46600 [46600/81380  57%]  loss=3.2748 ppl=26.4 lr=7.90e-05 | 84706 tok/s (avg 78569) ETA 271m58s | gtok=1,717,862,400 | GPU 1.3/30.5GB
step 46650 [46650/81380  57%]  loss=3.1731 ppl=23.9 lr=7.88e-05 | 84766 tok/s (avg 78575) ETA 271m33s | gtok=1,719,705,600 | GPU 1.3/30.5GB
step 46700 [46700/81380  57%]  loss=3.4459 ppl=31.4 lr=7.86e-05 | 84105 tok/s (avg 78581) ETA 271m09s | gtok=1,721,548,800 | GPU 1.3/30.5GB
step 46750 [46750/81380  57%]  loss=3.4103 ppl=30.3 lr=7.84e-05 | 84503 tok/s (avg 78587) ETA 270m44s | gtok=1,723,392,000 | GPU 1.3/30.5GB
step 46800 [46800/81380  58%]  loss=3.4217 ppl=30.6 lr=7.82e-05 | 84753 tok/s (avg 78593) ETA 270m19s | gtok=1,725,235,200 | GPU 1.3/30.5GB
step 46850 [46850/81380  58%]  loss=3.0200 ppl=20.5 lr=7.81e-05 | 84889 tok/s (avg 78599) ETA 269m54s | gtok=1,727,078,400 | GPU 1.3/30.5GB
step 46900 [46900/81380  58%]  loss=3.4150 ppl=30.4 lr=7.79e-05 | 84706 tok/s (avg 78605) ETA 269m30s | gtok=1,728,921,600 | GPU 1.3/30.5GB
step 46950 [46950/81380  58%]  loss=3.2760 ppl=26.5 lr=7.77e-05 | 84916 tok/s (avg 78611) ETA 269m05s | gtok=1,730,764,800 | GPU 1.3/30.5GB
step 47000 [47000/81380  58%]  loss=3.3277 ppl=27.9 lr=7.75e-05 | 84819 tok/s (avg 78618) ETA 268m40s | gtok=1,732,608,000 | GPU 1.3/30.5GB
  [checkpoint] step 47000 -> checkpoints_v13_sempty/mix3b_chrono_gate_bbc12e9/latest.pt
step 47050 [47050/81380  58%]  loss=3.1388 ppl=23.1 lr=7.73e-05 | 78534 tok/s (avg 78617) ETA 268m17s | gtok=1,734,451,200 | GPU 1.3/30.5GB
step 47100 [47100/81380  58%]  loss=3.1176 ppl=22.6 lr=7.71e-05 | 84859 tok/s (avg 78624) ETA 267m52s | gtok=1,736,294,400 | GPU 1.3/30.5GB
step 47150 [47150/81380  58%]  loss=3.2085 ppl=24.7 lr=7.69e-05 | 84907 tok/s (avg 78630) ETA 267m28s | gtok=1,738,137,600 | GPU 1.3/30.5GB
step 47200 [47200/81380  58%]  loss=3.3854 ppl=29.5 lr=7.67e-05 | 84855 tok/s (avg 78636) ETA 267m03s | gtok=1,739,980,800 | GPU 1.3/30.5GB
step 47250 [47250/81380  58%]  loss=3.1301 ppl=22.9 lr=7.65e-05 | 84195 tok/s (avg 78641) ETA 266m38s | gtok=1,741,824,000 | GPU 1.3/30.5GB
step 47300 [47300/81380  58%]  loss=3.0343 ppl=20.8 lr=7.63e-05 | 84762 tok/s (avg 78647) ETA 266m14s | gtok=1,743,667,200 | GPU 1.3/30.5GB
step 47350 [47350/81380  58%]  loss=3.2589 ppl=26.0 lr=7.62e-05 | 85088 tok/s (avg 78654) ETA 265m49s | gtok=1,745,510,400 | GPU 1.3/30.5GB
step 47400 [47400/81380  58%]  loss=3.1190 ppl=22.6 lr=7.60e-05 | 84906 tok/s (avg 78660) ETA 265m24s | gtok=1,747,353,600 | GPU 1.3/30.5GB
step 47450 [47450/81380  58%]  loss=3.3562 ppl=28.7 lr=7.58e-05 | 84914 tok/s (avg 78666) ETA 265m00s | gtok=1,749,196,800 | GPU 1.3/30.5GB
step 47500 [47500/81380  58%]  loss=3.1217 ppl=22.7 lr=7.56e-05 | 84807 tok/s (avg 78672) ETA 264m35s | gtok=1,751,040,000 | GPU 1.3/30.5GB
step 47550 [47550/81380  58%]  loss=3.3515 ppl=28.5 lr=7.54e-05 | 85048 tok/s (avg 78678) ETA 264m10s | gtok=1,752,883,200 | GPU 1.3/30.5GB
step 47600 [47600/81380  58%]  loss=3.3015 ppl=27.2 lr=7.52e-05 | 84757 tok/s (avg 78684) ETA 263m46s | gtok=1,754,726,400 | GPU 1.3/30.5GB
step 47650 [47650/81380  59%]  loss=3.2172 ppl=25.0 lr=7.50e-05 | 84708 tok/s (avg 78690) ETA 263m21s | gtok=1,756,569,600 | GPU 1.3/30.5GB
step 47700 [47700/81380  59%]  loss=3.3952 ppl=29.8 lr=7.48e-05 | 84873 tok/s (avg 78696) ETA 262m56s | gtok=1,758,412,800 | GPU 1.3/30.5GB
step 47750 [47750/81380  59%]  loss=3.2547 ppl=25.9 lr=7.46e-05 | 84707 tok/s (avg 78702) ETA 262m32s | gtok=1,760,256,000 | GPU 1.3/30.5GB
step 47800 [47800/81380  59%]  loss=3.2407 ppl=25.6 lr=7.45e-05 | 83942 tok/s (avg 78707) ETA 262m07s | gtok=1,762,099,200 | GPU 1.3/30.5GB
step 47850 [47850/81380  59%]  loss=3.2364 ppl=25.4 lr=7.43e-05 | 84944 tok/s (avg 78713) ETA 261m43s | gtok=1,763,942,400 | GPU 1.3/30.5GB
step 47900 [47900/81380  59%]  loss=3.1902 ppl=24.3 lr=7.41e-05 | 84936 tok/s (avg 78719) ETA 261m18s | gtok=1,765,785,600 | GPU 1.3/30.5GB
step 47950 [47950/81380  59%]  loss=3.0753 ppl=21.7 lr=7.39e-05 | 84651 tok/s (avg 78725) ETA 260m54s | gtok=1,767,628,800 | GPU 1.3/30.5GB
step 48000 [48000/81380  59%]  loss=3.2733 ppl=26.4 lr=7.37e-05 | 84849 tok/s (avg 78731) ETA 260m29s | gtok=1,769,472,000 | GPU 1.3/30.5GB
  [gen @ step 48000, 1,769,472,000 tok] prompt: In 1923, the University of
    In 1923, the University of Chicago had an initial idea for a new model for the brain. It was called the Brain Projection Model.
The Brain Projection Model is a very simple concept that looks at all of the parts of the brain and identifies their functions. It looks at the functions that exist in all three systems. The brain projects these functions through two basic ways:
- Stem cells are the cells that give
  [checkpoint] step 48000 -> checkpoints_v13_sempty/mix3b_chrono_gate_bbc12e9/best_model.pt
  [val @ step 48000] val_loss=3.3283 val_ppl=27.89 *best* (best 27.89)
  [wiki_val @ step 48000] val_loss=4.1174 val_ppl=61.40
  [checkpoint] step 48000 -> checkpoints_v13_sempty/mix3b_chrono_gate_bbc12e9/latest.pt
  [diag] step 48000 cgu=+0.18 +0.22 +0.24 +0.30 +0.35 +0.39 +0.45 +0.55 +0.65 +0.75 +0.83 +0.93 +1.04 +1.13 +1.62 +1.64  pam=+0.01 +0.01 +0.01 +0.01 +0.02 +0.02 +0.02 +0.02 +0.02 +0.03 +0.03 +0.05 +0.08 +0.15 +0.13 +0.08
  [diag] dtbias=-3.91 -3.89 -3.89 -3.98 -3.89 -3.92 -3.92 -3.95 -3.95 -3.96 -3.93 -3.93 -3.86 -3.97 -3.90 -3.93  ret=0.74 0.69 0.75 0.88 0.76 0.81 0.79 0.90 0.87 0.84 0.82 0.85 0.62 0.86 0.66 0.76
  [diag] gnorm=2.8e-01 8.2e-02 2.5e-01 6.6e-01 1.1e-01 6.4e-02 6.2e-02 1.5e-01 9.0e-02 1.4e-01 2.0e-01 9.6e-02 8.9e-02 1.4e-01 7.9e-02 8.9e-02  wnorm=80.5 83.3 84.4 84.8 85.0 85.2 85.3 85.3 85.4 85.4 86.1 86.0 86.2 86.7 87.9 87.8
step 48050 [48050/81380  59%]  loss=3.2551 ppl=25.9 lr=7.35e-05 | 28306 tok/s (avg 78585) ETA 260m35s | gtok=1,771,315,200 | GPU 1.3/30.5GB
step 48100 [48100/81380  59%]  loss=3.2029 ppl=24.6 lr=7.33e-05 | 84631 tok/s (avg 78591) ETA 260m10s | gtok=1,773,158,400 | GPU 1.3/30.5GB
step 48150 [48150/81380  59%]  loss=3.0963 ppl=22.1 lr=7.31e-05 | 83852 tok/s (avg 78596) ETA 259m45s | gtok=1,775,001,600 | GPU 1.3/30.5GB
step 48200 [48200/81380  59%]  loss=3.1364 ppl=23.0 lr=7.29e-05 | 84743 tok/s (avg 78602) ETA 259m21s | gtok=1,776,844,800 | GPU 1.3/30.5GB
step 48250 [48250/81380  59%]  loss=3.2246 ppl=25.1 lr=7.28e-05 | 84898 tok/s (avg 78608) ETA 258m56s | gtok=1,778,688,000 | GPU 1.3/30.5GB
step 48300 [48300/81380  59%]  loss=3.1137 ppl=22.5 lr=7.26e-05 | 84861 tok/s (avg 78614) ETA 258m32s | gtok=1,780,531,200 | GPU 1.3/30.5GB
step 48350 [48350/81380  59%]  loss=3.1818 ppl=24.1 lr=7.24e-05 | 84718 tok/s (avg 78620) ETA 258m07s | gtok=1,782,374,400 | GPU 1.3/30.5GB
step 48400 [48400/81380  59%]  loss=3.2653 ppl=26.2 lr=7.22e-05 | 85034 tok/s (avg 78626) ETA 257m42s | gtok=1,784,217,600 | GPU 1.3/30.5GB
step 48450 [48450/81380  60%]  loss=3.1374 ppl=23.0 lr=7.20e-05 | 85062 tok/s (avg 78632) ETA 257m18s | gtok=1,786,060,800 | GPU 1.3/30.5GB
step 48500 [48500/81380  60%]  loss=3.1104 ppl=22.4 lr=7.18e-05 | 84786 tok/s (avg 78638) ETA 256m53s | gtok=1,787,904,000 | GPU 1.3/30.5GB
step 48550 [48550/81380  60%]  loss=3.2524 ppl=25.9 lr=7.16e-05 | 84969 tok/s (avg 78644) ETA 256m28s | gtok=1,789,747,200 | GPU 1.3/30.5GB
step 48600 [48600/81380  60%]  loss=3.2992 ppl=27.1 lr=7.14e-05 | 5564 tok/s (avg 77595) ETA 259m33s | gtok=1,791,590,400 | GPU 1.3/30.5GB
step 48650 [48650/81380  60%]  loss=3.0304 ppl=20.7 lr=7.13e-05 | 85158 tok/s (avg 77602) ETA 259m07s | gtok=1,793,433,600 | GPU 1.3/30.5GB
step 48700 [48700/81380  60%]  loss=3.0925 ppl=22.0 lr=7.11e-05 | 84395 tok/s (avg 77609) ETA 258m42s | gtok=1,795,276,800 | GPU 1.3/30.5GB
step 48750 [48750/81380  60%]  loss=3.4496 ppl=31.5 lr=7.09e-05 | 85036 tok/s (avg 77616) ETA 258m17s | gtok=1,797,120,000 | GPU 1.3/30.5GB
step 48800 [48800/81380  60%]  loss=3.2260 ppl=25.2 lr=7.07e-05 | 84874 tok/s (avg 77623) ETA 257m52s | gtok=1,798,963,200 | GPU 1.3/30.5GB
step 48850 [48850/81380  60%]  loss=3.2300 ppl=25.3 lr=7.05e-05 | 85082 tok/s (avg 77630) ETA 257m27s | gtok=1,800,806,400 | GPU 1.3/30.5GB
step 48900 [48900/81380  60%]  loss=3.1086 ppl=22.4 lr=7.03e-05 | 84881 tok/s (avg 77636) ETA 257m02s | gtok=1,802,649,600 | GPU 1.3/30.5GB
step 48950 [48950/81380  60%]  loss=3.2324 ppl=25.3 lr=7.01e-05 | 85023 tok/s (avg 77643) ETA 256m37s | gtok=1,804,492,800 | GPU 1.3/30.5GB
step 49000 [49000/81380  60%]  loss=3.1381 ppl=23.1 lr=6.99e-05 | 85100 tok/s (avg 77650) ETA 256m12s | gtok=1,806,336,000 | GPU 1.3/30.5GB
  [checkpoint] step 49000 -> checkpoints_v13_sempty/mix3b_chrono_gate_bbc12e9/latest.pt
step 49050 [49050/81380  60%]  loss=3.2543 ppl=25.9 lr=6.98e-05 | 78554 tok/s (avg 77651) ETA 255m48s | gtok=1,808,179,200 | GPU 1.3/30.5GB
step 49100 [49100/81380  60%]  loss=3.1422 ppl=23.2 lr=6.96e-05 | 85050 tok/s (avg 77658) ETA 255m23s | gtok=1,810,022,400 | GPU 1.3/30.5GB
step 49150 [49150/81380  60%]  loss=3.2113 ppl=24.8 lr=6.94e-05 | 85029 tok/s (avg 77665) ETA 254m58s | gtok=1,811,865,600 | GPU 1.3/30.5GB
step 49200 [49200/81380  60%]  loss=3.0631 ppl=21.4 lr=6.92e-05 | 85099 tok/s (avg 77672) ETA 254m33s | gtok=1,813,708,800 | GPU 1.3/30.5GB
step 49250 [49250/81380  61%]  loss=3.2501 ppl=25.8 lr=6.90e-05 | 84523 tok/s (avg 77678) ETA 254m08s | gtok=1,815,552,000 | GPU 1.3/30.5GB
step 49300 [49300/81380  61%]  loss=3.2343 ppl=25.4 lr=6.88e-05 | 84981 tok/s (avg 77685) ETA 253m42s | gtok=1,817,395,200 | GPU 1.3/30.5GB
step 49350 [49350/81380  61%]  loss=3.3149 ppl=27.5 lr=6.86e-05 | 85016 tok/s (avg 77692) ETA 253m17s | gtok=1,819,238,400 | GPU 1.3/30.5GB
step 49400 [49400/81380  61%]  loss=3.0810 ppl=21.8 lr=6.85e-05 | 85090 tok/s (avg 77699) ETA 252m52s | gtok=1,821,081,600 | GPU 1.3/30.5GB
step 49450 [49450/81380  61%]  loss=3.2026 ppl=24.6 lr=6.83e-05 | 84930 tok/s (avg 77705) ETA 252m27s | gtok=1,822,924,800 | GPU 1.3/30.5GB
step 49500 [49500/81380  61%]  loss=3.0839 ppl=21.8 lr=6.81e-05 | 85153 tok/s (avg 77712) ETA 252m02s | gtok=1,824,768,000 | GPU 1.3/30.5GB
step 49550 [49550/81380  61%]  loss=3.0811 ppl=21.8 lr=6.79e-05 | 84953 tok/s (avg 77719) ETA 251m37s | gtok=1,826,611,200 | GPU 1.3/30.5GB
step 49600 [49600/81380  61%]  loss=3.0955 ppl=22.1 lr=6.77e-05 | 84751 tok/s (avg 77725) ETA 251m12s | gtok=1,828,454,400 | GPU 1.3/30.5GB
step 49650 [49650/81380  61%]  loss=3.1160 ppl=22.6 lr=6.75e-05 | 84725 tok/s (avg 77732) ETA 250m47s | gtok=1,830,297,600 | GPU 1.3/30.5GB
step 49700 [49700/81380  61%]  loss=3.1231 ppl=22.7 lr=6.73e-05 | 85148 tok/s (avg 77739) ETA 250m22s | gtok=1,832,140,800 | GPU 1.3/30.5GB
step 49750 [49750/81380  61%]  loss=3.0946 ppl=22.1 lr=6.72e-05 | 85103 tok/s (avg 77745) ETA 249m57s | gtok=1,833,984,000 | GPU 1.3/30.5GB
step 49800 [49800/81380  61%]  loss=3.0143 ppl=20.4 lr=6.70e-05 | 84314 tok/s (avg 77751) ETA 249m32s | gtok=1,835,827,200 | GPU 1.3/30.5GB
step 49850 [49850/81380  61%]  loss=3.2546 ppl=25.9 lr=6.68e-05 | 84988 tok/s (avg 77758) ETA 249m07s | gtok=1,837,670,400 | GPU 1.3/30.5GB
step 49900 [49900/81380  61%]  loss=3.0427 ppl=21.0 lr=6.66e-05 | 84960 tok/s (avg 77765) ETA 248m42s | gtok=1,839,513,600 | GPU 1.3/30.5GB
step 49950 [49950/81380  61%]  loss=3.0500 ppl=21.1 lr=6.64e-05 | 70076 tok/s (avg 77756) ETA 248m20s | gtok=1,841,356,800 | GPU 1.3/30.5GB
step 50000 [50000/81380  61%]  loss=3.2268 ppl=25.2 lr=6.62e-05 | 85034 tok/s (avg 77763) ETA 247m55s | gtok=1,843,200,000 | GPU 1.3/30.5GB
  [val @ step 50000] val_loss=3.3311 val_ppl=27.97 (best 27.89)
  [wiki_val @ step 50000] val_loss=4.1268 val_ppl=61.98
  [checkpoint] step 50000 -> checkpoints_v13_sempty/mix3b_chrono_gate_bbc12e9/latest.pt
  [checkpoint] step 50000 -> checkpoints_v13_sempty/mix3b_chrono_gate_bbc12e9/step_050000.pt
  [diag] step 50000 cgu=+0.18 +0.23 +0.24 +0.30 +0.35 +0.39 +0.45 +0.56 +0.66 +0.75 +0.83 +0.93 +1.05 +1.13 +1.63 +1.65  pam=+0.01 +0.01 +0.01 +0.01 +0.02 +0.02 +0.02 +0.02 +0.02 +0.03 +0.03 +0.05 +0.08 +0.15 +0.13 +0.08
  [diag] dtbias=-3.91 -3.89 -3.89 -3.98 -3.88 -3.92 -3.92 -3.95 -3.95 -3.96 -3.93 -3.92 -3.86 -3.97 -3.90 -3.93  ret=0.74 0.69 0.75 0.87 0.75 0.81 0.79 0.90 0.87 0.84 0.82 0.85 0.62 0.86 0.66 0.76
  [diag] gnorm=1.3e-01 1.3e-01 2.7e-01 4.9e-01 9.6e-02 2.4e-01 1.2e-01 7.3e-02 8.6e-02 9.8e-02 9.6e-02 1.0e-01 1.4e-01 1.8e-01 1.1e-01 1.1e-01  wnorm=80.7 83.5 84.6 84.9 85.1 85.3 85.5 85.4 85.5 85.5 86.2 86.1 86.4 86.9 88.0 87.9
step 50050 [50050/81380  62%]  loss=3.1895 ppl=24.3 lr=6.61e-05 | 30055 tok/s (avg 77640) ETA 247m55s | gtok=1,845,043,200 | GPU 1.3/30.5GB
step 50100 [50100/81380  62%]  loss=3.1618 ppl=23.6 lr=6.59e-05 | 85271 tok/s (avg 77647) ETA 247m30s | gtok=1,846,886,400 | GPU 1.3/30.5GB
step 50150 [50150/81380  62%]  loss=3.2271 ppl=25.2 lr=6.57e-05 | 85263 tok/s (avg 77653) ETA 247m05s | gtok=1,848,729,600 | GPU 1.3/30.5GB
step 50200 [50200/81380  62%]  loss=3.1306 ppl=22.9 lr=6.55e-05 | 84747 tok/s (avg 77660) ETA 246m40s | gtok=1,850,572,800 | GPU 1.3/30.5GB
step 50250 [50250/81380  62%]  loss=3.0919 ppl=22.0 lr=6.53e-05 | 85417 tok/s (avg 77667) ETA 246m15s | gtok=1,852,416,000 | GPU 1.3/30.5GB
step 50300 [50300/81380  62%]  loss=3.2125 ppl=24.8 lr=6.51e-05 | 85233 tok/s (avg 77674) ETA 245m50s | gtok=1,854,259,200 | GPU 1.3/30.5GB
step 50350 [50350/81380  62%]  loss=3.3320 ppl=28.0 lr=6.50e-05 | 69351 tok/s (avg 77665) ETA 245m28s | gtok=1,856,102,400 | GPU 1.3/30.5GB
step 50400 [50400/81380  62%]  loss=3.1671 ppl=23.7 lr=6.48e-05 | 85162 tok/s (avg 77671) ETA 245m03s | gtok=1,857,945,600 | GPU 1.3/30.5GB
step 50450 [50450/81380  62%]  loss=3.2669 ppl=26.2 lr=6.46e-05 | 85182 tok/s (avg 77678) ETA 244m38s | gtok=1,859,788,800 | GPU 1.3/30.5GB
step 50500 [50500/81380  62%]  loss=3.1611 ppl=23.6 lr=6.44e-05 | 84926 tok/s (avg 77685) ETA 244m13s | gtok=1,861,632,000 | GPU 1.3/30.5GB
step 50550 [50550/81380  62%]  loss=3.1186 ppl=22.6 lr=6.42e-05 | 84923 tok/s (avg 77691) ETA 243m48s | gtok=1,863,475,200 | GPU 1.3/30.5GB
step 50600 [50600/81380  62%]  loss=3.2955 ppl=27.0 lr=6.40e-05 | 85148 tok/s (avg 77698) ETA 243m23s | gtok=1,865,318,400 | GPU 1.3/30.5GB
step 50650 [50650/81380  62%]  loss=3.3273 ppl=27.9 lr=6.39e-05 | 84945 tok/s (avg 77705) ETA 242m58s | gtok=1,867,161,600 | GPU 1.3/30.5GB
step 50700 [50700/81380  62%]  loss=3.1810 ppl=24.1 lr=6.37e-05 | 84889 tok/s (avg 77711) ETA 242m33s | gtok=1,869,004,800 | GPU 1.3/30.5GB
step 50750 [50750/81380  62%]  loss=3.0677 ppl=21.5 lr=6.35e-05 | 84412 tok/s (avg 77717) ETA 242m08s | gtok=1,870,848,000 | GPU 1.3/30.5GB
step 50800 [50800/81380  62%]  loss=3.1977 ppl=24.5 lr=6.33e-05 | 85373 tok/s (avg 77724) ETA 241m43s | gtok=1,872,691,200 | GPU 1.3/30.5GB
step 50850 [50850/81380  62%]  loss=3.3288 ppl=27.9 lr=6.31e-05 | 85075 tok/s (avg 77731) ETA 241m18s | gtok=1,874,534,400 | GPU 1.3/30.5GB
step 50900 [50900/81380  63%]  loss=3.2354 ppl=25.4 lr=6.30e-05 | 84912 tok/s (avg 77737) ETA 240m54s | gtok=1,876,377,600 | GPU 1.3/30.5GB
step 50950 [50950/81380  63%]  loss=3.1030 ppl=22.3 lr=6.28e-05 | 84987 tok/s (avg 77743) ETA 240m29s | gtok=1,878,220,800 | GPU 1.3/30.5GB
step 51000 [51000/81380  63%]  loss=3.1584 ppl=23.5 lr=6.26e-05 | 84735 tok/s (avg 77750) ETA 240m04s | gtok=1,880,064,000 | GPU 1.3/30.5GB
  [checkpoint] step 51000 -> checkpoints_v13_sempty/mix3b_chrono_gate_bbc12e9/latest.pt
step 51050 [51050/81380  63%]  loss=3.0437 ppl=21.0 lr=6.24e-05 | 78280 tok/s (avg 77750) ETA 239m40s | gtok=1,881,907,200 | GPU 1.3/30.5GB
step 51100 [51100/81380  63%]  loss=3.1936 ppl=24.4 lr=6.22e-05 | 85110 tok/s (avg 77757) ETA 239m15s | gtok=1,883,750,400 | GPU 1.3/30.5GB
step 51150 [51150/81380  63%]  loss=3.1494 ppl=23.3 lr=6.20e-05 | 85057 tok/s (avg 77763) ETA 238m50s | gtok=1,885,593,600 | GPU 1.3/30.5GB
step 51200 [51200/81380  63%]  loss=3.0990 ppl=22.2 lr=6.19e-05 | 85199 tok/s (avg 77770) ETA 238m25s | gtok=1,887,436,800 | GPU 1.3/30.5GB
step 51250 [51250/81380  63%]  loss=3.1791 ppl=24.0 lr=6.17e-05 | 85138 tok/s (avg 77777) ETA 238m00s | gtok=1,889,280,000 | GPU 1.3/30.5GB
step 51300 [51300/81380  63%]  loss=3.0270 ppl=20.6 lr=6.15e-05 | 84437 tok/s (avg 77783) ETA 237m36s | gtok=1,891,123,200 | GPU 1.3/30.5GB
step 51350 [51350/81380  63%]  loss=3.2155 ppl=24.9 lr=6.13e-05 | 85484 tok/s (avg 77789) ETA 237m11s | gtok=1,892,966,400 | GPU 1.3/30.5GB
step 51400 [51400/81380  63%]  loss=3.0558 ppl=21.2 lr=6.11e-05 | 84956 tok/s (avg 77796) ETA 236m46s | gtok=1,894,809,600 | GPU 1.3/30.5GB
step 51450 [51450/81380  63%]  loss=2.9811 ppl=19.7 lr=6.10e-05 | 85024 tok/s (avg 77802) ETA 236m21s | gtok=1,896,652,800 | GPU 1.3/30.5GB
step 51500 [51500/81380  63%]  loss=3.1070 ppl=22.4 lr=6.08e-05 | 85156 tok/s (avg 77809) ETA 235m56s | gtok=1,898,496,000 | GPU 1.3/30.5GB
step 51550 [51550/81380  63%]  loss=3.1101 ppl=22.4 lr=6.06e-05 | 85203 tok/s (avg 77815) ETA 235m31s | gtok=1,900,339,200 | GPU 1.3/30.5GB
step 51600 [51600/81380  63%]  loss=2.9517 ppl=19.1 lr=6.04e-05 | 85010 tok/s (avg 77822) ETA 235m06s | gtok=1,902,182,400 | GPU 1.3/30.5GB
step 51650 [51650/81380  63%]  loss=3.1406 ppl=23.1 lr=6.02e-05 | 84957 tok/s (avg 77828) ETA 234m41s | gtok=1,904,025,600 | GPU 1.3/30.5GB
step 51700 [51700/81380  64%]  loss=3.1077 ppl=22.4 lr=6.01e-05 | 85228 tok/s (avg 77835) ETA 234m17s | gtok=1,905,868,800 | GPU 1.3/30.5GB
step 51750 [51750/81380  64%]  loss=2.9362 ppl=18.8 lr=5.99e-05 | 85359 tok/s (avg 77841) ETA 233m52s | gtok=1,907,712,000 | GPU 1.3/30.5GB
step 51800 [51800/81380  64%]  loss=3.0185 ppl=20.5 lr=5.97e-05 | 85123 tok/s (avg 77848) ETA 233m27s | gtok=1,909,555,200 | GPU 1.3/30.5GB
step 51850 [51850/81380  64%]  loss=3.1673 ppl=23.7 lr=5.95e-05 | 84438 tok/s (avg 77853) ETA 233m02s | gtok=1,911,398,400 | GPU 1.3/30.5GB
step 51900 [51900/81380  64%]  loss=3.3142 ppl=27.5 lr=5.94e-05 | 85215 tok/s (avg 77860) ETA 232m37s | gtok=1,913,241,600 | GPU 1.3/30.5GB
step 51950 [51950/81380  64%]  loss=3.2967 ppl=27.0 lr=5.92e-05 | 85223 tok/s (avg 77866) ETA 232m12s | gtok=1,915,084,800 | GPU 1.3/30.5GB
step 52000 [52000/81380  64%]  loss=2.9232 ppl=18.6 lr=5.90e-05 | 85232 tok/s (avg 77873) ETA 231m48s | gtok=1,916,928,000 | GPU 1.3/30.5GB
  [gen @ step 52000, 1,916,928,000 tok] prompt: In 1923, the University of
    In 1923, the University of Chicago (UBC) was founded as a free university, with its own name. The first university to hold its first annual conference in Chicago, the UBC opened its doors to students and faculty at Harvard Medical School, Boston College and other universities throughout the country.
From 1919 until 1946, Chicago’s university functioned largely as a teacher for local public schools, but as the economic boom
  [checkpoint] step 52000 -> checkpoints_v13_sempty/mix3b_chrono_gate_bbc12e9/best_model.pt
  [val @ step 52000] val_loss=3.3207 val_ppl=27.68 *best* (best 27.68)
  [wiki_val @ step 52000] val_loss=4.0847 val_ppl=59.42
  [checkpoint] step 52000 -> checkpoints_v13_sempty/mix3b_chrono_gate_bbc12e9/latest.pt
  [diag] step 52000 cgu=+0.18 +0.23 +0.25 +0.30 +0.35 +0.39 +0.45 +0.56 +0.66 +0.76 +0.83 +0.94 +1.05 +1.13 +1.64 +1.66  pam=+0.01 +0.01 +0.01 +0.01 +0.02 +0.02 +0.02 +0.02 +0.02 +0.03 +0.03 +0.05 +0.08 +0.15 +0.13 +0.08
  [diag] dtbias=-3.91 -3.89 -3.89 -3.98 -3.88 -3.92 -3.92 -3.95 -3.95 -3.96 -3.93 -3.92 -3.86 -3.97 -3.90 -3.93  ret=0.73 0.69 0.75 0.88 0.76 0.81 0.79 0.90 0.87 0.84 0.83 0.85 0.62 0.87 0.67 0.76
  [diag] gnorm=1.3e-01 3.9e-01 5.7e-02 6.2e-01 7.9e-02 1.2e-01 1.4e-01 9.4e-02 8.5e-02 2.0e-01 1.5e-01 1.2e-01 1.2e-01 1.4e-01 7.9e-02 8.5e-02  wnorm=80.9 83.6 84.7 85.1 85.2 85.4 85.6 85.5 85.6 85.6 86.3 86.3 86.5 87.0 88.2 88.0
step 52050 [52050/81380  64%]  loss=3.0952 ppl=22.1 lr=5.88e-05 | 28467 tok/s (avg 77743) ETA 231m47s | gtok=1,918,771,200 | GPU 1.3/30.5GB
step 52100 [52100/81380  64%]  loss=3.0673 ppl=21.5 lr=5.86e-05 | 84648 tok/s (avg 77749) ETA 231m22s | gtok=1,920,614,400 | GPU 1.3/30.5GB
step 52150 [52150/81380  64%]  loss=3.0812 ppl=21.8 lr=5.85e-05 | 84961 tok/s (avg 77756) ETA 230m57s | gtok=1,922,457,600 | GPU 1.3/30.5GB
step 52200 [52200/81380  64%]  loss=3.1158 ppl=22.6 lr=5.83e-05 | 85090 tok/s (avg 77762) ETA 230m33s | gtok=1,924,300,800 | GPU 1.3/30.5GB
step 52250 [52250/81380  64%]  loss=3.2023 ppl=24.6 lr=5.81e-05 | 84318 tok/s (avg 77768) ETA 230m08s | gtok=1,926,144,000 | GPU 1.3/30.5GB
step 52300 [52300/81380  64%]  loss=3.1693 ppl=23.8 lr=5.79e-05 | 84850 tok/s (avg 77774) ETA 229m43s | gtok=1,927,987,200 | GPU 1.3/30.5GB
step 52350 [52350/81380  64%]  loss=3.0847 ppl=21.9 lr=5.78e-05 | 85036 tok/s (avg 77780) ETA 229m18s | gtok=1,929,830,400 | GPU 1.3/30.5GB
step 52400 [52400/81380  64%]  loss=3.3162 ppl=27.6 lr=5.76e-05 | 84924 tok/s (avg 77787) ETA 228m53s | gtok=1,931,673,600 | GPU 1.3/30.5GB
step 52450 [52450/81380  64%]  loss=3.2175 ppl=25.0 lr=5.74e-05 | 84931 tok/s (avg 77793) ETA 228m29s | gtok=1,933,516,800 | GPU 1.3/30.5GB
step 52500 [52500/81380  65%]  loss=3.2540 ppl=25.9 lr=5.72e-05 | 84914 tok/s (avg 77799) ETA 228m04s | gtok=1,935,360,000 | GPU 1.3/30.5GB
step 52550 [52550/81380  65%]  loss=3.0582 ppl=21.3 lr=5.70e-05 | 84829 tok/s (avg 77805) ETA 227m39s | gtok=1,937,203,200 | GPU 1.3/30.5GB
step 52600 [52600/81380  65%]  loss=3.2282 ppl=25.2 lr=5.69e-05 | 84494 tok/s (avg 77811) ETA 227m14s | gtok=1,939,046,400 | GPU 1.3/30.5GB
step 52650 [52650/81380  65%]  loss=2.9996 ppl=20.1 lr=5.67e-05 | 84788 tok/s (avg 77817) ETA 226m50s | gtok=1,940,889,600 | GPU 1.3/30.5GB
step 52700 [52700/81380  65%]  loss=3.0972 ppl=22.1 lr=5.65e-05 | 84661 tok/s (avg 77823) ETA 226m25s | gtok=1,942,732,800 | GPU 1.3/30.5GB
step 52750 [52750/81380  65%]  loss=2.9874 ppl=19.8 lr=5.63e-05 | 84578 tok/s (avg 77829) ETA 226m00s | gtok=1,944,576,000 | GPU 1.3/30.5GB
step 52800 [52800/81380  65%]  loss=3.1978 ppl=24.5 lr=5.62e-05 | 84066 tok/s (avg 77835) ETA 225m36s | gtok=1,946,419,200 | GPU 1.3/30.5GB
step 52850 [52850/81380  65%]  loss=3.1436 ppl=23.2 lr=5.60e-05 | 85041 tok/s (avg 77841) ETA 225m11s | gtok=1,948,262,400 | GPU 1.3/30.5GB
step 52900 [52900/81380  65%]  loss=3.2374 ppl=25.5 lr=5.58e-05 | 85150 tok/s (avg 77847) ETA 224m46s | gtok=1,950,105,600 | GPU 1.3/30.5GB
step 52950 [52950/81380  65%]  loss=3.1423 ppl=23.2 lr=5.56e-05 | 85280 tok/s (avg 77853) ETA 224m21s | gtok=1,951,948,800 | GPU 1.3/30.5GB
step 53000 [53000/81380  65%]  loss=3.1740 ppl=23.9 lr=5.55e-05 | 85380 tok/s (avg 77860) ETA 223m56s | gtok=1,953,792,000 | GPU 1.3/30.5GB
  [checkpoint] step 53000 -> checkpoints_v13_sempty/mix3b_chrono_gate_bbc12e9/latest.pt
step 53050 [53050/81380  65%]  loss=3.1698 ppl=23.8 lr=5.53e-05 | 78636 tok/s (avg 77861) ETA 223m33s | gtok=1,955,635,200 | GPU 1.3/30.5GB
step 53100 [53100/81380  65%]  loss=3.3296 ppl=27.9 lr=5.51e-05 | 85383 tok/s (avg 77867) ETA 223m08s | gtok=1,957,478,400 | GPU 1.3/30.5GB
step 53150 [53150/81380  65%]  loss=3.1819 ppl=24.1 lr=5.49e-05 | 85155 tok/s (avg 77873) ETA 222m43s | gtok=1,959,321,600 | GPU 1.3/30.5GB
step 53200 [53200/81380  65%]  loss=3.2412 ppl=25.6 lr=5.48e-05 | 85203 tok/s (avg 77880) ETA 222m18s | gtok=1,961,164,800 | GPU 1.3/30.5GB
step 53250 [53250/81380  65%]  loss=3.1969 ppl=24.5 lr=5.46e-05 | 85220 tok/s (avg 77886) ETA 221m54s | gtok=1,963,008,000 | GPU 1.3/30.5GB
step 53300 [53300/81380  65%]  loss=3.1015 ppl=22.2 lr=5.44e-05 | 85263 tok/s (avg 77892) ETA 221m29s | gtok=1,964,851,200 | GPU 1.3/30.5GB
step 53350 [53350/81380  66%]  loss=3.0998 ppl=22.2 lr=5.42e-05 | 84470 tok/s (avg 77898) ETA 221m04s | gtok=1,966,694,400 | GPU 1.3/30.5GB
step 53400 [53400/81380  66%]  loss=3.3578 ppl=28.7 lr=5.41e-05 | 85241 tok/s (avg 77904) ETA 220m40s | gtok=1,968,537,600 | GPU 1.3/30.5GB
step 53450 [53450/81380  66%]  loss=3.2057 ppl=24.7 lr=5.39e-05 | 85162 tok/s (avg 77910) ETA 220m15s | gtok=1,970,380,800 | GPU 1.3/30.5GB
step 53500 [53500/81380  66%]  loss=3.1863 ppl=24.2 lr=5.37e-05 | 85315 tok/s (avg 77917) ETA 219m50s | gtok=1,972,224,000 | GPU 1.3/30.5GB
step 53550 [53550/81380  66%]  loss=3.0503 ppl=21.1 lr=5.35e-05 | 85678 tok/s (avg 77923) ETA 219m25s | gtok=1,974,067,200 | GPU 1.3/30.5GB
step 53600 [53600/81380  66%]  loss=3.2937 ppl=26.9 lr=5.34e-05 | 85327 tok/s (avg 77930) ETA 219m01s | gtok=1,975,910,400 | GPU 1.3/30.5GB
step 53650 [53650/81380  66%]  loss=3.2019 ppl=24.6 lr=5.32e-05 | 85427 tok/s (avg 77936) ETA 218m36s | gtok=1,977,753,600 | GPU 1.3/30.5GB
step 53700 [53700/81380  66%]  loss=3.1391 ppl=23.1 lr=5.30e-05 | 85453 tok/s (avg 77942) ETA 218m11s | gtok=1,979,596,800 | GPU 1.3/30.5GB
step 53750 [53750/81380  66%]  loss=3.1838 ppl=24.1 lr=5.29e-05 | 85013 tok/s (avg 77948) ETA 217m46s | gtok=1,981,440,000 | GPU 1.3/30.5GB
step 53800 [53800/81380  66%]  loss=3.1507 ppl=23.4 lr=5.27e-05 | 85102 tok/s (avg 77955) ETA 217m22s | gtok=1,983,283,200 | GPU 1.3/30.5GB
step 53850 [53850/81380  66%]  loss=3.2710 ppl=26.3 lr=5.25e-05 | 85153 tok/s (avg 77961) ETA 216m57s | gtok=1,985,126,400 | GPU 1.3/30.5GB
step 53900 [53900/81380  66%]  loss=3.3001 ppl=27.1 lr=5.23e-05 | 84920 tok/s (avg 77967) ETA 216m33s | gtok=1,986,969,600 | GPU 1.3/30.5GB
step 53950 [53950/81380  66%]  loss=3.0700 ppl=21.5 lr=5.22e-05 | 84138 tok/s (avg 77972) ETA 216m08s | gtok=1,988,812,800 | GPU 1.3/30.5GB
step 54000 [54000/81380  66%]  loss=3.0736 ppl=21.6 lr=5.20e-05 | 85207 tok/s (avg 77978) ETA 215m43s | gtok=1,990,656,000 | GPU 1.3/30.5GB
  [checkpoint] step 54000 -> checkpoints_v13_sempty/mix3b_chrono_gate_bbc12e9/best_model.pt
  [val @ step 54000] val_loss=3.3067 val_ppl=27.29 *best* (best 27.29)
  [wiki_val @ step 54000] val_loss=4.0726 val_ppl=58.71
  [checkpoint] step 54000 -> checkpoints_v13_sempty/mix3b_chrono_gate_bbc12e9/latest.pt
  [diag] step 54000 cgu=+0.18 +0.23 +0.25 +0.30 +0.35 +0.40 +0.45 +0.56 +0.66 +0.76 +0.84 +0.94 +1.06 +1.14 +1.65 +1.67  pam=+0.01 +0.01 +0.01 +0.01 +0.02 +0.02 +0.02 +0.02 +0.02 +0.03 +0.03 +0.05 +0.08 +0.15 +0.13 +0.08
  [diag] dtbias=-3.91 -3.89 -3.89 -3.98 -3.88 -3.92 -3.92 -3.95 -3.95 -3.96 -3.93 -3.92 -3.86 -3.97 -3.90 -3.93  ret=0.73 0.68 0.74 0.87 0.75 0.81 0.79 0.90 0.87 0.84 0.82 0.85 0.61 0.87 0.66 0.75
  [diag] gnorm=1.7e-01 8.4e-02 9.0e-02 5.2e-01 7.7e-02 6.5e-02 1.3e-01 1.6e-01 1.1e-01 9.7e-02 2.5e-01 1.5e-01 1.4e-01 2.0e-01 1.0e-01 1.1e-01  wnorm=81.1 83.7 84.8 85.2 85.3 85.5 85.7 85.6 85.7 85.7 86.4 86.3 86.5 87.1 88.2 88.1
step 54050 [54050/81380  66%]  loss=3.0897 ppl=22.0 lr=5.18e-05 | 29335 tok/s (avg 77859) ETA 215m40s | gtok=1,992,499,200 | GPU 1.3/30.5GB
step 54100 [54100/81380  66%]  loss=3.2855 ppl=26.7 lr=5.17e-05 | 84896 tok/s (avg 77865) ETA 215m15s | gtok=1,994,342,400 | GPU 1.3/30.5GB
step 54150 [54150/81380  67%]  loss=3.1150 ppl=22.5 lr=5.15e-05 | 84996 tok/s (avg 77871) ETA 214m50s | gtok=1,996,185,600 | GPU 1.3/30.5GB
step 54200 [54200/81380  67%]  loss=3.2292 ppl=25.3 lr=5.13e-05 | 84669 tok/s (avg 77876) ETA 214m26s | gtok=1,998,028,800 | GPU 1.3/30.5GB
step 54250 [54250/81380  67%]  loss=3.3070 ppl=27.3 lr=5.11e-05 | 84894 tok/s (avg 77882) ETA 214m01s | gtok=1,999,872,000 | GPU 1.3/30.5GB
step 54300 [54300/81380  67%]  loss=3.2053 ppl=24.7 lr=5.10e-05 | 84926 tok/s (avg 77888) ETA 213m36s | gtok=2,001,715,200 | GPU 1.3/30.5GB
step 54350 [54350/81380  67%]  loss=3.1610 ppl=23.6 lr=5.08e-05 | 84229 tok/s (avg 77894) ETA 213m12s | gtok=2,003,558,400 | GPU 1.3/30.5GB
step 54400 [54400/81380  67%]  loss=3.2320 ppl=25.3 lr=5.06e-05 | 84774 tok/s (avg 77899) ETA 212m47s | gtok=2,005,401,600 | GPU 1.3/30.5GB
step 54450 [54450/81380  67%]  loss=3.2237 ppl=25.1 lr=5.05e-05 | 84816 tok/s (avg 77905) ETA 212m23s | gtok=2,007,244,800 | GPU 1.3/30.5GB
step 54500 [54500/81380  67%]  loss=3.3133 ppl=27.5 lr=5.03e-05 | 84678 tok/s (avg 77911) ETA 211m58s | gtok=2,009,088,000 | GPU 1.3/30.5GB
step 54550 [54550/81380  67%]  loss=3.2094 ppl=24.8 lr=5.01e-05 | 85104 tok/s (avg 77917) ETA 211m33s | gtok=2,010,931,200 | GPU 1.3/30.5GB
step 54600 [54600/81380  67%]  loss=2.9716 ppl=19.5 lr=5.00e-05 | 85079 tok/s (avg 77923) ETA 211m09s | gtok=2,012,774,400 | GPU 1.3/30.5GB
step 54650 [54650/81380  67%]  loss=3.2192 ppl=25.0 lr=4.98e-05 | 84948 tok/s (avg 77929) ETA 210m44s | gtok=2,014,617,600 | GPU 1.3/30.5GB
step 54700 [54700/81380  67%]  loss=3.0473 ppl=21.1 lr=4.96e-05 | 84725 tok/s (avg 77935) ETA 210m19s | gtok=2,016,460,800 | GPU 1.3/30.5GB
step 54750 [54750/81380  67%]  loss=3.3366 ppl=28.1 lr=4.94e-05 | 84784 tok/s (avg 77940) ETA 209m55s | gtok=2,018,304,000 | GPU 1.3/30.5GB
step 54800 [54800/81380  67%]  loss=3.1786 ppl=24.0 lr=4.93e-05 | 84663 tok/s (avg 77946) ETA 209m30s | gtok=2,020,147,200 | GPU 1.3/30.5GB
step 54850 [54850/81380  67%]  loss=3.1059 ppl=22.3 lr=4.91e-05 | 84696 tok/s (avg 77952) ETA 209m06s | gtok=2,021,990,400 | GPU 1.3/30.5GB
step 54900 [54900/81380  67%]  loss=3.1691 ppl=23.8 lr=4.89e-05 | 84833 tok/s (avg 77957) ETA 208m41s | gtok=2,023,833,600 | GPU 1.3/30.5GB
step 54950 [54950/81380  68%]  loss=3.0446 ppl=21.0 lr=4.88e-05 | 84300 tok/s (avg 77963) ETA 208m17s | gtok=2,025,676,800 | GPU 1.3/30.5GB
step 55000 [55000/81380  68%]  loss=3.2150 ppl=24.9 lr=4.86e-05 | 85199 tok/s (avg 77969) ETA 207m52s | gtok=2,027,520,000 | GPU 1.3/30.5GB
  [checkpoint] step 55000 -> checkpoints_v13_sempty/mix3b_chrono_gate_bbc12e9/latest.pt
step 55050 [55050/81380  68%]  loss=3.1683 ppl=23.8 lr=4.84e-05 | 78486 tok/s (avg 77969) ETA 207m28s | gtok=2,029,363,200 | GPU 1.3/30.5GB
step 55100 [55100/81380  68%]  loss=3.1685 ppl=23.8 lr=4.83e-05 | 85187 tok/s (avg 77975) ETA 207m04s | gtok=2,031,206,400 | GPU 1.3/30.5GB
step 55150 [55150/81380  68%]  loss=3.0510 ppl=21.1 lr=4.81e-05 | 85124 tok/s (avg 77981) ETA 206m39s | gtok=2,033,049,600 | GPU 1.3/30.5GB
step 55200 [55200/81380  68%]  loss=3.1809 ppl=24.1 lr=4.79e-05 | 85170 tok/s (avg 77987) ETA 206m15s | gtok=2,034,892,800 | GPU 1.3/30.5GB
step 55250 [55250/81380  68%]  loss=2.8839 ppl=17.9 lr=4.78e-05 | 85376 tok/s (avg 77993) ETA 205m50s | gtok=2,036,736,000 | GPU 1.3/30.5GB
step 55300 [55300/81380  68%]  loss=3.1883 ppl=24.2 lr=4.76e-05 | 85352 tok/s (avg 77999) ETA 205m25s | gtok=2,038,579,200 | GPU 1.3/30.5GB
step 55350 [55350/81380  68%]  loss=3.2013 ppl=24.6 lr=4.74e-05 | 85241 tok/s (avg 78005) ETA 205m01s | gtok=2,040,422,400 | GPU 1.3/30.5GB
step 55400 [55400/81380  68%]  loss=3.0365 ppl=20.8 lr=4.73e-05 | 85217 tok/s (avg 78011) ETA 204m36s | gtok=2,042,265,600 | GPU 1.3/30.5GB
step 55450 [55450/81380  68%]  loss=3.2489 ppl=25.8 lr=4.71e-05 | 85440 tok/s (avg 78017) ETA 204m12s | gtok=2,044,108,800 | GPU 1.3/30.5GB
step 55500 [55500/81380  68%]  loss=3.0562 ppl=21.2 lr=4.69e-05 | 84291 tok/s (avg 78023) ETA 203m47s | gtok=2,045,952,000 | GPU 1.3/30.5GB
step 55550 [55550/81380  68%]  loss=3.0798 ppl=21.8 lr=4.68e-05 | 85143 tok/s (avg 78029) ETA 203m23s | gtok=2,047,795,200 | GPU 1.3/30.5GB
step 55600 [55600/81380  68%]  loss=3.2330 ppl=25.4 lr=4.66e-05 | 85211 tok/s (avg 78034) ETA 202m58s | gtok=2,049,638,400 | GPU 1.3/30.5GB
step 55650 [55650/81380  68%]  loss=3.1660 ppl=23.7 lr=4.64e-05 | 85071 tok/s (avg 78040) ETA 202m34s | gtok=2,051,481,600 | GPU 1.3/30.5GB
step 55700 [55700/81380  68%]  loss=3.3176 ppl=27.6 lr=4.63e-05 | 85067 tok/s (avg 78046) ETA 202m09s | gtok=2,053,324,800 | GPU 1.3/30.5GB
step 55750 [55750/81380  69%]  loss=3.2620 ppl=26.1 lr=4.61e-05 | 85245 tok/s (avg 78052) ETA 201m45s | gtok=2,055,168,000 | GPU 1.3/30.5GB
step 55800 [55800/81380  69%]  loss=3.1602 ppl=23.6 lr=4.60e-05 | 85047 tok/s (avg 78058) ETA 201m20s | gtok=2,057,011,200 | GPU 1.3/30.5GB
step 55850 [55850/81380  69%]  loss=3.1895 ppl=24.3 lr=4.58e-05 | 85196 tok/s (avg 78064) ETA 200m56s | gtok=2,058,854,400 | GPU 1.3/30.5GB
step 55900 [55900/81380  69%]  loss=3.0918 ppl=22.0 lr=4.56e-05 | 85045 tok/s (avg 78069) ETA 200m31s | gtok=2,060,697,600 | GPU 1.3/30.5GB
step 55950 [55950/81380  69%]  loss=3.2266 ppl=25.2 lr=4.55e-05 | 85027 tok/s (avg 78075) ETA 200m07s | gtok=2,062,540,800 | GPU 1.3/30.5GB
step 56000 [56000/81380  69%]  loss=3.2159 ppl=24.9 lr=4.53e-05 | 85013 tok/s (avg 78081) ETA 199m42s | gtok=2,064,384,000 | GPU 1.3/30.5GB
  [gen @ step 56000, 2,064,384,000 tok] prompt: In 1923, the University of
    In 1923, the University of Chicago started its study of the brain. The first part was titled “Theory of Neuro-neurons”. It is a book that has been published in the prestigious journals of the American and British universities. A major part of the study was dedicated to neuroscientific research.

Brain imaging

This section of Brain Imaging describes the brain images obtained through various imaging techniques
  [checkpoint] step 56000 -> checkpoints_v13_sempty/mix3b_chrono_gate_bbc12e9/best_model.pt
  [val @ step 56000] val_loss=3.3001 val_ppl=27.12 *best* (best 27.12)
  [wiki_val @ step 56000] val_loss=4.0807 val_ppl=59.19
  [checkpoint] step 56000 -> checkpoints_v13_sempty/mix3b_chrono_gate_bbc12e9/latest.pt
  [diag] step 56000 cgu=+0.18 +0.23 +0.25 +0.31 +0.36 +0.40 +0.46 +0.56 +0.66 +0.76 +0.84 +0.95 +1.06 +1.14 +1.66 +1.68  pam=+0.01 +0.01 +0.01 +0.01 +0.02 +0.02 +0.02 +0.02 +0.02 +0.03 +0.03 +0.05 +0.08 +0.16 +0.13 +0.08
  [diag] dtbias=-3.91 -3.89 -3.89 -3.98 -3.88 -3.92 -3.92 -3.95 -3.95 -3.96 -3.93 -3.92 -3.86 -3.97 -3.90 -3.93  ret=0.73 0.68 0.75 0.88 0.75 0.80 0.79 0.90 0.87 0.84 0.83 0.86 0.62 0.87 0.66 0.75
  [diag] gnorm=1.3e-01 2.9e-01 1.9e-01 5.3e-01 9.7e-02 6.4e-02 1.3e-01 1.6e-01 1.3e-01 1.6e-01 9.0e-02 9.4e-02 1.3e-01 1.7e-01 1.0e-01 1.1e-01  wnorm=81.2 83.7 84.9 85.2 85.4 85.6 85.7 85.6 85.8 85.7 86.5 86.4 86.6 87.2 88.3 88.2
step 56050 [56050/81380  69%]  loss=3.1767 ppl=24.0 lr=4.51e-05 | 28619 tok/s (avg 77961) ETA 199m37s | gtok=2,066,227,200 | GPU 1.3/30.5GB
step 56100 [56100/81380  69%]  loss=3.2539 ppl=25.9 lr=4.50e-05 | 85320 tok/s (avg 77966) ETA 199m12s | gtok=2,068,070,400 | GPU 1.3/30.5GB
step 56150 [56150/81380  69%]  loss=3.1706 ppl=23.8 lr=4.48e-05 | 85446 tok/s (avg 77973) ETA 198m48s | gtok=2,069,913,600 | GPU 1.3/30.5GB
step 56200 [56200/81380  69%]  loss=3.1326 ppl=22.9 lr=4.46e-05 | 85262 tok/s (avg 77979) ETA 198m23s | gtok=2,071,756,800 | GPU 1.3/30.5GB
step 56250 [56250/81380  69%]  loss=3.1517 ppl=23.4 lr=4.45e-05 | 84985 tok/s (avg 77984) ETA 197m59s | gtok=2,073,600,000 | GPU 1.3/30.5GB
step 56300 [56300/81380  69%]  loss=3.2485 ppl=25.8 lr=4.43e-05 | 85300 tok/s (avg 77990) ETA 197m34s | gtok=2,075,443,200 | GPU 1.3/30.5GB
step 56350 [56350/81380  69%]  loss=3.3448 ppl=28.4 lr=4.42e-05 | 85223 tok/s (avg 77996) ETA 197m10s | gtok=2,077,286,400 | GPU 1.3/30.5GB
step 56400 [56400/81380  69%]  loss=3.2395 ppl=25.5 lr=4.40e-05 | 85121 tok/s (avg 78002) ETA 196m45s | gtok=2,079,129,600 | GPU 1.3/30.5GB
step 56450 [56450/81380  69%]  loss=3.2349 ppl=25.4 lr=4.38e-05 | 84286 tok/s (avg 78007) ETA 196m21s | gtok=2,080,972,800 | GPU 1.3/30.5GB
step 56500 [56500/81380  69%]  loss=3.1182 ppl=22.6 lr=4.37e-05 | 85166 tok/s (avg 78013) ETA 195m56s | gtok=2,082,816,000 | GPU 1.3/30.5GB
step 56550 [56550/81380  69%]  loss=3.1905 ppl=24.3 lr=4.35e-05 | 85486 tok/s (avg 78019) ETA 195m32s | gtok=2,084,659,200 | GPU 1.3/30.5GB
step 56600 [56600/81380  70%]  loss=2.8606 ppl=17.5 lr=4.33e-05 | 85413 tok/s (avg 78025) ETA 195m07s | gtok=2,086,502,400 | GPU 1.3/30.5GB
step 56650 [56650/81380  70%]  loss=3.2388 ppl=25.5 lr=4.32e-05 | 85369 tok/s (avg 78031) ETA 194m43s | gtok=2,088,345,600 | GPU 1.3/30.5GB
step 56700 [56700/81380  70%]  loss=3.2192 ppl=25.0 lr=4.30e-05 | 85159 tok/s (avg 78036) ETA 194m18s | gtok=2,090,188,800 | GPU 1.3/30.5GB
step 56750 [56750/81380  70%]  loss=3.2558 ppl=25.9 lr=4.29e-05 | 85295 tok/s (avg 78042) ETA 193m54s | gtok=2,092,032,000 | GPU 1.3/30.5GB
step 56800 [56800/81380  70%]  loss=3.1622 ppl=23.6 lr=4.27e-05 | 85579 tok/s (avg 78048) ETA 193m29s | gtok=2,093,875,200 | GPU 1.3/30.5GB
step 56850 [56850/81380  70%]  loss=3.2131 ppl=24.9 lr=4.25e-05 | 85208 tok/s (avg 78054) ETA 193m05s | gtok=2,095,718,400 | GPU 1.3/30.5GB
step 56900 [56900/81380  70%]  loss=3.0737 ppl=21.6 lr=4.24e-05 | 85564 tok/s (avg 78060) ETA 192m40s | gtok=2,097,561,600 | GPU 1.3/30.5GB
step 56950 [56950/81380  70%]  loss=3.1105 ppl=22.4 lr=4.22e-05 | 85350 tok/s (avg 78066) ETA 192m16s | gtok=2,099,404,800 | GPU 1.3/30.5GB
step 57000 [57000/81380  70%]  loss=3.0427 ppl=21.0 lr=4.21e-05 | 85003 tok/s (avg 78072) ETA 191m51s | gtok=2,101,248,000 | GPU 1.3/30.5GB
  [checkpoint] step 57000 -> checkpoints_v13_sempty/mix3b_chrono_gate_bbc12e9/latest.pt
step 57050 [57050/81380  70%]  loss=3.1400 ppl=23.1 lr=4.19e-05 | 78647 tok/s (avg 78072) ETA 191m28s | gtok=2,103,091,200 | GPU 1.3/30.5GB
step 57100 [57100/81380  70%]  loss=3.0817 ppl=21.8 lr=4.17e-05 | 85028 tok/s (avg 78078) ETA 191m03s | gtok=2,104,934,400 | GPU 1.3/30.5GB
step 57150 [57150/81380  70%]  loss=3.0721 ppl=21.6 lr=4.16e-05 | 85184 tok/s (avg 78083) ETA 190m39s | gtok=2,106,777,600 | GPU 1.3/30.5GB
step 57200 [57200/81380  70%]  loss=3.2218 ppl=25.1 lr=4.14e-05 | 85338 tok/s (avg 78089) ETA 190m14s | gtok=2,108,620,800 | GPU 1.3/30.5GB
step 57250 [57250/81380  70%]  loss=3.1155 ppl=22.5 lr=4.13e-05 | 85204 tok/s (avg 78095) ETA 189m50s | gtok=2,110,464,000 | GPU 1.3/30.5GB
step 57300 [57300/81380  70%]  loss=3.2543 ppl=25.9 lr=4.11e-05 | 85180 tok/s (avg 78101) ETA 189m25s | gtok=2,112,307,200 | GPU 1.3/30.5GB
step 57350 [57350/81380  70%]  loss=3.1814 ppl=24.1 lr=4.10e-05 | 85067 tok/s (avg 78106) ETA 189m01s | gtok=2,114,150,400 | GPU 1.3/30.5GB
step 57400 [57400/81380  71%]  loss=3.1212 ppl=22.7 lr=4.08e-05 | 85412 tok/s (avg 78112) ETA 188m37s | gtok=2,115,993,600 | GPU 1.3/30.5GB
step 57450 [57450/81380  71%]  loss=3.0424 ppl=21.0 lr=4.06e-05 | 85051 tok/s (avg 78117) ETA 188m12s | gtok=2,117,836,800 | GPU 1.3/30.5GB
step 57500 [57500/81380  71%]  loss=3.3741 ppl=29.2 lr=4.05e-05 | 85255 tok/s (avg 78123) ETA 187m48s | gtok=2,119,680,000 | GPU 1.3/30.5GB
step 57550 [57550/81380  71%]  loss=3.0443 ppl=21.0 lr=4.03e-05 | 84087 tok/s (avg 78128) ETA 187m23s | gtok=2,121,523,200 | GPU 1.3/30.5GB
step 57600 [57600/81380  71%]  loss=2.9712 ppl=19.5 lr=4.02e-05 | 85171 tok/s (avg 78134) ETA 186m59s | gtok=2,123,366,400 | GPU 1.3/30.5GB
step 57650 [57650/81380  71%]  loss=3.0140 ppl=20.4 lr=4.00e-05 | 85331 tok/s (avg 78139) ETA 186m35s | gtok=2,125,209,600 | GPU 1.3/30.5GB
step 57700 [57700/81380  71%]  loss=3.0481 ppl=21.1 lr=3.99e-05 | 68119 tok/s (avg 78129) ETA 186m13s | gtok=2,127,052,800 | GPU 1.3/30.5GB
step 57750 [57750/81380  71%]  loss=3.2286 ppl=25.2 lr=3.97e-05 | 84729 tok/s (avg 78135) ETA 185m48s | gtok=2,128,896,000 | GPU 1.3/30.5GB
step 57800 [57800/81380  71%]  loss=3.0944 ppl=22.1 lr=3.95e-05 | 84622 tok/s (avg 78140) ETA 185m24s | gtok=2,130,739,200 | GPU 1.3/30.5GB
step 57850 [57850/81380  71%]  loss=3.0981 ppl=22.2 lr=3.94e-05 | 84392 tok/s (avg 78145) ETA 185m00s | gtok=2,132,582,400 | GPU 1.3/30.5GB
step 57900 [57900/81380  71%]  loss=3.2643 ppl=26.2 lr=3.92e-05 | 84552 tok/s (avg 78150) ETA 184m35s | gtok=2,134,425,600 | GPU 1.3/30.5GB
step 57950 [57950/81380  71%]  loss=3.0743 ppl=21.6 lr=3.91e-05 | 84873 tok/s (avg 78155) ETA 184m11s | gtok=2,136,268,800 | GPU 1.3/30.5GB
step 58000 [58000/81380  71%]  loss=3.2838 ppl=26.7 lr=3.89e-05 | 84922 tok/s (avg 78161) ETA 183m47s | gtok=2,138,112,000 | GPU 1.3/30.5GB
  [checkpoint] step 58000 -> checkpoints_v13_sempty/mix3b_chrono_gate_bbc12e9/best_model.pt
  [val @ step 58000] val_loss=3.2869 val_ppl=26.76 *best* (best 26.76)
  [wiki_val @ step 58000] val_loss=4.0617 val_ppl=58.07
  [checkpoint] step 58000 -> checkpoints_v13_sempty/mix3b_chrono_gate_bbc12e9/latest.pt
  [diag] step 58000 cgu=+0.19 +0.23 +0.25 +0.31 +0.36 +0.40 +0.46 +0.56 +0.66 +0.76 +0.84 +0.95 +1.07 +1.15 +1.67 +1.69  pam=+0.01 +0.01 +0.01 +0.01 +0.02 +0.02 +0.02 +0.02 +0.02 +0.03 +0.03 +0.05 +0.08 +0.16 +0.13 +0.09
  [diag] dtbias=-3.91 -3.89 -3.89 -3.98 -3.88 -3.92 -3.92 -3.95 -3.95 -3.96 -3.93 -3.92 -3.85 -3.97 -3.90 -3.93  ret=0.73 0.68 0.75 0.87 0.75 0.80 0.79 0.90 0.87 0.84 0.83 0.85 0.61 0.87 0.66 0.75
  [diag] gnorm=7.1e-02 1.5e-01 1.3e-01 6.8e-01 1.1e-01 9.8e-02 7.2e-02 1.8e-01 9.1e-02 9.3e-02 2.3e-01 8.9e-02 1.1e-01 1.5e-01 8.9e-02 9.1e-02  wnorm=81.3 83.8 84.9 85.3 85.4 85.6 85.7 85.7 85.8 85.8 86.5 86.4 86.6 87.2 88.4 88.2
step 58050 [58050/81380  71%]  loss=3.0528 ppl=21.2 lr=3.88e-05 | 28883 tok/s (avg 78046) ETA 183m39s | gtok=2,139,955,200 | GPU 1.3/30.5GB
step 58100 [58100/81380  71%]  loss=3.2723 ppl=26.4 lr=3.86e-05 | 84798 tok/s (avg 78051) ETA 183m15s | gtok=2,141,798,400 | GPU 1.3/30.5GB
step 58150 [58150/81380  71%]  loss=3.0087 ppl=20.3 lr=3.85e-05 | 85171 tok/s (avg 78057) ETA 182m50s | gtok=2,143,641,600 | GPU 1.3/30.5GB
step 58200 [58200/81380  72%]  loss=3.1563 ppl=23.5 lr=3.83e-05 | 84946 tok/s (avg 78062) ETA 182m26s | gtok=2,145,484,800 | GPU 1.3/30.5GB
step 58250 [58250/81380  72%]  loss=3.2866 ppl=26.8 lr=3.82e-05 | 84686 tok/s (avg 78068) ETA 182m02s | gtok=2,147,328,000 | GPU 1.3/30.5GB
step 58300 [58300/81380  72%]  loss=3.1898 ppl=24.3 lr=3.80e-05 | 86646 tok/s (avg 78074) ETA 181m37s | gtok=2,149,171,200 | GPU 1.3/30.5GB
step 58350 [58350/81380  72%]  loss=2.9932 ppl=20.0 lr=3.78e-05 | 85221 tok/s (avg 78080) ETA 181m13s | gtok=2,151,014,400 | GPU 1.3/30.5GB
step 58400 [58400/81380  72%]  loss=3.1207 ppl=22.7 lr=3.77e-05 | 85190 tok/s (avg 78085) ETA 180m48s | gtok=2,152,857,600 | GPU 1.3/30.5GB
step 58450 [58450/81380  72%]  loss=3.1869 ppl=24.2 lr=3.75e-05 | 85130 tok/s (avg 78091) ETA 180m24s | gtok=2,154,700,800 | GPU 1.3/30.5GB
step 58500 [58500/81380  72%]  loss=2.9880 ppl=19.8 lr=3.74e-05 | 85157 tok/s (avg 78096) ETA 180m00s | gtok=2,156,544,000 | GPU 1.3/30.5GB
step 58550 [58550/81380  72%]  loss=3.1632 ppl=23.6 lr=3.72e-05 | 84415 tok/s (avg 78101) ETA 179m35s | gtok=2,158,387,200 | GPU 1.3/30.5GB
step 58600 [58600/81380  72%]  loss=2.9804 ppl=19.7 lr=3.71e-05 | 85274 tok/s (avg 78107) ETA 179m11s | gtok=2,160,230,400 | GPU 1.3/30.5GB
step 58650 [58650/81380  72%]  loss=3.1634 ppl=23.7 lr=3.69e-05 | 85223 tok/s (avg 78113) ETA 178m47s | gtok=2,162,073,600 | GPU 1.3/30.5GB
step 58700 [58700/81380  72%]  loss=3.1429 ppl=23.2 lr=3.68e-05 | 85060 tok/s (avg 78118) ETA 178m22s | gtok=2,163,916,800 | GPU 1.3/30.5GB
step 58750 [58750/81380  72%]  loss=3.0826 ppl=21.8 lr=3.66e-05 | 84656 tok/s (avg 78123) ETA 177m58s | gtok=2,165,760,000 | GPU 1.3/30.5GB
step 58800 [58800/81380  72%]  loss=3.0798 ppl=21.8 lr=3.65e-05 | 84500 tok/s (avg 78128) ETA 177m34s | gtok=2,167,603,200 | GPU 1.3/30.5GB
step 58850 [58850/81380  72%]  loss=3.2670 ppl=26.2 lr=3.63e-05 | 84539 tok/s (avg 78133) ETA 177m09s | gtok=2,169,446,400 | GPU 1.3/30.5GB
step 58900 [58900/81380  72%]  loss=3.1432 ppl=23.2 lr=3.62e-05 | 84728 tok/s (avg 78138) ETA 176m45s | gtok=2,171,289,600 | GPU 1.3/30.5GB
step 58950 [58950/81380  72%]  loss=3.0604 ppl=21.3 lr=3.60e-05 | 84841 tok/s (avg 78144) ETA 176m21s | gtok=2,173,132,800 | GPU 1.3/30.5GB
step 59000 [59000/81380  72%]  loss=3.0424 ppl=21.0 lr=3.59e-05 | 85092 tok/s (avg 78149) ETA 175m56s | gtok=2,174,976,000 | GPU 1.3/30.5GB
  [checkpoint] step 59000 -> checkpoints_v13_sempty/mix3b_chrono_gate_bbc12e9/latest.pt
step 59050 [59050/81380  73%]  loss=3.0447 ppl=21.0 lr=3.57e-05 | 78307 tok/s (avg 78149) ETA 175m33s | gtok=2,176,819,200 | GPU 1.3/30.5GB
step 59100 [59100/81380  73%]  loss=3.0850 ppl=21.9 lr=3.56e-05 | 84491 tok/s (avg 78154) ETA 175m09s | gtok=2,178,662,400 | GPU 1.3/30.5GB
step 59150 [59150/81380  73%]  loss=3.1447 ppl=23.2 lr=3.54e-05 | 84978 tok/s (avg 78159) ETA 174m44s | gtok=2,180,505,600 | GPU 1.3/30.5GB
step 59200 [59200/81380  73%]  loss=3.0017 ppl=20.1 lr=3.53e-05 | 85093 tok/s (avg 78165) ETA 174m20s | gtok=2,182,348,800 | GPU 1.3/30.5GB
step 59250 [59250/81380  73%]  loss=3.1225 ppl=22.7 lr=3.51e-05 | 85236 tok/s (avg 78170) ETA 173m56s | gtok=2,184,192,000 | GPU 1.3/30.5GB
step 59300 [59300/81380  73%]  loss=3.0357 ppl=20.8 lr=3.50e-05 | 85034 tok/s (avg 78176) ETA 173m31s | gtok=2,186,035,200 | GPU 1.3/30.5GB
step 59350 [59350/81380  73%]  loss=3.1848 ppl=24.2 lr=3.48e-05 | 85310 tok/s (avg 78181) ETA 173m07s | gtok=2,187,878,400 | GPU 1.3/30.5GB
step 59400 [59400/81380  73%]  loss=3.1251 ppl=22.8 lr=3.47e-05 | 85138 tok/s (avg 78186) ETA 172m43s | gtok=2,189,721,600 | GPU 1.3/30.5GB
step 59450 [59450/81380  73%]  loss=3.1094 ppl=22.4 lr=3.45e-05 | 84935 tok/s (avg 78192) ETA 172m19s | gtok=2,191,564,800 | GPU 1.3/30.5GB
step 59500 [59500/81380  73%]  loss=3.2296 ppl=25.3 lr=3.44e-05 | 85096 tok/s (avg 78197) ETA 171m54s | gtok=2,193,408,000 | GPU 1.3/30.5GB
step 59550 [59550/81380  73%]  loss=3.0922 ppl=22.0 lr=3.42e-05 | 84851 tok/s (avg 78202) ETA 171m30s | gtok=2,195,251,200 | GPU 1.3/30.5GB
step 59600 [59600/81380  73%]  loss=3.2807 ppl=26.6 lr=3.41e-05 | 85075 tok/s (avg 78207) ETA 171m06s | gtok=2,197,094,400 | GPU 1.3/30.5GB
step 59650 [59650/81380  73%]  loss=3.0765 ppl=21.7 lr=3.39e-05 | 84444 tok/s (avg 78212) ETA 170m42s | gtok=2,198,937,600 | GPU 1.3/30.5GB
step 59700 [59700/81380  73%]  loss=3.0020 ppl=20.1 lr=3.38e-05 | 85003 tok/s (avg 78218) ETA 170m17s | gtok=2,200,780,800 | GPU 1.3/30.5GB
step 59750 [59750/81380  73%]  loss=3.1353 ppl=23.0 lr=3.37e-05 | 84793 tok/s (avg 78223) ETA 169m53s | gtok=2,202,624,000 | GPU 1.3/30.5GB
step 59800 [59800/81380  73%]  loss=3.1654 ppl=23.7 lr=3.35e-05 | 84716 tok/s (avg 78228) ETA 169m29s | gtok=2,204,467,200 | GPU 1.3/30.5GB
step 59850 [59850/81380  74%]  loss=3.2445 ppl=25.6 lr=3.34e-05 | 84838 tok/s (avg 78233) ETA 169m05s | gtok=2,206,310,400 | GPU 1.3/30.5GB
step 59900 [59900/81380  74%]  loss=3.2228 ppl=25.1 lr=3.32e-05 | 85093 tok/s (avg 78238) ETA 168m40s | gtok=2,208,153,600 | GPU 1.3/30.5GB
step 59950 [59950/81380  74%]  loss=3.1935 ppl=24.4 lr=3.31e-05 | 85308 tok/s (avg 78243) ETA 168m16s | gtok=2,209,996,800 | GPU 1.3/30.5GB
step 60000 [60000/81380  74%]  loss=3.0873 ppl=21.9 lr=3.29e-05 | 85185 tok/s (avg 78249) ETA 167m52s | gtok=2,211,840,000 | GPU 1.3/30.5GB
  [gen @ step 60000, 2,211,840,000 tok] prompt: In 1923, the University of
    In 1923, the University of Chicago's first professor and a major general practitioner was named in his honor. He later became known as "Father of Modern Psychology".
- ^ A person who holds a research position or role is known as a researcher; a scientist; an intellectual.
The word "scientist" comes from a Greek word meaning "principal figure", "first figure", or "inventor". In
  [checkpoint] step 60000 -> checkpoints_v13_sempty/mix3b_chrono_gate_bbc12e9/best_model.pt
  [val @ step 60000] val_loss=3.2801 val_ppl=26.58 *best* (best 26.58)
  [wiki_val @ step 60000] val_loss=4.0406 val_ppl=56.86
  [checkpoint] step 60000 -> checkpoints_v13_sempty/mix3b_chrono_gate_bbc12e9/latest.pt
  [checkpoint] step 60000 -> checkpoints_v13_sempty/mix3b_chrono_gate_bbc12e9/step_060000.pt
  [diag] step 60000 cgu=+0.19 +0.23 +0.25 +0.31 +0.36 +0.40 +0.46 +0.56 +0.67 +0.76 +0.85 +0.95 +1.07 +1.15 +1.68 +1.70  pam=+0.01 +0.01 +0.01 +0.01 +0.02 +0.02 +0.02 +0.02 +0.02 +0.03 +0.03 +0.05 +0.08 +0.16 +0.13 +0.09
  [diag] dtbias=-3.91 -3.88 -3.89 -3.98 -3.88 -3.92 -3.92 -3.95 -3.95 -3.96 -3.93 -3.92 -3.85 -3.97 -3.90 -3.93  ret=0.73 0.68 0.74 0.87 0.75 0.80 0.78 0.90 0.87 0.84 0.82 0.85 0.62 0.86 0.65 0.75
  [diag] gnorm=9.8e-02 1.1e-01 1.8e-01 9.2e-02 7.6e-02 1.4e-01 4.0e-01 1.5e-01 9.5e-02 1.3e-01 1.0e-01 1.0e-01 1.1e-01 1.8e-01 1.2e-01 1.2e-01  wnorm=81.4 83.8 84.9 85.3 85.4 85.6 85.8 85.7 85.8 85.8 86.5 86.4 86.6 87.2 88.4 88.3
step 60050 [60050/81380  74%]  loss=2.9993 ppl=20.1 lr=3.28e-05 | 28334 tok/s (avg 78134) ETA 167m43s | gtok=2,213,683,200 | GPU 1.3/30.5GB
step 60100 [60100/81380  74%]  loss=3.1852 ppl=24.2 lr=3.26e-05 | 84991 tok/s (avg 78139) ETA 167m19s | gtok=2,215,526,400 | GPU 1.3/30.5GB
step 60150 [60150/81380  74%]  loss=3.1476 ppl=23.3 lr=3.25e-05 | 85205 tok/s (avg 78145) ETA 166m55s | gtok=2,217,369,600 | GPU 1.3/30.5GB
step 60200 [60200/81380  74%]  loss=3.0991 ppl=22.2 lr=3.24e-05 | 85058 tok/s (avg 78150) ETA 166m30s | gtok=2,219,212,800 | GPU 1.3/30.5GB
step 60250 [60250/81380  74%]  loss=3.1248 ppl=22.8 lr=3.22e-05 | 84899 tok/s (avg 78155) ETA 166m06s | gtok=2,221,056,000 | GPU 1.3/30.5GB
step 60300 [60300/81380  74%]  loss=3.1242 ppl=22.7 lr=3.21e-05 | 84923 tok/s (avg 78160) ETA 165m42s | gtok=2,222,899,200 | GPU 1.3/30.5GB
step 60350 [60350/81380  74%]  loss=3.0551 ppl=21.2 lr=3.19e-05 | 84914 tok/s (avg 78165) ETA 165m18s | gtok=2,224,742,400 | GPU 1.3/30.5GB
step 60400 [60400/81380  74%]  loss=3.3001 ppl=27.1 lr=3.18e-05 | 84968 tok/s (avg 78171) ETA 164m53s | gtok=2,226,585,600 | GPU 1.3/30.5GB
step 60450 [60450/81380  74%]  loss=3.0410 ppl=20.9 lr=3.16e-05 | 85361 tok/s (avg 78176) ETA 164m29s | gtok=2,228,428,800 | GPU 1.3/30.5GB
step 60500 [60500/81380  74%]  loss=3.2902 ppl=26.8 lr=3.15e-05 | 85095 tok/s (avg 78181) ETA 164m05s | gtok=2,230,272,000 | GPU 1.3/30.5GB
step 60550 [60550/81380  74%]  loss=3.1119 ppl=22.5 lr=3.13e-05 | 85095 tok/s (avg 78187) ETA 163m41s | gtok=2,232,115,200 | GPU 1.3/30.5GB
step 60600 [60600/81380  74%]  loss=3.1576 ppl=23.5 lr=3.12e-05 | 84074 tok/s (avg 78191) ETA 163m16s | gtok=2,233,958,400 | GPU 1.3/30.5GB
step 60650 [60650/81380  75%]  loss=3.1430 ppl=23.2 lr=3.11e-05 | 84971 tok/s (avg 78196) ETA 162m52s | gtok=2,235,801,600 | GPU 1.3/30.5GB
step 60700 [60700/81380  75%]  loss=3.1331 ppl=22.9 lr=3.09e-05 | 84927 tok/s (avg 78201) ETA 162m28s | gtok=2,237,644,800 | GPU 1.3/30.5GB
step 60750 [60750/81380  75%]  loss=3.2988 ppl=27.1 lr=3.08e-05 | 85059 tok/s (avg 78207) ETA 162m04s | gtok=2,239,488,000 | GPU 1.3/30.5GB
step 60800 [60800/81380  75%]  loss=2.8508 ppl=17.3 lr=3.06e-05 | 85388 tok/s (avg 78212) ETA 161m40s | gtok=2,241,331,200 | GPU 1.3/30.5GB
step 60850 [60850/81380  75%]  loss=3.1893 ppl=24.3 lr=3.05e-05 | 85157 tok/s (avg 78217) ETA 161m15s | gtok=2,243,174,400 | GPU 1.3/30.5GB
step 60900 [60900/81380  75%]  loss=3.1357 ppl=23.0 lr=3.04e-05 | 16512 tok/s (avg 77978) ETA 161m21s | gtok=2,245,017,600 | GPU 1.3/30.5GB
step 60950 [60950/81380  75%]  loss=3.2648 ppl=26.2 lr=3.02e-05 | 84804 tok/s (avg 77983) ETA 160m57s | gtok=2,246,860,800 | GPU 1.3/30.5GB
step 61000 [61000/81380  75%]  loss=3.1024 ppl=22.3 lr=3.01e-05 | 85077 tok/s (avg 77988) ETA 160m33s | gtok=2,248,704,000 | GPU 1.3/30.5GB
  [checkpoint] step 61000 -> checkpoints_v13_sempty/mix3b_chrono_gate_bbc12e9/latest.pt
step 61050 [61050/81380  75%]  loss=3.0865 ppl=21.9 lr=2.99e-05 | 78695 tok/s (avg 77989) ETA 160m09s | gtok=2,250,547,200 | GPU 1.3/30.5GB
step 61100 [61100/81380  75%]  loss=2.9418 ppl=18.9 lr=2.98e-05 | 85291 tok/s (avg 77994) ETA 159m45s | gtok=2,252,390,400 | GPU 1.3/30.5GB
step 61150 [61150/81380  75%]  loss=3.0456 ppl=21.0 lr=2.97e-05 | 84454 tok/s (avg 77999) ETA 159m21s | gtok=2,254,233,600 | GPU 1.3/30.5GB
step 61200 [61200/81380  75%]  loss=3.2444 ppl=25.6 lr=2.95e-05 | 85032 tok/s (avg 78005) ETA 158m56s | gtok=2,256,076,800 | GPU 1.3/30.5GB
step 61250 [61250/81380  75%]  loss=3.1375 ppl=23.0 lr=2.94e-05 | 85249 tok/s (avg 78010) ETA 158m32s | gtok=2,257,920,000 | GPU 1.3/30.5GB
step 61300 [61300/81380  75%]  loss=3.1851 ppl=24.2 lr=2.92e-05 | 85076 tok/s (avg 78015) ETA 158m08s | gtok=2,259,763,200 | GPU 1.3/30.5GB
step 61350 [61350/81380  75%]  loss=3.0041 ppl=20.2 lr=2.91e-05 | 84556 tok/s (avg 78020) ETA 157m44s | gtok=2,261,606,400 | GPU 1.3/30.5GB
step 61400 [61400/81380  75%]  loss=3.0422 ppl=21.0 lr=2.90e-05 | 85114 tok/s (avg 78026) ETA 157m19s | gtok=2,263,449,600 | GPU 1.3/30.5GB
step 61450 [61450/81380  76%]  loss=2.9396 ppl=18.9 lr=2.88e-05 | 85335 tok/s (avg 78031) ETA 156m55s | gtok=2,265,292,800 | GPU 1.3/30.5GB
step 61500 [61500/81380  76%]  loss=3.0808 ppl=21.8 lr=2.87e-05 | 85203 tok/s (avg 78036) ETA 156m31s | gtok=2,267,136,000 | GPU 1.3/30.5GB
step 61550 [61550/81380  76%]  loss=3.1648 ppl=23.7 lr=2.86e-05 | 85305 tok/s (avg 78042) ETA 156m06s | gtok=2,268,979,200 | GPU 1.3/30.5GB
step 61600 [61600/81380  76%]  loss=3.2917 ppl=26.9 lr=2.84e-05 | 85285 tok/s (avg 78047) ETA 155m42s | gtok=2,270,822,400 | GPU 1.3/30.5GB
step 61650 [61650/81380  76%]  loss=3.1396 ppl=23.1 lr=2.83e-05 | 85090 tok/s (avg 78052) ETA 155m18s | gtok=2,272,665,600 | GPU 1.3/30.5GB
step 61700 [61700/81380  76%]  loss=3.1768 ppl=24.0 lr=2.82e-05 | 84146 tok/s (avg 78057) ETA 154m54s | gtok=2,274,508,800 | GPU 1.3/30.5GB
step 61750 [61750/81380  76%]  loss=2.9293 ppl=18.7 lr=2.80e-05 | 85305 tok/s (avg 78062) ETA 154m30s | gtok=2,276,352,000 | GPU 1.3/30.5GB
step 61800 [61800/81380  76%]  loss=3.1526 ppl=23.4 lr=2.79e-05 | 84973 tok/s (avg 78067) ETA 154m05s | gtok=2,278,195,200 | GPU 1.3/30.5GB
step 61850 [61850/81380  76%]  loss=3.2423 ppl=25.6 lr=2.77e-05 | 85126 tok/s (avg 78073) ETA 153m41s | gtok=2,280,038,400 | GPU 1.3/30.5GB
step 61900 [61900/81380  76%]  loss=3.0591 ppl=21.3 lr=2.76e-05 | 85021 tok/s (avg 78078) ETA 153m17s | gtok=2,281,881,600 | GPU 1.3/30.5GB
step 61950 [61950/81380  76%]  loss=2.8831 ppl=17.9 lr=2.75e-05 | 84861 tok/s (avg 78083) ETA 152m53s | gtok=2,283,724,800 | GPU 1.3/30.5GB
step 62000 [62000/81380  76%]  loss=2.9708 ppl=19.5 lr=2.73e-05 | 84876 tok/s (avg 78088) ETA 152m28s | gtok=2,285,568,000 | GPU 1.3/30.5GB
  [checkpoint] step 62000 -> checkpoints_v13_sempty/mix3b_chrono_gate_bbc12e9/best_model.pt
  [val @ step 62000] val_loss=3.2730 val_ppl=26.39 *best* (best 26.39)
  [wiki_val @ step 62000] val_loss=4.0430 val_ppl=57.00
  [checkpoint] step 62000 -> checkpoints_v13_sempty/mix3b_chrono_gate_bbc12e9/latest.pt
  [diag] step 62000 cgu=+0.19 +0.23 +0.25 +0.31 +0.36 +0.41 +0.46 +0.56 +0.67 +0.77 +0.85 +0.95 +1.07 +1.15 +1.68 +1.70  pam=+0.01 +0.01 +0.01 +0.01 +0.02 +0.02 +0.02 +0.02 +0.02 +0.03 +0.03 +0.05 +0.08 +0.16 +0.14 +0.09
  [diag] dtbias=-3.91 -3.88 -3.89 -3.98 -3.88 -3.92 -3.92 -3.95 -3.95 -3.96 -3.93 -3.92 -3.85 -3.97 -3.90 -3.93  ret=0.72 0.67 0.74 0.87 0.75 0.79 0.78 0.90 0.87 0.84 0.82 0.85 0.60 0.86 0.65 0.74
  [diag] gnorm=3.8e-01 2.3e-01 1.5e-01 4.0e-01 8.0e-02 8.9e-02 1.6e-01 2.0e-01 1.0e-01 1.7e-01 9.6e-02 1.0e-01 1.4e-01 1.8e-01 1.0e-01 1.1e-01  wnorm=81.4 83.8 84.9 85.3 85.4 85.6 85.8 85.7 85.8 85.8 86.5 86.4 86.7 87.3 88.4 88.3
step 62050 [62050/81380  76%]  loss=3.0506 ppl=21.1 lr=2.72e-05 | 29030 tok/s (avg 77982) ETA 152m17s | gtok=2,287,411,200 | GPU 1.3/30.5GB
step 62100 [62100/81380  76%]  loss=3.1818 ppl=24.1 lr=2.71e-05 | 84075 tok/s (avg 77986) ETA 151m53s | gtok=2,289,254,400 | GPU 1.3/30.5GB
step 62150 [62150/81380  76%]  loss=3.2667 ppl=26.2 lr=2.69e-05 | 84731 tok/s (avg 77991) ETA 151m29s | gtok=2,291,097,600 | GPU 1.3/30.5GB
step 62200 [62200/81380  76%]  loss=3.1062 ppl=22.3 lr=2.68e-05 | 85051 tok/s (avg 77996) ETA 151m05s | gtok=2,292,940,800 | GPU 1.3/30.5GB
step 62250 [62250/81380  76%]  loss=2.9766 ppl=19.6 lr=2.67e-05 | 85059 tok/s (avg 78002) ETA 150m40s | gtok=2,294,784,000 | GPU 1.3/30.5GB
step 62300 [62300/81380  77%]  loss=2.9832 ppl=19.8 lr=2.65e-05 | 85181 tok/s (avg 78007) ETA 150m16s | gtok=2,296,627,200 | GPU 1.3/30.5GB
step 62350 [62350/81380  77%]  loss=3.1460 ppl=23.2 lr=2.64e-05 | 85058 tok/s (avg 78012) ETA 149m52s | gtok=2,298,470,400 | GPU 1.3/30.5GB
step 62400 [62400/81380  77%]  loss=3.0918 ppl=22.0 lr=2.63e-05 | 85372 tok/s (avg 78017) ETA 149m28s | gtok=2,300,313,600 | GPU 1.3/30.5GB
step 62450 [62450/81380  77%]  loss=3.1751 ppl=23.9 lr=2.61e-05 | 85179 tok/s (avg 78023) ETA 149m04s | gtok=2,302,156,800 | GPU 1.3/30.5GB
step 62500 [62500/81380  77%]  loss=3.1078 ppl=22.4 lr=2.60e-05 | 85040 tok/s (avg 78028) ETA 148m39s | gtok=2,304,000,000 | GPU 1.3/30.5GB
step 62550 [62550/81380  77%]  loss=3.3109 ppl=27.4 lr=2.59e-05 | 84805 tok/s (avg 78033) ETA 148m15s | gtok=2,305,843,200 | GPU 1.3/30.5GB
step 62600 [62600/81380  77%]  loss=3.2770 ppl=26.5 lr=2.58e-05 | 85226 tok/s (avg 78038) ETA 147m51s | gtok=2,307,686,400 | GPU 1.3/30.5GB
step 62650 [62650/81380  77%]  loss=3.1129 ppl=22.5 lr=2.56e-05 | 84279 tok/s (avg 78043) ETA 147m27s | gtok=2,309,529,600 | GPU 1.3/30.5GB
step 62700 [62700/81380  77%]  loss=3.1569 ppl=23.5 lr=2.55e-05 | 85225 tok/s (avg 78048) ETA 147m03s | gtok=2,311,372,800 | GPU 1.3/30.5GB
step 62750 [62750/81380  77%]  loss=3.1381 ppl=23.1 lr=2.54e-05 | 84914 tok/s (avg 78053) ETA 146m38s | gtok=2,313,216,000 | GPU 1.3/30.5GB
step 62800 [62800/81380  77%]  loss=3.2679 ppl=26.3 lr=2.52e-05 | 85196 tok/s (avg 78058) ETA 146m14s | gtok=2,315,059,200 | GPU 1.3/30.5GB
step 62850 [62850/81380  77%]  loss=3.0653 ppl=21.4 lr=2.51e-05 | 85011 tok/s (avg 78063) ETA 145m50s | gtok=2,316,902,400 | GPU 1.3/30.5GB
step 62900 [62900/81380  77%]  loss=3.1738 ppl=23.9 lr=2.50e-05 | 84894 tok/s (avg 78068) ETA 145m26s | gtok=2,318,745,600 | GPU 1.3/30.5GB
step 62950 [62950/81380  77%]  loss=3.1313 ppl=22.9 lr=2.48e-05 | 84973 tok/s (avg 78073) ETA 145m02s | gtok=2,320,588,800 | GPU 1.3/30.5GB
step 63000 [63000/81380  77%]  loss=3.0165 ppl=20.4 lr=2.47e-05 | 85016 tok/s (avg 78078) ETA 144m37s | gtok=2,322,432,000 | GPU 1.3/30.5GB
  [checkpoint] step 63000 -> checkpoints_v13_sempty/mix3b_chrono_gate_bbc12e9/latest.pt
step 63050 [63050/81380  77%]  loss=3.2276 ppl=25.2 lr=2.46e-05 | 78345 tok/s (avg 78079) ETA 144m14s | gtok=2,324,275,200 | GPU 1.3/30.5GB
step 63100 [63100/81380  78%]  loss=3.0943 ppl=22.1 lr=2.45e-05 | 85074 tok/s (avg 78084) ETA 143m50s | gtok=2,326,118,400 | GPU 1.3/30.5GB
step 63150 [63150/81380  78%]  loss=3.2089 ppl=24.8 lr=2.43e-05 | 84807 tok/s (avg 78089) ETA 143m26s | gtok=2,327,961,600 | GPU 1.3/30.5GB
step 63200 [63200/81380  78%]  loss=2.9234 ppl=18.6 lr=2.42e-05 | 84967 tok/s (avg 78094) ETA 143m01s | gtok=2,329,804,800 | GPU 1.3/30.5GB
step 63250 [63250/81380  78%]  loss=3.1608 ppl=23.6 lr=2.41e-05 | 84271 tok/s (avg 78098) ETA 142m37s | gtok=2,331,648,000 | GPU 1.3/30.5GB
step 63300 [63300/81380  78%]  loss=3.2109 ppl=24.8 lr=2.39e-05 | 84924 tok/s (avg 78103) ETA 142m13s | gtok=2,333,491,200 | GPU 1.3/30.5GB
step 63350 [63350/81380  78%]  loss=3.1652 ppl=23.7 lr=2.38e-05 | 84992 tok/s (avg 78108) ETA 141m49s | gtok=2,335,334,400 | GPU 1.3/30.5GB
step 63400 [63400/81380  78%]  loss=3.3202 ppl=27.7 lr=2.37e-05 | 84651 tok/s (avg 78113) ETA 141m25s | gtok=2,337,177,600 | GPU 1.3/30.5GB
step 63450 [63450/81380  78%]  loss=3.0284 ppl=20.7 lr=2.36e-05 | 84969 tok/s (avg 78118) ETA 141m01s | gtok=2,339,020,800 | GPU 1.3/30.5GB
step 63500 [63500/81380  78%]  loss=3.0521 ppl=21.2 lr=2.34e-05 | 84849 tok/s (avg 78123) ETA 140m37s | gtok=2,340,864,000 | GPU 1.3/30.5GB
step 63550 [63550/81380  78%]  loss=3.1210 ppl=22.7 lr=2.33e-05 | 84930 tok/s (avg 78128) ETA 140m12s | gtok=2,342,707,200 | GPU 1.3/30.5GB
step 63600 [63600/81380  78%]  loss=3.1631 ppl=23.6 lr=2.32e-05 | 84592 tok/s (avg 78132) ETA 139m48s | gtok=2,344,550,400 | GPU 1.3/30.5GB
step 63650 [63650/81380  78%]  loss=3.1441 ppl=23.2 lr=2.31e-05 | 84764 tok/s (avg 78137) ETA 139m24s | gtok=2,346,393,600 | GPU 1.3/30.5GB
step 63700 [63700/81380  78%]  loss=3.0293 ppl=20.7 lr=2.29e-05 | 84530 tok/s (avg 78142) ETA 139m00s | gtok=2,348,236,800 | GPU 1.3/30.5GB
step 63750 [63750/81380  78%]  loss=3.1269 ppl=22.8 lr=2.28e-05 | 85044 tok/s (avg 78147) ETA 138m36s | gtok=2,350,080,000 | GPU 1.3/30.5GB
step 63800 [63800/81380  78%]  loss=3.2376 ppl=25.5 lr=2.27e-05 | 84343 tok/s (avg 78151) ETA 138m12s | gtok=2,351,923,200 | GPU 1.3/30.5GB
step 63850 [63850/81380  78%]  loss=3.2337 ppl=25.4 lr=2.26e-05 | 85081 tok/s (avg 78156) ETA 137m48s | gtok=2,353,766,400 | GPU 1.3/30.5GB
step 63900 [63900/81380  79%]  loss=3.2047 ppl=24.6 lr=2.24e-05 | 85023 tok/s (avg 78161) ETA 137m24s | gtok=2,355,609,600 | GPU 1.3/30.5GB
step 63950 [63950/81380  79%]  loss=2.8960 ppl=18.1 lr=2.23e-05 | 85513 tok/s (avg 78166) ETA 137m00s | gtok=2,357,452,800 | GPU 1.3/30.5GB
step 64000 [64000/81380  79%]  loss=3.2027 ppl=24.6 lr=2.22e-05 | 85225 tok/s (avg 78171) ETA 136m36s | gtok=2,359,296,000 | GPU 1.3/30.5GB
  [gen @ step 64000, 2,359,296,000 tok] prompt: In 1923, the University of
    In 1923, the University of Illinois at Urbana-Champaign decided to do a study of the effect of a new technology on the learning process.
The University’s Department for Education and Science has developed a program that is based on a basic mathematical model of learning: the student has two variables that determine the amount of learning they experience in one year. This is known as the “learning curve,”
  [checkpoint] step 64000 -> checkpoints_v13_sempty/mix3b_chrono_gate_bbc12e9/best_model.pt
  [val @ step 64000] val_loss=3.2679 val_ppl=26.26 *best* (best 26.26)
  [wiki_val @ step 64000] val_loss=4.0319 val_ppl=56.37
  [checkpoint] step 64000 -> checkpoints_v13_sempty/mix3b_chrono_gate_bbc12e9/latest.pt
  [diag] step 64000 cgu=+0.19 +0.23 +0.26 +0.31 +0.37 +0.41 +0.46 +0.57 +0.67 +0.77 +0.85 +0.96 +1.07 +1.16 +1.69 +1.71  pam=+0.01 +0.01 +0.01 +0.01 +0.02 +0.02 +0.02 +0.02 +0.02 +0.03 +0.03 +0.06 +0.08 +0.16 +0.14 +0.09
  [diag] dtbias=-3.91 -3.88 -3.88 -3.98 -3.88 -3.92 -3.92 -3.95 -3.95 -3.96 -3.93 -3.92 -3.85 -3.97 -3.90 -3.93  ret=0.72 0.67 0.74 0.87 0.75 0.80 0.78 0.90 0.87 0.84 0.82 0.85 0.61 0.86 0.65 0.75
  [diag] gnorm=1.9e-01 1.2e-01 2.0e-01 6.7e-01 6.0e-02 7.7e-02 7.1e-02 7.7e-02 7.4e-02 1.1e-01 1.1e-01 8.6e-02 1.1e-01 1.5e-01 9.5e-02 1.1e-01  wnorm=81.5 83.8 84.9 85.3 85.4 85.6 85.8 85.7 85.8 85.8 86.5 86.4 86.6 87.3 88.4 88.3
step 64050 [64050/81380  79%]  loss=3.1558 ppl=23.5 lr=2.21e-05 | 28771 tok/s (avg 78067) ETA 136m23s | gtok=2,361,139,200 | GPU 1.3/30.5GB
step 64100 [64100/81380  79%]  loss=3.1777 ppl=24.0 lr=2.20e-05 | 85357 tok/s (avg 78072) ETA 135m59s | gtok=2,362,982,400 | GPU 1.3/30.5GB
step 64150 [64150/81380  79%]  loss=3.1902 ppl=24.3 lr=2.18e-05 | 84211 tok/s (avg 78076) ETA 135m35s | gtok=2,364,825,600 | GPU 1.3/30.5GB
step 64200 [64200/81380  79%]  loss=2.9905 ppl=19.9 lr=2.17e-05 | 85113 tok/s (avg 78081) ETA 135m11s | gtok=2,366,668,800 | GPU 1.3/30.5GB
step 64250 [64250/81380  79%]  loss=3.1624 ppl=23.6 lr=2.16e-05 | 85094 tok/s (avg 78086) ETA 134m46s | gtok=2,368,512,000 | GPU 1.3/30.5GB
step 64300 [64300/81380  79%]  loss=3.1180 ppl=22.6 lr=2.15e-05 | 85406 tok/s (avg 78092) ETA 134m22s | gtok=2,370,355,200 | GPU 1.3/30.5GB
step 64350 [64350/81380  79%]  loss=3.2475 ppl=25.7 lr=2.13e-05 | 85313 tok/s (avg 78097) ETA 133m58s | gtok=2,372,198,400 | GPU 1.3/30.5GB
step 64400 [64400/81380  79%]  loss=3.2250 ppl=25.2 lr=2.12e-05 | 68954 tok/s (avg 78089) ETA 133m35s | gtok=2,374,041,600 | GPU 1.3/30.5GB
step 64450 [64450/81380  79%]  loss=3.1336 ppl=23.0 lr=2.11e-05 | 84917 tok/s (avg 78094) ETA 133m11s | gtok=2,375,884,800 | GPU 1.3/30.5GB
step 64500 [64500/81380  79%]  loss=3.2210 ppl=25.1 lr=2.10e-05 | 85302 tok/s (avg 78099) ETA 132m47s | gtok=2,377,728,000 | GPU 1.3/30.5GB
step 64550 [64550/81380  79%]  loss=3.3250 ppl=27.8 lr=2.09e-05 | 84942 tok/s (avg 78104) ETA 132m23s | gtok=2,379,571,200 | GPU 1.3/30.5GB
step 64600 [64600/81380  79%]  loss=3.0956 ppl=22.1 lr=2.07e-05 | 84816 tok/s (avg 78108) ETA 131m59s | gtok=2,381,414,400 | GPU 1.3/30.5GB
step 64650 [64650/81380  79%]  loss=3.0453 ppl=21.0 lr=2.06e-05 | 85619 tok/s (avg 78114) ETA 131m35s | gtok=2,383,257,600 | GPU 1.3/30.5GB
step 64700 [64700/81380  80%]  loss=3.2861 ppl=26.7 lr=2.05e-05 | 85292 tok/s (avg 78119) ETA 131m11s | gtok=2,385,100,800 | GPU 1.3/30.5GB
step 64750 [64750/81380  80%]  loss=3.1828 ppl=24.1 lr=2.04e-05 | 84513 tok/s (avg 78123) ETA 130m47s | gtok=2,386,944,000 | GPU 1.3/30.5GB
step 64800 [64800/81380  80%]  loss=3.1153 ppl=22.5 lr=2.03e-05 | 85093 tok/s (avg 78128) ETA 130m23s | gtok=2,388,787,200 | GPU 1.3/30.5GB
step 64850 [64850/81380  80%]  loss=3.0413 ppl=20.9 lr=2.02e-05 | 85076 tok/s (avg 78133) ETA 129m59s | gtok=2,390,630,400 | GPU 1.3/30.5GB
step 64900 [64900/81380  80%]  loss=3.1079 ppl=22.4 lr=2.00e-05 | 85171 tok/s (avg 78138) ETA 129m34s | gtok=2,392,473,600 | GPU 1.3/30.5GB
step 64950 [64950/81380  80%]  loss=3.2906 ppl=26.9 lr=1.99e-05 | 85109 tok/s (avg 78143) ETA 129m10s | gtok=2,394,316,800 | GPU 1.3/30.5GB
step 65000 [65000/81380  80%]  loss=3.2274 ppl=25.2 lr=1.98e-05 | 84975 tok/s (avg 78148) ETA 128m46s | gtok=2,396,160,000 | GPU 1.3/30.5GB
  [checkpoint] step 65000 -> checkpoints_v13_sempty/mix3b_chrono_gate_bbc12e9/latest.pt
step 65050 [65050/81380  80%]  loss=2.9735 ppl=19.6 lr=1.97e-05 | 78668 tok/s (avg 78148) ETA 128m23s | gtok=2,398,003,200 | GPU 1.3/30.5GB
step 65100 [65100/81380  80%]  loss=2.9389 ppl=18.9 lr=1.96e-05 | 84886 tok/s (avg 78153) ETA 127m59s | gtok=2,399,846,400 | GPU 1.3/30.5GB
step 65150 [65150/81380  80%]  loss=3.0816 ppl=21.8 lr=1.95e-05 | 85155 tok/s (avg 78158) ETA 127m35s | gtok=2,401,689,600 | GPU 1.3/30.5GB
step 65200 [65200/81380  80%]  loss=3.3218 ppl=27.7 lr=1.93e-05 | 85138 tok/s (avg 78163) ETA 127m10s | gtok=2,403,532,800 | GPU 1.3/30.5GB
step 65250 [65250/81380  80%]  loss=3.2730 ppl=26.4 lr=1.92e-05 | 84529 tok/s (avg 78167) ETA 126m46s | gtok=2,405,376,000 | GPU 1.3/30.5GB
step 65300 [65300/81380  80%]  loss=3.2789 ppl=26.5 lr=1.91e-05 | 85072 tok/s (avg 78172) ETA 126m22s | gtok=2,407,219,200 | GPU 1.3/30.5GB
step 65350 [65350/81380  80%]  loss=3.0383 ppl=20.9 lr=1.90e-05 | 85284 tok/s (avg 78177) ETA 125m58s | gtok=2,409,062,400 | GPU 1.3/30.5GB
step 65400 [65400/81380  80%]  loss=3.1509 ppl=23.4 lr=1.89e-05 | 85183 tok/s (avg 78182) ETA 125m34s | gtok=2,410,905,600 | GPU 1.3/30.5GB
step 65450 [65450/81380  80%]  loss=3.3126 ppl=27.5 lr=1.88e-05 | 84840 tok/s (avg 78187) ETA 125m10s | gtok=2,412,748,800 | GPU 1.3/30.5GB
step 65500 [65500/81380  80%]  loss=3.0847 ppl=21.9 lr=1.87e-05 | 84689 tok/s (avg 78191) ETA 124m46s | gtok=2,414,592,000 | GPU 1.3/30.5GB
step 65550 [65550/81380  81%]  loss=3.1132 ppl=22.5 lr=1.85e-05 | 84760 tok/s (avg 78196) ETA 124m22s | gtok=2,416,435,200 | GPU 1.3/30.5GB
step 65600 [65600/81380  81%]  loss=3.0549 ppl=21.2 lr=1.84e-05 | 84825 tok/s (avg 78201) ETA 123m58s | gtok=2,418,278,400 | GPU 1.3/30.5GB
step 65650 [65650/81380  81%]  loss=3.2062 ppl=24.7 lr=1.83e-05 | 84952 tok/s (avg 78205) ETA 123m34s | gtok=2,420,121,600 | GPU 1.3/30.5GB
step 65700 [65700/81380  81%]  loss=3.1820 ppl=24.1 lr=1.82e-05 | 84961 tok/s (avg 78210) ETA 123m10s | gtok=2,421,964,800 | GPU 1.3/30.5GB
step 65750 [65750/81380  81%]  loss=3.1482 ppl=23.3 lr=1.81e-05 | 85152 tok/s (avg 78215) ETA 122m46s | gtok=2,423,808,000 | GPU 1.3/30.5GB
step 65800 [65800/81380  81%]  loss=3.1077 ppl=22.4 lr=1.80e-05 | 85140 tok/s (avg 78220) ETA 122m22s | gtok=2,425,651,200 | GPU 1.3/30.5GB
step 65850 [65850/81380  81%]  loss=2.9527 ppl=19.2 lr=1.79e-05 | 84006 tok/s (avg 78224) ETA 121m58s | gtok=2,427,494,400 | GPU 1.3/30.5GB
step 65900 [65900/81380  81%]  loss=2.8143 ppl=16.7 lr=1.78e-05 | 85517 tok/s (avg 78229) ETA 121m34s | gtok=2,429,337,600 | GPU 1.3/30.5GB
step 65950 [65950/81380  81%]  loss=3.2196 ppl=25.0 lr=1.76e-05 | 85117 tok/s (avg 78234) ETA 121m10s | gtok=2,431,180,800 | GPU 1.3/30.5GB
step 66000 [66000/81380  81%]  loss=3.0801 ppl=21.8 lr=1.75e-05 | 85165 tok/s (avg 78239) ETA 120m46s | gtok=2,433,024,000 | GPU 1.3/30.5GB
  [checkpoint] step 66000 -> checkpoints_v13_sempty/mix3b_chrono_gate_bbc12e9/best_model.pt
  [val @ step 66000] val_loss=3.2669 val_ppl=26.23 *best* (best 26.23)
  [wiki_val @ step 66000] val_loss=4.0284 val_ppl=56.17
  [checkpoint] step 66000 -> checkpoints_v13_sempty/mix3b_chrono_gate_bbc12e9/latest.pt
  [diag] step 66000 cgu=+0.19 +0.23 +0.26 +0.32 +0.37 +0.41 +0.47 +0.57 +0.67 +0.77 +0.85 +0.96 +1.08 +1.16 +1.69 +1.72  pam=+0.01 +0.01 +0.01 +0.01 +0.02 +0.02 +0.02 +0.02 +0.02 +0.03 +0.03 +0.06 +0.08 +0.16 +0.14 +0.09
  [diag] dtbias=-3.91 -3.88 -3.88 -3.98 -3.88 -3.92 -3.92 -3.95 -3.95 -3.96 -3.93 -3.92 -3.85 -3.97 -3.90 -3.93  ret=0.72 0.68 0.74 0.87 0.75 0.80 0.79 0.90 0.87 0.84 0.82 0.85 0.62 0.87 0.66 0.75
  [diag] gnorm=3.7e-01 2.7e-01 1.4e-01 4.4e-01 1.1e-01 7.1e-02 1.4e-01 1.4e-01 7.6e-02 9.5e-02 1.8e-01 9.0e-02 1.9e-01 1.7e-01 9.9e-02 1.1e-01  wnorm=81.5 83.8 84.9 85.3 85.4 85.6 85.8 85.7 85.8 85.8 86.5 86.4 86.6 87.3 88.4 88.3
step 66050 [66050/81380  81%]  loss=3.1276 ppl=22.8 lr=1.74e-05 | 29388 tok/s (avg 78140) ETA 120m32s | gtok=2,434,867,200 | GPU 1.3/30.5GB
step 66100 [66100/81380  81%]  loss=3.1470 ppl=23.3 lr=1.73e-05 | 85053 tok/s (avg 78145) ETA 120m08s | gtok=2,436,710,400 | GPU 1.3/30.5GB
step 66150 [66150/81380  81%]  loss=2.8976 ppl=18.1 lr=1.72e-05 | 84978 tok/s (avg 78150) ETA 119m44s | gtok=2,438,553,600 | GPU 1.3/30.5GB
step 66200 [66200/81380  81%]  loss=3.2104 ppl=24.8 lr=1.71e-05 | 85167 tok/s (avg 78155) ETA 119m20s | gtok=2,440,396,800 | GPU 1.3/30.5GB
step 66250 [66250/81380  81%]  loss=3.0985 ppl=22.2 lr=1.70e-05 | 84416 tok/s (avg 78159) ETA 118m56s | gtok=2,442,240,000 | GPU 1.3/30.5GB
step 66300 [66300/81380  81%]  loss=3.2883 ppl=26.8 lr=1.69e-05 | 84711 tok/s (avg 78164) ETA 118m32s | gtok=2,444,083,200 | GPU 1.3/30.5GB
step 66350 [66350/81380  82%]  loss=2.9940 ppl=20.0 lr=1.68e-05 | 84922 tok/s (avg 78168) ETA 118m08s | gtok=2,445,926,400 | GPU 1.3/30.5GB
step 66400 [66400/81380  82%]  loss=3.2765 ppl=26.5 lr=1.67e-05 | 85116 tok/s (avg 78173) ETA 117m44s | gtok=2,447,769,600 | GPU 1.3/30.5GB
step 66450 [66450/81380  82%]  loss=3.0260 ppl=20.6 lr=1.65e-05 | 85109 tok/s (avg 78178) ETA 117m20s | gtok=2,449,612,800 | GPU 1.3/30.5GB
step 66500 [66500/81380  82%]  loss=3.1514 ppl=23.4 lr=1.64e-05 | 85145 tok/s (avg 78183) ETA 116m56s | gtok=2,451,456,000 | GPU 1.3/30.5GB
step 66550 [66550/81380  82%]  loss=3.0147 ppl=20.4 lr=1.63e-05 | 85089 tok/s (avg 78188) ETA 116m32s | gtok=2,453,299,200 | GPU 1.3/30.5GB
step 66600 [66600/81380  82%]  loss=3.1135 ppl=22.5 lr=1.62e-05 | 69560 tok/s (avg 78180) ETA 116m09s | gtok=2,455,142,400 | GPU 1.3/30.5GB
step 66650 [66650/81380  82%]  loss=3.1066 ppl=22.3 lr=1.61e-05 | 84725 tok/s (avg 78185) ETA 115m45s | gtok=2,456,985,600 | GPU 1.3/30.5GB
step 66700 [66700/81380  82%]  loss=3.2457 ppl=25.7 lr=1.60e-05 | 85163 tok/s (avg 78190) ETA 115m21s | gtok=2,458,828,800 | GPU 1.3/30.5GB
step 66750 [66750/81380  82%]  loss=3.1834 ppl=24.1 lr=1.59e-05 | 85251 tok/s (avg 78194) ETA 114m57s | gtok=2,460,672,000 | GPU 1.3/30.5GB
step 66800 [66800/81380  82%]  loss=3.1005 ppl=22.2 lr=1.58e-05 | 84580 tok/s (avg 78199) ETA 114m33s | gtok=2,462,515,200 | GPU 1.3/30.5GB
step 66850 [66850/81380  82%]  loss=3.1097 ppl=22.4 lr=1.57e-05 | 85071 tok/s (avg 78204) ETA 114m09s | gtok=2,464,358,400 | GPU 1.3/30.5GB
step 66900 [66900/81380  82%]  loss=3.0066 ppl=20.2 lr=1.56e-05 | 85465 tok/s (avg 78209) ETA 113m45s | gtok=2,466,201,600 | GPU 1.3/30.5GB
step 66950 [66950/81380  82%]  loss=2.8482 ppl=17.3 lr=1.55e-05 | 85642 tok/s (avg 78214) ETA 113m21s | gtok=2,468,044,800 | GPU 1.3/30.5GB
step 67000 [67000/81380  82%]  loss=2.8653 ppl=17.6 lr=1.54e-05 | 85539 tok/s (avg 78219) ETA 112m57s | gtok=2,469,888,000 | GPU 1.3/30.5GB
  [checkpoint] step 67000 -> checkpoints_v13_sempty/mix3b_chrono_gate_bbc12e9/latest.pt
step 67050 [67050/81380  82%]  loss=3.0716 ppl=21.6 lr=1.53e-05 | 78691 tok/s (avg 78219) ETA 112m33s | gtok=2,471,731,200 | GPU 1.3/30.5GB
step 67100 [67100/81380  82%]  loss=3.1917 ppl=24.3 lr=1.52e-05 | 85385 tok/s (avg 78224) ETA 112m09s | gtok=2,473,574,400 | GPU 1.3/30.5GB
step 67150 [67150/81380  83%]  loss=3.0735 ppl=21.6 lr=1.51e-05 | 85147 tok/s (avg 78229) ETA 111m45s | gtok=2,475,417,600 | GPU 1.3/30.5GB
step 67200 [67200/81380  83%]  loss=3.1084 ppl=22.4 lr=1.50e-05 | 85304 tok/s (avg 78233) ETA 111m21s | gtok=2,477,260,800 | GPU 1.3/30.5GB
step 67250 [67250/81380  83%]  loss=3.2253 ppl=25.2 lr=1.49e-05 | 85168 tok/s (avg 78238) ETA 110m57s | gtok=2,479,104,000 | GPU 1.3/30.5GB
step 67300 [67300/81380  83%]  loss=3.0790 ppl=21.7 lr=1.48e-05 | 85293 tok/s (avg 78243) ETA 110m33s | gtok=2,480,947,200 | GPU 1.3/30.5GB
step 67350 [67350/81380  83%]  loss=3.1292 ppl=22.9 lr=1.47e-05 | 84551 tok/s (avg 78247) ETA 110m09s | gtok=2,482,790,400 | GPU 1.3/30.5GB
step 67400 [67400/81380  83%]  loss=3.1489 ppl=23.3 lr=1.46e-05 | 85120 tok/s (avg 78252) ETA 109m45s | gtok=2,484,633,600 | GPU 1.3/30.5GB
step 67450 [67450/81380  83%]  loss=3.1619 ppl=23.6 lr=1.45e-05 | 85093 tok/s (avg 78257) ETA 109m21s | gtok=2,486,476,800 | GPU 1.3/30.5GB
step 67500 [67500/81380  83%]  loss=3.0967 ppl=22.1 lr=1.44e-05 | 85143 tok/s (avg 78261) ETA 108m57s | gtok=2,488,320,000 | GPU 1.3/30.5GB
step 67550 [67550/81380  83%]  loss=3.1740 ppl=23.9 lr=1.43e-05 | 85185 tok/s (avg 78266) ETA 108m34s | gtok=2,490,163,200 | GPU 1.3/30.5GB
step 67600 [67600/81380  83%]  loss=3.2046 ppl=24.6 lr=1.42e-05 | 85248 tok/s (avg 78271) ETA 108m10s | gtok=2,492,006,400 | GPU 1.3/30.5GB
step 67650 [67650/81380  83%]  loss=3.2953 ppl=27.0 lr=1.41e-05 | 85254 tok/s (avg 78276) ETA 107m46s | gtok=2,493,849,600 | GPU 1.3/30.5GB
step 67700 [67700/81380  83%]  loss=3.0131 ppl=20.4 lr=1.40e-05 | 85422 tok/s (avg 78280) ETA 107m22s | gtok=2,495,692,800 | GPU 1.3/30.5GB
step 67750 [67750/81380  83%]  loss=3.0804 ppl=21.8 lr=1.39e-05 | 85214 tok/s (avg 78285) ETA 106m58s | gtok=2,497,536,000 | GPU 1.3/30.5GB
step 67800 [67800/81380  83%]  loss=3.1999 ppl=24.5 lr=1.38e-05 | 85349 tok/s (avg 78290) ETA 106m34s | gtok=2,499,379,200 | GPU 1.3/30.5GB
step 67850 [67850/81380  83%]  loss=2.8678 ppl=17.6 lr=1.37e-05 | 84521 tok/s (avg 78294) ETA 106m10s | gtok=2,501,222,400 | GPU 1.3/30.5GB
step 67900 [67900/81380  83%]  loss=3.2222 ppl=25.1 lr=1.36e-05 | 85442 tok/s (avg 78299) ETA 105m46s | gtok=2,503,065,600 | GPU 1.3/30.5GB
step 67950 [67950/81380  83%]  loss=3.1606 ppl=23.6 lr=1.35e-05 | 85533 tok/s (avg 78304) ETA 105m22s | gtok=2,504,908,800 | GPU 1.3/30.5GB
step 68000 [68000/81380  84%]  loss=3.0214 ppl=20.5 lr=1.34e-05 | 85128 tok/s (avg 78308) ETA 104m58s | gtok=2,506,752,000 | GPU 1.3/30.5GB
  [gen @ step 68000, 2,506,752,000 tok] prompt: In 1923, the University of
    In 1923, the University of Chicago was founded. In 1939, the National Association for the Advancement of Colored People (NAACP) launched its first program to promote racial equality in public schools and universities.
The U.S. Census Bureau estimates that about 2 million American Indians were living with HIV/AIDS at this time in 1959-65. The U.S. has had a relatively low rate of HIV infection since
  [checkpoint] step 68000 -> checkpoints_v13_sempty/mix3b_chrono_gate_bbc12e9/best_model.pt
  [val @ step 68000] val_loss=3.2613 val_ppl=26.08 *best* (best 26.08)
  [wiki_val @ step 68000] val_loss=4.0217 val_ppl=55.80
  [checkpoint] step 68000 -> checkpoints_v13_sempty/mix3b_chrono_gate_bbc12e9/latest.pt
  [diag] step 68000 cgu=+0.19 +0.23 +0.26 +0.32 +0.37 +0.41 +0.47 +0.57 +0.67 +0.77 +0.85 +0.96 +1.08 +1.16 +1.70 +1.72  pam=+0.01 +0.01 +0.01 +0.01 +0.02 +0.02 +0.02 +0.02 +0.02 +0.03 +0.03 +0.06 +0.08 +0.16 +0.14 +0.09
  [diag] dtbias=-3.91 -3.88 -3.88 -3.98 -3.88 -3.92 -3.92 -3.95 -3.95 -3.95 -3.93 -3.92 -3.85 -3.97 -3.90 -3.93  ret=0.72 0.67 0.74 0.87 0.75 0.80 0.79 0.90 0.87 0.84 0.82 0.85 0.62 0.87 0.66 0.75
  [diag] gnorm=1.8e-01 2.5e-01 1.0e-01 4.1e-01 9.7e-02 8.3e-02 1.2e-01 1.1e-01 1.3e-01 9.6e-02 9.8e-02 1.1e-01 1.2e-01 1.8e-01 1.1e-01 1.2e-01  wnorm=81.5 83.8 84.9 85.3 85.4 85.6 85.8 85.7 85.8 85.8 86.5 86.4 86.6 87.3 88.4 88.3
step 68050 [68050/81380  84%]  loss=3.1402 ppl=23.1 lr=1.33e-05 | 28513 tok/s (avg 78208) ETA 104m43s | gtok=2,508,595,200 | GPU 1.3/30.5GB
step 68100 [68100/81380  84%]  loss=2.9470 ppl=19.0 lr=1.32e-05 | 85328 tok/s (avg 78213) ETA 104m19s | gtok=2,510,438,400 | GPU 1.3/30.5GB
step 68150 [68150/81380  84%]  loss=3.1050 ppl=22.3 lr=1.31e-05 | 85357 tok/s (avg 78218) ETA 103m55s | gtok=2,512,281,600 | GPU 1.3/30.5GB
step 68200 [68200/81380  84%]  loss=3.3490 ppl=28.5 lr=1.30e-05 | 85223 tok/s (avg 78222) ETA 103m31s | gtok=2,514,124,800 | GPU 1.3/30.5GB
step 68250 [68250/81380  84%]  loss=3.1819 ppl=24.1 lr=1.29e-05 | 84335 tok/s (avg 78227) ETA 103m07s | gtok=2,515,968,000 | GPU 1.3/30.5GB
step 68300 [68300/81380  84%]  loss=3.2596 ppl=26.0 lr=1.28e-05 | 84827 tok/s (avg 78231) ETA 102m43s | gtok=2,517,811,200 | GPU 1.3/30.5GB
step 68350 [68350/81380  84%]  loss=3.2536 ppl=25.9 lr=1.27e-05 | 85118 tok/s (avg 78236) ETA 102m19s | gtok=2,519,654,400 | GPU 1.3/30.5GB
step 68400 [68400/81380  84%]  loss=3.1192 ppl=22.6 lr=1.26e-05 | 84844 tok/s (avg 78240) ETA 101m55s | gtok=2,521,497,600 | GPU 1.3/30.5GB
step 68450 [68450/81380  84%]  loss=3.3290 ppl=27.9 lr=1.25e-05 | 84833 tok/s (avg 78245) ETA 101m31s | gtok=2,523,340,800 | GPU 1.3/30.5GB
step 68500 [68500/81380  84%]  loss=3.0834 ppl=21.8 lr=1.24e-05 | 85243 tok/s (avg 78249) ETA 101m07s | gtok=2,525,184,000 | GPU 1.3/30.5GB
step 68550 [68550/81380  84%]  loss=2.9604 ppl=19.3 lr=1.23e-05 | 85200 tok/s (avg 78254) ETA 100m43s | gtok=2,527,027,200 | GPU 1.3/30.5GB
step 68600 [68600/81380  84%]  loss=3.1234 ppl=22.7 lr=1.22e-05 | 84984 tok/s (avg 78258) ETA 100m20s | gtok=2,528,870,400 | GPU 1.3/30.5GB
step 68650 [68650/81380  84%]  loss=3.1903 ppl=24.3 lr=1.21e-05 | 84973 tok/s (avg 78263) ETA 99m56s | gtok=2,530,713,600 | GPU 1.3/30.5GB
step 68700 [68700/81380  84%]  loss=3.1652 ppl=23.7 lr=1.20e-05 | 84978 tok/s (avg 78267) ETA 99m32s | gtok=2,532,556,800 | GPU 1.3/30.5GB
step 68750 [68750/81380  84%]  loss=3.2900 ppl=26.8 lr=1.19e-05 | 85003 tok/s (avg 78272) ETA 99m08s | gtok=2,534,400,000 | GPU 1.3/30.5GB
step 68800 [68800/81380  85%]  loss=3.2071 ppl=24.7 lr=1.18e-05 | 84795 tok/s (avg 78276) ETA 98m44s | gtok=2,536,243,200 | GPU 1.3/30.5GB
step 68850 [68850/81380  85%]  loss=2.9998 ppl=20.1 lr=1.18e-05 | 85140 tok/s (avg 78281) ETA 98m20s | gtok=2,538,086,400 | GPU 1.3/30.5GB
step 68900 [68900/81380  85%]  loss=2.9730 ppl=19.6 lr=1.17e-05 | 85283 tok/s (avg 78286) ETA 97m56s | gtok=2,539,929,600 | GPU 1.3/30.5GB
step 68950 [68950/81380  85%]  loss=3.1902 ppl=24.3 lr=1.16e-05 | 85200 tok/s (avg 78290) ETA 97m32s | gtok=2,541,772,800 | GPU 1.3/30.5GB
step 69000 [69000/81380  85%]  loss=2.7281 ppl=15.3 lr=1.15e-05 | 85344 tok/s (avg 78295) ETA 97m08s | gtok=2,543,616,000 | GPU 1.3/30.5GB
  [checkpoint] step 69000 -> checkpoints_v13_sempty/mix3b_chrono_gate_bbc12e9/latest.pt
step 69050 [69050/81380  85%]  loss=3.2833 ppl=26.7 lr=1.14e-05 | 78893 tok/s (avg 78295) ETA 96m45s | gtok=2,545,459,200 | GPU 1.3/30.5GB
step 69100 [69100/81380  85%]  loss=3.0787 ppl=21.7 lr=1.13e-05 | 85463 tok/s (avg 78300) ETA 96m21s | gtok=2,547,302,400 | GPU 1.3/30.5GB
step 69150 [69150/81380  85%]  loss=3.2655 ppl=26.2 lr=1.12e-05 | 85310 tok/s (avg 78305) ETA 95m57s | gtok=2,549,145,600 | GPU 1.3/30.5GB
step 69200 [69200/81380  85%]  loss=2.9013 ppl=18.2 lr=1.11e-05 | 85158 tok/s (avg 78309) ETA 95m33s | gtok=2,550,988,800 | GPU 1.3/30.5GB
step 69250 [69250/81380  85%]  loss=3.1348 ppl=23.0 lr=1.10e-05 | 85104 tok/s (avg 78314) ETA 95m09s | gtok=2,552,832,000 | GPU 1.3/30.5GB
step 69300 [69300/81380  85%]  loss=3.4167 ppl=30.5 lr=1.09e-05 | 85245 tok/s (avg 78318) ETA 94m45s | gtok=2,554,675,200 | GPU 1.3/30.5GB
step 69350 [69350/81380  85%]  loss=3.0207 ppl=20.5 lr=1.09e-05 | 84570 tok/s (avg 78322) ETA 94m22s | gtok=2,556,518,400 | GPU 1.3/30.5GB
step 69400 [69400/81380  85%]  loss=3.1413 ppl=23.1 lr=1.08e-05 | 84989 tok/s (avg 78327) ETA 93m58s | gtok=2,558,361,600 | GPU 1.3/30.5GB
step 69450 [69450/81380  85%]  loss=3.2154 ppl=24.9 lr=1.07e-05 | 85047 tok/s (avg 78331) ETA 93m34s | gtok=2,560,204,800 | GPU 1.3/30.5GB
step 69500 [69500/81380  85%]  loss=3.0889 ppl=22.0 lr=1.06e-05 | 85035 tok/s (avg 78336) ETA 93m10s | gtok=2,562,048,000 | GPU 1.3/30.5GB
step 69550 [69550/81380  85%]  loss=3.0768 ppl=21.7 lr=1.05e-05 | 85170 tok/s (avg 78340) ETA 92m46s | gtok=2,563,891,200 | GPU 1.3/30.5GB
step 69600 [69600/81380  86%]  loss=3.0801 ppl=21.8 lr=1.04e-05 | 84943 tok/s (avg 78345) ETA 92m22s | gtok=2,565,734,400 | GPU 1.3/30.5GB
step 69650 [69650/81380  86%]  loss=3.1505 ppl=23.3 lr=1.03e-05 | 84869 tok/s (avg 78349) ETA 91m59s | gtok=2,567,577,600 | GPU 1.3/30.5GB
step 69700 [69700/81380  86%]  loss=3.2109 ppl=24.8 lr=1.02e-05 | 84888 tok/s (avg 78353) ETA 91m35s | gtok=2,569,420,800 | GPU 1.3/30.5GB
step 69750 [69750/81380  86%]  loss=2.9463 ppl=19.0 lr=1.02e-05 | 84497 tok/s (avg 78357) ETA 91m11s | gtok=2,571,264,000 | GPU 1.3/30.5GB
step 69800 [69800/81380  86%]  loss=3.0725 ppl=21.6 lr=1.01e-05 | 84559 tok/s (avg 78362) ETA 90m47s | gtok=2,573,107,200 | GPU 1.3/30.5GB
step 69850 [69850/81380  86%]  loss=3.1398 ppl=23.1 lr=9.98e-06 | 84640 tok/s (avg 78366) ETA 90m23s | gtok=2,574,950,400 | GPU 1.3/30.5GB
step 69900 [69900/81380  86%]  loss=3.0560 ppl=21.2 lr=9.90e-06 | 84366 tok/s (avg 78370) ETA 90m00s | gtok=2,576,793,600 | GPU 1.3/30.5GB
step 69950 [69950/81380  86%]  loss=3.0809 ppl=21.8 lr=9.81e-06 | 84791 tok/s (avg 78374) ETA 89m36s | gtok=2,578,636,800 | GPU 1.3/30.5GB
step 70000 [70000/81380  86%]  loss=2.9730 ppl=19.6 lr=9.73e-06 | 84825 tok/s (avg 78378) ETA 89m12s | gtok=2,580,480,000 | GPU 1.3/30.5GB
  [checkpoint] step 70000 -> checkpoints_v13_sempty/mix3b_chrono_gate_bbc12e9/best_model.pt
  [val @ step 70000] val_loss=3.2574 val_ppl=25.98 *best* (best 25.98)
  [wiki_val @ step 70000] val_loss=4.0195 val_ppl=55.67
  [checkpoint] step 70000 -> checkpoints_v13_sempty/mix3b_chrono_gate_bbc12e9/latest.pt
  [checkpoint] step 70000 -> checkpoints_v13_sempty/mix3b_chrono_gate_bbc12e9/step_070000.pt
  [diag] step 70000 cgu=+0.19 +0.23 +0.26 +0.32 +0.37 +0.41 +0.47 +0.57 +0.67 +0.77 +0.85 +0.96 +1.08 +1.16 +1.70 +1.72  pam=+0.01 +0.01 +0.01 +0.01 +0.02 +0.02 +0.02 +0.02 +0.02 +0.03 +0.03 +0.06 +0.09 +0.16 +0.14 +0.09
  [diag] dtbias=-3.91 -3.88 -3.88 -3.98 -3.88 -3.92 -3.92 -3.95 -3.95 -3.95 -3.93 -3.92 -3.85 -3.97 -3.89 -3.93  ret=0.72 0.67 0.73 0.87 0.74 0.79 0.78 0.90 0.87 0.83 0.81 0.84 0.60 0.86 0.64 0.74
  [diag] gnorm=8.4e-02 8.4e-02 3.6e-01 4.3e-01 7.5e-02 1.9e-01 1.3e-01 8.1e-02 1.2e-01 9.8e-02 1.4e-01 1.0e-01 1.5e-01 1.9e-01 1.1e-01 1.2e-01  wnorm=81.5 83.8 84.9 85.3 85.4 85.6 85.8 85.7 85.8 85.8 86.5 86.4 86.6 87.3 88.4 88.3
step 70050 [70050/81380  86%]  loss=3.1575 ppl=23.5 lr=9.65e-06 | 29065 tok/s (avg 78283) ETA 88m55s | gtok=2,582,323,200 | GPU 1.3/30.5GB
step 70100 [70100/81380  86%]  loss=3.1228 ppl=22.7 lr=9.56e-06 | 84617 tok/s (avg 78288) ETA 88m31s | gtok=2,584,166,400 | GPU 1.3/30.5GB
step 70150 [70150/81380  86%]  loss=3.0583 ppl=21.3 lr=9.48e-06 | 84904 tok/s (avg 78292) ETA 88m07s | gtok=2,586,009,600 | GPU 1.3/30.5GB
step 70200 [70200/81380  86%]  loss=2.8888 ppl=18.0 lr=9.40e-06 | 84602 tok/s (avg 78296) ETA 87m43s | gtok=2,587,852,800 | GPU 1.3/30.5GB
step 70250 [70250/81380  86%]  loss=3.2561 ppl=25.9 lr=9.31e-06 | 84757 tok/s (avg 78300) ETA 87m20s | gtok=2,589,696,000 | GPU 1.3/30.5GB
step 70300 [70300/81380  86%]  loss=3.0234 ppl=20.6 lr=9.23e-06 | 83929 tok/s (avg 78304) ETA 86m56s | gtok=2,591,539,200 | GPU 1.3/30.5GB
step 70350 [70350/81380  86%]  loss=3.2602 ppl=26.1 lr=9.15e-06 | 84350 tok/s (avg 78308) ETA 86m32s | gtok=2,593,382,400 | GPU 1.3/30.5GB
step 70400 [70400/81380  87%]  loss=3.0431 ppl=21.0 lr=9.07e-06 | 84611 tok/s (avg 78312) ETA 86m08s | gtok=2,595,225,600 | GPU 1.3/30.5GB
step 70450 [70450/81380  87%]  loss=3.0129 ppl=20.3 lr=8.99e-06 | 84719 tok/s (avg 78316) ETA 85m44s | gtok=2,597,068,800 | GPU 1.3/30.5GB
step 70500 [70500/81380  87%]  loss=2.9839 ppl=19.8 lr=8.91e-06 | 84780 tok/s (avg 78321) ETA 85m21s | gtok=2,598,912,000 | GPU 1.3/30.5GB
step 70550 [70550/81380  87%]  loss=3.0782 ppl=21.7 lr=8.83e-06 | 84709 tok/s (avg 78325) ETA 84m57s | gtok=2,600,755,200 | GPU 1.3/30.5GB
step 70600 [70600/81380  87%]  loss=3.2815 ppl=26.6 lr=8.75e-06 | 85093 tok/s (avg 78329) ETA 84m33s | gtok=2,602,598,400 | GPU 1.3/30.5GB
step 70650 [70650/81380  87%]  loss=3.2670 ppl=26.2 lr=8.67e-06 | 85053 tok/s (avg 78334) ETA 84m09s | gtok=2,604,441,600 | GPU 1.3/30.5GB
step 70700 [70700/81380  87%]  loss=3.0680 ppl=21.5 lr=8.59e-06 | 85064 tok/s (avg 78338) ETA 83m45s | gtok=2,606,284,800 | GPU 1.3/30.5GB
step 70750 [70750/81380  87%]  loss=3.1922 ppl=24.3 lr=8.51e-06 | 84905 tok/s (avg 78342) ETA 83m21s | gtok=2,608,128,000 | GPU 1.3/30.5GB
step 70800 [70800/81380  87%]  loss=3.1451 ppl=23.2 lr=8.43e-06 | 84721 tok/s (avg 78346) ETA 82m58s | gtok=2,609,971,200 | GPU 1.3/30.5GB
step 70850 [70850/81380  87%]  loss=2.7838 ppl=16.2 lr=8.35e-06 | 84007 tok/s (avg 78350) ETA 82m34s | gtok=2,611,814,400 | GPU 1.3/30.5GB
step 70900 [70900/81380  87%]  loss=3.0990 ppl=22.2 lr=8.27e-06 | 84835 tok/s (avg 78354) ETA 82m10s | gtok=2,613,657,600 | GPU 1.3/30.5GB
step 70950 [70950/81380  87%]  loss=3.2196 ppl=25.0 lr=8.19e-06 | 84933 tok/s (avg 78359) ETA 81m46s | gtok=2,615,500,800 | GPU 1.3/30.5GB
step 71000 [71000/81380  87%]  loss=3.1680 ppl=23.8 lr=8.12e-06 | 85038 tok/s (avg 78363) ETA 81m23s | gtok=2,617,344,000 | GPU 1.3/30.5GB
  [checkpoint] step 71000 -> checkpoints_v13_sempty/mix3b_chrono_gate_bbc12e9/latest.pt
step 71050 [71050/81380  87%]  loss=3.0834 ppl=21.8 lr=8.04e-06 | 78469 tok/s (avg 78363) ETA 80m59s | gtok=2,619,187,200 | GPU 1.3/30.5GB
step 71100 [71100/81380  87%]  loss=3.0835 ppl=21.8 lr=7.96e-06 | 85251 tok/s (avg 78368) ETA 80m35s | gtok=2,621,030,400 | GPU 1.3/30.5GB
step 71150 [71150/81380  87%]  loss=3.2463 ppl=25.7 lr=7.89e-06 | 85085 tok/s (avg 78372) ETA 80m11s | gtok=2,622,873,600 | GPU 1.3/30.5GB
step 71200 [71200/81380  87%]  loss=3.2136 ppl=24.9 lr=7.81e-06 | 85162 tok/s (avg 78376) ETA 79m48s | gtok=2,624,716,800 | GPU 1.3/30.5GB
step 71250 [71250/81380  88%]  loss=2.9421 ppl=19.0 lr=7.74e-06 | 84635 tok/s (avg 78380) ETA 79m24s | gtok=2,626,560,000 | GPU 1.3/30.5GB
step 71300 [71300/81380  88%]  loss=3.1461 ppl=23.2 lr=7.66e-06 | 84761 tok/s (avg 78384) ETA 79m00s | gtok=2,628,403,200 | GPU 1.3/30.5GB
step 71350 [71350/81380  88%]  loss=3.2397 ppl=25.5 lr=7.59e-06 | 84754 tok/s (avg 78389) ETA 78m36s | gtok=2,630,246,400 | GPU 1.3/30.5GB
step 71400 [71400/81380  88%]  loss=3.1850 ppl=24.2 lr=7.51e-06 | 84082 tok/s (avg 78392) ETA 78m13s | gtok=2,632,089,600 | GPU 1.3/30.5GB
step 71450 [71450/81380  88%]  loss=3.0699 ppl=21.5 lr=7.44e-06 | 84615 tok/s (avg 78396) ETA 77m49s | gtok=2,633,932,800 | GPU 1.3/30.5GB
step 71500 [71500/81380  88%]  loss=3.2365 ppl=25.4 lr=7.36e-06 | 84944 tok/s (avg 78401) ETA 77m25s | gtok=2,635,776,000 | GPU 1.3/30.5GB
step 71550 [71550/81380  88%]  loss=2.9081 ppl=18.3 lr=7.29e-06 | 69317 tok/s (avg 78393) ETA 77m02s | gtok=2,637,619,200 | GPU 1.3/30.5GB
step 71600 [71600/81380  88%]  loss=3.0644 ppl=21.4 lr=7.22e-06 | 84325 tok/s (avg 78397) ETA 76m38s | gtok=2,639,462,400 | GPU 1.3/30.5GB
step 71650 [71650/81380  88%]  loss=3.2197 ppl=25.0 lr=7.14e-06 | 84693 tok/s (avg 78401) ETA 76m15s | gtok=2,641,305,600 | GPU 1.3/30.5GB
step 71700 [71700/81380  88%]  loss=2.9924 ppl=19.9 lr=7.07e-06 | 84850 tok/s (avg 78405) ETA 75m51s | gtok=2,643,148,800 | GPU 1.3/30.5GB
step 71750 [71750/81380  88%]  loss=3.1932 ppl=24.4 lr=7.00e-06 | 85021 tok/s (avg 78410) ETA 75m27s | gtok=2,644,992,000 | GPU 1.3/30.5GB
step 71800 [71800/81380  88%]  loss=3.2308 ppl=25.3 lr=6.93e-06 | 84837 tok/s (avg 78414) ETA 75m03s | gtok=2,646,835,200 | GPU 1.3/30.5GB
step 71850 [71850/81380  88%]  loss=3.1476 ppl=23.3 lr=6.86e-06 | 84899 tok/s (avg 78418) ETA 74m40s | gtok=2,648,678,400 | GPU 1.3/30.5GB
step 71900 [71900/81380  88%]  loss=3.1820 ppl=24.1 lr=6.79e-06 | 84728 tok/s (avg 78422) ETA 74m16s | gtok=2,650,521,600 | GPU 1.3/30.5GB
step 71950 [71950/81380  88%]  loss=3.1372 ppl=23.0 lr=6.72e-06 | 84021 tok/s (avg 78426) ETA 73m52s | gtok=2,652,364,800 | GPU 1.3/30.5GB
step 72000 [72000/81380  88%]  loss=3.1845 ppl=24.2 lr=6.65e-06 | 84565 tok/s (avg 78430) ETA 73m28s | gtok=2,654,208,000 | GPU 1.3/30.5GB
  [gen @ step 72000, 2,654,208,000 tok] prompt: In 1923, the University of
    In 1923, the University of Texas at Austin decided to try to establish a university in the province of Texas. It was named after Charles Babbage (1829-1911) who built a modern library and began his own branch. In 1927, Babbage made its first report on the construction of a city’s library in Babbage, but this project failed to make any real progress.
Babbage created his own
  [checkpoint] step 72000 -> checkpoints_v13_sempty/mix3b_chrono_gate_bbc12e9/best_model.pt
  [val @ step 72000] val_loss=3.2545 val_ppl=25.91 *best* (best 25.91)
  [wiki_val @ step 72000] val_loss=4.0140 val_ppl=55.37
  [checkpoint] step 72000 -> checkpoints_v13_sempty/mix3b_chrono_gate_bbc12e9/latest.pt
  [diag] step 72000 cgu=+0.19 +0.24 +0.26 +0.32 +0.37 +0.41 +0.47 +0.57 +0.67 +0.77 +0.85 +0.96 +1.08 +1.16 +1.70 +1.72  pam=+0.01 +0.01 +0.01 +0.01 +0.02 +0.02 +0.02 +0.02 +0.02 +0.03 +0.03 +0.06 +0.09 +0.17 +0.14 +0.09
  [diag] dtbias=-3.91 -3.88 -3.88 -3.98 -3.88 -3.92 -3.92 -3.95 -3.95 -3.95 -3.93 -3.92 -3.85 -3.97 -3.89 -3.93  ret=0.72 0.66 0.73 0.87 0.74 0.79 0.78 0.90 0.87 0.83 0.82 0.85 0.60 0.86 0.64 0.74
  [diag] gnorm=2.0e-01 8.6e-02 2.1e-01 7.1e-01 9.6e-02 8.8e-02 9.8e-02 1.2e-01 6.7e-02 9.7e-02 7.7e-02 1.0e-01 1.1e-01 1.4e-01 8.5e-02 9.1e-02  wnorm=81.5 83.8 84.9 85.3 85.4 85.6 85.7 85.7 85.8 85.7 86.5 86.4 86.6 87.3 88.4 88.3
step 72050 [72050/81380  89%]  loss=3.1232 ppl=22.7 lr=6.58e-06 | 28517 tok/s (avg 78334) ETA 73m10s | gtok=2,656,051,200 | GPU 1.3/30.5GB
step 72100 [72100/81380  89%]  loss=3.2660 ppl=26.2 lr=6.51e-06 | 85179 tok/s (avg 78339) ETA 72m46s | gtok=2,657,894,400 | GPU 1.3/30.5GB
step 72150 [72150/81380  89%]  loss=3.1210 ppl=22.7 lr=6.44e-06 | 85191 tok/s (avg 78343) ETA 72m23s | gtok=2,659,737,600 | GPU 1.3/30.5GB
step 72200 [72200/81380  89%]  loss=3.2662 ppl=26.2 lr=6.37e-06 | 84870 tok/s (avg 78347) ETA 71m59s | gtok=2,661,580,800 | GPU 1.3/30.5GB
step 72250 [72250/81380  89%]  loss=3.0214 ppl=20.5 lr=6.30e-06 | 85228 tok/s (avg 78352) ETA 71m35s | gtok=2,663,424,000 | GPU 1.3/30.5GB
step 72300 [72300/81380  89%]  loss=3.2361 ppl=25.4 lr=6.23e-06 | 84252 tok/s (avg 78356) ETA 71m11s | gtok=2,665,267,200 | GPU 1.3/30.5GB
step 72350 [72350/81380  89%]  loss=3.2630 ppl=26.1 lr=6.16e-06 | 85232 tok/s (avg 78360) ETA 70m48s | gtok=2,667,110,400 | GPU 1.3/30.5GB
step 72400 [72400/81380  89%]  loss=3.2547 ppl=25.9 lr=6.10e-06 | 85363 tok/s (avg 78364) ETA 70m24s | gtok=2,668,953,600 | GPU 1.3/30.5GB
step 72450 [72450/81380  89%]  loss=3.2053 ppl=24.7 lr=6.03e-06 | 85183 tok/s (avg 78369) ETA 70m00s | gtok=2,670,796,800 | GPU 1.3/30.5GB
step 72500 [72500/81380  89%]  loss=3.2463 ppl=25.7 lr=5.96e-06 | 85025 tok/s (avg 78373) ETA 69m36s | gtok=2,672,640,000 | GPU 1.3/30.5GB
step 72550 [72550/81380  89%]  loss=3.1864 ppl=24.2 lr=5.90e-06 | 84736 tok/s (avg 78377) ETA 69m13s | gtok=2,674,483,200 | GPU 1.3/30.5GB
step 72600 [72600/81380  89%]  loss=3.0901 ppl=22.0 lr=5.83e-06 | 84890 tok/s (avg 78381) ETA 68m49s | gtok=2,676,326,400 | GPU 1.3/30.5GB
step 72650 [72650/81380  89%]  loss=3.4834 ppl=32.6 lr=5.76e-06 | 84828 tok/s (avg 78385) ETA 68m25s | gtok=2,678,169,600 | GPU 1.3/30.5GB
step 72700 [72700/81380  89%]  loss=3.0599 ppl=21.3 lr=5.70e-06 | 84731 tok/s (avg 78389) ETA 68m01s | gtok=2,680,012,800 | GPU 1.3/30.5GB
step 72750 [72750/81380  89%]  loss=3.2704 ppl=26.3 lr=5.63e-06 | 84959 tok/s (avg 78393) ETA 67m38s | gtok=2,681,856,000 | GPU 1.3/30.5GB
step 72800 [72800/81380  89%]  loss=3.0531 ppl=21.2 lr=5.57e-06 | 84831 tok/s (avg 78398) ETA 67m14s | gtok=2,683,699,200 | GPU 1.3/30.5GB
step 72850 [72850/81380  90%]  loss=3.1014 ppl=22.2 lr=5.51e-06 | 83718 tok/s (avg 78401) ETA 66m50s | gtok=2,685,542,400 | GPU 1.3/30.5GB
step 72900 [72900/81380  90%]  loss=3.2762 ppl=26.5 lr=5.44e-06 | 84886 tok/s (avg 78405) ETA 66m27s | gtok=2,687,385,600 | GPU 1.3/30.5GB
step 72950 [72950/81380  90%]  loss=3.2488 ppl=25.8 lr=5.38e-06 | 5498 tok/s (avg 77699) ETA 66m39s | gtok=2,689,228,800 | GPU 1.3/30.5GB
step 73000 [73000/81380  90%]  loss=3.1501 ppl=23.3 lr=5.32e-06 | 84758 tok/s (avg 77703) ETA 66m15s | gtok=2,691,072,000 | GPU 1.3/30.5GB
  [checkpoint] step 73000 -> checkpoints_v13_sempty/mix3b_chrono_gate_bbc12e9/latest.pt
step 73050 [73050/81380  90%]  loss=3.2299 ppl=25.3 lr=5.25e-06 | 78269 tok/s (avg 77704) ETA 65m51s | gtok=2,692,915,200 | GPU 1.3/30.5GB
step 73100 [73100/81380  90%]  loss=3.2035 ppl=24.6 lr=5.19e-06 | 84815 tok/s (avg 77708) ETA 65m27s | gtok=2,694,758,400 | GPU 1.3/30.5GB
step 73150 [73150/81380  90%]  loss=3.1732 ppl=23.9 lr=5.13e-06 | 85167 tok/s (avg 77713) ETA 65m04s | gtok=2,696,601,600 | GPU 1.3/30.5GB
step 73200 [73200/81380  90%]  loss=3.1292 ppl=22.9 lr=5.07e-06 | 84996 tok/s (avg 77717) ETA 64m40s | gtok=2,698,444,800 | GPU 1.3/30.5GB
step 73250 [73250/81380  90%]  loss=3.1865 ppl=24.2 lr=5.01e-06 | 84877 tok/s (avg 77722) ETA 64m16s | gtok=2,700,288,000 | GPU 1.3/30.5GB
step 73300 [73300/81380  90%]  loss=3.3371 ppl=28.1 lr=4.95e-06 | 85132 tok/s (avg 77726) ETA 63m52s | gtok=2,702,131,200 | GPU 1.3/30.5GB
step 73350 [73350/81380  90%]  loss=3.2350 ppl=25.4 lr=4.88e-06 | 84757 tok/s (avg 77731) ETA 63m28s | gtok=2,703,974,400 | GPU 1.3/30.5GB
step 73400 [73400/81380  90%]  loss=3.0603 ppl=21.3 lr=4.82e-06 | 83939 tok/s (avg 77735) ETA 63m04s | gtok=2,705,817,600 | GPU 1.3/30.5GB
step 73450 [73450/81380  90%]  loss=3.1684 ppl=23.8 lr=4.76e-06 | 84762 tok/s (avg 77739) ETA 62m40s | gtok=2,707,660,800 | GPU 1.3/30.5GB
step 73500 [73500/81380  90%]  loss=3.2519 ppl=25.8 lr=4.71e-06 | 84762 tok/s (avg 77743) ETA 62m16s | gtok=2,709,504,000 | GPU 1.3/30.5GB
step 73550 [73550/81380  90%]  loss=2.9495 ppl=19.1 lr=4.65e-06 | 84893 tok/s (avg 77748) ETA 61m52s | gtok=2,711,347,200 | GPU 1.3/30.5GB
step 73600 [73600/81380  90%]  loss=3.1531 ppl=23.4 lr=4.59e-06 | 84913 tok/s (avg 77752) ETA 61m28s | gtok=2,713,190,400 | GPU 1.3/30.5GB
step 73650 [73650/81380  91%]  loss=3.1370 ppl=23.0 lr=4.53e-06 | 85051 tok/s (avg 77757) ETA 61m04s | gtok=2,715,033,600 | GPU 1.3/30.5GB
step 73700 [73700/81380  91%]  loss=3.1804 ppl=24.1 lr=4.47e-06 | 84859 tok/s (avg 77761) ETA 60m40s | gtok=2,716,876,800 | GPU 1.3/30.5GB
step 73750 [73750/81380  91%]  loss=3.0566 ppl=21.3 lr=4.41e-06 | 85078 tok/s (avg 77766) ETA 60m16s | gtok=2,718,720,000 | GPU 1.3/30.5GB
step 73800 [73800/81380  91%]  loss=3.0211 ppl=20.5 lr=4.36e-06 | 84959 tok/s (avg 77770) ETA 59m53s | gtok=2,720,563,200 | GPU 1.3/30.5GB
step 73850 [73850/81380  91%]  loss=3.0554 ppl=21.2 lr=4.30e-06 | 84516 tok/s (avg 77775) ETA 59m29s | gtok=2,722,406,400 | GPU 1.3/30.5GB
step 73900 [73900/81380  91%]  loss=2.9954 ppl=20.0 lr=4.24e-06 | 84368 tok/s (avg 77779) ETA 59m05s | gtok=2,724,249,600 | GPU 1.3/30.5GB
step 73950 [73950/81380  91%]  loss=3.1691 ppl=23.8 lr=4.19e-06 | 83709 tok/s (avg 77782) ETA 58m41s | gtok=2,726,092,800 | GPU 1.3/30.5GB
step 74000 [74000/81380  91%]  loss=3.1288 ppl=22.8 lr=4.13e-06 | 84309 tok/s (avg 77786) ETA 58m17s | gtok=2,727,936,000 | GPU 1.3/30.5GB
  [checkpoint] step 74000 -> checkpoints_v13_sempty/mix3b_chrono_gate_bbc12e9/best_model.pt
  [val @ step 74000] val_loss=3.2509 val_ppl=25.81 *best* (best 25.81)
  [wiki_val @ step 74000] val_loss=4.0105 val_ppl=55.17
  [checkpoint] step 74000 -> checkpoints_v13_sempty/mix3b_chrono_gate_bbc12e9/latest.pt
  [diag] step 74000 cgu=+0.19 +0.24 +0.26 +0.32 +0.37 +0.41 +0.47 +0.57 +0.67 +0.77 +0.86 +0.96 +1.08 +1.17 +1.70 +1.73  pam=+0.01 +0.01 +0.01 +0.01 +0.02 +0.02 +0.02 +0.02 +0.02 +0.03 +0.03 +0.06 +0.09 +0.17 +0.14 +0.09
  [diag] dtbias=-3.91 -3.88 -3.88 -3.98 -3.88 -3.92 -3.92 -3.95 -3.95 -3.95 -3.93 -3.92 -3.85 -3.97 -3.89 -3.93  ret=0.71 0.67 0.74 0.87 0.75 0.80 0.79 0.90 0.87 0.84 0.82 0.85 0.62 0.87 0.65 0.75
  [diag] gnorm=2.4e-01 1.2e-01 4.2e-01 2.4e-01 1.4e-01 9.6e-02 1.1e-01 1.2e-01 1.0e-01 1.1e-01 1.1e-01 1.0e-01 1.3e-01 1.9e-01 1.1e-01 1.3e-01  wnorm=81.5 83.8 84.9 85.3 85.4 85.6 85.7 85.7 85.8 85.7 86.5 86.4 86.6 87.3 88.4 88.3
step 74050 [74050/81380  91%]  loss=3.0448 ppl=21.0 lr=4.08e-06 | 29153 tok/s (avg 77699) ETA 57m57s | gtok=2,729,779,200 | GPU 1.3/30.5GB
step 74100 [74100/81380  91%]  loss=3.0698 ppl=21.5 lr=4.02e-06 | 85105 tok/s (avg 77703) ETA 57m33s | gtok=2,731,622,400 | GPU 1.3/30.5GB
step 74150 [74150/81380  91%]  loss=3.3492 ppl=28.5 lr=3.97e-06 | 84731 tok/s (avg 77708) ETA 57m09s | gtok=2,733,465,600 | GPU 1.3/30.5GB
step 74200 [74200/81380  91%]  loss=3.1393 ppl=23.1 lr=3.91e-06 | 84664 tok/s (avg 77712) ETA 56m45s | gtok=2,735,308,800 | GPU 1.3/30.5GB
step 74250 [74250/81380  91%]  loss=3.3421 ppl=28.3 lr=3.86e-06 | 84849 tok/s (avg 77717) ETA 56m22s | gtok=2,737,152,000 | GPU 1.3/30.5GB
step 74300 [74300/81380  91%]  loss=3.2375 ppl=25.5 lr=3.80e-06 | 85002 tok/s (avg 77721) ETA 55m58s | gtok=2,738,995,200 | GPU 1.3/30.5GB
step 74350 [74350/81380  91%]  loss=3.4093 ppl=30.2 lr=3.75e-06 | 84377 tok/s (avg 77725) ETA 55m34s | gtok=2,740,838,400 | GPU 1.3/30.5GB
step 74400 [74400/81380  91%]  loss=3.1111 ppl=22.4 lr=3.70e-06 | 84827 tok/s (avg 77730) ETA 55m10s | gtok=2,742,681,600 | GPU 1.3/30.5GB
step 74450 [74450/81380  91%]  loss=3.1447 ppl=23.2 lr=3.65e-06 | 84651 tok/s (avg 77734) ETA 54m46s | gtok=2,744,524,800 | GPU 1.3/30.5GB
step 74500 [74500/81380  92%]  loss=3.1401 ppl=23.1 lr=3.59e-06 | 84645 tok/s (avg 77738) ETA 54m22s | gtok=2,746,368,000 | GPU 1.3/30.5GB
step 74550 [74550/81380  92%]  loss=3.2385 ppl=25.5 lr=3.54e-06 | 84810 tok/s (avg 77742) ETA 53m58s | gtok=2,748,211,200 | GPU 1.3/30.5GB
step 74600 [74600/81380  92%]  loss=3.2739 ppl=26.4 lr=3.49e-06 | 84585 tok/s (avg 77747) ETA 53m34s | gtok=2,750,054,400 | GPU 1.3/30.5GB
step 74650 [74650/81380  92%]  loss=3.1933 ppl=24.4 lr=3.44e-06 | 84557 tok/s (avg 77751) ETA 53m10s | gtok=2,751,897,600 | GPU 1.3/30.5GB
step 74700 [74700/81380  92%]  loss=3.0818 ppl=21.8 lr=3.39e-06 | 84457 tok/s (avg 77755) ETA 52m47s | gtok=2,753,740,800 | GPU 1.3/30.5GB
step 74750 [74750/81380  92%]  loss=3.1762 ppl=24.0 lr=3.34e-06 | 84767 tok/s (avg 77759) ETA 52m23s | gtok=2,755,584,000 | GPU 1.3/30.5GB
step 74800 [74800/81380  92%]  loss=3.2219 ppl=25.1 lr=3.29e-06 | 85141 tok/s (avg 77764) ETA 51m59s | gtok=2,757,427,200 | GPU 1.3/30.5GB
step 74850 [74850/81380  92%]  loss=2.9949 ppl=20.0 lr=3.24e-06 | 85171 tok/s (avg 77768) ETA 51m35s | gtok=2,759,270,400 | GPU 1.3/30.5GB
step 74900 [74900/81380  92%]  loss=3.3077 ppl=27.3 lr=3.19e-06 | 84879 tok/s (avg 77773) ETA 51m11s | gtok=2,761,113,600 | GPU 1.3/30.5GB
step 74950 [74950/81380  92%]  loss=3.1407 ppl=23.1 lr=3.14e-06 | 84931 tok/s (avg 77777) ETA 50m47s | gtok=2,762,956,800 | GPU 1.3/30.5GB
step 75000 [75000/81380  92%]  loss=3.0920 ppl=22.0 lr=3.09e-06 | 85163 tok/s (avg 77781) ETA 50m23s | gtok=2,764,800,000 | GPU 1.3/30.5GB
  [checkpoint] step 75000 -> checkpoints_v13_sempty/mix3b_chrono_gate_bbc12e9/latest.pt
step 75050 [75050/81380  92%]  loss=3.1684 ppl=23.8 lr=3.04e-06 | 78672 tok/s (avg 77782) ETA 50m00s | gtok=2,766,643,200 | GPU 1.3/30.5GB
step 75100 [75100/81380  92%]  loss=3.3098 ppl=27.4 lr=3.00e-06 | 85073 tok/s (avg 77786) ETA 49m36s | gtok=2,768,486,400 | GPU 1.3/30.5GB
step 75150 [75150/81380  92%]  loss=3.1861 ppl=24.2 lr=2.95e-06 | 85139 tok/s (avg 77791) ETA 49m12s | gtok=2,770,329,600 | GPU 1.3/30.5GB
step 75200 [75200/81380  92%]  loss=3.2718 ppl=26.4 lr=2.90e-06 | 85122 tok/s (avg 77795) ETA 48m48s | gtok=2,772,172,800 | GPU 1.3/30.5GB
step 75250 [75250/81380  92%]  loss=3.1388 ppl=23.1 lr=2.86e-06 | 85259 tok/s (avg 77800) ETA 48m24s | gtok=2,774,016,000 | GPU 1.3/30.5GB
step 75300 [75300/81380  93%]  loss=3.4641 ppl=31.9 lr=2.81e-06 | 85059 tok/s (avg 77804) ETA 48m00s | gtok=2,775,859,200 | GPU 1.3/30.5GB
step 75350 [75350/81380  93%]  loss=3.0874 ppl=21.9 lr=2.76e-06 | 85111 tok/s (avg 77809) ETA 47m36s | gtok=2,777,702,400 | GPU 1.3/30.5GB
step 75400 [75400/81380  93%]  loss=3.2048 ppl=24.7 lr=2.72e-06 | 85005 tok/s (avg 77813) ETA 47m13s | gtok=2,779,545,600 | GPU 1.3/30.5GB
step 75450 [75450/81380  93%]  loss=3.0280 ppl=20.7 lr=2.67e-06 | 84124 tok/s (avg 77817) ETA 46m49s | gtok=2,781,388,800 | GPU 1.3/30.5GB
step 75500 [75500/81380  93%]  loss=3.1642 ppl=23.7 lr=2.63e-06 | 84862 tok/s (avg 77821) ETA 46m25s | gtok=2,783,232,000 | GPU 1.3/30.5GB
step 75550 [75550/81380  93%]  loss=2.9821 ppl=19.7 lr=2.58e-06 | 84921 tok/s (avg 77826) ETA 46m01s | gtok=2,785,075,200 | GPU 1.3/30.5GB
step 75600 [75600/81380  93%]  loss=3.0299 ppl=20.7 lr=2.54e-06 | 84953 tok/s (avg 77830) ETA 45m37s | gtok=2,786,918,400 | GPU 1.3/30.5GB
step 75650 [75650/81380  93%]  loss=3.0354 ppl=20.8 lr=2.50e-06 | 85025 tok/s (avg 77834) ETA 45m13s | gtok=2,788,761,600 | GPU 1.3/30.5GB
step 75700 [75700/81380  93%]  loss=3.0777 ppl=21.7 lr=2.45e-06 | 85047 tok/s (avg 77839) ETA 44m50s | gtok=2,790,604,800 | GPU 1.3/30.5GB
step 75750 [75750/81380  93%]  loss=3.1282 ppl=22.8 lr=2.41e-06 | 85145 tok/s (avg 77843) ETA 44m26s | gtok=2,792,448,000 | GPU 1.3/30.5GB
step 75800 [75800/81380  93%]  loss=3.1749 ppl=23.9 lr=2.37e-06 | 85047 tok/s (avg 77847) ETA 44m02s | gtok=2,794,291,200 | GPU 1.3/30.5GB
step 75850 [75850/81380  93%]  loss=3.1240 ppl=22.7 lr=2.33e-06 | 85260 tok/s (avg 77852) ETA 43m38s | gtok=2,796,134,400 | GPU 1.3/30.5GB
step 75900 [75900/81380  93%]  loss=3.0600 ppl=21.3 lr=2.28e-06 | 85163 tok/s (avg 77856) ETA 43m14s | gtok=2,797,977,600 | GPU 1.3/30.5GB
step 75950 [75950/81380  93%]  loss=3.0844 ppl=21.9 lr=2.24e-06 | 85014 tok/s (avg 77861) ETA 42m50s | gtok=2,799,820,800 | GPU 1.3/30.5GB
step 76000 [76000/81380  93%]  loss=3.2000 ppl=24.5 lr=2.20e-06 | 84484 tok/s (avg 77865) ETA 42m27s | gtok=2,801,664,000 | GPU 1.3/30.5GB
  [gen @ step 76000, 2,801,664,000 tok] prompt: In 1923, the University of
    In 1923, the University of Chicago and Chicago-based Chicago Research Institute produced the first commercially available computer graphics program. The software was called a "computational system" that allowed computers to take over more than 90% of their time in real-time.
A paper on the project's findings appears today (May 5) in the Proceedings of the National Academy of Sciences, in which the researchers describe their "work with the
  [checkpoint] step 76000 -> checkpoints_v13_sempty/mix3b_chrono_gate_bbc12e9/best_model.pt
  [val @ step 76000] val_loss=3.2495 val_ppl=25.78 *best* (best 25.78)
  [wiki_val @ step 76000] val_loss=4.0102 val_ppl=55.16
  [checkpoint] step 76000 -> checkpoints_v13_sempty/mix3b_chrono_gate_bbc12e9/latest.pt
  [diag] step 76000 cgu=+0.19 +0.24 +0.26 +0.32 +0.37 +0.41 +0.47 +0.57 +0.67 +0.77 +0.86 +0.96 +1.08 +1.17 +1.70 +1.73  pam=+0.01 +0.01 +0.01 +0.01 +0.02 +0.02 +0.02 +0.02 +0.02 +0.03 +0.03 +0.06 +0.09 +0.17 +0.14 +0.09
  [diag] dtbias=-3.91 -3.88 -3.88 -3.98 -3.88 -3.92 -3.92 -3.95 -3.95 -3.95 -3.93 -3.92 -3.85 -3.97 -3.89 -3.93  ret=0.71 0.66 0.73 0.87 0.74 0.79 0.78 0.90 0.87 0.83 0.82 0.85 0.60 0.86 0.64 0.74
  [diag] gnorm=1.3e-01 8.6e-02 1.6e-01 2.6e-01 8.6e-02 1.6e-01 9.1e-02 9.6e-02 9.1e-02 1.2e-01 1.1e-01 1.0e-01 1.7e-01 1.9e-01 1.2e-01 1.2e-01  wnorm=81.5 83.8 84.9 85.3 85.4 85.6 85.7 85.7 85.8 85.7 86.5 86.4 86.6 87.3 88.4 88.3
step 76050 [76050/81380  93%]  loss=3.2192 ppl=25.0 lr=2.16e-06 | 28481 tok/s (avg 77776) ETA 42m06s | gtok=2,803,507,200 | GPU 1.3/30.5GB
step 76100 [76100/81380  94%]  loss=3.2333 ppl=25.4 lr=2.12e-06 | 85057 tok/s (avg 77780) ETA 41m42s | gtok=2,805,350,400 | GPU 1.3/30.5GB
step 76150 [76150/81380  94%]  loss=3.0081 ppl=20.2 lr=2.08e-06 | 85190 tok/s (avg 77785) ETA 41m18s | gtok=2,807,193,600 | GPU 1.3/30.5GB
step 76200 [76200/81380  94%]  loss=2.9864 ppl=19.8 lr=2.04e-06 | 85385 tok/s (avg 77789) ETA 40m54s | gtok=2,809,036,800 | GPU 1.3/30.5GB
step 76250 [76250/81380  94%]  loss=3.2611 ppl=26.1 lr=2.00e-06 | 85503 tok/s (avg 77794) ETA 40m30s | gtok=2,810,880,000 | GPU 1.3/30.5GB
step 76300 [76300/81380  94%]  loss=3.1494 ppl=23.3 lr=1.96e-06 | 85445 tok/s (avg 77798) ETA 40m07s | gtok=2,812,723,200 | GPU 1.3/30.5GB
step 76350 [76350/81380  94%]  loss=3.0033 ppl=20.2 lr=1.93e-06 | 84534 tok/s (avg 77803) ETA 39m43s | gtok=2,814,566,400 | GPU 1.3/30.5GB
step 76400 [76400/81380  94%]  loss=3.1612 ppl=23.6 lr=1.89e-06 | 85091 tok/s (avg 77807) ETA 39m19s | gtok=2,816,409,600 | GPU 1.3/30.5GB
step 76450 [76450/81380  94%]  loss=2.9989 ppl=20.1 lr=1.85e-06 | 85124 tok/s (avg 77811) ETA 38m55s | gtok=2,818,252,800 | GPU 1.3/30.5GB
step 76500 [76500/81380  94%]  loss=3.2138 ppl=24.9 lr=1.81e-06 | 85311 tok/s (avg 77816) ETA 38m31s | gtok=2,820,096,000 | GPU 1.3/30.5GB
step 76550 [76550/81380  94%]  loss=3.1142 ppl=22.5 lr=1.78e-06 | 85330 tok/s (avg 77820) ETA 38m08s | gtok=2,821,939,200 | GPU 1.3/30.5GB
step 76600 [76600/81380  94%]  loss=3.2388 ppl=25.5 lr=1.74e-06 | 85287 tok/s (avg 77825) ETA 37m44s | gtok=2,823,782,400 | GPU 1.3/30.5GB
step 76650 [76650/81380  94%]  loss=2.8317 ppl=17.0 lr=1.70e-06 | 85337 tok/s (avg 77829) ETA 37m20s | gtok=2,825,625,600 | GPU 1.3/30.5GB
step 76700 [76700/81380  94%]  loss=3.2654 ppl=26.2 lr=1.67e-06 | 85379 tok/s (avg 77834) ETA 36m56s | gtok=2,827,468,800 | GPU 1.3/30.5GB
step 76750 [76750/81380  94%]  loss=3.2523 ppl=25.9 lr=1.63e-06 | 85184 tok/s (avg 77838) ETA 36m32s | gtok=2,829,312,000 | GPU 1.3/30.5GB
step 76800 [76800/81380  94%]  loss=3.2143 ppl=24.9 lr=1.60e-06 | 85335 tok/s (avg 77842) ETA 36m08s | gtok=2,831,155,200 | GPU 1.3/30.5GB
step 76850 [76850/81380  94%]  loss=2.8326 ppl=17.0 lr=1.56e-06 | 85127 tok/s (avg 77847) ETA 35m45s | gtok=2,832,998,400 | GPU 1.3/30.5GB
step 76900 [76900/81380  94%]  loss=3.1186 ppl=22.6 lr=1.53e-06 | 84345 tok/s (avg 77851) ETA 35m21s | gtok=2,834,841,600 | GPU 1.3/30.5GB
step 76950 [76950/81380  95%]  loss=3.0114 ppl=20.3 lr=1.50e-06 | 84910 tok/s (avg 77855) ETA 34m57s | gtok=2,836,684,800 | GPU 1.3/30.5GB
step 77000 [77000/81380  95%]  loss=3.0611 ppl=21.4 lr=1.46e-06 | 85332 tok/s (avg 77859) ETA 34m33s | gtok=2,838,528,000 | GPU 1.3/30.5GB
  [checkpoint] step 77000 -> checkpoints_v13_sempty/mix3b_chrono_gate_bbc12e9/latest.pt
step 77050 [77050/81380  95%]  loss=3.2292 ppl=25.3 lr=1.43e-06 | 78541 tok/s (avg 77860) ETA 34m10s | gtok=2,840,371,200 | GPU 1.3/30.5GB
step 77100 [77100/81380  95%]  loss=3.1687 ppl=23.8 lr=1.40e-06 | 85198 tok/s (avg 77864) ETA 33m46s | gtok=2,842,214,400 | GPU 1.3/30.5GB
step 77150 [77150/81380  95%]  loss=3.0767 ppl=21.7 lr=1.36e-06 | 85283 tok/s (avg 77868) ETA 33m22s | gtok=2,844,057,600 | GPU 1.3/30.5GB
step 77200 [77200/81380  95%]  loss=3.1969 ppl=24.5 lr=1.33e-06 | 85255 tok/s (avg 77873) ETA 32m58s | gtok=2,845,900,800 | GPU 1.3/30.5GB
step 77250 [77250/81380  95%]  loss=3.3862 ppl=29.6 lr=1.30e-06 | 85215 tok/s (avg 77877) ETA 32m34s | gtok=2,847,744,000 | GPU 1.3/30.5GB
step 77300 [77300/81380  95%]  loss=3.1696 ppl=23.8 lr=1.27e-06 | 85245 tok/s (avg 77882) ETA 32m11s | gtok=2,849,587,200 | GPU 1.3/30.5GB
step 77350 [77350/81380  95%]  loss=3.1014 ppl=22.2 lr=1.24e-06 | 85399 tok/s (avg 77886) ETA 31m47s | gtok=2,851,430,400 | GPU 1.3/30.5GB
step 77400 [77400/81380  95%]  loss=3.2013 ppl=24.6 lr=1.21e-06 | 85025 tok/s (avg 77890) ETA 31m23s | gtok=2,853,273,600 | GPU 1.3/30.5GB
step 77450 [77450/81380  95%]  loss=3.4185 ppl=30.5 lr=1.18e-06 | 84107 tok/s (avg 77894) ETA 30m59s | gtok=2,855,116,800 | GPU 1.3/30.5GB
step 77500 [77500/81380  95%]  loss=3.4335 ppl=31.0 lr=1.15e-06 | 85069 tok/s (avg 77898) ETA 30m36s | gtok=2,856,960,000 | GPU 1.3/30.5GB
step 77550 [77550/81380  95%]  loss=3.0836 ppl=21.8 lr=1.12e-06 | 85130 tok/s (avg 77902) ETA 30m12s | gtok=2,858,803,200 | GPU 1.3/30.5GB
step 77600 [77600/81380  95%]  loss=3.2515 ppl=25.8 lr=1.09e-06 | 85111 tok/s (avg 77907) ETA 29m48s | gtok=2,860,646,400 | GPU 1.3/30.5GB
step 77650 [77650/81380  95%]  loss=3.1760 ppl=24.0 lr=1.06e-06 | 85134 tok/s (avg 77911) ETA 29m24s | gtok=2,862,489,600 | GPU 1.3/30.5GB
step 77700 [77700/81380  95%]  loss=3.2602 ppl=26.1 lr=1.03e-06 | 84730 tok/s (avg 77915) ETA 29m01s | gtok=2,864,332,800 | GPU 1.3/30.5GB
step 77750 [77750/81380  96%]  loss=3.2065 ppl=24.7 lr=1.00e-06 | 84961 tok/s (avg 77919) ETA 28m37s | gtok=2,866,176,000 | GPU 1.3/30.5GB
step 77800 [77800/81380  96%]  loss=3.2113 ppl=24.8 lr=9.77e-07 | 85042 tok/s (avg 77923) ETA 28m13s | gtok=2,868,019,200 | GPU 1.3/30.5GB
step 77850 [77850/81380  96%]  loss=3.1176 ppl=22.6 lr=9.50e-07 | 84948 tok/s (avg 77927) ETA 27m49s | gtok=2,869,862,400 | GPU 1.3/30.5GB
step 77900 [77900/81380  96%]  loss=3.3853 ppl=29.5 lr=9.24e-07 | 85224 tok/s (avg 77932) ETA 27m26s | gtok=2,871,705,600 | GPU 1.3/30.5GB
step 77950 [77950/81380  96%]  loss=3.0564 ppl=21.3 lr=8.97e-07 | 85119 tok/s (avg 77936) ETA 27m02s | gtok=2,873,548,800 | GPU 1.3/30.5GB
step 78000 [78000/81380  96%]  loss=3.1944 ppl=24.4 lr=8.71e-07 | 85146 tok/s (avg 77940) ETA 26m38s | gtok=2,875,392,000 | GPU 1.3/30.5GB
  [checkpoint] step 78000 -> checkpoints_v13_sempty/mix3b_chrono_gate_bbc12e9/best_model.pt
  [val @ step 78000] val_loss=3.2481 val_ppl=25.74 *best* (best 25.74)
  [wiki_val @ step 78000] val_loss=4.0068 val_ppl=54.97
  [checkpoint] step 78000 -> checkpoints_v13_sempty/mix3b_chrono_gate_bbc12e9/latest.pt
  [diag] step 78000 cgu=+0.19 +0.24 +0.26 +0.32 +0.37 +0.41 +0.47 +0.57 +0.67 +0.77 +0.86 +0.96 +1.08 +1.17 +1.70 +1.73  pam=+0.01 +0.01 +0.01 +0.01 +0.02 +0.02 +0.02 +0.02 +0.02 +0.03 +0.03 +0.06 +0.09 +0.17 +0.14 +0.09
  [diag] dtbias=-3.91 -3.88 -3.88 -3.98 -3.88 -3.92 -3.92 -3.95 -3.95 -3.95 -3.93 -3.92 -3.85 -3.97 -3.89 -3.93  ret=0.72 0.67 0.73 0.87 0.74 0.80 0.78 0.90 0.87 0.84 0.82 0.85 0.61 0.86 0.65 0.74
  [diag] gnorm=2.2e-01 2.6e-01 2.9e-01 4.5e-01 8.9e-02 2.4e-01 9.1e-02 8.9e-02 8.4e-02 1.0e-01 1.3e-01 9.3e-02 1.5e-01 1.7e-01 1.0e-01 1.1e-01  wnorm=81.5 83.8 84.9 85.3 85.4 85.6 85.7 85.7 85.8 85.7 86.5 86.4 86.6 87.3 88.4 88.3
step 78050 [78050/81380  96%]  loss=3.0043 ppl=20.2 lr=8.46e-07 | 29219 tok/s (avg 77857) ETA 26m16s | gtok=2,877,235,200 | GPU 1.3/30.5GB
step 78100 [78100/81380  96%]  loss=3.2050 ppl=24.7 lr=8.21e-07 | 84662 tok/s (avg 77861) ETA 25m52s | gtok=2,879,078,400 | GPU 1.3/30.5GB
step 78150 [78150/81380  96%]  loss=2.9289 ppl=18.7 lr=7.96e-07 | 85309 tok/s (avg 77865) ETA 25m29s | gtok=2,880,921,600 | GPU 1.3/30.5GB
step 78200 [78200/81380  96%]  loss=3.5222 ppl=33.9 lr=7.71e-07 | 85055 tok/s (avg 77870) ETA 25m05s | gtok=2,882,764,800 | GPU 1.3/30.5GB
step 78250 [78250/81380  96%]  loss=3.2143 ppl=24.9 lr=7.47e-07 | 84969 tok/s (avg 77874) ETA 24m41s | gtok=2,884,608,000 | GPU 1.3/30.5GB
step 78300 [78300/81380  96%]  loss=3.2556 ppl=25.9 lr=7.24e-07 | 84891 tok/s (avg 77878) ETA 24m17s | gtok=2,886,451,200 | GPU 1.3/30.5GB
step 78350 [78350/81380  96%]  loss=3.1579 ppl=23.5 lr=7.00e-07 | 70184 tok/s (avg 77872) ETA 23m54s | gtok=2,888,294,400 | GPU 1.3/30.5GB
step 78400 [78400/81380  96%]  loss=3.2808 ppl=26.6 lr=6.78e-07 | 85140 tok/s (avg 77877) ETA 23m30s | gtok=2,890,137,600 | GPU 1.3/30.5GB
step 78450 [78450/81380  96%]  loss=3.1357 ppl=23.0 lr=6.55e-07 | 84012 tok/s (avg 77880) ETA 23m06s | gtok=2,891,980,800 | GPU 1.3/30.5GB
step 78500 [78500/81380  96%]  loss=3.0452 ppl=21.0 lr=6.33e-07 | 85228 tok/s (avg 77885) ETA 22m43s | gtok=2,893,824,000 | GPU 1.3/30.5GB
step 78550 [78550/81380  97%]  loss=3.1121 ppl=22.5 lr=6.11e-07 | 85304 tok/s (avg 77889) ETA 22m19s | gtok=2,895,667,200 | GPU 1.3/30.5GB
step 78600 [78600/81380  97%]  loss=3.4375 ppl=31.1 lr=5.90e-07 | 85144 tok/s (avg 77893) ETA 21m55s | gtok=2,897,510,400 | GPU 1.3/30.5GB
step 78650 [78650/81380  97%]  loss=3.1351 ppl=23.0 lr=5.69e-07 | 85079 tok/s (avg 77897) ETA 21m31s | gtok=2,899,353,600 | GPU 1.3/30.5GB
step 78700 [78700/81380  97%]  loss=2.9576 ppl=19.3 lr=5.48e-07 | 85092 tok/s (avg 77901) ETA 21m08s | gtok=2,901,196,800 | GPU 1.3/30.5GB
step 78750 [78750/81380  97%]  loss=3.1282 ppl=22.8 lr=5.28e-07 | 85025 tok/s (avg 77906) ETA 20m44s | gtok=2,903,040,000 | GPU 1.3/30.5GB
step 78800 [78800/81380  97%]  loss=3.1998 ppl=24.5 lr=5.08e-07 | 84928 tok/s (avg 77910) ETA 20m20s | gtok=2,904,883,200 | GPU 1.3/30.5GB
step 78850 [78850/81380  97%]  loss=3.2865 ppl=26.7 lr=4.88e-07 | 84799 tok/s (avg 77914) ETA 19m57s | gtok=2,906,726,400 | GPU 1.3/30.5GB
step 78900 [78900/81380  97%]  loss=3.1816 ppl=24.1 lr=4.69e-07 | 84573 tok/s (avg 77918) ETA 19m33s | gtok=2,908,569,600 | GPU 1.3/30.5GB
step 78950 [78950/81380  97%]  loss=3.3578 ppl=28.7 lr=4.51e-07 | 84991 tok/s (avg 77922) ETA 19m09s | gtok=2,910,412,800 | GPU 1.3/30.5GB
step 79000 [79000/81380  97%]  loss=3.2272 ppl=25.2 lr=4.32e-07 | 84577 tok/s (avg 77926) ETA 18m45s | gtok=2,912,256,000 | GPU 1.3/30.5GB
  [checkpoint] step 79000 -> checkpoints_v13_sempty/mix3b_chrono_gate_bbc12e9/latest.pt
step 79050 [79050/81380  97%]  loss=3.3393 ppl=28.2 lr=4.14e-07 | 78532 tok/s (avg 77926) ETA 18m22s | gtok=2,914,099,200 | GPU 1.3/30.5GB
step 79100 [79100/81380  97%]  loss=3.3209 ppl=27.7 lr=3.97e-07 | 84974 tok/s (avg 77930) ETA 17m58s | gtok=2,915,942,400 | GPU 1.3/30.5GB
step 79150 [79150/81380  97%]  loss=2.9427 ppl=19.0 lr=3.80e-07 | 84973 tok/s (avg 77934) ETA 17m34s | gtok=2,917,785,600 | GPU 1.3/30.5GB
step 79200 [79200/81380  97%]  loss=3.1437 ppl=23.2 lr=3.63e-07 | 84668 tok/s (avg 77938) ETA 17m11s | gtok=2,919,628,800 | GPU 1.3/30.5GB
step 79250 [79250/81380  97%]  loss=3.1339 ppl=23.0 lr=3.46e-07 | 84750 tok/s (avg 77942) ETA 16m47s | gtok=2,921,472,000 | GPU 1.3/30.5GB
step 79300 [79300/81380  97%]  loss=3.0356 ppl=20.8 lr=3.30e-07 | 85008 tok/s (avg 77946) ETA 16m23s | gtok=2,923,315,200 | GPU 1.3/30.5GB
step 79350 [79350/81380  98%]  loss=3.2393 ppl=25.5 lr=3.15e-07 | 84805 tok/s (avg 77950) ETA 16m00s | gtok=2,925,158,400 | GPU 1.3/30.5GB
step 79400 [79400/81380  98%]  loss=3.0847 ppl=21.9 lr=2.99e-07 | 84850 tok/s (avg 77954) ETA 15m36s | gtok=2,927,001,600 | GPU 1.3/30.5GB
step 79450 [79450/81380  98%]  loss=2.9216 ppl=18.6 lr=2.84e-07 | 84896 tok/s (avg 77958) ETA 15m12s | gtok=2,928,844,800 | GPU 1.3/30.5GB
step 79500 [79500/81380  98%]  loss=3.3460 ppl=28.4 lr=2.70e-07 | 84731 tok/s (avg 77962) ETA 14m48s | gtok=2,930,688,000 | GPU 1.3/30.5GB
step 79550 [79550/81380  98%]  loss=2.9815 ppl=19.7 lr=2.56e-07 | 84213 tok/s (avg 77966) ETA 14m25s | gtok=2,932,531,200 | GPU 1.3/30.5GB
step 79600 [79600/81380  98%]  loss=3.1878 ppl=24.2 lr=2.42e-07 | 85399 tok/s (avg 77970) ETA 14m01s | gtok=2,934,374,400 | GPU 1.3/30.5GB
step 79650 [79650/81380  98%]  loss=3.0445 ppl=21.0 lr=2.29e-07 | 85101 tok/s (avg 77974) ETA 13m37s | gtok=2,936,217,600 | GPU 1.3/30.5GB
step 79700 [79700/81380  98%]  loss=3.0169 ppl=20.4 lr=2.15e-07 | 85065 tok/s (avg 77978) ETA 13m14s | gtok=2,938,060,800 | GPU 1.3/30.5GB
step 79750 [79750/81380  98%]  loss=3.1812 ppl=24.1 lr=2.03e-07 | 85193 tok/s (avg 77982) ETA 12m50s | gtok=2,939,904,000 | GPU 1.3/30.5GB
step 79800 [79800/81380  98%]  loss=3.1223 ppl=22.7 lr=1.91e-07 | 85233 tok/s (avg 77986) ETA 12m26s | gtok=2,941,747,200 | GPU 1.3/30.5GB
step 79850 [79850/81380  98%]  loss=3.0455 ppl=21.0 lr=1.79e-07 | 85063 tok/s (avg 77990) ETA 12m03s | gtok=2,943,590,400 | GPU 1.3/30.5GB
step 79900 [79900/81380  98%]  loss=3.0632 ppl=21.4 lr=1.67e-07 | 85118 tok/s (avg 77994) ETA 11m39s | gtok=2,945,433,600 | GPU 1.3/30.5GB
step 79950 [79950/81380  98%]  loss=3.0387 ppl=20.9 lr=1.56e-07 | 85209 tok/s (avg 77999) ETA 11m15s | gtok=2,947,276,800 | GPU 1.3/30.5GB
step 80000 [80000/81380  98%]  loss=3.0640 ppl=21.4 lr=1.45e-07 | 85271 tok/s (avg 78003) ETA 10m52s | gtok=2,949,120,000 | GPU 1.3/30.5GB
  [gen @ step 80000, 2,949,120,000 tok] prompt: In 1923, the University of
    In 1923, the University of Oxford published an article in the New England Journal of Medicine titled “The Evolutionary History of Alzheimer’s Disease.” The paper was a major breakthrough in medicine because it showed that Alzheimer’s disease is caused by mutations in a gene called FMR1 which causes the accumulation of amyloid plaques in the brain. This accumulation of amyloid plaques led to the
  [checkpoint] step 80000 -> checkpoints_v13_sempty/mix3b_chrono_gate_bbc12e9/best_model.pt
  [val @ step 80000] val_loss=3.2478 val_ppl=25.73 *best* (best 25.73)
  [wiki_val @ step 80000] val_loss=4.0058 val_ppl=54.91
  [checkpoint] step 80000 -> checkpoints_v13_sempty/mix3b_chrono_gate_bbc12e9/latest.pt
  [checkpoint] step 80000 -> checkpoints_v13_sempty/mix3b_chrono_gate_bbc12e9/step_080000.pt
  [diag] step 80000 cgu=+0.19 +0.24 +0.26 +0.32 +0.37 +0.41 +0.47 +0.57 +0.67 +0.77 +0.86 +0.96 +1.08 +1.17 +1.70 +1.73  pam=+0.01 +0.01 +0.01 +0.01 +0.02 +0.02 +0.02 +0.02 +0.02 +0.03 +0.03 +0.06 +0.09 +0.17 +0.14 +0.09
  [diag] dtbias=-3.91 -3.88 -3.88 -3.98 -3.88 -3.92 -3.92 -3.95 -3.95 -3.95 -3.93 -3.92 -3.85 -3.97 -3.89 -3.93  ret=0.71 0.66 0.73 0.87 0.74 0.79 0.78 0.90 0.87 0.84 0.82 0.85 0.61 0.86 0.65 0.74
  [diag] gnorm=2.7e-01 2.5e-01 2.8e-01 1.5e-01 8.7e-02 1.4e-01 1.8e-01 1.0e-01 1.3e-01 1.4e-01 1.3e-01 1.1e-01 1.4e-01 2.0e-01 1.2e-01 1.3e-01  wnorm=81.5 83.8 84.9 85.3 85.4 85.6 85.7 85.7 85.8 85.7 86.5 86.4 86.6 87.3 88.4 88.3
step 80050 [80050/81380  98%]  loss=3.0135 ppl=20.4 lr=1.35e-07 | 28380 tok/s (avg 77918) ETA 10m29s | gtok=2,950,963,200 | GPU 1.3/30.5GB
step 80100 [80100/81380  98%]  loss=3.1994 ppl=24.5 lr=1.25e-07 | 84771 tok/s (avg 77922) ETA 10m05s | gtok=2,952,806,400 | GPU 1.3/30.5GB
step 80150 [80150/81380  98%]  loss=3.2273 ppl=25.2 lr=1.16e-07 | 84961 tok/s (avg 77926) ETA 9m41s | gtok=2,954,649,600 | GPU 1.3/30.5GB
step 80200 [80200/81380  99%]  loss=3.1275 ppl=22.8 lr=1.06e-07 | 84856 tok/s (avg 77930) ETA 9m18s | gtok=2,956,492,800 | GPU 1.3/30.5GB
step 80250 [80250/81380  99%]  loss=3.2979 ppl=27.1 lr=9.75e-08 | 85113 tok/s (avg 77934) ETA 8m54s | gtok=2,958,336,000 | GPU 1.3/30.5GB
step 80300 [80300/81380  99%]  loss=3.0371 ppl=20.8 lr=8.91e-08 | 84970 tok/s (avg 77938) ETA 8m30s | gtok=2,960,179,200 | GPU 1.3/30.5GB
step 80350 [80350/81380  99%]  loss=3.1795 ppl=24.0 lr=8.10e-08 | 85166 tok/s (avg 77942) ETA 8m07s | gtok=2,962,022,400 | GPU 1.3/30.5GB
step 80400 [80400/81380  99%]  loss=3.3126 ppl=27.5 lr=7.33e-08 | 84819 tok/s (avg 77946) ETA 7m43s | gtok=2,963,865,600 | GPU 1.3/30.5GB
step 80450 [80450/81380  99%]  loss=3.1480 ppl=23.3 lr=6.61e-08 | 84952 tok/s (avg 77950) ETA 7m19s | gtok=2,965,708,800 | GPU 1.3/30.5GB
step 80500 [80500/81380  99%]  loss=2.9787 ppl=19.7 lr=5.91e-08 | 84404 tok/s (avg 77953) ETA 6m56s | gtok=2,967,552,000 | GPU 1.3/30.5GB
step 80550 [80550/81380  99%]  loss=3.0500 ppl=21.1 lr=5.26e-08 | 85165 tok/s (avg 77958) ETA 6m32s | gtok=2,969,395,200 | GPU 1.3/30.5GB
step 80600 [80600/81380  99%]  loss=2.9987 ppl=20.1 lr=4.65e-08 | 85153 tok/s (avg 77962) ETA 6m08s | gtok=2,971,238,400 | GPU 1.3/30.5GB
step 80650 [80650/81380  99%]  loss=3.2453 ppl=25.7 lr=4.07e-08 | 85000 tok/s (avg 77966) ETA 5m45s | gtok=2,973,081,600 | GPU 1.3/30.5GB
step 80700 [80700/81380  99%]  loss=3.2631 ppl=26.1 lr=3.53e-08 | 84858 tok/s (avg 77970) ETA 5m21s | gtok=2,974,924,800 | GPU 1.3/30.5GB
step 80750 [80750/81380  99%]  loss=3.1123 ppl=22.5 lr=3.03e-08 | 84960 tok/s (avg 77973) ETA 4m57s | gtok=2,976,768,000 | GPU 1.3/30.5GB
step 80800 [80800/81380  99%]  loss=3.1248 ppl=22.8 lr=2.57e-08 | 85320 tok/s (avg 77978) ETA 4m34s | gtok=2,978,611,200 | GPU 1.3/30.5GB
step 80850 [80850/81380  99%]  loss=3.3082 ppl=27.3 lr=2.15e-08 | 85221 tok/s (avg 77982) ETA 4m10s | gtok=2,980,454,400 | GPU 1.3/30.5GB
step 80900 [80900/81380  99%]  loss=3.1779 ppl=24.0 lr=1.76e-08 | 85006 tok/s (avg 77986) ETA 3m46s | gtok=2,982,297,600 | GPU 1.3/30.5GB
step 80950 [80950/81380  99%]  loss=3.1785 ppl=24.0 lr=1.41e-08 | 84893 tok/s (avg 77990) ETA 3m23s | gtok=2,984,140,800 | GPU 1.3/30.5GB
step 81000 [81000/81380 100%]  loss=2.9924 ppl=19.9 lr=1.10e-08 | 85074 tok/s (avg 77994) ETA 2m59s | gtok=2,985,984,000 | GPU 1.3/30.5GB
  [checkpoint] step 81000 -> checkpoints_v13_sempty/mix3b_chrono_gate_bbc12e9/latest.pt
step 81050 [81050/81380 100%]  loss=3.2771 ppl=26.5 lr=8.32e-09 | 78566 tok/s (avg 77994) ETA 2m35s | gtok=2,987,827,200 | GPU 1.3/30.5GB
step 81100 [81100/81380 100%]  loss=3.0950 ppl=22.1 lr=5.99e-09 | 84385 tok/s (avg 77998) ETA 2m12s | gtok=2,989,670,400 | GPU 1.3/30.5GB
step 81150 [81150/81380 100%]  loss=3.2846 ppl=26.7 lr=4.04e-09 | 85188 tok/s (avg 78002) ETA 1m48s | gtok=2,991,513,600 | GPU 1.3/30.5GB
step 81200 [81200/81380 100%]  loss=3.1627 ppl=23.6 lr=2.47e-09 | 84971 tok/s (avg 78006) ETA 1m25s | gtok=2,993,356,800 | GPU 1.3/30.5GB
step 81250 [81250/81380 100%]  loss=3.2000 ppl=24.5 lr=1.29e-09 | 85295 tok/s (avg 78010) ETA 1m01s | gtok=2,995,200,000 | GPU 1.3/30.5GB
step 81300 [81300/81380 100%]  loss=3.1702 ppl=23.8 lr=4.89e-10 | 84897 tok/s (avg 78014) ETA 0m37s | gtok=2,997,043,200 | GPU 1.3/30.5GB
step 81350 [81350/81380 100%]  loss=3.1726 ppl=23.9 lr=6.87e-11 | 84973 tok/s (avg 78018) ETA 0m14s | gtok=2,998,886,400 | GPU 1.3/30.5GB

Training complete. steps=81380 tokens=2,999,992,320 best_val_ppl=25.73
train loss: 10.9586 -> 3.2154 (delta -7.7431)
  [checkpoint] step 81380 -> checkpoints_v13_sempty/mix3b_chrono_gate_bbc12e9/latest.pt
=== mix3b_chrono_gate end 1788587771 exit=0 attempts=1 ===
