[2026-07-16T07:46:34Z] STAGE6 PIPELINE START
[2026-07-16T07:46:34Z] STAGE6 PIPELINE START
[2026-07-16T07:46:34Z] START micro-capacity
[2026-07-16T07:46:34Z] START micro-capacity
[micro] train control preset=v11_micro_10m budget=30000000
[micro] train control preset=v11_micro_10m budget=30000000
[Discord] Webhook configured -- notifications enabled
[Discord] Webhook configured -- notifications enabled
Token indices sequence length is longer than the specified maximum sequence length for this model (2518 > 1024). Running this sequence through the model will result in indexing errors
Token indices sequence length is longer than the specified maximum sequence length for this model (2518 > 1024). Running this sequence through the model will result in indexing errors
Wall clock start: 2026-07-16 07:46:35
============================================================
  V11: PAM with new memory dynamics
  Preset: v11_micro_10m | Stage: pretrain | Dataset: pretrain_mix
============================================================

Config: {'vocab_size': 50261, 'dim': 96, 'n_heads': 3, 'head_dim': 32, 'n_layers': 6, 'expand': 3, 'dropout': 0.0, 'max_seq_len': 2048, 'use_learned_pos': False, 'use_rope': True, 'use_gsp': True, 'fused_qkv': True, 'qk_norm': False, 'tie_weights': True, 'gradient_checkpointing': False, 'activation': 'swish', 'chunk_size': 64, 'decay_mode': 'head', 'write_mode': 'additive', 'n_states': 3, 'delta_chunk': 64, 'state_dt_spread': 2.0, 'base_dt_bias': -4.0, 'gate_content_aware': True, 'protect_gate_bias': -3.0, 'routing_content_aware': False, 'state_compete': False, 'phase_init': 'zero', 'route_balance_lambda': 0.0, 'aux_loss_weight': 1.0, 'fused_e3': True, 'recompute_pam_chunks': False, 'gamma_floor': 0.0, 'gate_surprisal_lambda': 0.3, 'gate_surprisal_tau': 0.5, 'gate_surprisal_sign': 1.0, 'vault_state': False, 'vault_state_idx': 0, 'write_phase_address': False}
Memory dynamics: decay_mode=head, write_mode=additive, n_states=3, chunk_size=64
Batch size: 32, Epochs: 9999, LR: 0.0003
Token budget: 30,000,000

Loading pretrain_mix (seq_len=2048)...
Streaming pretrain blend: sources=['recall'] weights=[1.0] edu>=3 budget=30000000 vocab=50257 holdout_pct=5 exclude_holdout=True mix_seed=42 warmup=0 skips={'recall': 0}
Building pretrain holdout val (~5% hash bucket, edu>=3, target>=500,000 tokens)...
  holdout val: 359 docs, 500,000 tokens -> .cache/v7_tokens/pretrain_holdout_v1_v50257_t500000_e3_p5.pt
[cache] Loaded WikiText-103 validation from .cache/v7_tokens/wikitext103_validation_v2_full_sl2048.pt (248,461 tokens)
Val chunks: 121
Adjusting vocab_size: 50261 -> 50257 (tokenizer)
Val: in-distro holdout (8 batches), WikiText secondary (4 batches)
Train batches: streaming, Val batches: 8

Model parameters: {'embedding (tied)': 9649344, 'blocks': 1454538, 'norms': 192, 'lm_head': 18720, 'total': 11122794}
Total: 11,122,794 (11.1M)
Param groups: 82 tensors (11,117,568) with wd, 71 tensors (5,226) without
Compiling model (mode=default)...
  fused_ce: compiled _hidden_to_lm (logits never materialized)

Training on cuda
Parameters: {'embedding (tied)': 9649344, 'blocks': 1454538, 'norms': 192, 'lm_head': 18720, 'total': 11122794}
Total: 11,122,794 (11.1M)
Epochs: 1..9999, Batches/epoch: stream
Periodic checkpoint: every 1000 steps -> latest.pt


============================================================
Epoch 1/9999
============================================================
  [1] 0 loss=10.8328 ppl=50655.6 lr=1.50e-06 | 96 tok/s (avg 96) ETA n/a | GPU 0.2/9.8GB | gtok=65536
  [1] 50 loss=10.2268 ppl=27634.0 lr=7.65e-05 | 156847 tok/s (avg 4729) ETA n/a | GPU 0.2/9.9GB | gtok=3342336
  [1] 100 loss=8.4396 ppl=4626.9 lr=1.51e-04 | 98992 tok/s (avg 8946) ETA n/a | GPU 0.2/9.9GB | gtok=6619136
  [1] 150 loss=6.5212 ppl=679.4 lr=2.26e-04 | 159201 tok/s (avg 13013) ETA n/a | GPU 0.2/9.9GB | gtok=9895936
  [1] 200 loss=4.3199 ppl=75.2 lr=3.00e-04 | 158907 tok/s (avg 16865) ETA n/a | GPU 0.2/9.9GB | gtok=13172736
  [1] 250 loss=2.2268 ppl=9.3 lr=2.91e-04 | 159260 tok/s (avg 20520) ETA n/a | GPU 0.2/9.9GB | gtok=16449536
  [1] 300 loss=1.1305 ppl=3.1 lr=2.65e-04 | 159082 tok/s (avg 23991) ETA n/a | GPU 0.2/9.9GB | gtok=19726336
  [1] 350 loss=0.7276 ppl=2.1 lr=2.26e-04 | 159072 tok/s (avg 27292) ETA n/a | GPU 0.2/9.9GB | gtok=23003136
  [1] 400 loss=0.5312 ppl=1.7 lr=1.78e-04 | 158885 tok/s (avg 30435) ETA n/a | GPU 0.2/9.9GB | gtok=26279936
  [1] 450 loss=0.4552 ppl=1.6 lr=1.27e-04 | 159471 tok/s (avg 33435) ETA n/a | GPU 0.2/9.9GB | gtok=29556736
  Token budget reached: 30,001,152 / 30,000,000
Epoch 1/9999 | Train Loss: 4.3638 PPL: 78.56 | 15488 tok/s | Time: 1937.1s (30,001,152 tok) | Val Loss: 10.9816 PPL: 58781.80 Acc: 0.009 | Wiki PPL: 71253.72 *best*
Saved checkpoint: checkpoints_v11_recall_micro/control/best_model.pt

Stopping: token budget 30,000,000 reached.
Saved checkpoint: checkpoints_v11_recall_micro/control/final_model.pt

Training complete (token budget)!
Total wall time: 2414.2s (0.67h)
Best Val Loss: 10.9816, Best Val PPL: 58781.80

Wall clock end: 2026-07-16 08:27:30
Wall clock start: 2026-07-16 07:46:35
============================================================
  V11: PAM with new memory dynamics
  Preset: v11_micro_10m | Stage: pretrain | Dataset: pretrain_mix
============================================================

Config: {'vocab_size': 50261, 'dim': 96, 'n_heads': 3, 'head_dim': 32, 'n_layers': 6, 'expand': 3, 'dropout': 0.0, 'max_seq_len': 2048, 'use_learned_pos': False, 'use_rope': True, 'use_gsp': True, 'fused_qkv': True, 'qk_norm': False, 'tie_weights': True, 'gradient_checkpointing': False, 'activation': 'swish', 'chunk_size': 64, 'decay_mode': 'head', 'write_mode': 'additive', 'n_states': 3, 'delta_chunk': 64, 'state_dt_spread': 2.0, 'base_dt_bias': -4.0, 'gate_content_aware': True, 'protect_gate_bias': -3.0, 'routing_content_aware': False, 'state_compete': False, 'phase_init': 'zero', 'route_balance_lambda': 0.0, 'aux_loss_weight': 1.0, 'fused_e3': True, 'recompute_pam_chunks': False, 'gamma_floor': 0.0, 'gate_surprisal_lambda': 0.3, 'gate_surprisal_tau': 0.5, 'gate_surprisal_sign': 1.0, 'vault_state': False, 'vault_state_idx': 0, 'write_phase_address': False}
Memory dynamics: decay_mode=head, write_mode=additive, n_states=3, chunk_size=64
Batch size: 32, Epochs: 9999, LR: 0.0003
Token budget: 30,000,000

Loading pretrain_mix (seq_len=2048)...
Streaming pretrain blend: sources=['recall'] weights=[1.0] edu>=3 budget=30000000 vocab=50257 holdout_pct=5 exclude_holdout=True mix_seed=42 warmup=0 skips={'recall': 0}
Building pretrain holdout val (~5% hash bucket, edu>=3, target>=500,000 tokens)...
  holdout val: 359 docs, 500,000 tokens -> .cache/v7_tokens/pretrain_holdout_v1_v50257_t500000_e3_p5.pt
[cache] Loaded WikiText-103 validation from .cache/v7_tokens/wikitext103_validation_v2_full_sl2048.pt (248,461 tokens)
Val chunks: 121
Adjusting vocab_size: 50261 -> 50257 (tokenizer)
Val: in-distro holdout (8 batches), WikiText secondary (4 batches)
Train batches: streaming, Val batches: 8

Model parameters: {'embedding (tied)': 9649344, 'blocks': 1454538, 'norms': 192, 'lm_head': 18720, 'total': 11122794}
Total: 11,122,794 (11.1M)
Param groups: 82 tensors (11,117,568) with wd, 71 tensors (5,226) without
Compiling model (mode=default)...
  fused_ce: compiled _hidden_to_lm (logits never materialized)

Training on cuda
Parameters: {'embedding (tied)': 9649344, 'blocks': 1454538, 'norms': 192, 'lm_head': 18720, 'total': 11122794}
Total: 11,122,794 (11.1M)
Epochs: 1..9999, Batches/epoch: stream
Periodic checkpoint: every 1000 steps -> latest.pt


============================================================
Epoch 1/9999
============================================================
  [1] 0 loss=10.8328 ppl=50655.6 lr=1.50e-06 | 96 tok/s (avg 96) ETA n/a | GPU 0.2/9.8GB | gtok=65536
  [1] 50 loss=10.2268 ppl=27634.0 lr=7.65e-05 | 156847 tok/s (avg 4729) ETA n/a | GPU 0.2/9.9GB | gtok=3342336
  [1] 100 loss=8.4396 ppl=4626.9 lr=1.51e-04 | 98992 tok/s (avg 8946) ETA n/a | GPU 0.2/9.9GB | gtok=6619136
  [1] 150 loss=6.5212 ppl=679.4 lr=2.26e-04 | 159201 tok/s (avg 13013) ETA n/a | GPU 0.2/9.9GB | gtok=9895936
  [1] 200 loss=4.3199 ppl=75.2 lr=3.00e-04 | 158907 tok/s (avg 16865) ETA n/a | GPU 0.2/9.9GB | gtok=13172736
  [1] 250 loss=2.2268 ppl=9.3 lr=2.91e-04 | 159260 tok/s (avg 20520) ETA n/a | GPU 0.2/9.9GB | gtok=16449536
  [1] 300 loss=1.1305 ppl=3.1 lr=2.65e-04 | 159082 tok/s (avg 23991) ETA n/a | GPU 0.2/9.9GB | gtok=19726336
  [1] 350 loss=0.7276 ppl=2.1 lr=2.26e-04 | 159072 tok/s (avg 27292) ETA n/a | GPU 0.2/9.9GB | gtok=23003136
  [1] 400 loss=0.5312 ppl=1.7 lr=1.78e-04 | 158885 tok/s (avg 30435) ETA n/a | GPU 0.2/9.9GB | gtok=26279936
  [1] 450 loss=0.4552 ppl=1.6 lr=1.27e-04 | 159471 tok/s (avg 33435) ETA n/a | GPU 0.2/9.9GB | gtok=29556736
  Token budget reached: 30,001,152 / 30,000,000
Epoch 1/9999 | Train Loss: 4.3638 PPL: 78.56 | 15488 tok/s | Time: 1937.1s (30,001,152 tok) | Val Loss: 10.9816 PPL: 58781.80 Acc: 0.009 | Wiki PPL: 71253.72 *best*
Saved checkpoint: checkpoints_v11_recall_micro/control/best_model.pt

Stopping: token budget 30,000,000 reached.
Saved checkpoint: checkpoints_v11_recall_micro/control/final_model.pt

Training complete (token budget)!
Total wall time: 2414.2s (0.67h)
Best Val Loss: 10.9816, Best Val PPL: 58781.80

Wall clock end: 2026-07-16 08:27:30
[micro] eval control
[micro] eval control
[eval-recall-gate] checkpoint=checkpoints_v11_recall_micro/control/best_model.pt preset=v11_micro_10m out=checkpoints_v11_recall_micro/control/eval
[1/3] gate diagnostics ...
[eval-recall-gate] checkpoint=checkpoints_v11_recall_micro/control/best_model.pt preset=v11_micro_10m out=checkpoints_v11_recall_micro/control/eval
[1/3] gate diagnostics ...
  cfg from ckpt: vocab=50257 gate_content_aware=True routing_content_aware=False state_compete=False
[cache] Loaded WikiText-103 validation from .cache/v7_tokens/wikitext103_validation_v2_full_sl2048.pt (248,461 tokens)
Val chunks: 121
========================================================================================
PAM gate diagnosis  ckpt=checkpoints_v11_recall_micro/control/best_model.pt  tokens=2048  preset=v11_micro_10m
  p   = mean GSP write-protect prob (sigmoid(protect_gate)); high p => "do not write"
  gam = mean decay gamma (->1 keeps state, ->0 forgets fast)
  content = top 25% surprisal tokens, filler = bottom 25%
========================================================================================
layer |   p_all p_content  p_filler |  gam_all  dt_bias
-------------------------------------------------------
    0 |   0.058     0.158     0.041 |   0.9921   -3.988
    1 |   0.082     0.198     0.065 |   0.9876   -3.985
    2 |   0.088     0.197     0.072 |   0.9846   -3.986
    3 |   0.097     0.202     0.082 |   0.9839   -3.983
    4 |   0.103     0.207     0.087 |   0.9864   -3.990
    5 |   0.098     0.200     0.084 |   0.9835   -3.986
-------------------------------------------------------
  mean p across layers: 0.087  (init bias -3.0 => p~0.047; higher = model learned to protect)
  mean (p_content - p_filler): +0.122  (positive = protects content more than filler = healthy)

========================================================================================
Routing (alpha) — per-token entropy vs uniform ln(K), batch-mean diversity
  uniform ln(K=3) = 1.099
========================================================================================
layer |    tok_H    bar_H | mean_winner
---------------------------------------
    0 |    1.099    1.099 |        0.00
    1 |    1.099    1.099 |        0.00
    2 |    1.099    1.099 |        0.00
    3 |    1.099    1.099 |        0.00
    4 |    1.099    1.099 |        0.00
    5 |    1.099    1.099 |        0.00
---------------------------------------
  mean tok_H=1.099 (lower=more decisive)  bar_H=1.099 (higher=more diverse)

========================================================================================
Retrieval energy |S_k·Q| (loop path) — content vs filler tokens
========================================================================================
layer |      c0      c1      c2 |      f0      f1      f2
---------------------------------------------------------
    0 |  2.1005  0.8620  0.3723 |  2.0929  0.8551  0.3624
    1 |  1.0153  0.4026  0.2165 |  0.9888  0.3474  0.1654
    2 |  0.6199  0.2592  0.1350 |  0.5575  0.2275  0.1135
    3 |  0.6956  0.3106  0.1656 |  0.6366  0.2822  0.1477
    4 |  0.5761  0.2366  0.1006 |  0.6027  0.2506  0.1037
    5 |  0.8173  0.3076  0.1386 |  0.8496  0.3058  0.1291

JSON saved to checkpoints_v11_recall_micro/control/eval/gates.json
  cfg from ckpt: vocab=50257 gate_content_aware=True routing_content_aware=False state_compete=False
[cache] Loaded WikiText-103 validation from .cache/v7_tokens/wikitext103_validation_v2_full_sl2048.pt (248,461 tokens)
Val chunks: 121
========================================================================================
PAM gate diagnosis  ckpt=checkpoints_v11_recall_micro/control/best_model.pt  tokens=2048  preset=v11_micro_10m
  p   = mean GSP write-protect prob (sigmoid(protect_gate)); high p => "do not write"
  gam = mean decay gamma (->1 keeps state, ->0 forgets fast)
  content = top 25% surprisal tokens, filler = bottom 25%
========================================================================================
layer |   p_all p_content  p_filler |  gam_all  dt_bias
-------------------------------------------------------
    0 |   0.058     0.158     0.041 |   0.9921   -3.988
    1 |   0.082     0.198     0.065 |   0.9876   -3.985
    2 |   0.088     0.197     0.072 |   0.9846   -3.986
    3 |   0.097     0.202     0.082 |   0.9839   -3.983
    4 |   0.103     0.207     0.087 |   0.9864   -3.990
    5 |   0.098     0.200     0.084 |   0.9835   -3.986
-------------------------------------------------------
  mean p across layers: 0.087  (init bias -3.0 => p~0.047; higher = model learned to protect)
  mean (p_content - p_filler): +0.122  (positive = protects content more than filler = healthy)

========================================================================================
Routing (alpha) — per-token entropy vs uniform ln(K), batch-mean diversity
  uniform ln(K=3) = 1.099
========================================================================================
layer |    tok_H    bar_H | mean_winner
---------------------------------------
    0 |    1.099    1.099 |        0.00
    1 |    1.099    1.099 |        0.00
    2 |    1.099    1.099 |        0.00
    3 |    1.099    1.099 |        0.00
    4 |    1.099    1.099 |        0.00
    5 |    1.099    1.099 |        0.00
---------------------------------------
  mean tok_H=1.099 (lower=more decisive)  bar_H=1.099 (higher=more diverse)

========================================================================================
Retrieval energy |S_k·Q| (loop path) — content vs filler tokens
========================================================================================
layer |      c0      c1      c2 |      f0      f1      f2
---------------------------------------------------------
    0 |  2.1005  0.8620  0.3723 |  2.0929  0.8551  0.3624
    1 |  1.0153  0.4026  0.2165 |  0.9888  0.3474  0.1654
    2 |  0.6199  0.2592  0.1350 |  0.5575  0.2275  0.1135
    3 |  0.6956  0.3106  0.1656 |  0.6366  0.2822  0.1477
    4 |  0.5761  0.2366  0.1006 |  0.6027  0.2506  0.1037
    5 |  0.8173  0.3076  0.1386 |  0.8496  0.3058  0.1291

JSON saved to checkpoints_v11_recall_micro/control/eval/gates.json
[2/3] behavioral recall ...
[2/3] behavioral recall ...
  scored 20/2160 examples
  scored 20/2160 examples
  scored 40/2160 examples
  scored 40/2160 examples
  scored 60/2160 examples
  scored 60/2160 examples
  scored 80/2160 examples
  scored 80/2160 examples
  scored 100/2160 examples
  scored 100/2160 examples
  scored 120/2160 examples
  scored 120/2160 examples
  scored 140/2160 examples
  scored 140/2160 examples
  scored 160/2160 examples
  scored 160/2160 examples
  scored 180/2160 examples
  scored 180/2160 examples
  scored 200/2160 examples
  scored 200/2160 examples
  scored 220/2160 examples
  scored 220/2160 examples
  scored 240/2160 examples
  scored 240/2160 examples
  scored 260/2160 examples
  scored 260/2160 examples
  scored 280/2160 examples
  scored 280/2160 examples
  scored 300/2160 examples
  scored 300/2160 examples
  scored 320/2160 examples
  scored 320/2160 examples
  scored 340/2160 examples
  scored 340/2160 examples
  scored 360/2160 examples
  scored 360/2160 examples
  scored 380/2160 examples
  scored 380/2160 examples
  scored 400/2160 examples
  scored 400/2160 examples
  scored 420/2160 examples
  scored 420/2160 examples
  scored 440/2160 examples
  scored 440/2160 examples
  scored 460/2160 examples
  scored 460/2160 examples
  scored 480/2160 examples
  scored 480/2160 examples
  scored 500/2160 examples
  scored 500/2160 examples
  scored 520/2160 examples
  scored 520/2160 examples
  scored 540/2160 examples
  scored 540/2160 examples
  scored 560/2160 examples
  scored 560/2160 examples
  scored 580/2160 examples
  scored 580/2160 examples
  scored 600/2160 examples
  scored 600/2160 examples
  scored 620/2160 examples
  scored 620/2160 examples
  scored 640/2160 examples
  scored 640/2160 examples
  scored 660/2160 examples
  scored 660/2160 examples
  scored 680/2160 examples
  scored 680/2160 examples
  scored 700/2160 examples
  scored 700/2160 examples
  scored 720/2160 examples
  scored 720/2160 examples
  scored 740/2160 examples
  scored 740/2160 examples
  scored 760/2160 examples
  scored 760/2160 examples
  scored 780/2160 examples
  scored 780/2160 examples
  scored 800/2160 examples
  scored 800/2160 examples
  scored 820/2160 examples
  scored 820/2160 examples
  scored 840/2160 examples
  scored 840/2160 examples
  scored 860/2160 examples
  scored 860/2160 examples
  scored 880/2160 examples
  scored 880/2160 examples
  scored 900/2160 examples
  scored 900/2160 examples
  scored 920/2160 examples
  scored 920/2160 examples
  scored 940/2160 examples
  scored 940/2160 examples
  scored 960/2160 examples
  scored 960/2160 examples
  scored 980/2160 examples
  scored 980/2160 examples
  scored 1000/2160 examples
  scored 1000/2160 examples
  scored 1020/2160 examples
  scored 1020/2160 examples
  scored 1040/2160 examples
  scored 1040/2160 examples
  scored 1060/2160 examples
  scored 1060/2160 examples
  scored 1080/2160 examples
  scored 1080/2160 examples
  scored 1100/2160 examples
  scored 1100/2160 examples
  scored 1120/2160 examples
  scored 1120/2160 examples
  scored 1140/2160 examples
  scored 1140/2160 examples
  scored 1160/2160 examples
  scored 1160/2160 examples
  scored 1180/2160 examples
  scored 1180/2160 examples
  scored 1200/2160 examples
  scored 1200/2160 examples
  scored 1220/2160 examples
  scored 1220/2160 examples
  scored 1240/2160 examples
  scored 1240/2160 examples
  scored 1260/2160 examples
  scored 1260/2160 examples
  scored 1280/2160 examples
  scored 1280/2160 examples
  scored 1300/2160 examples
  scored 1300/2160 examples
  scored 1320/2160 examples
  scored 1320/2160 examples
  scored 1340/2160 examples
  scored 1340/2160 examples
  scored 1360/2160 examples
  scored 1360/2160 examples
  scored 1380/2160 examples
  scored 1380/2160 examples
  scored 1400/2160 examples
  scored 1400/2160 examples
  scored 1420/2160 examples
  scored 1420/2160 examples
  scored 1440/2160 examples
  scored 1440/2160 examples
  scored 1460/2160 examples
  scored 1460/2160 examples
  scored 1480/2160 examples
  scored 1480/2160 examples
  scored 1500/2160 examples
  scored 1500/2160 examples
  scored 1520/2160 examples
  scored 1520/2160 examples
  scored 1540/2160 examples
  scored 1540/2160 examples
  scored 1560/2160 examples
  scored 1560/2160 examples
  scored 1580/2160 examples
  scored 1580/2160 examples
  scored 1600/2160 examples
  scored 1600/2160 examples
  scored 1620/2160 examples
  scored 1620/2160 examples
  scored 1640/2160 examples
  scored 1640/2160 examples
  scored 1660/2160 examples
  scored 1660/2160 examples
  scored 1680/2160 examples
  scored 1680/2160 examples
  scored 1700/2160 examples
  scored 1700/2160 examples
  scored 1720/2160 examples
  scored 1720/2160 examples
  scored 1740/2160 examples
  scored 1740/2160 examples
  scored 1760/2160 examples
  scored 1760/2160 examples
  scored 1780/2160 examples
  scored 1780/2160 examples
  scored 1800/2160 examples
  scored 1800/2160 examples
  scored 1820/2160 examples
  scored 1820/2160 examples
  scored 1840/2160 examples
  scored 1840/2160 examples
  scored 1860/2160 examples
  scored 1860/2160 examples
  scored 1880/2160 examples
  scored 1880/2160 examples
  scored 1900/2160 examples
  scored 1900/2160 examples
  scored 1920/2160 examples
  scored 1920/2160 examples
  scored 1940/2160 examples
  scored 1940/2160 examples
  scored 1960/2160 examples
  scored 1960/2160 examples
  scored 1980/2160 examples
  scored 1980/2160 examples
  scored 2000/2160 examples
  scored 2000/2160 examples
  scored 2020/2160 examples
  scored 2020/2160 examples
  scored 2040/2160 examples
  scored 2040/2160 examples
  scored 2060/2160 examples
  scored 2060/2160 examples
  scored 2080/2160 examples
  scored 2080/2160 examples
  scored 2100/2160 examples
  scored 2100/2160 examples
  scored 2120/2160 examples
  scored 2120/2160 examples
  scored 2140/2160 examples
  scored 2140/2160 examples
  scored 2160/2160 examples
  scored 2160/2160 examples
Results saved to checkpoints_v11_recall_micro/control/eval/v11_behavior.json
Results saved to checkpoints_v11_recall_micro/control/eval/v11_behavior.json
[3/3] verdict ...
[3/3] verdict ...
================================================================
RECALL-GATE VERDICT: control
================================================================
  params:                  11,122,794
  overall behavioral acc:  0.112
  single-assoc by context: 128:0.15, 512:0.17, 1024:0.17, 2048:0.17
  single@max_ctx(2048):     0.167  target>=0.9  FAIL
  gate p_content-p_filler: +0.122  |.|>=0.05  PASS
  mean protect / gamma:    0.087 / 0.986
  SHIP: NO
  verdict JSON -> checkpoints_v11_recall_micro/control/eval/verdict.json
================================================================
RECALL-GATE VERDICT: control
================================================================
  params:                  11,122,794
  overall behavioral acc:  0.112
  single-assoc by context: 128:0.15, 512:0.17, 1024:0.17, 2048:0.17
  single@max_ctx(2048):     0.167  target>=0.9  FAIL
  gate p_content-p_filler: +0.122  |.|>=0.05  PASS
  mean protect / gamma:    0.087 / 0.986
  SHIP: NO
  verdict JSON -> checkpoints_v11_recall_micro/control/eval/verdict.json
[eval-recall-gate] done -> checkpoints_v11_recall_micro/control/eval
[eval-recall-gate] done -> checkpoints_v11_recall_micro/control/eval
[micro] train delta preset=v11_micro_10m_delta budget=30000000
[micro] train delta preset=v11_micro_10m_delta budget=30000000
[Discord] Webhook configured -- notifications enabled
[Discord] Webhook configured -- notifications enabled
Token indices sequence length is longer than the specified maximum sequence length for this model (1054 > 1024). Running this sequence through the model will result in indexing errors
Token indices sequence length is longer than the specified maximum sequence length for this model (1054 > 1024). Running this sequence through the model will result in indexing errors
Wall clock start: 2026-07-16 08:36:33
============================================================
  V11: PAM with new memory dynamics
  Preset: v11_micro_10m_delta | Stage: pretrain | Dataset: pretrain_mix
============================================================

Config: {'vocab_size': 50261, 'dim': 96, 'n_heads': 3, 'head_dim': 32, 'n_layers': 6, 'expand': 3, 'dropout': 0.0, 'max_seq_len': 2048, 'use_learned_pos': False, 'use_rope': True, 'use_gsp': True, 'fused_qkv': True, 'qk_norm': False, 'tie_weights': True, 'gradient_checkpointing': False, 'activation': 'swish', 'chunk_size': 64, 'decay_mode': 'head', 'write_mode': 'delta', 'n_states': 1, 'delta_chunk': 32, 'state_dt_spread': 2.0, 'base_dt_bias': -4.0, 'gate_content_aware': True, 'protect_gate_bias': -3.0, 'routing_content_aware': False, 'state_compete': False, 'phase_init': 'zero', 'route_balance_lambda': 0.0, 'aux_loss_weight': 1.0, 'fused_e3': True, 'recompute_pam_chunks': False, 'gamma_floor': 0.0, 'gate_surprisal_lambda': 0.3, 'gate_surprisal_tau': 0.5, 'gate_surprisal_sign': 1.0, 'vault_state': False, 'vault_state_idx': 0, 'write_phase_address': False}
Memory dynamics: decay_mode=head, write_mode=delta, n_states=1, chunk_size=64
Batch size: 32, Epochs: 9999, LR: 0.0003
Token budget: 30,000,000

Loading pretrain_mix (seq_len=2048)...
Streaming pretrain blend: sources=['recall'] weights=[1.0] edu>=3 budget=30000000 vocab=50257 holdout_pct=5 exclude_holdout=True mix_seed=42 warmup=0 skips={'recall': 0}
[cache] Pretrain holdout val from .cache/v7_tokens/pretrain_holdout_v1_v50257_t500000_e3_p5.pt (500,000 tokens)
[cache] Loaded WikiText-103 validation from .cache/v7_tokens/wikitext103_validation_v2_full_sl2048.pt (248,461 tokens)
Val chunks: 121
Adjusting vocab_size: 50261 -> 50257 (tokenizer)
Val: in-distro holdout (8 batches), WikiText secondary (4 batches)
Train batches: streaming, Val batches: 8

Model parameters: {'embedding (tied)': 9649344, 'blocks': 1451028, 'norms': 192, 'lm_head': 18720, 'total': 11119284}
Total: 11,119,284 (11.1M)
Param groups: 82 tensors (11,114,112) with wd, 65 tensors (5,172) without
Compiling model (mode=default)...
  fused_ce: compiled _hidden_to_lm (logits never materialized)

Training on cuda
Parameters: {'embedding (tied)': 9649344, 'blocks': 1451028, 'norms': 192, 'lm_head': 18720, 'total': 11119284}
Total: 11,119,284 (11.1M)
Epochs: 1..9999, Batches/epoch: stream
Periodic checkpoint: every 1000 steps -> latest.pt


============================================================
Epoch 1/9999
============================================================
  [1] 0 loss=10.8337 ppl=50701.3 lr=1.50e-06 | 1461 tok/s (avg 1461) ETA n/a | GPU 0.2/14.1GB | gtok=65536
  [1] 50 loss=10.2490 ppl=28253.7 lr=7.65e-05 | 32128 tok/s (avg 22762) ETA n/a | GPU 0.2/14.2GB | gtok=3342336
  [1] 100 loss=8.4946 ppl=4888.1 lr=1.51e-04 | 31950 tok/s (avg 26540) ETA n/a | GPU 0.2/14.2GB | gtok=6619136
  [1] 150 loss=6.2678 ppl=527.3 lr=2.26e-04 | 31979 tok/s (avg 28124) ETA n/a | GPU 0.2/14.2GB | gtok=9895936
  [1] 200 loss=3.9243 ppl=50.6 lr=3.00e-04 | 31850 tok/s (avg 28967) ETA n/a | GPU 0.2/14.2GB | gtok=13172736
  [1] 250 loss=1.9497 ppl=7.0 lr=2.91e-04 | 31884 tok/s (avg 29505) ETA n/a | GPU 0.2/14.2GB | gtok=16449536
  [1] 300 loss=0.9468 ppl=2.6 lr=2.65e-04 | 31867 tok/s (avg 29873) ETA n/a | GPU 0.2/14.2GB | gtok=19726336
  [1] 350 loss=0.6242 ppl=1.9 lr=2.26e-04 | 31868 tok/s (avg 30141) ETA n/a | GPU 0.2/14.2GB | gtok=23003136
  [1] 400 loss=0.4399 ppl=1.6 lr=1.78e-04 | 31851 tok/s (avg 30345) ETA n/a | GPU 0.2/14.2GB | gtok=26279936
  [1] 450 loss=0.3866 ppl=1.5 lr=1.27e-04 | 31809 tok/s (avg 30500) ETA n/a | GPU 0.2/14.2GB | gtok=29556736
  Token budget reached: 30,001,152 / 30,000,000
Epoch 1/9999 | Train Loss: 4.2238 PPL: 68.29 | 29840 tok/s | Time: 1005.4s (30,001,152 tok) | Val Loss: 11.5880 PPL: 107795.69 Acc: 0.034 | Wiki PPL: 147822.17 *best*
Saved checkpoint: checkpoints_v11_recall_micro/delta/best_model.pt

Stopping: token budget 30,000,000 reached.
Saved checkpoint: checkpoints_v11_recall_micro/delta/final_model.pt

Training complete (token budget)!
Total wall time: 1020.5s (0.28h)
Best Val Loss: 11.5880, Best Val PPL: 107795.69

Wall clock end: 2026-07-16 08:54:17
Wall clock start: 2026-07-16 08:36:33
============================================================
  V11: PAM with new memory dynamics
  Preset: v11_micro_10m_delta | Stage: pretrain | Dataset: pretrain_mix
============================================================

Config: {'vocab_size': 50261, 'dim': 96, 'n_heads': 3, 'head_dim': 32, 'n_layers': 6, 'expand': 3, 'dropout': 0.0, 'max_seq_len': 2048, 'use_learned_pos': False, 'use_rope': True, 'use_gsp': True, 'fused_qkv': True, 'qk_norm': False, 'tie_weights': True, 'gradient_checkpointing': False, 'activation': 'swish', 'chunk_size': 64, 'decay_mode': 'head', 'write_mode': 'delta', 'n_states': 1, 'delta_chunk': 32, 'state_dt_spread': 2.0, 'base_dt_bias': -4.0, 'gate_content_aware': True, 'protect_gate_bias': -3.0, 'routing_content_aware': False, 'state_compete': False, 'phase_init': 'zero', 'route_balance_lambda': 0.0, 'aux_loss_weight': 1.0, 'fused_e3': True, 'recompute_pam_chunks': False, 'gamma_floor': 0.0, 'gate_surprisal_lambda': 0.3, 'gate_surprisal_tau': 0.5, 'gate_surprisal_sign': 1.0, 'vault_state': False, 'vault_state_idx': 0, 'write_phase_address': False}
Memory dynamics: decay_mode=head, write_mode=delta, n_states=1, chunk_size=64
Batch size: 32, Epochs: 9999, LR: 0.0003
Token budget: 30,000,000

Loading pretrain_mix (seq_len=2048)...
Streaming pretrain blend: sources=['recall'] weights=[1.0] edu>=3 budget=30000000 vocab=50257 holdout_pct=5 exclude_holdout=True mix_seed=42 warmup=0 skips={'recall': 0}
[cache] Pretrain holdout val from .cache/v7_tokens/pretrain_holdout_v1_v50257_t500000_e3_p5.pt (500,000 tokens)
[cache] Loaded WikiText-103 validation from .cache/v7_tokens/wikitext103_validation_v2_full_sl2048.pt (248,461 tokens)
Val chunks: 121
Adjusting vocab_size: 50261 -> 50257 (tokenizer)
Val: in-distro holdout (8 batches), WikiText secondary (4 batches)
Train batches: streaming, Val batches: 8

Model parameters: {'embedding (tied)': 9649344, 'blocks': 1451028, 'norms': 192, 'lm_head': 18720, 'total': 11119284}
Total: 11,119,284 (11.1M)
Param groups: 82 tensors (11,114,112) with wd, 65 tensors (5,172) without
Compiling model (mode=default)...
  fused_ce: compiled _hidden_to_lm (logits never materialized)

Training on cuda
Parameters: {'embedding (tied)': 9649344, 'blocks': 1451028, 'norms': 192, 'lm_head': 18720, 'total': 11119284}
Total: 11,119,284 (11.1M)
Epochs: 1..9999, Batches/epoch: stream
Periodic checkpoint: every 1000 steps -> latest.pt


============================================================
Epoch 1/9999
============================================================
  [1] 0 loss=10.8337 ppl=50701.3 lr=1.50e-06 | 1461 tok/s (avg 1461) ETA n/a | GPU 0.2/14.1GB | gtok=65536
  [1] 50 loss=10.2490 ppl=28253.7 lr=7.65e-05 | 32128 tok/s (avg 22762) ETA n/a | GPU 0.2/14.2GB | gtok=3342336
  [1] 100 loss=8.4946 ppl=4888.1 lr=1.51e-04 | 31950 tok/s (avg 26540) ETA n/a | GPU 0.2/14.2GB | gtok=6619136
  [1] 150 loss=6.2678 ppl=527.3 lr=2.26e-04 | 31979 tok/s (avg 28124) ETA n/a | GPU 0.2/14.2GB | gtok=9895936
  [1] 200 loss=3.9243 ppl=50.6 lr=3.00e-04 | 31850 tok/s (avg 28967) ETA n/a | GPU 0.2/14.2GB | gtok=13172736
  [1] 250 loss=1.9497 ppl=7.0 lr=2.91e-04 | 31884 tok/s (avg 29505) ETA n/a | GPU 0.2/14.2GB | gtok=16449536
  [1] 300 loss=0.9468 ppl=2.6 lr=2.65e-04 | 31867 tok/s (avg 29873) ETA n/a | GPU 0.2/14.2GB | gtok=19726336
  [1] 350 loss=0.6242 ppl=1.9 lr=2.26e-04 | 31868 tok/s (avg 30141) ETA n/a | GPU 0.2/14.2GB | gtok=23003136
  [1] 400 loss=0.4399 ppl=1.6 lr=1.78e-04 | 31851 tok/s (avg 30345) ETA n/a | GPU 0.2/14.2GB | gtok=26279936
  [1] 450 loss=0.3866 ppl=1.5 lr=1.27e-04 | 31809 tok/s (avg 30500) ETA n/a | GPU 0.2/14.2GB | gtok=29556736
  Token budget reached: 30,001,152 / 30,000,000
Epoch 1/9999 | Train Loss: 4.2238 PPL: 68.29 | 29840 tok/s | Time: 1005.4s (30,001,152 tok) | Val Loss: 11.5880 PPL: 107795.69 Acc: 0.034 | Wiki PPL: 147822.17 *best*
Saved checkpoint: checkpoints_v11_recall_micro/delta/best_model.pt

Stopping: token budget 30,000,000 reached.
Saved checkpoint: checkpoints_v11_recall_micro/delta/final_model.pt

Training complete (token budget)!
Total wall time: 1020.5s (0.28h)
Best Val Loss: 11.5880, Best Val PPL: 107795.69

Wall clock end: 2026-07-16 08:54:17
[micro] eval delta
[micro] eval delta
[eval-recall-gate] checkpoint=checkpoints_v11_recall_micro/delta/best_model.pt preset=v11_micro_10m_delta out=checkpoints_v11_recall_micro/delta/eval
[1/3] gate diagnostics ...
[eval-recall-gate] checkpoint=checkpoints_v11_recall_micro/delta/best_model.pt preset=v11_micro_10m_delta out=checkpoints_v11_recall_micro/delta/eval
[1/3] gate diagnostics ...
  cfg from ckpt: vocab=50257 gate_content_aware=True routing_content_aware=False state_compete=False
[cache] Loaded WikiText-103 validation from .cache/v7_tokens/wikitext103_validation_v2_full_sl2048.pt (248,461 tokens)
Val chunks: 121
========================================================================================
PAM gate diagnosis  ckpt=checkpoints_v11_recall_micro/delta/best_model.pt  tokens=2048  preset=v11_micro_10m_delta
  p   = mean GSP write-protect prob (sigmoid(protect_gate)); high p => "do not write"
  gam = mean decay gamma (->1 keeps state, ->0 forgets fast)
  content = top 25% surprisal tokens, filler = bottom 25%
========================================================================================
layer |   p_all p_content  p_filler |  gam_all  dt_bias
-------------------------------------------------------
    0 |   0.065     0.175     0.044 |   0.9917   -3.999
    1 |   0.066     0.174     0.046 |   0.9913   -4.000
    2 |   0.071     0.177     0.051 |   0.9918   -3.995
    3 |   0.074     0.185     0.053 |   0.9922   -3.996
    4 |   0.080     0.193     0.058 |   0.9914   -3.997
    5 |   0.083     0.197     0.062 |   0.9849   -4.011
-------------------------------------------------------
  mean p across layers: 0.073  (init bias -3.0 => p~0.047; higher = model learned to protect)
  mean (p_content - p_filler): +0.131  (positive = protects content more than filler = healthy)

JSON saved to checkpoints_v11_recall_micro/delta/eval/gates.json
  cfg from ckpt: vocab=50257 gate_content_aware=True routing_content_aware=False state_compete=False
[cache] Loaded WikiText-103 validation from .cache/v7_tokens/wikitext103_validation_v2_full_sl2048.pt (248,461 tokens)
Val chunks: 121
========================================================================================
PAM gate diagnosis  ckpt=checkpoints_v11_recall_micro/delta/best_model.pt  tokens=2048  preset=v11_micro_10m_delta
  p   = mean GSP write-protect prob (sigmoid(protect_gate)); high p => "do not write"
  gam = mean decay gamma (->1 keeps state, ->0 forgets fast)
  content = top 25% surprisal tokens, filler = bottom 25%
========================================================================================
layer |   p_all p_content  p_filler |  gam_all  dt_bias
-------------------------------------------------------
    0 |   0.065     0.175     0.044 |   0.9917   -3.999
    1 |   0.066     0.174     0.046 |   0.9913   -4.000
    2 |   0.071     0.177     0.051 |   0.9918   -3.995
    3 |   0.074     0.185     0.053 |   0.9922   -3.996
    4 |   0.080     0.193     0.058 |   0.9914   -3.997
    5 |   0.083     0.197     0.062 |   0.9849   -4.011
-------------------------------------------------------
  mean p across layers: 0.073  (init bias -3.0 => p~0.047; higher = model learned to protect)
  mean (p_content - p_filler): +0.131  (positive = protects content more than filler = healthy)

JSON saved to checkpoints_v11_recall_micro/delta/eval/gates.json
[2/3] behavioral recall ...
[2/3] behavioral recall ...
  scored 20/2160 examples
  scored 20/2160 examples
  scored 40/2160 examples
  scored 40/2160 examples
  scored 60/2160 examples
  scored 60/2160 examples
  scored 80/2160 examples
  scored 80/2160 examples
  scored 100/2160 examples
  scored 100/2160 examples
  scored 120/2160 examples
  scored 120/2160 examples
  scored 140/2160 examples
  scored 140/2160 examples
  scored 160/2160 examples
  scored 160/2160 examples
  scored 180/2160 examples
  scored 180/2160 examples
  scored 200/2160 examples
  scored 200/2160 examples
  scored 220/2160 examples
  scored 220/2160 examples
  scored 240/2160 examples
  scored 240/2160 examples
  scored 260/2160 examples
  scored 260/2160 examples
  scored 280/2160 examples
  scored 280/2160 examples
  scored 300/2160 examples
  scored 300/2160 examples
  scored 320/2160 examples
  scored 320/2160 examples
  scored 340/2160 examples
  scored 340/2160 examples
  scored 360/2160 examples
  scored 360/2160 examples
  scored 380/2160 examples
  scored 380/2160 examples
  scored 400/2160 examples
  scored 400/2160 examples
  scored 420/2160 examples
  scored 420/2160 examples
  scored 440/2160 examples
  scored 440/2160 examples
  scored 460/2160 examples
  scored 460/2160 examples
  scored 480/2160 examples
  scored 480/2160 examples
  scored 500/2160 examples
  scored 500/2160 examples
  scored 520/2160 examples
  scored 520/2160 examples
  scored 540/2160 examples
  scored 540/2160 examples
  scored 560/2160 examples
  scored 560/2160 examples
  scored 580/2160 examples
  scored 580/2160 examples
  scored 600/2160 examples
  scored 600/2160 examples
  scored 620/2160 examples
  scored 620/2160 examples
  scored 640/2160 examples
  scored 640/2160 examples
  scored 660/2160 examples
  scored 660/2160 examples
  scored 680/2160 examples
  scored 680/2160 examples
  scored 700/2160 examples
  scored 700/2160 examples
  scored 720/2160 examples
  scored 720/2160 examples
  scored 740/2160 examples
  scored 740/2160 examples
  scored 760/2160 examples
  scored 760/2160 examples
  scored 780/2160 examples
  scored 780/2160 examples
  scored 800/2160 examples
  scored 800/2160 examples
  scored 820/2160 examples
  scored 820/2160 examples
  scored 840/2160 examples
  scored 840/2160 examples
  scored 860/2160 examples
  scored 860/2160 examples
  scored 880/2160 examples
  scored 880/2160 examples
  scored 900/2160 examples
  scored 900/2160 examples
  scored 920/2160 examples
  scored 920/2160 examples
  scored 940/2160 examples
  scored 940/2160 examples
  scored 960/2160 examples
  scored 960/2160 examples
  scored 980/2160 examples
  scored 980/2160 examples
  scored 1000/2160 examples
  scored 1000/2160 examples
  scored 1020/2160 examples
  scored 1020/2160 examples
  scored 1040/2160 examples
  scored 1040/2160 examples
  scored 1060/2160 examples
  scored 1060/2160 examples
  scored 1080/2160 examples
  scored 1080/2160 examples
  scored 1100/2160 examples
  scored 1100/2160 examples
  scored 1120/2160 examples
  scored 1120/2160 examples
  scored 1140/2160 examples
  scored 1140/2160 examples
  scored 1160/2160 examples
  scored 1160/2160 examples
  scored 1180/2160 examples
  scored 1180/2160 examples
  scored 1200/2160 examples
  scored 1200/2160 examples
  scored 1220/2160 examples
  scored 1220/2160 examples
  scored 1240/2160 examples
  scored 1240/2160 examples
  scored 1260/2160 examples
  scored 1260/2160 examples
  scored 1280/2160 examples
  scored 1280/2160 examples
  scored 1300/2160 examples
  scored 1300/2160 examples
  scored 1320/2160 examples
  scored 1320/2160 examples
  scored 1340/2160 examples
  scored 1340/2160 examples
  scored 1360/2160 examples
  scored 1360/2160 examples
  scored 1380/2160 examples
  scored 1380/2160 examples
  scored 1400/2160 examples
  scored 1400/2160 examples
  scored 1420/2160 examples
  scored 1420/2160 examples
  scored 1440/2160 examples
  scored 1440/2160 examples
  scored 1460/2160 examples
  scored 1460/2160 examples
  scored 1480/2160 examples
  scored 1480/2160 examples
  scored 1500/2160 examples
  scored 1500/2160 examples
  scored 1520/2160 examples
  scored 1520/2160 examples
  scored 1540/2160 examples
  scored 1540/2160 examples
  scored 1560/2160 examples
  scored 1560/2160 examples
  scored 1580/2160 examples
  scored 1580/2160 examples
  scored 1600/2160 examples
  scored 1600/2160 examples
  scored 1620/2160 examples
  scored 1620/2160 examples
  scored 1640/2160 examples
  scored 1640/2160 examples
  scored 1660/2160 examples
  scored 1660/2160 examples
  scored 1680/2160 examples
  scored 1680/2160 examples
  scored 1700/2160 examples
  scored 1700/2160 examples
  scored 1720/2160 examples
  scored 1720/2160 examples
  scored 1740/2160 examples
  scored 1740/2160 examples
  scored 1760/2160 examples
  scored 1760/2160 examples
  scored 1780/2160 examples
  scored 1780/2160 examples
  scored 1800/2160 examples
  scored 1800/2160 examples
  scored 1820/2160 examples
  scored 1820/2160 examples
  scored 1840/2160 examples
  scored 1840/2160 examples
  scored 1860/2160 examples
  scored 1860/2160 examples
  scored 1880/2160 examples
  scored 1880/2160 examples
  scored 1900/2160 examples
  scored 1900/2160 examples
  scored 1920/2160 examples
  scored 1920/2160 examples
  scored 1940/2160 examples
  scored 1940/2160 examples
  scored 1960/2160 examples
  scored 1960/2160 examples
  scored 1980/2160 examples
  scored 1980/2160 examples
  scored 2000/2160 examples
  scored 2000/2160 examples
  scored 2020/2160 examples
  scored 2020/2160 examples
  scored 2040/2160 examples
  scored 2040/2160 examples
  scored 2060/2160 examples
  scored 2060/2160 examples
  scored 2080/2160 examples
  scored 2080/2160 examples
  scored 2100/2160 examples
  scored 2100/2160 examples
  scored 2120/2160 examples
  scored 2120/2160 examples
  scored 2140/2160 examples
  scored 2140/2160 examples
  scored 2160/2160 examples
  scored 2160/2160 examples
Results saved to checkpoints_v11_recall_micro/delta/eval/v11_behavior.json
Results saved to checkpoints_v11_recall_micro/delta/eval/v11_behavior.json
[3/3] verdict ...
[3/3] verdict ...
================================================================
RECALL-GATE VERDICT: delta
================================================================
  params:                  11,119,284
  overall behavioral acc:  0.089
  single-assoc by context: 128:0.10, 512:0.10, 1024:0.10, 2048:0.10
  single@max_ctx(2048):     0.100  target>=0.9  FAIL
  gate p_content-p_filler: +0.131  |.|>=0.05  PASS
  mean protect / gamma:    0.073 / 0.991
  SHIP: NO
  verdict JSON -> checkpoints_v11_recall_micro/delta/eval/verdict.json
================================================================
RECALL-GATE VERDICT: delta
================================================================
  params:                  11,119,284
  overall behavioral acc:  0.089
  single-assoc by context: 128:0.10, 512:0.10, 1024:0.10, 2048:0.10
  single@max_ctx(2048):     0.100  target>=0.9  FAIL
  gate p_content-p_filler: +0.131  |.|>=0.05  PASS
  mean protect / gamma:    0.073 / 0.991
  SHIP: NO
  verdict JSON -> checkpoints_v11_recall_micro/delta/eval/verdict.json
[eval-recall-gate] done -> checkpoints_v11_recall_micro/delta/eval
[eval-recall-gate] done -> checkpoints_v11_recall_micro/delta/eval
[micro] train vault preset=v11_micro_10m_vault budget=30000000
[micro] train vault preset=v11_micro_10m_vault budget=30000000
[Discord] Webhook configured -- notifications enabled
[Discord] Webhook configured -- notifications enabled
Token indices sequence length is longer than the specified maximum sequence length for this model (1054 > 1024). Running this sequence through the model will result in indexing errors
Token indices sequence length is longer than the specified maximum sequence length for this model (1054 > 1024). Running this sequence through the model will result in indexing errors
scripts/run_recall_micro_capacity.sh: line 56: 2905729 Killed                     uv run python -m v11.train --preset "$preset" --stage pretrain --dataset pretrain_mix --seq_len "$SEQ_LEN" --batch_size "$BATCH_SIZE" --epochs 9999 --chunk_size 64 --token_budget "$TOKEN_BUDGET" --pretrain_sources recall --pretrain_weights 1 --fineweb_name sample-10BT --blend_warmup_tokens 0 --seed 42 --lr 3e-4 --warmup_steps 200 --amp_dtype auto --num_workers 0 --gen_every 0 --save_every_steps 1000 --no_grad_ckpt --compile --compile_mode default --fused_ce --fused_ce_chunk 4096 --gate_surprisal_lambda 0.3 --gate_surprisal_tau 0.5 --gate_surprisal_sign 1.0 --log_dir "$log_dir" --checkpoint_dir "$ckpt_dir"
scripts/run_recall_micro_capacity.sh: line 56: 2905729 Killed                     uv run python -m v11.train --preset "$preset" --stage pretrain --dataset pretrain_mix --seq_len "$SEQ_LEN" --batch_size "$BATCH_SIZE" --epochs 9999 --chunk_size 64 --token_budget "$TOKEN_BUDGET" --pretrain_sources recall --pretrain_weights 1 --fineweb_name sample-10BT --blend_warmup_tokens 0 --seed 42 --lr 3e-4 --warmup_steps 200 --amp_dtype auto --num_workers 0 --gen_every 0 --save_every_steps 1000 --no_grad_ckpt --compile --compile_mode default --fused_ce --fused_ce_chunk 4096 --gate_surprisal_lambda 0.3 --gate_surprisal_tau 0.5 --gate_surprisal_sign 1.0 --log_dir "$log_dir" --checkpoint_dir "$ckpt_dir"
[micro] FAIL vault: no checkpoint
[micro] FAIL vault: no checkpoint
[micro] train phase preset=v11_micro_10m_phase budget=30000000
[micro] train phase preset=v11_micro_10m_phase budget=30000000
[Discord] Webhook configured -- notifications enabled
[Discord] Webhook configured -- notifications enabled
Token indices sequence length is longer than the specified maximum sequence length for this model (1054 > 1024). Running this sequence through the model will result in indexing errors
Token indices sequence length is longer than the specified maximum sequence length for this model (1054 > 1024). Running this sequence through the model will result in indexing errors
[2026-07-16T09:12:40Z] STAGE6 PIPELINE START
[2026-07-16T09:12:40Z] STAGE6 PIPELINE START
[2026-07-16T09:12:40Z] START micro-capacity
[2026-07-16T09:12:40Z] START micro-capacity
[micro] skip control (verdict exists)
[micro] skip control (verdict exists)
[micro] skip delta (verdict exists)
[micro] skip delta (verdict exists)
[micro] train vault preset=v11_micro_10m_vault budget=30000000
[micro] train vault preset=v11_micro_10m_vault budget=30000000
[Discord] Webhook configured -- notifications enabled
[Discord] Webhook configured -- notifications enabled
Token indices sequence length is longer than the specified maximum sequence length for this model (1054 > 1024). Running this sequence through the model will result in indexing errors
Token indices sequence length is longer than the specified maximum sequence length for this model (1054 > 1024). Running this sequence through the model will result in indexing errors
Wall clock start: 2026-07-16 09:12:41
============================================================
  V11: PAM with new memory dynamics
  Preset: v11_micro_10m_vault | Stage: pretrain | Dataset: pretrain_mix
============================================================

Config: {'vocab_size': 50261, 'dim': 96, 'n_heads': 3, 'head_dim': 32, 'n_layers': 6, 'expand': 3, 'dropout': 0.0, 'max_seq_len': 2048, 'use_learned_pos': False, 'use_rope': True, 'use_gsp': True, 'fused_qkv': True, 'qk_norm': False, 'tie_weights': True, 'gradient_checkpointing': False, 'activation': 'swish', 'chunk_size': 64, 'decay_mode': 'head', 'write_mode': 'additive', 'n_states': 3, 'delta_chunk': 64, 'state_dt_spread': 2.0, 'base_dt_bias': -4.0, 'gate_content_aware': True, 'protect_gate_bias': -3.0, 'routing_content_aware': False, 'state_compete': False, 'phase_init': 'zero', 'route_balance_lambda': 0.0, 'aux_loss_weight': 1.0, 'fused_e3': True, 'recompute_pam_chunks': False, 'gamma_floor': 0.0, 'gate_surprisal_lambda': 0.3, 'gate_surprisal_tau': 0.5, 'gate_surprisal_sign': 1.0, 'vault_state': True, 'vault_state_idx': 0, 'write_phase_address': False}
Memory dynamics: decay_mode=head, write_mode=additive, n_states=3, chunk_size=64
Batch size: 32, Epochs: 9999, LR: 0.0003
Token budget: 30,000,000

Loading pretrain_mix (seq_len=2048)...
Streaming pretrain blend: sources=['recall'] weights=[1.0] edu>=3 budget=30000000 vocab=50257 holdout_pct=5 exclude_holdout=True mix_seed=42 warmup=0 skips={'recall': 0}
[cache] Pretrain holdout val from .cache/v7_tokens/pretrain_holdout_v1_v50257_t500000_e3_p5.pt (500,000 tokens)
[cache] Loaded WikiText-103 validation from .cache/v7_tokens/wikitext103_validation_v2_full_sl2048.pt (248,461 tokens)
Val chunks: 121
Adjusting vocab_size: 50261 -> 50257 (tokenizer)
Val: in-distro holdout (8 batches), WikiText secondary (4 batches)
Train batches: streaming, Val batches: 8

Model parameters: {'embedding (tied)': 9649344, 'blocks': 1454538, 'norms': 192, 'lm_head': 18720, 'total': 11122794}
Total: 11,122,794 (11.1M)
Param groups: 82 tensors (11,117,568) with wd, 71 tensors (5,226) without
Compiling model (mode=default)...
  fused_ce: compiled _hidden_to_lm (logits never materialized)

Training on cuda
Parameters: {'embedding (tied)': 9649344, 'blocks': 1454538, 'norms': 192, 'lm_head': 18720, 'total': 11122794}
Total: 11,122,794 (11.1M)
Epochs: 1..9999, Batches/epoch: stream
Periodic checkpoint: every 1000 steps -> latest.pt


============================================================
Epoch 1/9999
============================================================
  [1] 0 loss=10.8328 ppl=50654.4 lr=1.50e-06 | 98 tok/s (avg 98) ETA n/a | GPU 0.2/9.8GB | gtok=65536
  [1] 50 loss=10.2138 ppl=27275.9 lr=7.65e-05 | 167346 tok/s (avg 4855) ETA n/a | GPU 0.2/9.9GB | gtok=3342336
  [1] 100 loss=8.4225 ppl=4548.3 lr=1.51e-04 | 120712 tok/s (avg 9249) ETA n/a | GPU 0.2/9.9GB | gtok=6619136
  [1] 150 loss=6.5414 ppl=693.3 lr=2.26e-04 | 165593 tok/s (avg 13456) ETA n/a | GPU 0.2/9.9GB | gtok=9895936
  [1] 200 loss=4.2022 ppl=66.8 lr=3.00e-04 | 165511 tok/s (avg 17442) ETA n/a | GPU 0.2/9.9GB | gtok=13172736
  [1] 250 loss=2.1861 ppl=8.9 lr=2.91e-04 | 165571 tok/s (avg 21225) ETA n/a | GPU 0.2/9.9GB | gtok=16449536
  [1] 300 loss=1.1523 ppl=3.2 lr=2.65e-04 | 166246 tok/s (avg 24822) ETA n/a | GPU 0.2/9.9GB | gtok=19726336
  [1] 350 loss=0.7754 ppl=2.2 lr=2.26e-04 | 166632 tok/s (avg 28246) ETA n/a | GPU 0.2/9.9GB | gtok=23003136
  [1] 400 loss=0.5683 ppl=1.8 lr=1.78e-04 | 166753 tok/s (avg 31509) ETA n/a | GPU 0.2/9.9GB | gtok=26279936
  [1] 450 loss=0.4777 ppl=1.6 lr=1.27e-04 | 166845 tok/s (avg 34623) ETA n/a | GPU 0.2/9.9GB | gtok=29556736
  Token budget reached: 30,001,152 / 30,000,000
Epoch 1/9999 | Train Loss: 4.3628 PPL: 78.47 | 15859 tok/s | Time: 1891.7s (30,001,152 tok) | Val Loss: 11.3082 PPL: 81491.09 Acc: 0.009 | Wiki PPL: 114147.56 *best*
Saved checkpoint: checkpoints_v11_recall_micro/vault/best_model.pt

Stopping: token budget 30,000,000 reached.
Saved checkpoint: checkpoints_v11_recall_micro/vault/final_model.pt

Training complete (token budget)!
Total wall time: 2353.7s (0.65h)
Best Val Loss: 11.3082, Best Val PPL: 81491.09

Wall clock end: 2026-07-16 09:52:00
Wall clock start: 2026-07-16 09:12:41
============================================================
  V11: PAM with new memory dynamics
  Preset: v11_micro_10m_vault | Stage: pretrain | Dataset: pretrain_mix
============================================================

Config: {'vocab_size': 50261, 'dim': 96, 'n_heads': 3, 'head_dim': 32, 'n_layers': 6, 'expand': 3, 'dropout': 0.0, 'max_seq_len': 2048, 'use_learned_pos': False, 'use_rope': True, 'use_gsp': True, 'fused_qkv': True, 'qk_norm': False, 'tie_weights': True, 'gradient_checkpointing': False, 'activation': 'swish', 'chunk_size': 64, 'decay_mode': 'head', 'write_mode': 'additive', 'n_states': 3, 'delta_chunk': 64, 'state_dt_spread': 2.0, 'base_dt_bias': -4.0, 'gate_content_aware': True, 'protect_gate_bias': -3.0, 'routing_content_aware': False, 'state_compete': False, 'phase_init': 'zero', 'route_balance_lambda': 0.0, 'aux_loss_weight': 1.0, 'fused_e3': True, 'recompute_pam_chunks': False, 'gamma_floor': 0.0, 'gate_surprisal_lambda': 0.3, 'gate_surprisal_tau': 0.5, 'gate_surprisal_sign': 1.0, 'vault_state': True, 'vault_state_idx': 0, 'write_phase_address': False}
Memory dynamics: decay_mode=head, write_mode=additive, n_states=3, chunk_size=64
Batch size: 32, Epochs: 9999, LR: 0.0003
Token budget: 30,000,000

Loading pretrain_mix (seq_len=2048)...
Streaming pretrain blend: sources=['recall'] weights=[1.0] edu>=3 budget=30000000 vocab=50257 holdout_pct=5 exclude_holdout=True mix_seed=42 warmup=0 skips={'recall': 0}
[cache] Pretrain holdout val from .cache/v7_tokens/pretrain_holdout_v1_v50257_t500000_e3_p5.pt (500,000 tokens)
[cache] Loaded WikiText-103 validation from .cache/v7_tokens/wikitext103_validation_v2_full_sl2048.pt (248,461 tokens)
Val chunks: 121
Adjusting vocab_size: 50261 -> 50257 (tokenizer)
Val: in-distro holdout (8 batches), WikiText secondary (4 batches)
Train batches: streaming, Val batches: 8

Model parameters: {'embedding (tied)': 9649344, 'blocks': 1454538, 'norms': 192, 'lm_head': 18720, 'total': 11122794}
Total: 11,122,794 (11.1M)
Param groups: 82 tensors (11,117,568) with wd, 71 tensors (5,226) without
Compiling model (mode=default)...
  fused_ce: compiled _hidden_to_lm (logits never materialized)

Training on cuda
Parameters: {'embedding (tied)': 9649344, 'blocks': 1454538, 'norms': 192, 'lm_head': 18720, 'total': 11122794}
Total: 11,122,794 (11.1M)
Epochs: 1..9999, Batches/epoch: stream
Periodic checkpoint: every 1000 steps -> latest.pt


============================================================
Epoch 1/9999
============================================================
  [1] 0 loss=10.8328 ppl=50654.4 lr=1.50e-06 | 98 tok/s (avg 98) ETA n/a | GPU 0.2/9.8GB | gtok=65536
  [1] 50 loss=10.2138 ppl=27275.9 lr=7.65e-05 | 167346 tok/s (avg 4855) ETA n/a | GPU 0.2/9.9GB | gtok=3342336
  [1] 100 loss=8.4225 ppl=4548.3 lr=1.51e-04 | 120712 tok/s (avg 9249) ETA n/a | GPU 0.2/9.9GB | gtok=6619136
  [1] 150 loss=6.5414 ppl=693.3 lr=2.26e-04 | 165593 tok/s (avg 13456) ETA n/a | GPU 0.2/9.9GB | gtok=9895936
  [1] 200 loss=4.2022 ppl=66.8 lr=3.00e-04 | 165511 tok/s (avg 17442) ETA n/a | GPU 0.2/9.9GB | gtok=13172736
  [1] 250 loss=2.1861 ppl=8.9 lr=2.91e-04 | 165571 tok/s (avg 21225) ETA n/a | GPU 0.2/9.9GB | gtok=16449536
  [1] 300 loss=1.1523 ppl=3.2 lr=2.65e-04 | 166246 tok/s (avg 24822) ETA n/a | GPU 0.2/9.9GB | gtok=19726336
  [1] 350 loss=0.7754 ppl=2.2 lr=2.26e-04 | 166632 tok/s (avg 28246) ETA n/a | GPU 0.2/9.9GB | gtok=23003136
  [1] 400 loss=0.5683 ppl=1.8 lr=1.78e-04 | 166753 tok/s (avg 31509) ETA n/a | GPU 0.2/9.9GB | gtok=26279936
  [1] 450 loss=0.4777 ppl=1.6 lr=1.27e-04 | 166845 tok/s (avg 34623) ETA n/a | GPU 0.2/9.9GB | gtok=29556736
  Token budget reached: 30,001,152 / 30,000,000
Epoch 1/9999 | Train Loss: 4.3628 PPL: 78.47 | 15859 tok/s | Time: 1891.7s (30,001,152 tok) | Val Loss: 11.3082 PPL: 81491.09 Acc: 0.009 | Wiki PPL: 114147.56 *best*
Saved checkpoint: checkpoints_v11_recall_micro/vault/best_model.pt

Stopping: token budget 30,000,000 reached.
Saved checkpoint: checkpoints_v11_recall_micro/vault/final_model.pt

Training complete (token budget)!
Total wall time: 2353.7s (0.65h)
Best Val Loss: 11.3082, Best Val PPL: 81491.09

Wall clock end: 2026-07-16 09:52:00
[micro] eval vault
[micro] eval vault
[eval-recall-gate] checkpoint=checkpoints_v11_recall_micro/vault/best_model.pt preset=v11_micro_10m_vault out=checkpoints_v11_recall_micro/vault/eval
[1/3] gate diagnostics ...
[eval-recall-gate] checkpoint=checkpoints_v11_recall_micro/vault/best_model.pt preset=v11_micro_10m_vault out=checkpoints_v11_recall_micro/vault/eval
[1/3] gate diagnostics ...
  cfg from ckpt: vocab=50257 gate_content_aware=True routing_content_aware=False state_compete=False
[cache] Loaded WikiText-103 validation from .cache/v7_tokens/wikitext103_validation_v2_full_sl2048.pt (248,461 tokens)
Val chunks: 121
========================================================================================
PAM gate diagnosis  ckpt=checkpoints_v11_recall_micro/vault/best_model.pt  tokens=2048  preset=v11_micro_10m_vault
  p   = mean GSP write-protect prob (sigmoid(protect_gate)); high p => "do not write"
  gam = mean decay gamma (->1 keeps state, ->0 forgets fast)
  content = top 25% surprisal tokens, filler = bottom 25%
========================================================================================
layer |   p_all p_content  p_filler |  gam_all  dt_bias
-------------------------------------------------------
    0 |   0.054     0.115     0.047 |   0.9831   -4.007
    1 |   0.058     0.117     0.052 |   0.9828   -4.005
    2 |   0.065     0.124     0.058 |   0.9843   -4.001
    3 |   0.071     0.128     0.064 |   0.9871   -4.003
    4 |   0.084     0.136     0.077 |   0.9899   -3.996
    5 |   0.080     0.133     0.072 |   0.9881   -4.006
-------------------------------------------------------
  mean p across layers: 0.069  (init bias -3.0 => p~0.047; higher = model learned to protect)
  mean (p_content - p_filler): +0.064  (positive = protects content more than filler = healthy)

========================================================================================
Routing (alpha) — per-token entropy vs uniform ln(K), batch-mean diversity
  uniform ln(K=3) = 1.099
========================================================================================
layer |    tok_H    bar_H | mean_winner
---------------------------------------
    0 |    1.099    1.099 |        0.00
    1 |    1.099    1.099 |        0.00
    2 |    1.099    1.099 |        0.00
    3 |    1.099    1.099 |        0.00
    4 |    1.099    1.099 |        0.00
    5 |    1.099    1.099 |        0.00
---------------------------------------
  mean tok_H=1.099 (lower=more decisive)  bar_H=1.099 (higher=more diverse)

========================================================================================
Retrieval energy |S_k·Q| (loop path) — content vs filler tokens
========================================================================================
layer |      c0      c1      c2 |      f0      f1      f2
---------------------------------------------------------
    0 |  1.2968  0.5666  0.2160 |  1.2571  0.5690  0.2138
    1 |  0.7349  0.3315  0.1416 |  0.6554  0.2996  0.1247
    2 |  0.5227  0.2464  0.1260 |  0.4755  0.2316  0.1173
    3 |  0.6472  0.2743  0.1260 |  0.6069  0.2658  0.1199
    4 |  0.7372  0.2652  0.1031 |  0.6782  0.2576  0.1006
    5 |  0.5473  0.1850  0.0612 |  0.5070  0.1827  0.0614

JSON saved to checkpoints_v11_recall_micro/vault/eval/gates.json
  cfg from ckpt: vocab=50257 gate_content_aware=True routing_content_aware=False state_compete=False
[cache] Loaded WikiText-103 validation from .cache/v7_tokens/wikitext103_validation_v2_full_sl2048.pt (248,461 tokens)
Val chunks: 121
========================================================================================
PAM gate diagnosis  ckpt=checkpoints_v11_recall_micro/vault/best_model.pt  tokens=2048  preset=v11_micro_10m_vault
  p   = mean GSP write-protect prob (sigmoid(protect_gate)); high p => "do not write"
  gam = mean decay gamma (->1 keeps state, ->0 forgets fast)
  content = top 25% surprisal tokens, filler = bottom 25%
========================================================================================
layer |   p_all p_content  p_filler |  gam_all  dt_bias
-------------------------------------------------------
    0 |   0.054     0.115     0.047 |   0.9831   -4.007
    1 |   0.058     0.117     0.052 |   0.9828   -4.005
    2 |   0.065     0.124     0.058 |   0.9843   -4.001
    3 |   0.071     0.128     0.064 |   0.9871   -4.003
    4 |   0.084     0.136     0.077 |   0.9899   -3.996
    5 |   0.080     0.133     0.072 |   0.9881   -4.006
-------------------------------------------------------
  mean p across layers: 0.069  (init bias -3.0 => p~0.047; higher = model learned to protect)
  mean (p_content - p_filler): +0.064  (positive = protects content more than filler = healthy)

========================================================================================
Routing (alpha) — per-token entropy vs uniform ln(K), batch-mean diversity
  uniform ln(K=3) = 1.099
========================================================================================
layer |    tok_H    bar_H | mean_winner
---------------------------------------
    0 |    1.099    1.099 |        0.00
    1 |    1.099    1.099 |        0.00
    2 |    1.099    1.099 |        0.00
    3 |    1.099    1.099 |        0.00
    4 |    1.099    1.099 |        0.00
    5 |    1.099    1.099 |        0.00
---------------------------------------
  mean tok_H=1.099 (lower=more decisive)  bar_H=1.099 (higher=more diverse)

========================================================================================
Retrieval energy |S_k·Q| (loop path) — content vs filler tokens
========================================================================================
layer |      c0      c1      c2 |      f0      f1      f2
---------------------------------------------------------
    0 |  1.2968  0.5666  0.2160 |  1.2571  0.5690  0.2138
    1 |  0.7349  0.3315  0.1416 |  0.6554  0.2996  0.1247
    2 |  0.5227  0.2464  0.1260 |  0.4755  0.2316  0.1173
    3 |  0.6472  0.2743  0.1260 |  0.6069  0.2658  0.1199
    4 |  0.7372  0.2652  0.1031 |  0.6782  0.2576  0.1006
    5 |  0.5473  0.1850  0.0612 |  0.5070  0.1827  0.0614

JSON saved to checkpoints_v11_recall_micro/vault/eval/gates.json
[2/3] behavioral recall ...
[2/3] behavioral recall ...
  scored 20/2160 examples
  scored 20/2160 examples
  scored 40/2160 examples
  scored 40/2160 examples
  scored 60/2160 examples
  scored 60/2160 examples
  scored 80/2160 examples
  scored 80/2160 examples
  scored 100/2160 examples
  scored 100/2160 examples
  scored 120/2160 examples
  scored 120/2160 examples
  scored 140/2160 examples
  scored 140/2160 examples
  scored 160/2160 examples
  scored 160/2160 examples
  scored 180/2160 examples
  scored 180/2160 examples
  scored 200/2160 examples
  scored 200/2160 examples
  scored 220/2160 examples
  scored 220/2160 examples
  scored 240/2160 examples
  scored 240/2160 examples
  scored 260/2160 examples
  scored 260/2160 examples
  scored 280/2160 examples
  scored 280/2160 examples
  scored 300/2160 examples
  scored 300/2160 examples
  scored 320/2160 examples
  scored 320/2160 examples
  scored 340/2160 examples
  scored 340/2160 examples
  scored 360/2160 examples
  scored 360/2160 examples
  scored 380/2160 examples
  scored 380/2160 examples
  scored 400/2160 examples
  scored 400/2160 examples
  scored 420/2160 examples
  scored 420/2160 examples
  scored 440/2160 examples
  scored 440/2160 examples
  scored 460/2160 examples
  scored 460/2160 examples
  scored 480/2160 examples
  scored 480/2160 examples
  scored 500/2160 examples
  scored 500/2160 examples
  scored 520/2160 examples
  scored 520/2160 examples
  scored 540/2160 examples
  scored 540/2160 examples
  scored 560/2160 examples
  scored 560/2160 examples
  scored 580/2160 examples
  scored 580/2160 examples
  scored 600/2160 examples
  scored 600/2160 examples
  scored 620/2160 examples
  scored 620/2160 examples
  scored 640/2160 examples
  scored 640/2160 examples
  scored 660/2160 examples
  scored 660/2160 examples
  scored 680/2160 examples
  scored 680/2160 examples
  scored 700/2160 examples
  scored 700/2160 examples
  scored 720/2160 examples
  scored 720/2160 examples
  scored 740/2160 examples
  scored 740/2160 examples
  scored 760/2160 examples
  scored 760/2160 examples
  scored 780/2160 examples
  scored 780/2160 examples
  scored 800/2160 examples
  scored 800/2160 examples
  scored 820/2160 examples
  scored 820/2160 examples
  scored 840/2160 examples
  scored 840/2160 examples
  scored 860/2160 examples
  scored 860/2160 examples
  scored 880/2160 examples
  scored 880/2160 examples
  scored 900/2160 examples
  scored 900/2160 examples
  scored 920/2160 examples
  scored 920/2160 examples
  scored 940/2160 examples
  scored 940/2160 examples
  scored 960/2160 examples
  scored 960/2160 examples
  scored 980/2160 examples
  scored 980/2160 examples
  scored 1000/2160 examples
  scored 1000/2160 examples
  scored 1020/2160 examples
  scored 1020/2160 examples
  scored 1040/2160 examples
  scored 1040/2160 examples
  scored 1060/2160 examples
  scored 1060/2160 examples
  scored 1080/2160 examples
  scored 1080/2160 examples
  scored 1100/2160 examples
  scored 1100/2160 examples
  scored 1120/2160 examples
  scored 1120/2160 examples
  scored 1140/2160 examples
  scored 1140/2160 examples
  scored 1160/2160 examples
  scored 1160/2160 examples
  scored 1180/2160 examples
  scored 1180/2160 examples
  scored 1200/2160 examples
  scored 1200/2160 examples
  scored 1220/2160 examples
  scored 1220/2160 examples
  scored 1240/2160 examples
  scored 1240/2160 examples
  scored 1260/2160 examples
  scored 1260/2160 examples
  scored 1280/2160 examples
  scored 1280/2160 examples
  scored 1300/2160 examples
  scored 1300/2160 examples
  scored 1320/2160 examples
  scored 1320/2160 examples
  scored 1340/2160 examples
  scored 1340/2160 examples
  scored 1360/2160 examples
  scored 1360/2160 examples
  scored 1380/2160 examples
  scored 1380/2160 examples
  scored 1400/2160 examples
  scored 1400/2160 examples
  scored 1420/2160 examples
  scored 1420/2160 examples
  scored 1440/2160 examples
  scored 1440/2160 examples
  scored 1460/2160 examples
  scored 1460/2160 examples
  scored 1480/2160 examples
  scored 1480/2160 examples
  scored 1500/2160 examples
  scored 1500/2160 examples
  scored 1520/2160 examples
  scored 1520/2160 examples
  scored 1540/2160 examples
  scored 1540/2160 examples
  scored 1560/2160 examples
  scored 1560/2160 examples
  scored 1580/2160 examples
  scored 1580/2160 examples
  scored 1600/2160 examples
  scored 1600/2160 examples
  scored 1620/2160 examples
  scored 1620/2160 examples
  scored 1640/2160 examples
  scored 1640/2160 examples
  scored 1660/2160 examples
  scored 1660/2160 examples
  scored 1680/2160 examples
  scored 1680/2160 examples
  scored 1700/2160 examples
  scored 1700/2160 examples
  scored 1720/2160 examples
  scored 1720/2160 examples
  scored 1740/2160 examples
  scored 1740/2160 examples
  scored 1760/2160 examples
  scored 1760/2160 examples
  scored 1780/2160 examples
  scored 1780/2160 examples
  scored 1800/2160 examples
  scored 1800/2160 examples
  scored 1820/2160 examples
  scored 1820/2160 examples
  scored 1840/2160 examples
  scored 1840/2160 examples
  scored 1860/2160 examples
  scored 1860/2160 examples
  scored 1880/2160 examples
  scored 1880/2160 examples
  scored 1900/2160 examples
  scored 1900/2160 examples
  scored 1920/2160 examples
  scored 1920/2160 examples
  scored 1940/2160 examples
  scored 1940/2160 examples
  scored 1960/2160 examples
  scored 1960/2160 examples
  scored 1980/2160 examples
  scored 1980/2160 examples
  scored 2000/2160 examples
  scored 2000/2160 examples
  scored 2020/2160 examples
  scored 2020/2160 examples
  scored 2040/2160 examples
  scored 2040/2160 examples
  scored 2060/2160 examples
  scored 2060/2160 examples
  scored 2080/2160 examples
  scored 2080/2160 examples
  scored 2100/2160 examples
  scored 2100/2160 examples
  scored 2120/2160 examples
  scored 2120/2160 examples
  scored 2140/2160 examples
  scored 2140/2160 examples
  scored 2160/2160 examples
  scored 2160/2160 examples
Results saved to checkpoints_v11_recall_micro/vault/eval/v11_behavior.json
Results saved to checkpoints_v11_recall_micro/vault/eval/v11_behavior.json
[3/3] verdict ...
[3/3] verdict ...
================================================================
RECALL-GATE VERDICT: vault
================================================================
  params:                  11,122,794
  overall behavioral acc:  0.107
  single-assoc by context: 128:0.15, 512:0.16, 1024:0.16, 2048:0.16
  single@max_ctx(2048):     0.161  target>=0.9  FAIL
  gate p_content-p_filler: +0.064  |.|>=0.05  PASS
  mean protect / gamma:    0.069 / 0.986
  SHIP: NO
  verdict JSON -> checkpoints_v11_recall_micro/vault/eval/verdict.json
================================================================
RECALL-GATE VERDICT: vault
================================================================
  params:                  11,122,794
  overall behavioral acc:  0.107
  single-assoc by context: 128:0.15, 512:0.16, 1024:0.16, 2048:0.16
  single@max_ctx(2048):     0.161  target>=0.9  FAIL
  gate p_content-p_filler: +0.064  |.|>=0.05  PASS
  mean protect / gamma:    0.069 / 0.986
  SHIP: NO
  verdict JSON -> checkpoints_v11_recall_micro/vault/eval/verdict.json
[eval-recall-gate] done -> checkpoints_v11_recall_micro/vault/eval
[eval-recall-gate] done -> checkpoints_v11_recall_micro/vault/eval
[micro] train phase preset=v11_micro_10m_phase budget=30000000
[micro] train phase preset=v11_micro_10m_phase budget=30000000
[Discord] Webhook configured -- notifications enabled
[Discord] Webhook configured -- notifications enabled
Token indices sequence length is longer than the specified maximum sequence length for this model (1054 > 1024). Running this sequence through the model will result in indexing errors
Token indices sequence length is longer than the specified maximum sequence length for this model (1054 > 1024). Running this sequence through the model will result in indexing errors
Wall clock start: 2026-07-16 09:55:04
============================================================
  V11: PAM with new memory dynamics
  Preset: v11_micro_10m_phase | Stage: pretrain | Dataset: pretrain_mix
============================================================

Config: {'vocab_size': 50261, 'dim': 96, 'n_heads': 3, 'head_dim': 32, 'n_layers': 6, 'expand': 3, 'dropout': 0.0, 'max_seq_len': 2048, 'use_learned_pos': False, 'use_rope': True, 'use_gsp': True, 'fused_qkv': True, 'qk_norm': False, 'tie_weights': True, 'gradient_checkpointing': False, 'activation': 'swish', 'chunk_size': 64, 'decay_mode': 'head', 'write_mode': 'additive', 'n_states': 3, 'delta_chunk': 64, 'state_dt_spread': 2.0, 'base_dt_bias': -4.0, 'gate_content_aware': True, 'protect_gate_bias': -3.0, 'routing_content_aware': False, 'state_compete': False, 'phase_init': 'zero', 'route_balance_lambda': 0.0, 'aux_loss_weight': 1.0, 'fused_e3': True, 'recompute_pam_chunks': False, 'gamma_floor': 0.0, 'gate_surprisal_lambda': 0.3, 'gate_surprisal_tau': 0.5, 'gate_surprisal_sign': 1.0, 'vault_state': False, 'vault_state_idx': 0, 'write_phase_address': True}
Memory dynamics: decay_mode=head, write_mode=additive, n_states=3, chunk_size=64
Batch size: 32, Epochs: 9999, LR: 0.0003
Token budget: 30,000,000

Loading pretrain_mix (seq_len=2048)...
Streaming pretrain blend: sources=['recall'] weights=[1.0] edu>=3 budget=30000000 vocab=50257 holdout_pct=5 exclude_holdout=True mix_seed=42 warmup=0 skips={'recall': 0}
[cache] Pretrain holdout val from .cache/v7_tokens/pretrain_holdout_v1_v50257_t500000_e3_p5.pt (500,000 tokens)
[cache] Loaded WikiText-103 validation from .cache/v7_tokens/wikitext103_validation_v2_full_sl2048.pt (248,461 tokens)
Val chunks: 121
Adjusting vocab_size: 50261 -> 50257 (tokenizer)
Val: in-distro holdout (8 batches), WikiText secondary (4 batches)
Train batches: streaming, Val batches: 8

Model parameters: {'embedding (tied)': 9649344, 'blocks': 1454736, 'norms': 192, 'lm_head': 18720, 'total': 11122992}
Total: 11,122,992 (11.1M)
Param groups: 88 tensors (11,117,760) with wd, 77 tensors (5,232) without
Compiling model (mode=default)...
  fused_ce: compiled _hidden_to_lm (logits never materialized)

Training on cuda
Parameters: {'embedding (tied)': 9649344, 'blocks': 1454736, 'norms': 192, 'lm_head': 18720, 'total': 11122992}
Total: 11,122,992 (11.1M)
Epochs: 1..9999, Batches/epoch: stream
Periodic checkpoint: every 1000 steps -> latest.pt


============================================================
Epoch 1/9999
============================================================
  [1] 0 loss=10.8198 ppl=50000.9 lr=1.50e-06 | 98 tok/s (avg 98) ETA n/a | GPU 0.2/10.7GB | gtok=65536
  [1] 50 loss=10.2208 ppl=27468.4 lr=7.65e-05 | 162114 tok/s (avg 4875) ETA n/a | GPU 0.2/10.8GB | gtok=3342336
  [1] 100 loss=8.4406 ppl=4631.3 lr=1.51e-04 | 162144 tok/s (avg 9379) ETA n/a | GPU 0.2/10.8GB | gtok=6619136
  [1] 150 loss=6.5305 ppl=685.8 lr=2.26e-04 | 99245 tok/s (avg 13395) ETA n/a | GPU 0.2/10.8GB | gtok=9895936
  [1] 200 loss=4.2914 ppl=73.1 lr=3.00e-04 | 161039 tok/s (avg 17352) ETA n/a | GPU 0.2/10.8GB | gtok=13172736
  [1] 250 loss=2.2277 ppl=9.3 lr=2.91e-04 | 161518 tok/s (avg 21105) ETA n/a | GPU 0.2/10.8GB | gtok=16449536
  [1] 300 loss=1.2124 ppl=3.4 lr=2.65e-04 | 161881 tok/s (avg 24668) ETA n/a | GPU 0.2/10.8GB | gtok=19726336
  [1] 350 loss=0.7873 ppl=2.2 lr=2.26e-04 | 162157 tok/s (avg 28057) ETA n/a | GPU 0.2/10.8GB | gtok=23003136
  [1] 400 loss=0.5369 ppl=1.7 lr=1.78e-04 | 162383 tok/s (avg 31284) ETA n/a | GPU 0.2/10.8GB | gtok=26279936
  [1] 450 loss=0.4485 ppl=1.6 lr=1.27e-04 | 162564 tok/s (avg 34360) ETA n/a | GPU 0.2/10.8GB | gtok=29556736
  Token budget reached: 30,001,152 / 30,000,000
Epoch 1/9999 | Train Loss: 4.3714 PPL: 79.16 | 15853 tok/s | Time: 1892.4s (30,001,152 tok) | Val Loss: 11.1736 PPL: 71223.27 Acc: 0.009 | Wiki PPL: 98155.44 *best*
Saved checkpoint: checkpoints_v11_recall_micro/phase/best_model.pt

Stopping: token budget 30,000,000 reached.
Saved checkpoint: checkpoints_v11_recall_micro/phase/final_model.pt

Training complete (token budget)!
Total wall time: 2363.9s (0.66h)
Best Val Loss: 11.1736, Best Val PPL: 71223.27

Wall clock end: 2026-07-16 10:34:33
Wall clock start: 2026-07-16 09:55:04
============================================================
  V11: PAM with new memory dynamics
  Preset: v11_micro_10m_phase | Stage: pretrain | Dataset: pretrain_mix
============================================================

Config: {'vocab_size': 50261, 'dim': 96, 'n_heads': 3, 'head_dim': 32, 'n_layers': 6, 'expand': 3, 'dropout': 0.0, 'max_seq_len': 2048, 'use_learned_pos': False, 'use_rope': True, 'use_gsp': True, 'fused_qkv': True, 'qk_norm': False, 'tie_weights': True, 'gradient_checkpointing': False, 'activation': 'swish', 'chunk_size': 64, 'decay_mode': 'head', 'write_mode': 'additive', 'n_states': 3, 'delta_chunk': 64, 'state_dt_spread': 2.0, 'base_dt_bias': -4.0, 'gate_content_aware': True, 'protect_gate_bias': -3.0, 'routing_content_aware': False, 'state_compete': False, 'phase_init': 'zero', 'route_balance_lambda': 0.0, 'aux_loss_weight': 1.0, 'fused_e3': True, 'recompute_pam_chunks': False, 'gamma_floor': 0.0, 'gate_surprisal_lambda': 0.3, 'gate_surprisal_tau': 0.5, 'gate_surprisal_sign': 1.0, 'vault_state': False, 'vault_state_idx': 0, 'write_phase_address': True}
Memory dynamics: decay_mode=head, write_mode=additive, n_states=3, chunk_size=64
Batch size: 32, Epochs: 9999, LR: 0.0003
Token budget: 30,000,000

Loading pretrain_mix (seq_len=2048)...
Streaming pretrain blend: sources=['recall'] weights=[1.0] edu>=3 budget=30000000 vocab=50257 holdout_pct=5 exclude_holdout=True mix_seed=42 warmup=0 skips={'recall': 0}
[cache] Pretrain holdout val from .cache/v7_tokens/pretrain_holdout_v1_v50257_t500000_e3_p5.pt (500,000 tokens)
[cache] Loaded WikiText-103 validation from .cache/v7_tokens/wikitext103_validation_v2_full_sl2048.pt (248,461 tokens)
Val chunks: 121
Adjusting vocab_size: 50261 -> 50257 (tokenizer)
Val: in-distro holdout (8 batches), WikiText secondary (4 batches)
Train batches: streaming, Val batches: 8

Model parameters: {'embedding (tied)': 9649344, 'blocks': 1454736, 'norms': 192, 'lm_head': 18720, 'total': 11122992}
Total: 11,122,992 (11.1M)
Param groups: 88 tensors (11,117,760) with wd, 77 tensors (5,232) without
Compiling model (mode=default)...
  fused_ce: compiled _hidden_to_lm (logits never materialized)

Training on cuda
Parameters: {'embedding (tied)': 9649344, 'blocks': 1454736, 'norms': 192, 'lm_head': 18720, 'total': 11122992}
Total: 11,122,992 (11.1M)
Epochs: 1..9999, Batches/epoch: stream
Periodic checkpoint: every 1000 steps -> latest.pt


============================================================
Epoch 1/9999
============================================================
  [1] 0 loss=10.8198 ppl=50000.9 lr=1.50e-06 | 98 tok/s (avg 98) ETA n/a | GPU 0.2/10.7GB | gtok=65536
  [1] 50 loss=10.2208 ppl=27468.4 lr=7.65e-05 | 162114 tok/s (avg 4875) ETA n/a | GPU 0.2/10.8GB | gtok=3342336
  [1] 100 loss=8.4406 ppl=4631.3 lr=1.51e-04 | 162144 tok/s (avg 9379) ETA n/a | GPU 0.2/10.8GB | gtok=6619136
  [1] 150 loss=6.5305 ppl=685.8 lr=2.26e-04 | 99245 tok/s (avg 13395) ETA n/a | GPU 0.2/10.8GB | gtok=9895936
  [1] 200 loss=4.2914 ppl=73.1 lr=3.00e-04 | 161039 tok/s (avg 17352) ETA n/a | GPU 0.2/10.8GB | gtok=13172736
  [1] 250 loss=2.2277 ppl=9.3 lr=2.91e-04 | 161518 tok/s (avg 21105) ETA n/a | GPU 0.2/10.8GB | gtok=16449536
  [1] 300 loss=1.2124 ppl=3.4 lr=2.65e-04 | 161881 tok/s (avg 24668) ETA n/a | GPU 0.2/10.8GB | gtok=19726336
  [1] 350 loss=0.7873 ppl=2.2 lr=2.26e-04 | 162157 tok/s (avg 28057) ETA n/a | GPU 0.2/10.8GB | gtok=23003136
  [1] 400 loss=0.5369 ppl=1.7 lr=1.78e-04 | 162383 tok/s (avg 31284) ETA n/a | GPU 0.2/10.8GB | gtok=26279936
  [1] 450 loss=0.4485 ppl=1.6 lr=1.27e-04 | 162564 tok/s (avg 34360) ETA n/a | GPU 0.2/10.8GB | gtok=29556736
  Token budget reached: 30,001,152 / 30,000,000
Epoch 1/9999 | Train Loss: 4.3714 PPL: 79.16 | 15853 tok/s | Time: 1892.4s (30,001,152 tok) | Val Loss: 11.1736 PPL: 71223.27 Acc: 0.009 | Wiki PPL: 98155.44 *best*
Saved checkpoint: checkpoints_v11_recall_micro/phase/best_model.pt

Stopping: token budget 30,000,000 reached.
Saved checkpoint: checkpoints_v11_recall_micro/phase/final_model.pt

Training complete (token budget)!
Total wall time: 2363.9s (0.66h)
Best Val Loss: 11.1736, Best Val PPL: 71223.27

Wall clock end: 2026-07-16 10:34:33
[micro] eval phase
[micro] eval phase
[eval-recall-gate] checkpoint=checkpoints_v11_recall_micro/phase/best_model.pt preset=v11_micro_10m_phase out=checkpoints_v11_recall_micro/phase/eval
[1/3] gate diagnostics ...
[eval-recall-gate] checkpoint=checkpoints_v11_recall_micro/phase/best_model.pt preset=v11_micro_10m_phase out=checkpoints_v11_recall_micro/phase/eval
[1/3] gate diagnostics ...
  cfg from ckpt: vocab=50257 gate_content_aware=True routing_content_aware=False state_compete=False
[cache] Loaded WikiText-103 validation from .cache/v7_tokens/wikitext103_validation_v2_full_sl2048.pt (248,461 tokens)
Val chunks: 121
========================================================================================
PAM gate diagnosis  ckpt=checkpoints_v11_recall_micro/phase/best_model.pt  tokens=2048  preset=v11_micro_10m_phase
  p   = mean GSP write-protect prob (sigmoid(protect_gate)); high p => "do not write"
  gam = mean decay gamma (->1 keeps state, ->0 forgets fast)
  content = top 25% surprisal tokens, filler = bottom 25%
========================================================================================
layer |   p_all p_content  p_filler |  gam_all  dt_bias
-------------------------------------------------------
    0 |   0.058     0.121     0.052 |   0.9905   -3.989
    1 |   0.068     0.134     0.062 |   0.9892   -3.991
    2 |   0.080     0.143     0.076 |   0.9867   -3.985
    3 |   0.083     0.148     0.078 |   0.9839   -3.985
    4 |   0.092     0.159     0.089 |   0.9816   -3.983
    5 |   0.088     0.155     0.085 |   0.9824   -3.983
-------------------------------------------------------
  mean p across layers: 0.078  (init bias -3.0 => p~0.047; higher = model learned to protect)
  mean (p_content - p_filler): +0.070  (positive = protects content more than filler = healthy)

========================================================================================
Routing (alpha) — per-token entropy vs uniform ln(K), batch-mean diversity
  uniform ln(K=3) = 1.099
========================================================================================
layer |    tok_H    bar_H | mean_winner
---------------------------------------
    0 |    1.099    1.099 |        0.00
    1 |    1.099    1.099 |        0.00
    2 |    1.099    1.099 |        0.00
    3 |    1.099    1.099 |        0.00
    4 |    1.099    1.099 |        0.00
    5 |    1.099    1.099 |        0.00
---------------------------------------
  mean tok_H=1.099 (lower=more decisive)  bar_H=1.099 (higher=more diverse)

========================================================================================
Retrieval energy |S_k·Q| (loop path) — content vs filler tokens
========================================================================================
layer |      c0      c1      c2 |      f0      f1      f2
---------------------------------------------------------
    0 |  1.2472  0.5115  0.2209 |  1.1919  0.4639  0.2065
    1 |  0.6050  0.2713  0.1118 |  0.5732  0.2482  0.1021
    2 |  0.7181  0.2611  0.0990 |  0.7324  0.2509  0.0893
    3 |  0.8783  0.2921  0.1141 |  0.9409  0.2987  0.1163
    4 |  0.8354  0.2610  0.0817 |  0.8915  0.2678  0.0828
    5 |  0.7551  0.2047  0.0670 |  0.7811  0.1976  0.0634

JSON saved to checkpoints_v11_recall_micro/phase/eval/gates.json
  cfg from ckpt: vocab=50257 gate_content_aware=True routing_content_aware=False state_compete=False
[cache] Loaded WikiText-103 validation from .cache/v7_tokens/wikitext103_validation_v2_full_sl2048.pt (248,461 tokens)
Val chunks: 121
========================================================================================
PAM gate diagnosis  ckpt=checkpoints_v11_recall_micro/phase/best_model.pt  tokens=2048  preset=v11_micro_10m_phase
  p   = mean GSP write-protect prob (sigmoid(protect_gate)); high p => "do not write"
  gam = mean decay gamma (->1 keeps state, ->0 forgets fast)
  content = top 25% surprisal tokens, filler = bottom 25%
========================================================================================
layer |   p_all p_content  p_filler |  gam_all  dt_bias
-------------------------------------------------------
    0 |   0.058     0.121     0.052 |   0.9905   -3.989
    1 |   0.068     0.134     0.062 |   0.9892   -3.991
    2 |   0.080     0.143     0.076 |   0.9867   -3.985
    3 |   0.083     0.148     0.078 |   0.9839   -3.985
    4 |   0.092     0.159     0.089 |   0.9816   -3.983
    5 |   0.088     0.155     0.085 |   0.9824   -3.983
-------------------------------------------------------
  mean p across layers: 0.078  (init bias -3.0 => p~0.047; higher = model learned to protect)
  mean (p_content - p_filler): +0.070  (positive = protects content more than filler = healthy)

========================================================================================
Routing (alpha) — per-token entropy vs uniform ln(K), batch-mean diversity
  uniform ln(K=3) = 1.099
========================================================================================
layer |    tok_H    bar_H | mean_winner
---------------------------------------
    0 |    1.099    1.099 |        0.00
    1 |    1.099    1.099 |        0.00
    2 |    1.099    1.099 |        0.00
    3 |    1.099    1.099 |        0.00
    4 |    1.099    1.099 |        0.00
    5 |    1.099    1.099 |        0.00
---------------------------------------
  mean tok_H=1.099 (lower=more decisive)  bar_H=1.099 (higher=more diverse)

========================================================================================
Retrieval energy |S_k·Q| (loop path) — content vs filler tokens
========================================================================================
layer |      c0      c1      c2 |      f0      f1      f2
---------------------------------------------------------
    0 |  1.2472  0.5115  0.2209 |  1.1919  0.4639  0.2065
    1 |  0.6050  0.2713  0.1118 |  0.5732  0.2482  0.1021
    2 |  0.7181  0.2611  0.0990 |  0.7324  0.2509  0.0893
    3 |  0.8783  0.2921  0.1141 |  0.9409  0.2987  0.1163
    4 |  0.8354  0.2610  0.0817 |  0.8915  0.2678  0.0828
    5 |  0.7551  0.2047  0.0670 |  0.7811  0.1976  0.0634

JSON saved to checkpoints_v11_recall_micro/phase/eval/gates.json
[2/3] behavioral recall ...
[2/3] behavioral recall ...
  scored 20/2160 examples
  scored 20/2160 examples
  scored 40/2160 examples
  scored 40/2160 examples
  scored 60/2160 examples
  scored 60/2160 examples
  scored 80/2160 examples
  scored 80/2160 examples
  scored 100/2160 examples
  scored 100/2160 examples
  scored 120/2160 examples
  scored 120/2160 examples
  scored 140/2160 examples
  scored 140/2160 examples
  scored 160/2160 examples
  scored 160/2160 examples
  scored 180/2160 examples
  scored 180/2160 examples
  scored 200/2160 examples
  scored 200/2160 examples
  scored 220/2160 examples
  scored 220/2160 examples
  scored 240/2160 examples
  scored 240/2160 examples
  scored 260/2160 examples
  scored 260/2160 examples
  scored 280/2160 examples
  scored 280/2160 examples
  scored 300/2160 examples
  scored 300/2160 examples
  scored 320/2160 examples
  scored 320/2160 examples
  scored 340/2160 examples
  scored 340/2160 examples
  scored 360/2160 examples
  scored 360/2160 examples
  scored 380/2160 examples
  scored 380/2160 examples
  scored 400/2160 examples
  scored 400/2160 examples
  scored 420/2160 examples
  scored 420/2160 examples
  scored 440/2160 examples
  scored 440/2160 examples
  scored 460/2160 examples
  scored 460/2160 examples
  scored 480/2160 examples
  scored 480/2160 examples
  scored 500/2160 examples
  scored 500/2160 examples
  scored 520/2160 examples
  scored 520/2160 examples
  scored 540/2160 examples
  scored 540/2160 examples
  scored 560/2160 examples
  scored 560/2160 examples
  scored 580/2160 examples
  scored 580/2160 examples
  scored 600/2160 examples
  scored 600/2160 examples
  scored 620/2160 examples
  scored 620/2160 examples
  scored 640/2160 examples
  scored 640/2160 examples
  scored 660/2160 examples
  scored 660/2160 examples
  scored 680/2160 examples
  scored 680/2160 examples
  scored 700/2160 examples
  scored 700/2160 examples
  scored 720/2160 examples
  scored 720/2160 examples
  scored 740/2160 examples
  scored 740/2160 examples
  scored 760/2160 examples
  scored 760/2160 examples
  scored 780/2160 examples
  scored 780/2160 examples
  scored 800/2160 examples
  scored 800/2160 examples
  scored 820/2160 examples
  scored 820/2160 examples
  scored 840/2160 examples
  scored 840/2160 examples
  scored 860/2160 examples
  scored 860/2160 examples
  scored 880/2160 examples
  scored 880/2160 examples
  scored 900/2160 examples
  scored 900/2160 examples
  scored 920/2160 examples
  scored 920/2160 examples
  scored 940/2160 examples
  scored 940/2160 examples
  scored 960/2160 examples
  scored 960/2160 examples
  scored 980/2160 examples
  scored 980/2160 examples
  scored 1000/2160 examples
  scored 1000/2160 examples
  scored 1020/2160 examples
  scored 1020/2160 examples
  scored 1040/2160 examples
  scored 1040/2160 examples
  scored 1060/2160 examples
  scored 1060/2160 examples
  scored 1080/2160 examples
  scored 1080/2160 examples
  scored 1100/2160 examples
  scored 1100/2160 examples
  scored 1120/2160 examples
  scored 1120/2160 examples
  scored 1140/2160 examples
  scored 1140/2160 examples
  scored 1160/2160 examples
  scored 1160/2160 examples
  scored 1180/2160 examples
  scored 1180/2160 examples
  scored 1200/2160 examples
  scored 1200/2160 examples
  scored 1220/2160 examples
  scored 1220/2160 examples
  scored 1240/2160 examples
  scored 1240/2160 examples
  scored 1260/2160 examples
  scored 1260/2160 examples
  scored 1280/2160 examples
  scored 1280/2160 examples
  scored 1300/2160 examples
  scored 1300/2160 examples
  scored 1320/2160 examples
  scored 1320/2160 examples
  scored 1340/2160 examples
  scored 1340/2160 examples
  scored 1360/2160 examples
  scored 1360/2160 examples
  scored 1380/2160 examples
  scored 1380/2160 examples
  scored 1400/2160 examples
  scored 1400/2160 examples
  scored 1420/2160 examples
  scored 1420/2160 examples
  scored 1440/2160 examples
  scored 1440/2160 examples
  scored 1460/2160 examples
  scored 1460/2160 examples
  scored 1480/2160 examples
  scored 1480/2160 examples
  scored 1500/2160 examples
  scored 1500/2160 examples
  scored 1520/2160 examples
  scored 1520/2160 examples
  scored 1540/2160 examples
  scored 1540/2160 examples
  scored 1560/2160 examples
  scored 1560/2160 examples
  scored 1580/2160 examples
  scored 1580/2160 examples
  scored 1600/2160 examples
  scored 1600/2160 examples
  scored 1620/2160 examples
  scored 1620/2160 examples
  scored 1640/2160 examples
  scored 1640/2160 examples
  scored 1660/2160 examples
  scored 1660/2160 examples
  scored 1680/2160 examples
  scored 1680/2160 examples
  scored 1700/2160 examples
  scored 1700/2160 examples
  scored 1720/2160 examples
  scored 1720/2160 examples
  scored 1740/2160 examples
  scored 1740/2160 examples
  scored 1760/2160 examples
  scored 1760/2160 examples
  scored 1780/2160 examples
  scored 1780/2160 examples
  scored 1800/2160 examples
  scored 1800/2160 examples
  scored 1820/2160 examples
  scored 1820/2160 examples
  scored 1840/2160 examples
  scored 1840/2160 examples
  scored 1860/2160 examples
  scored 1860/2160 examples
  scored 1880/2160 examples
  scored 1880/2160 examples
  scored 1900/2160 examples
  scored 1900/2160 examples
  scored 1920/2160 examples
  scored 1920/2160 examples
  scored 1940/2160 examples
  scored 1940/2160 examples
  scored 1960/2160 examples
  scored 1960/2160 examples
  scored 1980/2160 examples
  scored 1980/2160 examples
  scored 2000/2160 examples
  scored 2000/2160 examples
  scored 2020/2160 examples
  scored 2020/2160 examples
  scored 2040/2160 examples
  scored 2040/2160 examples
  scored 2060/2160 examples
  scored 2060/2160 examples
  scored 2080/2160 examples
  scored 2080/2160 examples
  scored 2100/2160 examples
  scored 2100/2160 examples
  scored 2120/2160 examples
  scored 2120/2160 examples
  scored 2140/2160 examples
  scored 2140/2160 examples
  scored 2160/2160 examples
  scored 2160/2160 examples
Results saved to checkpoints_v11_recall_micro/phase/eval/v11_behavior.json
Results saved to checkpoints_v11_recall_micro/phase/eval/v11_behavior.json
[3/3] verdict ...
[3/3] verdict ...
================================================================
RECALL-GATE VERDICT: phase
================================================================
  params:                  11,122,992
  overall behavioral acc:  0.135
  single-assoc by context: 128:0.09, 512:0.11, 1024:0.09, 2048:0.10
  single@max_ctx(2048):     0.100  target>=0.9  FAIL
  gate p_content-p_filler: +0.070  |.|>=0.05  PASS
  mean protect / gamma:    0.078 / 0.986
  SHIP: NO
  verdict JSON -> checkpoints_v11_recall_micro/phase/eval/verdict.json
================================================================
RECALL-GATE VERDICT: phase
================================================================
  params:                  11,122,992
  overall behavioral acc:  0.135
  single-assoc by context: 128:0.09, 512:0.11, 1024:0.09, 2048:0.10
  single@max_ctx(2048):     0.100  target>=0.9  FAIL
  gate p_content-p_filler: +0.070  |.|>=0.05  PASS
  mean protect / gamma:    0.078 / 0.986
  SHIP: NO
  verdict JSON -> checkpoints_v11_recall_micro/phase/eval/verdict.json
[eval-recall-gate] done -> checkpoints_v11_recall_micro/phase/eval
[eval-recall-gate] done -> checkpoints_v11_recall_micro/phase/eval
[micro] train tiny_mamba
[micro] train tiny_mamba
Traceback (most recent call last):
  File "/home/ubuntu/Development/qllm-private/scripts/train_matched_baseline.py", line 218, in <module>
Traceback (most recent call last):
  File "/home/ubuntu/Development/qllm-private/scripts/train_matched_baseline.py", line 218, in <module>
    raise SystemExit(main())
  File "/home/ubuntu/Development/qllm-private/scripts/train_matched_baseline.py", line 101, in main
    raise SystemExit(main())
  File "/home/ubuntu/Development/qllm-private/scripts/train_matched_baseline.py", line 101, in main
    from v7.data import load_pretrain_mix
ModuleNotFoundError: No module named 'v7'
    from v7.data import load_pretrain_mix
ModuleNotFoundError: No module named 'v7'
{
  "arms": [
    {
      "arm": "control",
      "recall_at_2048": 0.16666666666666666,
      "multi8_at_min": 0.11666666666666665,
      "gate": 0.12191127116481464,
      "ship": false
    },
    {
      "arm": "delta",
      "recall_at_2048": 0.10000000000000002,
      "multi8_at_min": 0.11666666666666665,
      "gate": 0.1311507591356834,
      "ship": false
    },
    {
      "arm": "phase",
      "recall_at_2048": 0.10000000000000002,
      "multi8_at_min": 0.16666666666666666,
      "gate": 0.06960135884582996,
      "ship": false
    },
    {
      "arm": "tiny_mamba"
    },
    {
      "arm": "vault",
      "recall_at_2048": 0.1611111111111111,
      "multi8_at_min": 0.11666666666666665,
      "gate": 0.0636658575385809,
      "ship": false
    }
  ]
}
{
  "arms": [
    {
      "arm": "control",
      "recall_at_2048": 0.16666666666666666,
      "multi8_at_min": 0.11666666666666665,
      "gate": 0.12191127116481464,
      "ship": false
    },
    {
      "arm": "delta",
      "recall_at_2048": 0.10000000000000002,
      "multi8_at_min": 0.11666666666666665,
      "gate": 0.1311507591356834,
      "ship": false
    },
    {
      "arm": "phase",
      "recall_at_2048": 0.10000000000000002,
      "multi8_at_min": 0.16666666666666666,
      "gate": 0.06960135884582996,
      "ship": false
    },
    {
      "arm": "tiny_mamba"
    },
    {
      "arm": "vault",
      "recall_at_2048": 0.1611111111111111,
      "multi8_at_min": 0.11666666666666665,
      "gate": 0.0636658575385809,
      "ship": false
    }
  ]
}
[micro] done
[micro] done
[2026-07-16T10:37:49Z] DONE micro-capacity
[2026-07-16T10:37:49Z] DONE micro-capacity
[2026-07-16T10:37:49Z] START stage6 arms
[2026-07-16T10:37:49Z] START stage6 arms
[stage6] train control extra=[] budget=300000000
[stage6] train control extra=[] budget=300000000
[Discord] Webhook configured -- notifications enabled
[Discord] Webhook configured -- notifications enabled
Token indices sequence length is longer than the specified maximum sequence length for this model (3479 > 1024). Running this sequence through the model will result in indexing errors
Token indices sequence length is longer than the specified maximum sequence length for this model (3479 > 1024). Running this sequence through the model will result in indexing errors
Wall clock start: 2026-07-16 10:37:50
============================================================
  V11: PAM with new memory dynamics
  Preset: v11_e3_k3_chat | Stage: pretrain | Dataset: pretrain_mix
============================================================

Config: {'vocab_size': 50261, 'dim': 384, 'n_heads': 6, 'head_dim': 64, 'n_layers': 16, 'expand': 3, 'dropout': 0.1, 'max_seq_len': 2048, 'use_learned_pos': False, 'use_rope': True, 'use_gsp': True, 'fused_qkv': True, 'qk_norm': False, 'tie_weights': True, 'gradient_checkpointing': False, 'activation': 'swish', 'chunk_size': 256, 'decay_mode': 'head', 'write_mode': 'additive', 'n_states': 3, 'delta_chunk': 64, 'state_dt_spread': 2.0, 'base_dt_bias': -4.0, 'gate_content_aware': True, 'protect_gate_bias': -3.0, 'routing_content_aware': True, 'state_compete': True, 'phase_init': 'zero', 'route_balance_lambda': 0.01, 'aux_loss_weight': 1.0, 'fused_e3': True, 'recompute_pam_chunks': False, 'gamma_floor': 0.0, 'gate_surprisal_lambda': 0.3, 'gate_surprisal_tau': 0.5, 'gate_surprisal_sign': 1.0, 'vault_state': False, 'vault_state_idx': 0, 'write_phase_address': False}
Memory dynamics: decay_mode=head, write_mode=additive, n_states=3, chunk_size=256
Batch size: 16, Epochs: 9999, LR: 0.0001
Token budget: 300,000,000

Loading pretrain_mix (seq_len=2048)...
Streaming pretrain blend: sources=['fineweb', 'recall'] weights=[93.0, 3.0] edu>=3 budget=300000000 vocab=50261 holdout_pct=5 exclude_holdout=True mix_seed=42 warmup=0 skips={'fineweb': 0, 'recall': 0}
[cache] Pretrain holdout val from .cache/v7_tokens/pretrain_holdout_v1_v50261_t500000_e3_p5.pt (500,000 tokens)
[cache] Loaded WikiText-103 validation from .cache/v7_tokens/wikitext103_validation_v2_full_sl2048.pt (248,461 tokens)
Val chunks: 121
Val: in-distro holdout (16 batches), WikiText secondary (8 batches)
Train batches: streaming, Val batches: 16

Model parameters: {'embedding (tied)': 38600448, 'blocks': 61981616, 'norms': 768, 'lm_head': 296064, 'total': 100878896}
Total: 100,878,896 (100.9M)
Param groups: 228 tensors (100,826,880) with wd, 197 tensors (52,016) without
Compiling model (mode=default)...
  fused_ce: compiled _hidden_to_lm (logits never materialized)

Training on cuda
Parameters: {'embedding (tied)': 38600448, 'blocks': 61981616, 'norms': 768, 'lm_head': 296064, 'total': 100878896}
Total: 100,878,896 (100.9M)
Epochs: 1..9999, Batches/epoch: stream
Periodic checkpoint: every 2000 steps -> latest.pt


============================================================
Epoch 1/9999
============================================================
[fineweb] local parquet stream: 15 shards under data/fineweb-edu/sample-10BT
  [1] 0 loss=10.8998 ppl=54166.9 lr=2.00e-07 | 691 tok/s (avg 691) ETA n/a | GPU 1.4/39.5GB | gtok=32768
  [1] 50 loss=10.6442 ppl=41950.1 lr=1.02e-05 | 39432 tok/s (avg 18779) ETA n/a | GPU 1.4/40.4GB | gtok=1671168
  [1] 100 loss=10.0992 ppl=24324.3 lr=2.02e-05 | 39068 tok/s (avg 25278) ETA n/a | GPU 1.4/40.4GB | gtok=3309568
  [1] 150 loss=9.0584 ppl=8590.0 lr=3.02e-05 | 39298 tok/s (avg 28664) ETA n/a | GPU 1.4/40.4GB | gtok=4947968
  [1] 200 loss=8.3440 ppl=4205.0 lr=4.02e-05 | 38957 tok/s (avg 30680) ETA n/a | GPU 1.4/40.4GB | gtok=6586368
  [1] 250 loss=7.7826 ppl=2398.5 lr=5.02e-05 | 39264 tok/s (avg 32077) ETA n/a | GPU 1.4/40.4GB | gtok=8224768
  [1] 300 loss=7.4525 ppl=1724.1 lr=6.02e-05 | 38929 tok/s (avg 33043) ETA n/a | GPU 1.4/40.4GB | gtok=9863168
  [1] 350 loss=7.2053 ppl=1346.5 lr=7.02e-05 | 39221 tok/s (avg 33802) ETA n/a | GPU 1.4/40.4GB | gtok=11501568
  [1] 400 loss=7.1248 ppl=1242.4 lr=8.02e-05 | 38890 tok/s (avg 34362) ETA n/a | GPU 1.4/40.4GB | gtok=13139968
  [1] 450 loss=6.9683 ppl=1062.4 lr=9.02e-05 | 39210 tok/s (avg 34840) ETA n/a | GPU 1.4/40.4GB | gtok=14778368
  [1] 500 loss=6.9966 ppl=1092.9 lr=1.00e-04 | 39225 tok/s (avg 35233) ETA n/a | GPU 1.4/40.4GB | gtok=16416768
  [1] 550 loss=6.9109 ppl=1003.2 lr=1.00e-04 | 38852 tok/s (avg 35533) ETA n/a | GPU 1.4/40.4GB | gtok=18055168
  [1] 600 loss=6.5738 ppl=716.1 lr=1.00e-04 | 39148 tok/s (avg 35808) ETA n/a | GPU 1.4/40.4GB | gtok=19693568
  [1] 650 loss=6.7302 ppl=837.3 lr=9.99e-05 | 38874 tok/s (avg 36026) ETA n/a | GPU 1.4/40.4GB | gtok=21331968
  [1] 700 loss=6.6089 ppl=741.6 lr=9.99e-05 | 39191 tok/s (avg 36235) ETA n/a | GPU 1.4/40.4GB | gtok=22970368
  [1] 750 loss=6.3866 ppl=593.8 lr=9.98e-05 | 38805 tok/s (avg 36396) ETA n/a | GPU 1.4/40.4GB | gtok=24608768
  [1] 800 loss=6.3222 ppl=556.8 lr=9.97e-05 | 39122 tok/s (avg 36555) ETA n/a | GPU 1.4/40.4GB | gtok=26247168
  [1] 850 loss=6.0403 ppl=420.0 lr=9.96e-05 | 38855 tok/s (avg 36682) ETA n/a | GPU 1.4/40.4GB | gtok=27885568
  [1] 900 loss=6.2204 ppl=502.9 lr=9.95e-05 | 39101 tok/s (avg 36809) ETA n/a | GPU 1.4/40.4GB | gtok=29523968
  [1] 950 loss=6.1690 ppl=477.7 lr=9.94e-05 | 39187 tok/s (avg 36926) ETA n/a | GPU 1.4/40.4GB | gtok=31162368
  [1] 1000 loss=6.1808 ppl=483.4 lr=9.93e-05 | 38883 tok/s (avg 37019) ETA n/a | GPU 1.4/40.4GB | gtok=32800768
  [1] 1050 loss=5.8967 ppl=363.9 lr=9.91e-05 | 39213 tok/s (avg 37118) ETA n/a | GPU 1.4/40.4GB | gtok=34439168
  [1] 1100 loss=5.9198 ppl=372.3 lr=9.89e-05 | 38819 tok/s (avg 37192) ETA n/a | GPU 1.4/40.4GB | gtok=36077568
  [1] 1150 loss=5.8376 ppl=343.0 lr=9.88e-05 | 39102 tok/s (avg 37271) ETA n/a | GPU 1.4/40.4GB | gtok=37715968
  [1] 1200 loss=5.7570 ppl=316.4 lr=9.86e-05 | 39197 tok/s (avg 37348) ETA n/a | GPU 1.4/40.4GB | gtok=39354368
  [1] 1250 loss=5.8612 ppl=351.2 lr=9.83e-05 | 38842 tok/s (avg 37405) ETA n/a | GPU 1.4/40.4GB | gtok=40992768
  [1] 1300 loss=5.7482 ppl=313.6 lr=9.81e-05 | 39170 tok/s (avg 37470) ETA n/a | GPU 1.4/40.4GB | gtok=42631168
  [1] 1350 loss=5.7914 ppl=327.5 lr=9.79e-05 | 38862 tok/s (avg 37520) ETA n/a | GPU 1.4/40.4GB | gtok=44269568
  [1] 1400 loss=5.2516 ppl=190.9 lr=9.76e-05 | 39155 tok/s (avg 37576) ETA n/a | GPU 1.4/40.4GB | gtok=45907968
  [1] 1450 loss=5.7121 ppl=302.5 lr=9.74e-05 | 39154 tok/s (avg 37628) ETA n/a | GPU 1.4/40.4GB | gtok=47546368
  [1] 1500 loss=5.4715 ppl=237.8 lr=9.71e-05 | 38828 tok/s (avg 37667) ETA n/a | GPU 1.4/40.4GB | gtok=49184768
  [1] 1550 loss=5.5797 ppl=265.0 lr=9.68e-05 | 39188 tok/s (avg 37714) ETA n/a | GPU 1.4/40.4GB | gtok=50823168
  [1] 1600 loss=5.5295 ppl=252.0 lr=9.65e-05 | 38939 tok/s (avg 37751) ETA n/a | GPU 1.4/40.4GB | gtok=52461568
  [1] 1650 loss=5.4913 ppl=242.6 lr=9.62e-05 | 39166 tok/s (avg 37792) ETA n/a | GPU 1.4/40.4GB | gtok=54099968
  [1] 1700 loss=5.4015 ppl=221.7 lr=9.58e-05 | 39207 tok/s (avg 37832) ETA n/a | GPU 1.4/40.4GB | gtok=55738368
  [1] 1750 loss=5.3855 ppl=218.2 lr=9.55e-05 | 38812 tok/s (avg 37860) ETA n/a | GPU 1.4/40.4GB | gtok=57376768
  [1] 1800 loss=5.3436 ppl=209.3 lr=9.51e-05 | 39155 tok/s (avg 37895) ETA n/a | GPU 1.4/40.4GB | gtok=59015168
  [1] 1850 loss=5.1048 ppl=164.8 lr=9.47e-05 | 38848 tok/s (avg 37920) ETA n/a | GPU 1.4/40.4GB | gtok=60653568
  [1] 1900 loss=5.3829 ppl=217.6 lr=9.43e-05 | 39182 tok/s (avg 37952) ETA n/a | GPU 1.4/40.4GB | gtok=62291968
  [1] 1950 loss=5.4207 ppl=226.0 lr=9.39e-05 | 39121 tok/s (avg 37981) ETA n/a | GPU 1.4/40.4GB | gtok=63930368
Saved checkpoint: checkpoints_v11_recall_stage6/control/latest.pt
  [checkpoint @ step 2000, 65,536,000 tok]
  [1] 2000 loss=5.0234 ppl=151.9 lr=9.35e-05 | 38259 tok/s (avg 37988) ETA n/a | GPU 1.4/40.4GB | gtok=65568768
  [1] 2050 loss=5.2815 ppl=196.7 lr=9.31e-05 | 39109 tok/s (avg 38014) ETA n/a | GPU 1.4/40.4GB | gtok=67207168
  [1] 2100 loss=4.9615 ppl=142.8 lr=9.26e-05 | 38838 tok/s (avg 38034) ETA n/a | GPU 1.4/40.4GB | gtok=68845568
  [1] 2150 loss=5.1051 ppl=164.9 lr=9.22e-05 | 39101 tok/s (avg 38058) ETA n/a | GPU 1.4/40.4GB | gtok=70483968
  [1] 2200 loss=5.1629 ppl=174.7 lr=9.17e-05 | 39136 tok/s (avg 38082) ETA n/a | GPU 1.4/40.4GB | gtok=72122368
  [1] 2250 loss=5.2025 ppl=181.7 lr=9.12e-05 | 38835 tok/s (avg 38098) ETA n/a | GPU 1.4/40.4GB | gtok=73760768
  [1] 2300 loss=5.1517 ppl=172.7 lr=9.08e-05 | 39128 tok/s (avg 38120) ETA n/a | GPU 1.4/40.4GB | gtok=75399168
  [1] 2350 loss=5.2270 ppl=186.2 lr=9.02e-05 | 38820 tok/s (avg 38134) ETA n/a | GPU 1.4/40.4GB | gtok=77037568
Wall clock start: 2026-07-16 10:37:50
============================================================
  V11: PAM with new memory dynamics
  Preset: v11_e3_k3_chat | Stage: pretrain | Dataset: pretrain_mix
============================================================

Config: {'vocab_size': 50261, 'dim': 384, 'n_heads': 6, 'head_dim': 64, 'n_layers': 16, 'expand': 3, 'dropout': 0.1, 'max_seq_len': 2048, 'use_learned_pos': False, 'use_rope': True, 'use_gsp': True, 'fused_qkv': True, 'qk_norm': False, 'tie_weights': True, 'gradient_checkpointing': False, 'activation': 'swish', 'chunk_size': 256, 'decay_mode': 'head', 'write_mode': 'additive', 'n_states': 3, 'delta_chunk': 64, 'state_dt_spread': 2.0, 'base_dt_bias': -4.0, 'gate_content_aware': True, 'protect_gate_bias': -3.0, 'routing_content_aware': True, 'state_compete': True, 'phase_init': 'zero', 'route_balance_lambda': 0.01, 'aux_loss_weight': 1.0, 'fused_e3': True, 'recompute_pam_chunks': False, 'gamma_floor': 0.0, 'gate_surprisal_lambda': 0.3, 'gate_surprisal_tau': 0.5, 'gate_surprisal_sign': 1.0, 'vault_state': False, 'vault_state_idx': 0, 'write_phase_address': False}
Memory dynamics: decay_mode=head, write_mode=additive, n_states=3, chunk_size=256
Batch size: 16, Epochs: 9999, LR: 0.0001
Token budget: 300,000,000

Loading pretrain_mix (seq_len=2048)...
Streaming pretrain blend: sources=['fineweb', 'recall'] weights=[93.0, 3.0] edu>=3 budget=300000000 vocab=50261 holdout_pct=5 exclude_holdout=True mix_seed=42 warmup=0 skips={'fineweb': 0, 'recall': 0}
[cache] Pretrain holdout val from .cache/v7_tokens/pretrain_holdout_v1_v50261_t500000_e3_p5.pt (500,000 tokens)
[cache] Loaded WikiText-103 validation from .cache/v7_tokens/wikitext103_validation_v2_full_sl2048.pt (248,461 tokens)
Val chunks: 121
Val: in-distro holdout (16 batches), WikiText secondary (8 batches)
Train batches: streaming, Val batches: 16

Model parameters: {'embedding (tied)': 38600448, 'blocks': 61981616, 'norms': 768, 'lm_head': 296064, 'total': 100878896}
Total: 100,878,896 (100.9M)
Param groups: 228 tensors (100,826,880) with wd, 197 tensors (52,016) without
Compiling model (mode=default)...
  fused_ce: compiled _hidden_to_lm (logits never materialized)

Training on cuda
Parameters: {'embedding (tied)': 38600448, 'blocks': 61981616, 'norms': 768, 'lm_head': 296064, 'total': 100878896}
Total: 100,878,896 (100.9M)
Epochs: 1..9999, Batches/epoch: stream
Periodic checkpoint: every 2000 steps -> latest.pt


============================================================
Epoch 1/9999
============================================================
[fineweb] local parquet stream: 15 shards under data/fineweb-edu/sample-10BT
  [1] 0 loss=10.8998 ppl=54166.9 lr=2.00e-07 | 691 tok/s (avg 691) ETA n/a | GPU 1.4/39.5GB | gtok=32768
  [1] 50 loss=10.6442 ppl=41950.1 lr=1.02e-05 | 39432 tok/s (avg 18779) ETA n/a | GPU 1.4/40.4GB | gtok=1671168
  [1] 100 loss=10.0992 ppl=24324.3 lr=2.02e-05 | 39068 tok/s (avg 25278) ETA n/a | GPU 1.4/40.4GB | gtok=3309568
  [1] 150 loss=9.0584 ppl=8590.0 lr=3.02e-05 | 39298 tok/s (avg 28664) ETA n/a | GPU 1.4/40.4GB | gtok=4947968
  [1] 200 loss=8.3440 ppl=4205.0 lr=4.02e-05 | 38957 tok/s (avg 30680) ETA n/a | GPU 1.4/40.4GB | gtok=6586368
  [1] 250 loss=7.7826 ppl=2398.5 lr=5.02e-05 | 39264 tok/s (avg 32077) ETA n/a | GPU 1.4/40.4GB | gtok=8224768
  [1] 300 loss=7.4525 ppl=1724.1 lr=6.02e-05 | 38929 tok/s (avg 33043) ETA n/a | GPU 1.4/40.4GB | gtok=9863168
  [1] 350 loss=7.2053 ppl=1346.5 lr=7.02e-05 | 39221 tok/s (avg 33802) ETA n/a | GPU 1.4/40.4GB | gtok=11501568
  [1] 400 loss=7.1248 ppl=1242.4 lr=8.02e-05 | 38890 tok/s (avg 34362) ETA n/a | GPU 1.4/40.4GB | gtok=13139968
  [1] 450 loss=6.9683 ppl=1062.4 lr=9.02e-05 | 39210 tok/s (avg 34840) ETA n/a | GPU 1.4/40.4GB | gtok=14778368
  [1] 500 loss=6.9966 ppl=1092.9 lr=1.00e-04 | 39225 tok/s (avg 35233) ETA n/a | GPU 1.4/40.4GB | gtok=16416768
  [1] 550 loss=6.9109 ppl=1003.2 lr=1.00e-04 | 38852 tok/s (avg 35533) ETA n/a | GPU 1.4/40.4GB | gtok=18055168
  [1] 600 loss=6.5738 ppl=716.1 lr=1.00e-04 | 39148 tok/s (avg 35808) ETA n/a | GPU 1.4/40.4GB | gtok=19693568
  [1] 650 loss=6.7302 ppl=837.3 lr=9.99e-05 | 38874 tok/s (avg 36026) ETA n/a | GPU 1.4/40.4GB | gtok=21331968
  [1] 700 loss=6.6089 ppl=741.6 lr=9.99e-05 | 39191 tok/s (avg 36235) ETA n/a | GPU 1.4/40.4GB | gtok=22970368
  [1] 750 loss=6.3866 ppl=593.8 lr=9.98e-05 | 38805 tok/s (avg 36396) ETA n/a | GPU 1.4/40.4GB | gtok=24608768
  [1] 800 loss=6.3222 ppl=556.8 lr=9.97e-05 | 39122 tok/s (avg 36555) ETA n/a | GPU 1.4/40.4GB | gtok=26247168
  [1] 850 loss=6.0403 ppl=420.0 lr=9.96e-05 | 38855 tok/s (avg 36682) ETA n/a | GPU 1.4/40.4GB | gtok=27885568
  [1] 900 loss=6.2204 ppl=502.9 lr=9.95e-05 | 39101 tok/s (avg 36809) ETA n/a | GPU 1.4/40.4GB | gtok=29523968
  [1] 950 loss=6.1690 ppl=477.7 lr=9.94e-05 | 39187 tok/s (avg 36926) ETA n/a | GPU 1.4/40.4GB | gtok=31162368
  [1] 1000 loss=6.1808 ppl=483.4 lr=9.93e-05 | 38883 tok/s (avg 37019) ETA n/a | GPU 1.4/40.4GB | gtok=32800768
  [1] 1050 loss=5.8967 ppl=363.9 lr=9.91e-05 | 39213 tok/s (avg 37118) ETA n/a | GPU 1.4/40.4GB | gtok=34439168
  [1] 1100 loss=5.9198 ppl=372.3 lr=9.89e-05 | 38819 tok/s (avg 37192) ETA n/a | GPU 1.4/40.4GB | gtok=36077568
  [1] 1150 loss=5.8376 ppl=343.0 lr=9.88e-05 | 39102 tok/s (avg 37271) ETA n/a | GPU 1.4/40.4GB | gtok=37715968
  [1] 1200 loss=5.7570 ppl=316.4 lr=9.86e-05 | 39197 tok/s (avg 37348) ETA n/a | GPU 1.4/40.4GB | gtok=39354368
  [1] 1250 loss=5.8612 ppl=351.2 lr=9.83e-05 | 38842 tok/s (avg 37405) ETA n/a | GPU 1.4/40.4GB | gtok=40992768
  [1] 1300 loss=5.7482 ppl=313.6 lr=9.81e-05 | 39170 tok/s (avg 37470) ETA n/a | GPU 1.4/40.4GB | gtok=42631168
  [1] 1350 loss=5.7914 ppl=327.5 lr=9.79e-05 | 38862 tok/s (avg 37520) ETA n/a | GPU 1.4/40.4GB | gtok=44269568
  [1] 1400 loss=5.2516 ppl=190.9 lr=9.76e-05 | 39155 tok/s (avg 37576) ETA n/a | GPU 1.4/40.4GB | gtok=45907968
  [1] 1450 loss=5.7121 ppl=302.5 lr=9.74e-05 | 39154 tok/s (avg 37628) ETA n/a | GPU 1.4/40.4GB | gtok=47546368
  [1] 1500 loss=5.4715 ppl=237.8 lr=9.71e-05 | 38828 tok/s (avg 37667) ETA n/a | GPU 1.4/40.4GB | gtok=49184768
  [1] 1550 loss=5.5797 ppl=265.0 lr=9.68e-05 | 39188 tok/s (avg 37714) ETA n/a | GPU 1.4/40.4GB | gtok=50823168
  [1] 1600 loss=5.5295 ppl=252.0 lr=9.65e-05 | 38939 tok/s (avg 37751) ETA n/a | GPU 1.4/40.4GB | gtok=52461568
  [1] 1650 loss=5.4913 ppl=242.6 lr=9.62e-05 | 39166 tok/s (avg 37792) ETA n/a | GPU 1.4/40.4GB | gtok=54099968
  [1] 1700 loss=5.4015 ppl=221.7 lr=9.58e-05 | 39207 tok/s (avg 37832) ETA n/a | GPU 1.4/40.4GB | gtok=55738368
  [1] 1750 loss=5.3855 ppl=218.2 lr=9.55e-05 | 38812 tok/s (avg 37860) ETA n/a | GPU 1.4/40.4GB | gtok=57376768
  [1] 1800 loss=5.3436 ppl=209.3 lr=9.51e-05 | 39155 tok/s (avg 37895) ETA n/a | GPU 1.4/40.4GB | gtok=59015168
  [1] 1850 loss=5.1048 ppl=164.8 lr=9.47e-05 | 38848 tok/s (avg 37920) ETA n/a | GPU 1.4/40.4GB | gtok=60653568
  [1] 1900 loss=5.3829 ppl=217.6 lr=9.43e-05 | 39182 tok/s (avg 37952) ETA n/a | GPU 1.4/40.4GB | gtok=62291968
  [1] 1950 loss=5.4207 ppl=226.0 lr=9.39e-05 | 39121 tok/s (avg 37981) ETA n/a | GPU 1.4/40.4GB | gtok=63930368
Saved checkpoint: checkpoints_v11_recall_stage6/control/latest.pt
  [checkpoint @ step 2000, 65,536,000 tok]
  [1] 2000 loss=5.0234 ppl=151.9 lr=9.35e-05 | 38259 tok/s (avg 37988) ETA n/a | GPU 1.4/40.4GB | gtok=65568768
  [1] 2050 loss=5.2815 ppl=196.7 lr=9.31e-05 | 39109 tok/s (avg 38014) ETA n/a | GPU 1.4/40.4GB | gtok=67207168
  [1] 2100 loss=4.9615 ppl=142.8 lr=9.26e-05 | 38838 tok/s (avg 38034) ETA n/a | GPU 1.4/40.4GB | gtok=68845568
  [1] 2150 loss=5.1051 ppl=164.9 lr=9.22e-05 | 39101 tok/s (avg 38058) ETA n/a | GPU 1.4/40.4GB | gtok=70483968
  [1] 2200 loss=5.1629 ppl=174.7 lr=9.17e-05 | 39136 tok/s (avg 38082) ETA n/a | GPU 1.4/40.4GB | gtok=72122368
  [1] 2250 loss=5.2025 ppl=181.7 lr=9.12e-05 | 38835 tok/s (avg 38098) ETA n/a | GPU 1.4/40.4GB | gtok=73760768
  [1] 2300 loss=5.1517 ppl=172.7 lr=9.08e-05 | 39128 tok/s (avg 38120) ETA n/a | GPU 1.4/40.4GB | gtok=75399168
  [1] 2350 loss=5.2270 ppl=186.2 lr=9.02e-05 | 38820 tok/s (avg 38134) ETA n/a | GPU 1.4/40.4GB | gtok=77037568
  [1] 2400 loss=5.1016 ppl=164.3 lr=8.97e-05 | 39078 tok/s (avg 38154) ETA n/a | GPU 1.4/40.4GB | gtok=78675968
  [1] 2450 loss=5.1648 ppl=175.0 lr=8.92e-05 | 39004 tok/s (avg 38171) ETA n/a | GPU 1.4/40.4GB | gtok=80314368
  [1] 2500 loss=4.9326 ppl=138.7 lr=8.87e-05 | 38729 tok/s (avg 38182) ETA n/a | GPU 1.4/40.4GB | gtok=81952768
  [1] 2550 loss=4.8115 ppl=122.9 lr=8.81e-05 | 38763 tok/s (avg 38193) ETA n/a | GPU 1.4/40.4GB | gtok=83591168
  [1] 2600 loss=5.0572 ppl=157.1 lr=8.76e-05 | 39067 tok/s (avg 38209) ETA n/a | GPU 1.4/40.4GB | gtok=85229568
  [1] 2650 loss=4.9197 ppl=137.0 lr=8.70e-05 | 39130 tok/s (avg 38226) ETA n/a | GPU 1.4/40.4GB | gtok=86867968
  [1] 2700 loss=5.0965 ppl=163.5 lr=8.64e-05 | 38797 tok/s (avg 38237) ETA n/a | GPU 1.4/40.4GB | gtok=88506368
  [1] 2750 loss=5.0625 ppl=158.0 lr=8.58e-05 | 39133 tok/s (avg 38252) ETA n/a | GPU 1.4/40.4GB | gtok=90144768
  [1] 2800 loss=4.5897 ppl=98.5 lr=8.52e-05 | 38764 tok/s (avg 38261) ETA n/a | GPU 1.4/40.4GB | gtok=91783168
  [1] 2850 loss=4.8810 ppl=131.8 lr=8.46e-05 | 39151 tok/s (avg 38277) ETA n/a | GPU 1.4/40.4GB | gtok=93421568
  [1] 2900 loss=5.0436 ppl=155.0 lr=8.40e-05 | 38827 tok/s (avg 38286) ETA n/a | GPU 1.4/40.4GB | gtok=95059968
  [1] 2950 loss=4.9804 ppl=145.5 lr=8.33e-05 | 39153 tok/s (avg 38300) ETA n/a | GPU 1.4/40.4GB | gtok=96698368
  [1] 3000 loss=4.8729 ppl=130.7 lr=8.27e-05 | 38731 tok/s (avg 38307) ETA n/a | GPU 1.4/40.4GB | gtok=98336768
  [1] 3050 loss=4.9119 ppl=135.9 lr=8.20e-05 | 39100 tok/s (avg 38320) ETA n/a | GPU 1.4/40.4GB | gtok=99975168
  [1] 3100 loss=4.7565 ppl=116.3 lr=8.14e-05 | 38765 tok/s (avg 38327) ETA n/a | GPU 1.4/40.4GB | gtok=101613568
  [1] 3150 loss=5.0100 ppl=149.9 lr=8.07e-05 | 39191 tok/s (avg 38341) ETA n/a | GPU 1.4/40.4GB | gtok=103251968
  [1] 3200 loss=4.8036 ppl=121.9 lr=8.00e-05 | 38836 tok/s (avg 38348) ETA n/a | GPU 1.4/40.4GB | gtok=104890368
  [1] 3250 loss=4.9934 ppl=147.4 lr=7.93e-05 | 39187 tok/s (avg 38361) ETA n/a | GPU 1.4/40.4GB | gtok=106528768
  [1] 3300 loss=4.8474 ppl=127.4 lr=7.86e-05 | 38817 tok/s (avg 38368) ETA n/a | GPU 1.4/40.4GB | gtok=108167168
  [1] 3350 loss=4.7214 ppl=112.3 lr=7.79e-05 | 39082 tok/s (avg 38378) ETA n/a | GPU 1.4/40.4GB | gtok=109805568
  [1] 3400 loss=4.8850 ppl=132.3 lr=7.72e-05 | 38682 tok/s (avg 38383) ETA n/a | GPU 1.4/40.4GB | gtok=111443968
  [1] 3450 loss=4.7447 ppl=115.0 lr=7.65e-05 | 39048 tok/s (avg 38392) ETA n/a | GPU 1.4/40.4GB | gtok=113082368
  [1] 3500 loss=4.9012 ppl=134.5 lr=7.57e-05 | 38759 tok/s (avg 38397) ETA n/a | GPU 1.4/40.4GB | gtok=114720768
  [1] 3550 loss=4.7937 ppl=120.8 lr=7.50e-05 | 39017 tok/s (avg 38406) ETA n/a | GPU 1.4/40.4GB | gtok=116359168
  [1] 3600 loss=4.7486 ppl=115.4 lr=7.43e-05 | 38787 tok/s (avg 38411) ETA n/a | GPU 1.4/40.4GB | gtok=117997568
  [1] 3650 loss=4.8039 ppl=122.0 lr=7.35e-05 | 39050 tok/s (avg 38420) ETA n/a | GPU 1.4/40.4GB | gtok=119635968
  [1] 3700 loss=4.7968 ppl=121.1 lr=7.27e-05 | 38696 tok/s (avg 38423) ETA n/a | GPU 1.4/40.4GB | gtok=121274368
  [1] 3750 loss=4.7018 ppl=110.1 lr=7.20e-05 | 39139 tok/s (avg 38433) ETA n/a | GPU 1.4/40.4GB | gtok=122912768
  [1] 3800 loss=4.6843 ppl=108.2 lr=7.12e-05 | 38834 tok/s (avg 38438) ETA n/a | GPU 1.4/40.4GB | gtok=124551168
  [1] 3850 loss=4.7684 ppl=117.7 lr=7.04e-05 | 39141 tok/s (avg 38447) ETA n/a | GPU 1.4/40.4GB | gtok=126189568
  [1] 3900 loss=4.5664 ppl=96.2 lr=6.96e-05 | 39097 tok/s (avg 38455) ETA n/a | GPU 1.4/40.4GB | gtok=127827968
  [1] 3950 loss=4.4852 ppl=88.7 lr=6.89e-05 | 38753 tok/s (avg 38459) ETA n/a | GPU 1.4/40.4GB | gtok=129466368
Saved checkpoint: checkpoints_v11_recall_stage6/control/latest.pt
  [checkpoint @ step 4000, 131,072,000 tok]
  [1] 4000 loss=4.6858 ppl=108.4 lr=6.81e-05 | 37439 tok/s (avg 38446) ETA n/a | GPU 1.4/40.4GB | gtok=131104768
  [1] 4050 loss=4.6221 ppl=101.7 lr=6.73e-05 | 38824 tok/s (avg 38450) ETA n/a | GPU 1.4/40.4GB | gtok=132743168
  [1] 4100 loss=4.7786 ppl=118.9 lr=6.64e-05 | 39170 tok/s (avg 38459) ETA n/a | GPU 1.4/40.4GB | gtok=134381568
  [1] 4150 loss=4.7408 ppl=114.5 lr=6.56e-05 | 39176 tok/s (avg 38468) ETA n/a | GPU 1.4/40.4GB | gtok=136019968
  [1] 4200 loss=4.7423 ppl=114.7 lr=6.48e-05 | 38919 tok/s (avg 38473) ETA n/a | GPU 1.4/40.4GB | gtok=137658368
  [1] 4250 loss=4.4431 ppl=85.0 lr=6.40e-05 | 38874 tok/s (avg 38478) ETA n/a | GPU 1.4/40.4GB | gtok=139296768
  [1] 4300 loss=4.7414 ppl=114.6 lr=6.32e-05 | 39097 tok/s (avg 38485) ETA n/a | GPU 1.4/40.4GB | gtok=140935168
  [1] 4350 loss=4.5203 ppl=91.9 lr=6.23e-05 | 39091 tok/s (avg 38491) ETA n/a | GPU 1.4/40.4GB | gtok=142573568
  [1] 4400 loss=4.5499 ppl=94.6 lr=6.15e-05 | 38807 tok/s (avg 38495) ETA n/a | GPU 1.4/40.4GB | gtok=144211968
  [1] 4450 loss=4.5533 ppl=94.9 lr=6.07e-05 | 39108 tok/s (avg 38502) ETA n/a | GPU 1.4/40.4GB | gtok=145850368
  [1] 4500 loss=4.7289 ppl=113.2 lr=5.98e-05 | 38804 tok/s (avg 38505) ETA n/a | GPU 1.4/40.4GB | gtok=147488768
  [1] 4550 loss=4.7001 ppl=110.0 lr=5.90e-05 | 39123 tok/s (avg 38512) ETA n/a | GPU 1.4/40.4GB | gtok=149127168
  [1] 4600 loss=4.5800 ppl=97.5 lr=5.81e-05 | 38758 tok/s (avg 38514) ETA n/a | GPU 1.4/40.4GB | gtok=150765568
  [1] 4650 loss=4.5664 ppl=96.2 lr=5.73e-05 | 39137 tok/s (avg 38521) ETA n/a | GPU 1.4/40.4GB | gtok=152403968
  [1] 4700 loss=4.5041 ppl=90.4 lr=5.64e-05 | 39064 tok/s (avg 38527) ETA n/a | GPU 1.4/40.4GB | gtok=154042368
  [1] 4750 loss=4.6432 ppl=103.9 lr=5.56e-05 | 38838 tok/s (avg 38530) ETA n/a | GPU 1.4/40.4GB | gtok=155680768
  [1] 4800 loss=4.3708 ppl=79.1 lr=5.47e-05 | 39152 tok/s (avg 38536) ETA n/a | GPU 1.4/40.4GB | gtok=157319168
  [1] 4850 loss=4.5558 ppl=95.2 lr=5.39e-05 | 39208 tok/s (avg 38543) ETA n/a | GPU 1.4/40.4GB | gtok=158957568
  [1] 4900 loss=4.5779 ppl=97.3 lr=5.30e-05 | 38800 tok/s (avg 38546) ETA n/a | GPU 1.4/40.4GB | gtok=160595968
  [1] 4950 loss=4.4710 ppl=87.4 lr=5.22e-05 | 39146 tok/s (avg 38552) ETA n/a | GPU 1.4/40.4GB | gtok=162234368
  [1] 5000 loss=4.3150 ppl=74.8 lr=5.13e-05 | 38826 tok/s (avg 38554) ETA n/a | GPU 1.4/40.4GB | gtok=163872768
  [1] 5050 loss=4.4882 ppl=89.0 lr=5.05e-05 | 39122 tok/s (avg 38560) ETA n/a | GPU 1.4/40.4GB | gtok=165511168
  [1] 5100 loss=4.4817 ppl=88.4 lr=4.96e-05 | 39145 tok/s (avg 38566) ETA n/a | GPU 1.4/40.4GB | gtok=167149568
  [1] 5150 loss=4.6690 ppl=106.6 lr=4.87e-05 | 38843 tok/s (avg 38568) ETA n/a | GPU 1.4/40.4GB | gtok=168787968
  [1] 5200 loss=4.5557 ppl=95.2 lr=4.79e-05 | 39136 tok/s (avg 38574) ETA n/a | GPU 1.4/40.4GB | gtok=170426368
  [1] 5250 loss=4.5350 ppl=93.2 lr=4.70e-05 | 38775 tok/s (avg 38576) ETA n/a | GPU 1.4/40.4GB | gtok=172064768
  [1] 5300 loss=4.2639 ppl=71.1 lr=4.62e-05 | 39131 tok/s (avg 38581) ETA n/a | GPU 1.4/40.4GB | gtok=173703168
  [1] 5350 loss=4.5128 ppl=91.2 lr=4.53e-05 | 38811 tok/s (avg 38583) ETA n/a | GPU 1.4/40.4GB | gtok=175341568
  [1] 5400 loss=4.5734 ppl=96.9 lr=4.45e-05 | 39158 tok/s (avg 38588) ETA n/a | GPU 1.4/40.4GB | gtok=176979968
  [1] 5450 loss=4.4364 ppl=84.5 lr=4.36e-05 | 39190 tok/s (avg 38594) ETA n/a | GPU 1.4/40.4GB | gtok=178618368
  [1] 5500 loss=4.6004 ppl=99.5 lr=4.28e-05 | 38804 tok/s (avg 38595) ETA n/a | GPU 1.4/40.4GB | gtok=180256768
  [1] 5550 loss=4.5959 ppl=99.1 lr=4.19e-05 | 38732 tok/s (avg 38597) ETA n/a | GPU 1.4/40.4GB | gtok=181895168
  [1] 5600 loss=4.6936 ppl=109.2 lr=4.11e-05 | 39094 tok/s (avg 38601) ETA n/a | GPU 1.4/40.4GB | gtok=183533568
  [1] 5650 loss=4.4720 ppl=87.5 lr=4.02e-05 | 38809 tok/s (avg 38603) ETA n/a | GPU 1.4/40.4GB | gtok=185171968
  [1] 5700 loss=4.6179 ppl=101.3 lr=3.94e-05 | 39118 tok/s (avg 38607) ETA n/a | GPU 1.4/40.4GB | gtok=186810368
  [1] 5750 loss=4.5130 ppl=91.2 lr=3.85e-05 | 38844 tok/s (avg 38609) ETA n/a | GPU 1.4/40.4GB | gtok=188448768
  [1] 5800 loss=4.6394 ppl=103.5 lr=3.77e-05 | 39208 tok/s (avg 38614) ETA n/a | GPU 1.4/40.4GB | gtok=190087168
  [1] 5850 loss=4.5861 ppl=98.1 lr=3.69e-05 | 39129 tok/s (avg 38619) ETA n/a | GPU 1.4/40.4GB | gtok=191725568
  [1] 5900 loss=4.4357 ppl=84.4 lr=3.61e-05 | 38758 tok/s (avg 38620) ETA n/a | GPU 1.4/40.4GB | gtok=193363968
  [1] 2400 loss=5.1016 ppl=164.3 lr=8.97e-05 | 39078 tok/s (avg 38154) ETA n/a | GPU 1.4/40.4GB | gtok=78675968
  [1] 2450 loss=5.1648 ppl=175.0 lr=8.92e-05 | 39004 tok/s (avg 38171) ETA n/a | GPU 1.4/40.4GB | gtok=80314368
  [1] 2500 loss=4.9326 ppl=138.7 lr=8.87e-05 | 38729 tok/s (avg 38182) ETA n/a | GPU 1.4/40.4GB | gtok=81952768
  [1] 2550 loss=4.8115 ppl=122.9 lr=8.81e-05 | 38763 tok/s (avg 38193) ETA n/a | GPU 1.4/40.4GB | gtok=83591168
  [1] 2600 loss=5.0572 ppl=157.1 lr=8.76e-05 | 39067 tok/s (avg 38209) ETA n/a | GPU 1.4/40.4GB | gtok=85229568
  [1] 2650 loss=4.9197 ppl=137.0 lr=8.70e-05 | 39130 tok/s (avg 38226) ETA n/a | GPU 1.4/40.4GB | gtok=86867968
  [1] 2700 loss=5.0965 ppl=163.5 lr=8.64e-05 | 38797 tok/s (avg 38237) ETA n/a | GPU 1.4/40.4GB | gtok=88506368
  [1] 2750 loss=5.0625 ppl=158.0 lr=8.58e-05 | 39133 tok/s (avg 38252) ETA n/a | GPU 1.4/40.4GB | gtok=90144768
  [1] 2800 loss=4.5897 ppl=98.5 lr=8.52e-05 | 38764 tok/s (avg 38261) ETA n/a | GPU 1.4/40.4GB | gtok=91783168
  [1] 2850 loss=4.8810 ppl=131.8 lr=8.46e-05 | 39151 tok/s (avg 38277) ETA n/a | GPU 1.4/40.4GB | gtok=93421568
  [1] 2900 loss=5.0436 ppl=155.0 lr=8.40e-05 | 38827 tok/s (avg 38286) ETA n/a | GPU 1.4/40.4GB | gtok=95059968
  [1] 2950 loss=4.9804 ppl=145.5 lr=8.33e-05 | 39153 tok/s (avg 38300) ETA n/a | GPU 1.4/40.4GB | gtok=96698368
  [1] 3000 loss=4.8729 ppl=130.7 lr=8.27e-05 | 38731 tok/s (avg 38307) ETA n/a | GPU 1.4/40.4GB | gtok=98336768
  [1] 3050 loss=4.9119 ppl=135.9 lr=8.20e-05 | 39100 tok/s (avg 38320) ETA n/a | GPU 1.4/40.4GB | gtok=99975168
  [1] 3100 loss=4.7565 ppl=116.3 lr=8.14e-05 | 38765 tok/s (avg 38327) ETA n/a | GPU 1.4/40.4GB | gtok=101613568
  [1] 3150 loss=5.0100 ppl=149.9 lr=8.07e-05 | 39191 tok/s (avg 38341) ETA n/a | GPU 1.4/40.4GB | gtok=103251968
  [1] 3200 loss=4.8036 ppl=121.9 lr=8.00e-05 | 38836 tok/s (avg 38348) ETA n/a | GPU 1.4/40.4GB | gtok=104890368
  [1] 3250 loss=4.9934 ppl=147.4 lr=7.93e-05 | 39187 tok/s (avg 38361) ETA n/a | GPU 1.4/40.4GB | gtok=106528768
  [1] 3300 loss=4.8474 ppl=127.4 lr=7.86e-05 | 38817 tok/s (avg 38368) ETA n/a | GPU 1.4/40.4GB | gtok=108167168
  [1] 3350 loss=4.7214 ppl=112.3 lr=7.79e-05 | 39082 tok/s (avg 38378) ETA n/a | GPU 1.4/40.4GB | gtok=109805568
  [1] 3400 loss=4.8850 ppl=132.3 lr=7.72e-05 | 38682 tok/s (avg 38383) ETA n/a | GPU 1.4/40.4GB | gtok=111443968
  [1] 3450 loss=4.7447 ppl=115.0 lr=7.65e-05 | 39048 tok/s (avg 38392) ETA n/a | GPU 1.4/40.4GB | gtok=113082368
  [1] 3500 loss=4.9012 ppl=134.5 lr=7.57e-05 | 38759 tok/s (avg 38397) ETA n/a | GPU 1.4/40.4GB | gtok=114720768
  [1] 3550 loss=4.7937 ppl=120.8 lr=7.50e-05 | 39017 tok/s (avg 38406) ETA n/a | GPU 1.4/40.4GB | gtok=116359168
  [1] 3600 loss=4.7486 ppl=115.4 lr=7.43e-05 | 38787 tok/s (avg 38411) ETA n/a | GPU 1.4/40.4GB | gtok=117997568
  [1] 3650 loss=4.8039 ppl=122.0 lr=7.35e-05 | 39050 tok/s (avg 38420) ETA n/a | GPU 1.4/40.4GB | gtok=119635968
  [1] 3700 loss=4.7968 ppl=121.1 lr=7.27e-05 | 38696 tok/s (avg 38423) ETA n/a | GPU 1.4/40.4GB | gtok=121274368
  [1] 3750 loss=4.7018 ppl=110.1 lr=7.20e-05 | 39139 tok/s (avg 38433) ETA n/a | GPU 1.4/40.4GB | gtok=122912768
  [1] 3800 loss=4.6843 ppl=108.2 lr=7.12e-05 | 38834 tok/s (avg 38438) ETA n/a | GPU 1.4/40.4GB | gtok=124551168
  [1] 3850 loss=4.7684 ppl=117.7 lr=7.04e-05 | 39141 tok/s (avg 38447) ETA n/a | GPU 1.4/40.4GB | gtok=126189568
  [1] 3900 loss=4.5664 ppl=96.2 lr=6.96e-05 | 39097 tok/s (avg 38455) ETA n/a | GPU 1.4/40.4GB | gtok=127827968
  [1] 3950 loss=4.4852 ppl=88.7 lr=6.89e-05 | 38753 tok/s (avg 38459) ETA n/a | GPU 1.4/40.4GB | gtok=129466368
Saved checkpoint: checkpoints_v11_recall_stage6/control/latest.pt
  [checkpoint @ step 4000, 131,072,000 tok]
  [1] 4000 loss=4.6858 ppl=108.4 lr=6.81e-05 | 37439 tok/s (avg 38446) ETA n/a | GPU 1.4/40.4GB | gtok=131104768
  [1] 4050 loss=4.6221 ppl=101.7 lr=6.73e-05 | 38824 tok/s (avg 38450) ETA n/a | GPU 1.4/40.4GB | gtok=132743168
  [1] 4100 loss=4.7786 ppl=118.9 lr=6.64e-05 | 39170 tok/s (avg 38459) ETA n/a | GPU 1.4/40.4GB | gtok=134381568
  [1] 4150 loss=4.7408 ppl=114.5 lr=6.56e-05 | 39176 tok/s (avg 38468) ETA n/a | GPU 1.4/40.4GB | gtok=136019968
  [1] 4200 loss=4.7423 ppl=114.7 lr=6.48e-05 | 38919 tok/s (avg 38473) ETA n/a | GPU 1.4/40.4GB | gtok=137658368
  [1] 4250 loss=4.4431 ppl=85.0 lr=6.40e-05 | 38874 tok/s (avg 38478) ETA n/a | GPU 1.4/40.4GB | gtok=139296768
  [1] 4300 loss=4.7414 ppl=114.6 lr=6.32e-05 | 39097 tok/s (avg 38485) ETA n/a | GPU 1.4/40.4GB | gtok=140935168
  [1] 4350 loss=4.5203 ppl=91.9 lr=6.23e-05 | 39091 tok/s (avg 38491) ETA n/a | GPU 1.4/40.4GB | gtok=142573568
  [1] 4400 loss=4.5499 ppl=94.6 lr=6.15e-05 | 38807 tok/s (avg 38495) ETA n/a | GPU 1.4/40.4GB | gtok=144211968
  [1] 4450 loss=4.5533 ppl=94.9 lr=6.07e-05 | 39108 tok/s (avg 38502) ETA n/a | GPU 1.4/40.4GB | gtok=145850368
  [1] 4500 loss=4.7289 ppl=113.2 lr=5.98e-05 | 38804 tok/s (avg 38505) ETA n/a | GPU 1.4/40.4GB | gtok=147488768
  [1] 4550 loss=4.7001 ppl=110.0 lr=5.90e-05 | 39123 tok/s (avg 38512) ETA n/a | GPU 1.4/40.4GB | gtok=149127168
  [1] 4600 loss=4.5800 ppl=97.5 lr=5.81e-05 | 38758 tok/s (avg 38514) ETA n/a | GPU 1.4/40.4GB | gtok=150765568
  [1] 4650 loss=4.5664 ppl=96.2 lr=5.73e-05 | 39137 tok/s (avg 38521) ETA n/a | GPU 1.4/40.4GB | gtok=152403968
  [1] 4700 loss=4.5041 ppl=90.4 lr=5.64e-05 | 39064 tok/s (avg 38527) ETA n/a | GPU 1.4/40.4GB | gtok=154042368
  [1] 4750 loss=4.6432 ppl=103.9 lr=5.56e-05 | 38838 tok/s (avg 38530) ETA n/a | GPU 1.4/40.4GB | gtok=155680768
  [1] 4800 loss=4.3708 ppl=79.1 lr=5.47e-05 | 39152 tok/s (avg 38536) ETA n/a | GPU 1.4/40.4GB | gtok=157319168
  [1] 4850 loss=4.5558 ppl=95.2 lr=5.39e-05 | 39208 tok/s (avg 38543) ETA n/a | GPU 1.4/40.4GB | gtok=158957568
  [1] 4900 loss=4.5779 ppl=97.3 lr=5.30e-05 | 38800 tok/s (avg 38546) ETA n/a | GPU 1.4/40.4GB | gtok=160595968
  [1] 4950 loss=4.4710 ppl=87.4 lr=5.22e-05 | 39146 tok/s (avg 38552) ETA n/a | GPU 1.4/40.4GB | gtok=162234368
  [1] 5000 loss=4.3150 ppl=74.8 lr=5.13e-05 | 38826 tok/s (avg 38554) ETA n/a | GPU 1.4/40.4GB | gtok=163872768
  [1] 5050 loss=4.4882 ppl=89.0 lr=5.05e-05 | 39122 tok/s (avg 38560) ETA n/a | GPU 1.4/40.4GB | gtok=165511168
  [1] 5100 loss=4.4817 ppl=88.4 lr=4.96e-05 | 39145 tok/s (avg 38566) ETA n/a | GPU 1.4/40.4GB | gtok=167149568
  [1] 5150 loss=4.6690 ppl=106.6 lr=4.87e-05 | 38843 tok/s (avg 38568) ETA n/a | GPU 1.4/40.4GB | gtok=168787968
  [1] 5200 loss=4.5557 ppl=95.2 lr=4.79e-05 | 39136 tok/s (avg 38574) ETA n/a | GPU 1.4/40.4GB | gtok=170426368
  [1] 5250 loss=4.5350 ppl=93.2 lr=4.70e-05 | 38775 tok/s (avg 38576) ETA n/a | GPU 1.4/40.4GB | gtok=172064768
  [1] 5300 loss=4.2639 ppl=71.1 lr=4.62e-05 | 39131 tok/s (avg 38581) ETA n/a | GPU 1.4/40.4GB | gtok=173703168
  [1] 5350 loss=4.5128 ppl=91.2 lr=4.53e-05 | 38811 tok/s (avg 38583) ETA n/a | GPU 1.4/40.4GB | gtok=175341568
  [1] 5400 loss=4.5734 ppl=96.9 lr=4.45e-05 | 39158 tok/s (avg 38588) ETA n/a | GPU 1.4/40.4GB | gtok=176979968
  [1] 5450 loss=4.4364 ppl=84.5 lr=4.36e-05 | 39190 tok/s (avg 38594) ETA n/a | GPU 1.4/40.4GB | gtok=178618368
  [1] 5500 loss=4.6004 ppl=99.5 lr=4.28e-05 | 38804 tok/s (avg 38595) ETA n/a | GPU 1.4/40.4GB | gtok=180256768
  [1] 5550 loss=4.5959 ppl=99.1 lr=4.19e-05 | 38732 tok/s (avg 38597) ETA n/a | GPU 1.4/40.4GB | gtok=181895168
  [1] 5600 loss=4.6936 ppl=109.2 lr=4.11e-05 | 39094 tok/s (avg 38601) ETA n/a | GPU 1.4/40.4GB | gtok=183533568
  [1] 5650 loss=4.4720 ppl=87.5 lr=4.02e-05 | 38809 tok/s (avg 38603) ETA n/a | GPU 1.4/40.4GB | gtok=185171968
  [1] 5700 loss=4.6179 ppl=101.3 lr=3.94e-05 | 39118 tok/s (avg 38607) ETA n/a | GPU 1.4/40.4GB | gtok=186810368
  [1] 5750 loss=4.5130 ppl=91.2 lr=3.85e-05 | 38844 tok/s (avg 38609) ETA n/a | GPU 1.4/40.4GB | gtok=188448768
  [1] 5800 loss=4.6394 ppl=103.5 lr=3.77e-05 | 39208 tok/s (avg 38614) ETA n/a | GPU 1.4/40.4GB | gtok=190087168
  [1] 5850 loss=4.5861 ppl=98.1 lr=3.69e-05 | 39129 tok/s (avg 38619) ETA n/a | GPU 1.4/40.4GB | gtok=191725568
  [1] 5900 loss=4.4357 ppl=84.4 lr=3.61e-05 | 38758 tok/s (avg 38620) ETA n/a | GPU 1.4/40.4GB | gtok=193363968
  [1] 5950 loss=4.4146 ppl=82.6 lr=3.52e-05 | 39083 tok/s (avg 38624) ETA n/a | GPU 1.4/40.4GB | gtok=195002368
Saved checkpoint: checkpoints_v11_recall_stage6/control/latest.pt
  [checkpoint @ step 6000, 196,608,000 tok]
  [1] 6000 loss=4.5975 ppl=99.2 lr=3.44e-05 | 37150 tok/s (avg 38611) ETA n/a | GPU 1.4/40.4GB | gtok=196640768
  [1] 6050 loss=4.3386 ppl=76.6 lr=3.36e-05 | 39124 tok/s (avg 38615) ETA n/a | GPU 1.4/40.4GB | gtok=198279168
  [1] 6100 loss=4.5003 ppl=90.0 lr=3.28e-05 | 39097 tok/s (avg 38619) ETA n/a | GPU 1.4/40.4GB | gtok=199917568
  [1] 6150 loss=4.4471 ppl=85.4 lr=3.20e-05 | 38816 tok/s (avg 38621) ETA n/a | GPU 1.4/40.4GB | gtok=201555968
  [1] 6200 loss=4.6358 ppl=103.1 lr=3.12e-05 | 39176 tok/s (avg 38625) ETA n/a | GPU 1.4/40.4GB | gtok=203194368
  [1] 6250 loss=4.5779 ppl=97.3 lr=3.04e-05 | 38789 tok/s (avg 38626) ETA n/a | GPU 1.4/40.4GB | gtok=204832768
  [1] 6300 loss=4.4992 ppl=89.9 lr=2.96e-05 | 39170 tok/s (avg 38631) ETA n/a | GPU 1.4/40.4GB | gtok=206471168
  [1] 6350 loss=4.2681 ppl=71.4 lr=2.88e-05 | 38889 tok/s (avg 38633) ETA n/a | GPU 1.4/40.4GB | gtok=208109568
  [1] 6400 loss=4.5983 ppl=99.3 lr=2.81e-05 | 39095 tok/s (avg 38636) ETA n/a | GPU 1.4/40.4GB | gtok=209747968
  [1] 6450 loss=4.5950 ppl=99.0 lr=2.73e-05 | 39081 tok/s (avg 38640) ETA n/a | GPU 1.4/40.4GB | gtok=211386368
  [1] 6500 loss=4.4596 ppl=86.5 lr=2.65e-05 | 38689 tok/s (avg 38640) ETA n/a | GPU 1.4/40.4GB | gtok=213024768
  [1] 6550 loss=4.3340 ppl=76.2 lr=2.58e-05 | 39256 tok/s (avg 38645) ETA n/a | GPU 1.4/40.4GB | gtok=214663168
  [1] 6600 loss=4.5686 ppl=96.4 lr=2.50e-05 | 38786 tok/s (avg 38646) ETA n/a | GPU 1.4/40.4GB | gtok=216301568
  [1] 6650 loss=4.3454 ppl=77.1 lr=2.43e-05 | 39150 tok/s (avg 38649) ETA n/a | GPU 1.4/40.4GB | gtok=217939968
  [1] 6700 loss=4.3098 ppl=74.4 lr=2.36e-05 | 38867 tok/s (avg 38651) ETA n/a | GPU 1.4/40.4GB | gtok=219578368
  [1] 6750 loss=4.5518 ppl=94.8 lr=2.28e-05 | 39107 tok/s (avg 38654) ETA n/a | GPU 1.4/40.4GB | gtok=221216768
  [1] 6800 loss=4.4940 ppl=89.5 lr=2.21e-05 | 38784 tok/s (avg 38655) ETA n/a | GPU 1.4/40.4GB | gtok=222855168
  [1] 6850 loss=4.4497 ppl=85.6 lr=2.14e-05 | 39082 tok/s (avg 38658) ETA n/a | GPU 1.4/40.4GB | gtok=224493568
  [1] 6900 loss=4.3736 ppl=79.3 lr=2.07e-05 | 38787 tok/s (avg 38659) ETA n/a | GPU 1.4/40.4GB | gtok=226131968
  [1] 6950 loss=4.4869 ppl=88.8 lr=2.00e-05 | 25235 tok/s (avg 38512) ETA n/a | GPU 1.4/40.4GB | gtok=227770368
  [1] 7000 loss=4.3536 ppl=77.8 lr=1.93e-05 | 19312 tok/s (avg 38241) ETA n/a | GPU 1.4/40.4GB | gtok=229408768
  [1] 7050 loss=4.3671 ppl=78.8 lr=1.87e-05 | 19434 tok/s (avg 37980) ETA n/a | GPU 1.4/40.4GB | gtok=231047168
  [1] 7100 loss=4.3360 ppl=76.4 lr=1.80e-05 | 33135 tok/s (avg 37941) ETA n/a | GPU 1.4/40.4GB | gtok=232685568
  [1] 7150 loss=4.4560 ppl=86.1 lr=1.74e-05 | 38502 tok/s (avg 37945) ETA n/a | GPU 1.4/40.4GB | gtok=234323968
  [1] 7200 loss=4.5531 ppl=94.9 lr=1.67e-05 | 39117 tok/s (avg 37953) ETA n/a | GPU 1.4/40.4GB | gtok=235962368
  [1] 7250 loss=4.2926 ppl=73.2 lr=1.61e-05 | 38820 tok/s (avg 37958) ETA n/a | GPU 1.4/40.4GB | gtok=237600768
  [1] 7300 loss=4.5394 ppl=93.6 lr=1.54e-05 | 39119 tok/s (avg 37966) ETA n/a | GPU 1.4/40.4GB | gtok=239239168
  [1] 7350 loss=4.4050 ppl=81.9 lr=1.48e-05 | 24686 tok/s (avg 37828) ETA n/a | GPU 1.4/40.4GB | gtok=240877568
  [1] 7400 loss=4.3567 ppl=78.0 lr=1.42e-05 | 18856 tok/s (avg 37572) ETA n/a | GPU 1.4/40.4GB | gtok=242515968
  [1] 7450 loss=4.5273 ppl=92.5 lr=1.36e-05 | 18568 tok/s (avg 37316) ETA n/a | GPU 1.4/40.4GB | gtok=244154368
  [1] 7500 loss=4.4647 ppl=86.9 lr=1.30e-05 | 18611 tok/s (avg 37068) ETA n/a | GPU 1.4/40.4GB | gtok=245792768
  [1] 7550 loss=3.9159 ppl=50.2 lr=1.25e-05 | 18792 tok/s (avg 36831) ETA n/a | GPU 1.4/40.4GB | gtok=247431168
  [1] 7600 loss=4.2484 ppl=70.0 lr=1.19e-05 | 18659 tok/s (avg 36596) ETA n/a | GPU 1.4/40.4GB | gtok=249069568
  [1] 7650 loss=4.5464 ppl=94.3 lr=1.14e-05 | 18740 tok/s (avg 36370) ETA n/a | GPU 1.4/40.4GB | gtok=250707968
  [1] 7700 loss=4.5581 ppl=95.4 lr=1.08e-05 | 18645 tok/s (avg 36147) ETA n/a | GPU 1.4/40.4GB | gtok=252346368
  [1] 7750 loss=4.4962 ppl=89.7 lr=1.03e-05 | 18661 tok/s (avg 35929) ETA n/a | GPU 1.4/40.4GB | gtok=253984768
  [1] 7800 loss=4.5113 ppl=91.0 lr=9.78e-06 | 18866 tok/s (avg 35722) ETA n/a | GPU 1.4/40.4GB | gtok=255623168
  [1] 7850 loss=4.5073 ppl=90.7 lr=9.28e-06 | 18582 tok/s (avg 35514) ETA n/a | GPU 1.4/40.4GB | gtok=257261568
  [1] 7900 loss=4.4390 ppl=84.7 lr=8.79e-06 | 18661 tok/s (avg 35312) ETA n/a | GPU 1.4/40.4GB | gtok=258899968
  [1] 7950 loss=4.3400 ppl=76.7 lr=8.31e-06 | 18826 tok/s (avg 35118) ETA n/a | GPU 1.4/40.4GB | gtok=260538368
Saved checkpoint: checkpoints_v11_recall_stage6/control/latest.pt
  [checkpoint @ step 8000, 262,144,000 tok]
  [1] 8000 loss=4.3423 ppl=76.9 lr=7.84e-06 | 18247 tok/s (avg 34917) ETA n/a | GPU 1.4/40.4GB | gtok=262176768
  [1] 8050 loss=4.5472 ppl=94.4 lr=7.38e-06 | 18836 tok/s (avg 34733) ETA n/a | GPU 1.4/40.4GB | gtok=263815168
  [1] 8100 loss=4.3692 ppl=79.0 lr=6.94e-06 | 18628 tok/s (avg 34548) ETA n/a | GPU 1.4/40.4GB | gtok=265453568
  [1] 8150 loss=4.2772 ppl=72.0 lr=6.51e-06 | 18609 tok/s (avg 34368) ETA n/a | GPU 1.4/40.4GB | gtok=267091968
  [1] 8200 loss=4.3011 ppl=73.8 lr=6.10e-06 | 18896 tok/s (avg 34197) ETA n/a | GPU 1.4/40.4GB | gtok=268730368
  [1] 8250 loss=4.5319 ppl=92.9 lr=5.69e-06 | 18668 tok/s (avg 34025) ETA n/a | GPU 1.4/40.4GB | gtok=270368768
  [1] 8300 loss=4.3956 ppl=81.1 lr=5.30e-06 | 18657 tok/s (avg 33857) ETA n/a | GPU 1.4/40.4GB | gtok=272007168
  [1] 8350 loss=3.6443 ppl=38.3 lr=4.92e-06 | 18802 tok/s (avg 33696) ETA n/a | GPU 1.4/40.4GB | gtok=273645568
  [1] 8400 loss=4.3817 ppl=80.0 lr=4.56e-06 | 18662 tok/s (avg 33535) ETA n/a | GPU 1.4/40.4GB | gtok=275283968
  [1] 8450 loss=4.3525 ppl=77.7 lr=4.21e-06 | 18920 tok/s (avg 33382) ETA n/a | GPU 1.4/40.4GB | gtok=276922368
  [1] 8500 loss=4.5010 ppl=90.1 lr=3.87e-06 | 18602 tok/s (avg 33227) ETA n/a | GPU 1.4/40.4GB | gtok=278560768
  [1] 8550 loss=4.3583 ppl=78.1 lr=3.55e-06 | 18684 tok/s (avg 33077) ETA n/a | GPU 1.4/40.4GB | gtok=280199168
  [1] 8600 loss=4.3804 ppl=79.9 lr=3.23e-06 | 18808 tok/s (avg 32931) ETA n/a | GPU 1.4/40.4GB | gtok=281837568
  [1] 8650 loss=4.4588 ppl=86.4 lr=2.94e-06 | 18687 tok/s (avg 32787) ETA n/a | GPU 1.4/40.4GB | gtok=283475968
  [1] 8700 loss=4.2000 ppl=66.7 lr=2.66e-06 | 18690 tok/s (avg 32645) ETA n/a | GPU 1.4/40.4GB | gtok=285114368
  [1] 8750 loss=4.2855 ppl=72.6 lr=2.39e-06 | 18833 tok/s (avg 32509) ETA n/a | GPU 1.4/40.4GB | gtok=286752768
  [1] 8800 loss=4.2131 ppl=67.6 lr=2.13e-06 | 18678 tok/s (avg 32373) ETA n/a | GPU 1.4/40.4GB | gtok=288391168
  [1] 8850 loss=4.4676 ppl=87.2 lr=1.89e-06 | 18826 tok/s (avg 32242) ETA n/a | GPU 1.4/40.4GB | gtok=290029568
  [1] 8900 loss=4.3105 ppl=74.5 lr=1.66e-06 | 18689 tok/s (avg 32111) ETA n/a | GPU 1.4/40.4GB | gtok=291667968
  [1] 8950 loss=4.3865 ppl=80.4 lr=1.45e-06 | 18544 tok/s (avg 31980) ETA n/a | GPU 1.4/40.4GB | gtok=293306368
  [1] 9000 loss=4.3881 ppl=80.5 lr=1.25e-06 | 18873 tok/s (avg 31858) ETA n/a | GPU 1.4/40.4GB | gtok=294944768
  [1] 9050 loss=4.3147 ppl=74.8 lr=1.07e-06 | 18592 tok/s (avg 31732) ETA n/a | GPU 1.4/40.4GB | gtok=296583168
  [1] 9100 loss=4.3031 ppl=73.9 lr=9.01e-07 | 18818 tok/s (avg 31613) ETA n/a | GPU 1.4/40.4GB | gtok=298221568
  [1] 9150 loss=4.4012 ppl=81.5 lr=7.46e-07 | 18782 tok/s (avg 31496) ETA n/a | GPU 1.4/40.4GB | gtok=299859968
  Token budget reached: 300,001,280 / 300,000,000
Epoch 1/9999 | Train Loss: 4.9925 PPL: 147.30 | 31387 tok/s | Time: 9558.2s (300,001,280 tok) | Val Loss: 4.8659 PPL: 129.79 Acc: 0.264 | Wiki PPL: 310.07 *best*
Saved checkpoint: checkpoints_v11_recall_stage6/control/best_model.pt

Stopping: token budget 300,000,000 reached.
Saved checkpoint: checkpoints_v11_recall_stage6/control/final_model.pt

Training complete (token budget)!
Total wall time: 9595.8s (2.67h)
Best Val Loss: 4.8659, Best Val PPL: 129.79

Wall clock end: 2026-07-16 13:17:53
  [1] 5950 loss=4.4146 ppl=82.6 lr=3.52e-05 | 39083 tok/s (avg 38624) ETA n/a | GPU 1.4/40.4GB | gtok=195002368
Saved checkpoint: checkpoints_v11_recall_stage6/control/latest.pt
  [checkpoint @ step 6000, 196,608,000 tok]
  [1] 6000 loss=4.5975 ppl=99.2 lr=3.44e-05 | 37150 tok/s (avg 38611) ETA n/a | GPU 1.4/40.4GB | gtok=196640768
  [1] 6050 loss=4.3386 ppl=76.6 lr=3.36e-05 | 39124 tok/s (avg 38615) ETA n/a | GPU 1.4/40.4GB | gtok=198279168
  [1] 6100 loss=4.5003 ppl=90.0 lr=3.28e-05 | 39097 tok/s (avg 38619) ETA n/a | GPU 1.4/40.4GB | gtok=199917568
  [1] 6150 loss=4.4471 ppl=85.4 lr=3.20e-05 | 38816 tok/s (avg 38621) ETA n/a | GPU 1.4/40.4GB | gtok=201555968
  [1] 6200 loss=4.6358 ppl=103.1 lr=3.12e-05 | 39176 tok/s (avg 38625) ETA n/a | GPU 1.4/40.4GB | gtok=203194368
  [1] 6250 loss=4.5779 ppl=97.3 lr=3.04e-05 | 38789 tok/s (avg 38626) ETA n/a | GPU 1.4/40.4GB | gtok=204832768
  [1] 6300 loss=4.4992 ppl=89.9 lr=2.96e-05 | 39170 tok/s (avg 38631) ETA n/a | GPU 1.4/40.4GB | gtok=206471168
  [1] 6350 loss=4.2681 ppl=71.4 lr=2.88e-05 | 38889 tok/s (avg 38633) ETA n/a | GPU 1.4/40.4GB | gtok=208109568
  [1] 6400 loss=4.5983 ppl=99.3 lr=2.81e-05 | 39095 tok/s (avg 38636) ETA n/a | GPU 1.4/40.4GB | gtok=209747968
  [1] 6450 loss=4.5950 ppl=99.0 lr=2.73e-05 | 39081 tok/s (avg 38640) ETA n/a | GPU 1.4/40.4GB | gtok=211386368
  [1] 6500 loss=4.4596 ppl=86.5 lr=2.65e-05 | 38689 tok/s (avg 38640) ETA n/a | GPU 1.4/40.4GB | gtok=213024768
  [1] 6550 loss=4.3340 ppl=76.2 lr=2.58e-05 | 39256 tok/s (avg 38645) ETA n/a | GPU 1.4/40.4GB | gtok=214663168
  [1] 6600 loss=4.5686 ppl=96.4 lr=2.50e-05 | 38786 tok/s (avg 38646) ETA n/a | GPU 1.4/40.4GB | gtok=216301568
  [1] 6650 loss=4.3454 ppl=77.1 lr=2.43e-05 | 39150 tok/s (avg 38649) ETA n/a | GPU 1.4/40.4GB | gtok=217939968
  [1] 6700 loss=4.3098 ppl=74.4 lr=2.36e-05 | 38867 tok/s (avg 38651) ETA n/a | GPU 1.4/40.4GB | gtok=219578368
  [1] 6750 loss=4.5518 ppl=94.8 lr=2.28e-05 | 39107 tok/s (avg 38654) ETA n/a | GPU 1.4/40.4GB | gtok=221216768
  [1] 6800 loss=4.4940 ppl=89.5 lr=2.21e-05 | 38784 tok/s (avg 38655) ETA n/a | GPU 1.4/40.4GB | gtok=222855168
  [1] 6850 loss=4.4497 ppl=85.6 lr=2.14e-05 | 39082 tok/s (avg 38658) ETA n/a | GPU 1.4/40.4GB | gtok=224493568
  [1] 6900 loss=4.3736 ppl=79.3 lr=2.07e-05 | 38787 tok/s (avg 38659) ETA n/a | GPU 1.4/40.4GB | gtok=226131968
  [1] 6950 loss=4.4869 ppl=88.8 lr=2.00e-05 | 25235 tok/s (avg 38512) ETA n/a | GPU 1.4/40.4GB | gtok=227770368
  [1] 7000 loss=4.3536 ppl=77.8 lr=1.93e-05 | 19312 tok/s (avg 38241) ETA n/a | GPU 1.4/40.4GB | gtok=229408768
  [1] 7050 loss=4.3671 ppl=78.8 lr=1.87e-05 | 19434 tok/s (avg 37980) ETA n/a | GPU 1.4/40.4GB | gtok=231047168
  [1] 7100 loss=4.3360 ppl=76.4 lr=1.80e-05 | 33135 tok/s (avg 37941) ETA n/a | GPU 1.4/40.4GB | gtok=232685568
  [1] 7150 loss=4.4560 ppl=86.1 lr=1.74e-05 | 38502 tok/s (avg 37945) ETA n/a | GPU 1.4/40.4GB | gtok=234323968
  [1] 7200 loss=4.5531 ppl=94.9 lr=1.67e-05 | 39117 tok/s (avg 37953) ETA n/a | GPU 1.4/40.4GB | gtok=235962368
  [1] 7250 loss=4.2926 ppl=73.2 lr=1.61e-05 | 38820 tok/s (avg 37958) ETA n/a | GPU 1.4/40.4GB | gtok=237600768
  [1] 7300 loss=4.5394 ppl=93.6 lr=1.54e-05 | 39119 tok/s (avg 37966) ETA n/a | GPU 1.4/40.4GB | gtok=239239168
  [1] 7350 loss=4.4050 ppl=81.9 lr=1.48e-05 | 24686 tok/s (avg 37828) ETA n/a | GPU 1.4/40.4GB | gtok=240877568
  [1] 7400 loss=4.3567 ppl=78.0 lr=1.42e-05 | 18856 tok/s (avg 37572) ETA n/a | GPU 1.4/40.4GB | gtok=242515968
  [1] 7450 loss=4.5273 ppl=92.5 lr=1.36e-05 | 18568 tok/s (avg 37316) ETA n/a | GPU 1.4/40.4GB | gtok=244154368
  [1] 7500 loss=4.4647 ppl=86.9 lr=1.30e-05 | 18611 tok/s (avg 37068) ETA n/a | GPU 1.4/40.4GB | gtok=245792768
  [1] 7550 loss=3.9159 ppl=50.2 lr=1.25e-05 | 18792 tok/s (avg 36831) ETA n/a | GPU 1.4/40.4GB | gtok=247431168
  [1] 7600 loss=4.2484 ppl=70.0 lr=1.19e-05 | 18659 tok/s (avg 36596) ETA n/a | GPU 1.4/40.4GB | gtok=249069568
  [1] 7650 loss=4.5464 ppl=94.3 lr=1.14e-05 | 18740 tok/s (avg 36370) ETA n/a | GPU 1.4/40.4GB | gtok=250707968
  [1] 7700 loss=4.5581 ppl=95.4 lr=1.08e-05 | 18645 tok/s (avg 36147) ETA n/a | GPU 1.4/40.4GB | gtok=252346368
  [1] 7750 loss=4.4962 ppl=89.7 lr=1.03e-05 | 18661 tok/s (avg 35929) ETA n/a | GPU 1.4/40.4GB | gtok=253984768
  [1] 7800 loss=4.5113 ppl=91.0 lr=9.78e-06 | 18866 tok/s (avg 35722) ETA n/a | GPU 1.4/40.4GB | gtok=255623168
  [1] 7850 loss=4.5073 ppl=90.7 lr=9.28e-06 | 18582 tok/s (avg 35514) ETA n/a | GPU 1.4/40.4GB | gtok=257261568
  [1] 7900 loss=4.4390 ppl=84.7 lr=8.79e-06 | 18661 tok/s (avg 35312) ETA n/a | GPU 1.4/40.4GB | gtok=258899968
  [1] 7950 loss=4.3400 ppl=76.7 lr=8.31e-06 | 18826 tok/s (avg 35118) ETA n/a | GPU 1.4/40.4GB | gtok=260538368
Saved checkpoint: checkpoints_v11_recall_stage6/control/latest.pt
  [checkpoint @ step 8000, 262,144,000 tok]
  [1] 8000 loss=4.3423 ppl=76.9 lr=7.84e-06 | 18247 tok/s (avg 34917) ETA n/a | GPU 1.4/40.4GB | gtok=262176768
  [1] 8050 loss=4.5472 ppl=94.4 lr=7.38e-06 | 18836 tok/s (avg 34733) ETA n/a | GPU 1.4/40.4GB | gtok=263815168
  [1] 8100 loss=4.3692 ppl=79.0 lr=6.94e-06 | 18628 tok/s (avg 34548) ETA n/a | GPU 1.4/40.4GB | gtok=265453568
  [1] 8150 loss=4.2772 ppl=72.0 lr=6.51e-06 | 18609 tok/s (avg 34368) ETA n/a | GPU 1.4/40.4GB | gtok=267091968
  [1] 8200 loss=4.3011 ppl=73.8 lr=6.10e-06 | 18896 tok/s (avg 34197) ETA n/a | GPU 1.4/40.4GB | gtok=268730368
  [1] 8250 loss=4.5319 ppl=92.9 lr=5.69e-06 | 18668 tok/s (avg 34025) ETA n/a | GPU 1.4/40.4GB | gtok=270368768
  [1] 8300 loss=4.3956 ppl=81.1 lr=5.30e-06 | 18657 tok/s (avg 33857) ETA n/a | GPU 1.4/40.4GB | gtok=272007168
  [1] 8350 loss=3.6443 ppl=38.3 lr=4.92e-06 | 18802 tok/s (avg 33696) ETA n/a | GPU 1.4/40.4GB | gtok=273645568
  [1] 8400 loss=4.3817 ppl=80.0 lr=4.56e-06 | 18662 tok/s (avg 33535) ETA n/a | GPU 1.4/40.4GB | gtok=275283968
  [1] 8450 loss=4.3525 ppl=77.7 lr=4.21e-06 | 18920 tok/s (avg 33382) ETA n/a | GPU 1.4/40.4GB | gtok=276922368
  [1] 8500 loss=4.5010 ppl=90.1 lr=3.87e-06 | 18602 tok/s (avg 33227) ETA n/a | GPU 1.4/40.4GB | gtok=278560768
  [1] 8550 loss=4.3583 ppl=78.1 lr=3.55e-06 | 18684 tok/s (avg 33077) ETA n/a | GPU 1.4/40.4GB | gtok=280199168
  [1] 8600 loss=4.3804 ppl=79.9 lr=3.23e-06 | 18808 tok/s (avg 32931) ETA n/a | GPU 1.4/40.4GB | gtok=281837568
  [1] 8650 loss=4.4588 ppl=86.4 lr=2.94e-06 | 18687 tok/s (avg 32787) ETA n/a | GPU 1.4/40.4GB | gtok=283475968
  [1] 8700 loss=4.2000 ppl=66.7 lr=2.66e-06 | 18690 tok/s (avg 32645) ETA n/a | GPU 1.4/40.4GB | gtok=285114368
  [1] 8750 loss=4.2855 ppl=72.6 lr=2.39e-06 | 18833 tok/s (avg 32509) ETA n/a | GPU 1.4/40.4GB | gtok=286752768
  [1] 8800 loss=4.2131 ppl=67.6 lr=2.13e-06 | 18678 tok/s (avg 32373) ETA n/a | GPU 1.4/40.4GB | gtok=288391168
  [1] 8850 loss=4.4676 ppl=87.2 lr=1.89e-06 | 18826 tok/s (avg 32242) ETA n/a | GPU 1.4/40.4GB | gtok=290029568
  [1] 8900 loss=4.3105 ppl=74.5 lr=1.66e-06 | 18689 tok/s (avg 32111) ETA n/a | GPU 1.4/40.4GB | gtok=291667968
  [1] 8950 loss=4.3865 ppl=80.4 lr=1.45e-06 | 18544 tok/s (avg 31980) ETA n/a | GPU 1.4/40.4GB | gtok=293306368
  [1] 9000 loss=4.3881 ppl=80.5 lr=1.25e-06 | 18873 tok/s (avg 31858) ETA n/a | GPU 1.4/40.4GB | gtok=294944768
  [1] 9050 loss=4.3147 ppl=74.8 lr=1.07e-06 | 18592 tok/s (avg 31732) ETA n/a | GPU 1.4/40.4GB | gtok=296583168
  [1] 9100 loss=4.3031 ppl=73.9 lr=9.01e-07 | 18818 tok/s (avg 31613) ETA n/a | GPU 1.4/40.4GB | gtok=298221568
  [1] 9150 loss=4.4012 ppl=81.5 lr=7.46e-07 | 18782 tok/s (avg 31496) ETA n/a | GPU 1.4/40.4GB | gtok=299859968
  Token budget reached: 300,001,280 / 300,000,000
Epoch 1/9999 | Train Loss: 4.9925 PPL: 147.30 | 31387 tok/s | Time: 9558.2s (300,001,280 tok) | Val Loss: 4.8659 PPL: 129.79 Acc: 0.264 | Wiki PPL: 310.07 *best*
Saved checkpoint: checkpoints_v11_recall_stage6/control/best_model.pt

Stopping: token budget 300,000,000 reached.
Saved checkpoint: checkpoints_v11_recall_stage6/control/final_model.pt

Training complete (token budget)!
Total wall time: 9595.8s (2.67h)
Best Val Loss: 4.8659, Best Val PPL: 129.79

Wall clock end: 2026-07-16 13:17:53
[eval-recall-gate] checkpoint=checkpoints_v11_recall_stage6/control/best_model.pt preset=v11_e3_k3_chat out=checkpoints_v11_recall_stage6/control/eval
[1/3] gate diagnostics ...
[eval-recall-gate] checkpoint=checkpoints_v11_recall_stage6/control/best_model.pt preset=v11_e3_k3_chat out=checkpoints_v11_recall_stage6/control/eval
[1/3] gate diagnostics ...
  cfg from ckpt: vocab=50261 gate_content_aware=True routing_content_aware=True state_compete=True
[cache] Loaded WikiText-103 validation from .cache/v7_tokens/wikitext103_validation_v2_full_sl2048.pt (248,461 tokens)
Val chunks: 121
========================================================================================
PAM gate diagnosis  ckpt=checkpoints_v11_recall_stage6/control/best_model.pt  tokens=2048  preset=v11_e3_k3_chat
  p   = mean GSP write-protect prob (sigmoid(protect_gate)); high p => "do not write"
  gam = mean decay gamma (->1 keeps state, ->0 forgets fast)
  content = top 25% surprisal tokens, filler = bottom 25%
========================================================================================
layer |   p_all p_content  p_filler |  gam_all  dt_bias
-------------------------------------------------------
    0 |   0.461     0.426     0.525 |   0.8716   -3.980
    1 |   0.451     0.416     0.529 |   0.8454   -3.971
    2 |   0.463     0.415     0.560 |   0.8772   -3.975
    3 |   0.470     0.424     0.568 |   0.8488   -3.964
    4 |   0.472     0.417     0.576 |   0.8673   -3.967
    5 |   0.472     0.419     0.575 |   0.8314   -3.962
    6 |   0.466     0.406     0.570 |   0.8117   -3.962
    7 |   0.466     0.409     0.563 |   0.8547   -3.972
    8 |   0.445     0.376     0.557 |   0.9041   -3.980
    9 |   0.438     0.366     0.546 |   0.8146   -3.969
   10 |   0.439     0.364     0.554 |   0.8346   -3.971
   11 |   0.439     0.374     0.540 |   0.7879   -3.966
   12 |   0.442     0.370     0.554 |   0.8502   -3.973
   13 |   0.434     0.368     0.544 |   0.8519   -3.974
   14 |   0.427     0.370     0.520 |   0.9207   -3.986
   15 |   0.397     0.320     0.522 |   0.8566   -3.964
-------------------------------------------------------
  mean p across layers: 0.449  (init bias -3.0 => p~0.047; higher = model learned to protect)
  mean (p_content - p_filler): -0.160  (positive = protects content more than filler = healthy)

========================================================================================
Routing (alpha) — per-token entropy vs uniform ln(K), batch-mean diversity
  uniform ln(K=3) = 1.099
========================================================================================
layer |    tok_H    bar_H | mean_winner
---------------------------------------
    0 |    0.984    1.098 |        2.00
    1 |    0.979    1.097 |        1.67
    2 |    0.951    1.097 |        0.83
    3 |    0.920    1.097 |        1.83
    4 |    0.939    1.096 |        1.00
    5 |    0.950    1.097 |        1.00
    6 |    0.905    1.098 |        0.67
    7 |    0.920    1.095 |        1.33
    8 |    0.959    1.093 |        0.50
    9 |    0.934    1.096 |        1.67
   10 |    0.952    1.091 |        1.83
   11 |    0.840    1.090 |        1.50
   12 |    0.908    1.095 |        1.50
   13 |    0.903    1.095 |        1.00
   14 |    0.907    1.092 |        0.83
   15 |    0.917    1.085 |        1.00
---------------------------------------
  mean tok_H=0.929 (lower=more decisive)  bar_H=1.095 (higher=more diverse)

========================================================================================
Retrieval energy |S_k·Q| (loop path) — content vs filler tokens
========================================================================================
layer |      c0      c1      c2 |      f0      f1      f2
---------------------------------------------------------
    0 |  0.3378  0.1473  0.0929 |  0.3090  0.1372  0.0888
    1 |  0.2732  0.1391  0.0946 |  0.2596  0.1361  0.0963
    2 |  0.2592  0.1226  0.0784 |  0.2372  0.1125  0.0740
    3 |  0.2556  0.1291  0.0893 |  0.2480  0.1260  0.0881
    4 |  0.2040  0.0925  0.0572 |  0.2091  0.0958  0.0614
    5 |  0.3637  0.1678  0.1131 |  0.3442  0.1590  0.1072
    6 |  0.3320  0.1659  0.1147 |  0.3461  0.1763  0.1212
    7 |  0.4466  0.1773  0.1032 |  0.4408  0.1792  0.1067
    8 |  0.3828  0.1360  0.0672 |  0.3946  0.1413  0.0693
    9 |  0.3561  0.1870  0.1301 |  0.3904  0.2061  0.1430
   10 |  0.4368  0.2155  0.1431 |  0.4935  0.2403  0.1558
   11 |  0.4099  0.2276  0.1610 |  0.4622  0.2598  0.1830
   12 |  0.6348  0.2614  0.1379 |  0.6859  0.2842  0.1497
   13 |  0.5255  0.2312  0.1294 |  0.6101  0.2718  0.1536
   14 |  1.2972  0.4176  0.1585 |  1.1978  0.3953  0.1491
   15 |  0.6579  0.2006  0.0843 |  0.6858  0.2183  0.0927

JSON saved to checkpoints_v11_recall_stage6/control/eval/gates.json
  cfg from ckpt: vocab=50261 gate_content_aware=True routing_content_aware=True state_compete=True
[cache] Loaded WikiText-103 validation from .cache/v7_tokens/wikitext103_validation_v2_full_sl2048.pt (248,461 tokens)
Val chunks: 121
========================================================================================
PAM gate diagnosis  ckpt=checkpoints_v11_recall_stage6/control/best_model.pt  tokens=2048  preset=v11_e3_k3_chat
  p   = mean GSP write-protect prob (sigmoid(protect_gate)); high p => "do not write"
  gam = mean decay gamma (->1 keeps state, ->0 forgets fast)
  content = top 25% surprisal tokens, filler = bottom 25%
========================================================================================
layer |   p_all p_content  p_filler |  gam_all  dt_bias
-------------------------------------------------------
    0 |   0.461     0.426     0.525 |   0.8716   -3.980
    1 |   0.451     0.416     0.529 |   0.8454   -3.971
    2 |   0.463     0.415     0.560 |   0.8772   -3.975
    3 |   0.470     0.424     0.568 |   0.8488   -3.964
    4 |   0.472     0.417     0.576 |   0.8673   -3.967
    5 |   0.472     0.419     0.575 |   0.8314   -3.962
    6 |   0.466     0.406     0.570 |   0.8117   -3.962
    7 |   0.466     0.409     0.563 |   0.8547   -3.972
    8 |   0.445     0.376     0.557 |   0.9041   -3.980
    9 |   0.438     0.366     0.546 |   0.8146   -3.969
   10 |   0.439     0.364     0.554 |   0.8346   -3.971
   11 |   0.439     0.374     0.540 |   0.7879   -3.966
   12 |   0.442     0.370     0.554 |   0.8502   -3.973
   13 |   0.434     0.368     0.544 |   0.8519   -3.974
   14 |   0.427     0.370     0.520 |   0.9207   -3.986
   15 |   0.397     0.320     0.522 |   0.8566   -3.964
-------------------------------------------------------
  mean p across layers: 0.449  (init bias -3.0 => p~0.047; higher = model learned to protect)
  mean (p_content - p_filler): -0.160  (positive = protects content more than filler = healthy)

========================================================================================
Routing (alpha) — per-token entropy vs uniform ln(K), batch-mean diversity
  uniform ln(K=3) = 1.099
========================================================================================
layer |    tok_H    bar_H | mean_winner
---------------------------------------
    0 |    0.984    1.098 |        2.00
    1 |    0.979    1.097 |        1.67
    2 |    0.951    1.097 |        0.83
    3 |    0.920    1.097 |        1.83
    4 |    0.939    1.096 |        1.00
    5 |    0.950    1.097 |        1.00
    6 |    0.905    1.098 |        0.67
    7 |    0.920    1.095 |        1.33
    8 |    0.959    1.093 |        0.50
    9 |    0.934    1.096 |        1.67
   10 |    0.952    1.091 |        1.83
   11 |    0.840    1.090 |        1.50
   12 |    0.908    1.095 |        1.50
   13 |    0.903    1.095 |        1.00
   14 |    0.907    1.092 |        0.83
   15 |    0.917    1.085 |        1.00
---------------------------------------
  mean tok_H=0.929 (lower=more decisive)  bar_H=1.095 (higher=more diverse)

========================================================================================
Retrieval energy |S_k·Q| (loop path) — content vs filler tokens
========================================================================================
layer |      c0      c1      c2 |      f0      f1      f2
---------------------------------------------------------
    0 |  0.3378  0.1473  0.0929 |  0.3090  0.1372  0.0888
    1 |  0.2732  0.1391  0.0946 |  0.2596  0.1361  0.0963
    2 |  0.2592  0.1226  0.0784 |  0.2372  0.1125  0.0740
    3 |  0.2556  0.1291  0.0893 |  0.2480  0.1260  0.0881
    4 |  0.2040  0.0925  0.0572 |  0.2091  0.0958  0.0614
    5 |  0.3637  0.1678  0.1131 |  0.3442  0.1590  0.1072
    6 |  0.3320  0.1659  0.1147 |  0.3461  0.1763  0.1212
    7 |  0.4466  0.1773  0.1032 |  0.4408  0.1792  0.1067
    8 |  0.3828  0.1360  0.0672 |  0.3946  0.1413  0.0693
    9 |  0.3561  0.1870  0.1301 |  0.3904  0.2061  0.1430
   10 |  0.4368  0.2155  0.1431 |  0.4935  0.2403  0.1558
   11 |  0.4099  0.2276  0.1610 |  0.4622  0.2598  0.1830
   12 |  0.6348  0.2614  0.1379 |  0.6859  0.2842  0.1497
   13 |  0.5255  0.2312  0.1294 |  0.6101  0.2718  0.1536
   14 |  1.2972  0.4176  0.1585 |  1.1978  0.3953  0.1491
   15 |  0.6579  0.2006  0.0843 |  0.6858  0.2183  0.0927

JSON saved to checkpoints_v11_recall_stage6/control/eval/gates.json
[2/3] behavioral recall ...
[2/3] behavioral recall ...
  scored 20/2160 examples
  scored 20/2160 examples
  scored 40/2160 examples
  scored 40/2160 examples
  scored 60/2160 examples
  scored 60/2160 examples
  scored 80/2160 examples
  scored 80/2160 examples
  scored 100/2160 examples
  scored 100/2160 examples
  scored 120/2160 examples
  scored 120/2160 examples
  scored 140/2160 examples
  scored 140/2160 examples
  scored 160/2160 examples
  scored 160/2160 examples
  scored 180/2160 examples
  scored 180/2160 examples
  scored 200/2160 examples
  scored 200/2160 examples
  scored 220/2160 examples
  scored 220/2160 examples
  scored 240/2160 examples
  scored 240/2160 examples
  scored 260/2160 examples
  scored 260/2160 examples
  scored 280/2160 examples
  scored 280/2160 examples
  scored 300/2160 examples
  scored 300/2160 examples
  scored 320/2160 examples
  scored 320/2160 examples
  scored 340/2160 examples
  scored 340/2160 examples
  scored 360/2160 examples
  scored 360/2160 examples
  scored 380/2160 examples
  scored 380/2160 examples
  scored 400/2160 examples
  scored 400/2160 examples
  scored 420/2160 examples
  scored 420/2160 examples
  scored 440/2160 examples
  scored 440/2160 examples
  scored 460/2160 examples
  scored 460/2160 examples
  scored 480/2160 examples
  scored 480/2160 examples
  scored 500/2160 examples
  scored 500/2160 examples
  scored 520/2160 examples
  scored 520/2160 examples
  scored 540/2160 examples
  scored 540/2160 examples
  scored 560/2160 examples
  scored 560/2160 examples
  scored 580/2160 examples
  scored 580/2160 examples
  scored 600/2160 examples
  scored 600/2160 examples
  scored 620/2160 examples
  scored 620/2160 examples
  scored 640/2160 examples
  scored 640/2160 examples
  scored 660/2160 examples
  scored 660/2160 examples
  scored 680/2160 examples
  scored 680/2160 examples
  scored 700/2160 examples
  scored 700/2160 examples
  scored 720/2160 examples
  scored 720/2160 examples
  scored 740/2160 examples
  scored 740/2160 examples
  scored 760/2160 examples
  scored 760/2160 examples
  scored 780/2160 examples
  scored 780/2160 examples
  scored 800/2160 examples
  scored 800/2160 examples
  scored 820/2160 examples
  scored 820/2160 examples
  scored 840/2160 examples
  scored 840/2160 examples
  scored 860/2160 examples
  scored 860/2160 examples
  scored 880/2160 examples
  scored 880/2160 examples
  scored 900/2160 examples
  scored 900/2160 examples
  scored 920/2160 examples
  scored 920/2160 examples
  scored 940/2160 examples
  scored 940/2160 examples
  scored 960/2160 examples
  scored 960/2160 examples
  scored 980/2160 examples
  scored 980/2160 examples
  scored 1000/2160 examples
  scored 1000/2160 examples
  scored 1020/2160 examples
  scored 1020/2160 examples
  scored 1040/2160 examples
  scored 1040/2160 examples
  scored 1060/2160 examples
  scored 1060/2160 examples
  scored 1080/2160 examples
  scored 1080/2160 examples
  scored 1100/2160 examples
  scored 1100/2160 examples
  scored 1120/2160 examples
  scored 1120/2160 examples
  scored 1140/2160 examples
  scored 1140/2160 examples
  scored 1160/2160 examples
  scored 1160/2160 examples
  scored 1180/2160 examples
  scored 1180/2160 examples
  scored 1200/2160 examples
  scored 1200/2160 examples
  scored 1220/2160 examples
  scored 1220/2160 examples
  scored 1240/2160 examples
  scored 1240/2160 examples
  scored 1260/2160 examples
  scored 1260/2160 examples
  scored 1280/2160 examples
  scored 1280/2160 examples
  scored 1300/2160 examples
  scored 1300/2160 examples
  scored 1320/2160 examples
  scored 1320/2160 examples
  scored 1340/2160 examples
  scored 1340/2160 examples
  scored 1360/2160 examples
  scored 1360/2160 examples
  scored 1380/2160 examples
  scored 1380/2160 examples
  scored 1400/2160 examples
  scored 1400/2160 examples
  scored 1420/2160 examples
  scored 1420/2160 examples
  scored 1440/2160 examples
  scored 1440/2160 examples
  scored 1460/2160 examples
  scored 1460/2160 examples
  scored 1480/2160 examples
  scored 1480/2160 examples
  scored 1500/2160 examples
  scored 1500/2160 examples
  scored 1520/2160 examples
  scored 1520/2160 examples
  scored 1540/2160 examples
  scored 1540/2160 examples
  scored 1560/2160 examples
  scored 1560/2160 examples
  scored 1580/2160 examples
  scored 1580/2160 examples
  scored 1600/2160 examples
  scored 1600/2160 examples
  scored 1620/2160 examples
  scored 1620/2160 examples
  scored 1640/2160 examples
  scored 1640/2160 examples
  scored 1660/2160 examples
  scored 1660/2160 examples
  scored 1680/2160 examples
  scored 1680/2160 examples
  scored 1700/2160 examples
  scored 1700/2160 examples
  scored 1720/2160 examples
  scored 1720/2160 examples
  scored 1740/2160 examples
  scored 1740/2160 examples
  scored 1760/2160 examples
  scored 1760/2160 examples
  scored 1780/2160 examples
  scored 1780/2160 examples
  scored 1800/2160 examples
  scored 1800/2160 examples
  scored 1820/2160 examples
  scored 1820/2160 examples
  scored 1840/2160 examples
  scored 1840/2160 examples
  scored 1860/2160 examples
  scored 1860/2160 examples
  scored 1880/2160 examples
  scored 1880/2160 examples
  scored 1900/2160 examples
  scored 1900/2160 examples
  scored 1920/2160 examples
  scored 1920/2160 examples
  scored 1940/2160 examples
  scored 1940/2160 examples
  scored 1960/2160 examples
  scored 1960/2160 examples
  scored 1980/2160 examples
  scored 1980/2160 examples
  scored 2000/2160 examples
  scored 2000/2160 examples
  scored 2020/2160 examples
  scored 2020/2160 examples
  scored 2040/2160 examples
  scored 2040/2160 examples
  scored 2060/2160 examples
  scored 2060/2160 examples
  scored 2080/2160 examples
  scored 2080/2160 examples
  scored 2100/2160 examples
  scored 2100/2160 examples
  scored 2120/2160 examples
  scored 2120/2160 examples
  scored 2140/2160 examples
  scored 2140/2160 examples
  scored 2160/2160 examples
  scored 2160/2160 examples
Results saved to checkpoints_v11_recall_stage6/control/eval/v11_behavior.json
Results saved to checkpoints_v11_recall_stage6/control/eval/v11_behavior.json
[3/3] verdict ...
[3/3] verdict ...
================================================================
RECALL-GATE VERDICT: control
================================================================
  params:                  100,878,896
  overall behavioral acc:  0.169
  single-assoc by context: 128:0.34, 512:0.14, 1024:0.14, 2048:0.14
  single@max_ctx(2048):     0.139  target>=0.9  FAIL
  gate p_content-p_filler: -0.160  |.|>=0.05  PASS
  mean protect / gamma:    0.449 / 0.852
  SHIP: NO
  verdict JSON -> checkpoints_v11_recall_stage6/control/eval/verdict.json
================================================================
RECALL-GATE VERDICT: control
================================================================
  params:                  100,878,896
  overall behavioral acc:  0.169
  single-assoc by context: 128:0.34, 512:0.14, 1024:0.14, 2048:0.14
  single@max_ctx(2048):     0.139  target>=0.9  FAIL
  gate p_content-p_filler: -0.160  |.|>=0.05  PASS
  mean protect / gamma:    0.449 / 0.852
  SHIP: NO
  verdict JSON -> checkpoints_v11_recall_stage6/control/eval/verdict.json
[eval-recall-gate] done -> checkpoints_v11_recall_stage6/control/eval
[eval-recall-gate] done -> checkpoints_v11_recall_stage6/control/eval
[stage6] train delta extra=[--write_mode delta --n_states 1 --delta_chunk 64] budget=300000000
[stage6] train delta extra=[--write_mode delta --n_states 1 --delta_chunk 64] budget=300000000
[Discord] Webhook configured -- notifications enabled
[Discord] Webhook configured -- notifications enabled
Token indices sequence length is longer than the specified maximum sequence length for this model (3479 > 1024). Running this sequence through the model will result in indexing errors
Token indices sequence length is longer than the specified maximum sequence length for this model (3479 > 1024). Running this sequence through the model will result in indexing errors
/pytorch/aten/src/ATen/native/cuda/Loss.cu:91: operator(): block: [107,0,0], thread: [64,0,0] Assertion `target_val >= zero && target_val <= one` failed.
/pytorch/aten/src/ATen/native/cuda/Loss.cu:91: operator(): block: [107,0,0], thread: [65,0,0] Assertion `target_val >= zero && target_val <= one` failed.
/pytorch/aten/src/ATen/native/cuda/Loss.cu:91: operator(): block: [107,0,0], thread: [66,0,0] Assertion `target_val >= zero && target_val <= one` failed.
/pytorch/aten/src/ATen/native/cuda/Loss.cu:91: operator(): block: [107,0,0], thread: [67,0,0] Assertion `target_val >= zero && target_val <= one` failed.
/pytorch/aten/src/ATen/native/cuda/Loss.cu:91: operator(): block: [107,0,0], thread: [68,0,0] Assertion `target_val >= zero && target_val <= one` failed.
/pytorch/aten/src/ATen/native/cuda/Loss.cu:91: operator(): block: [107,0,0], thread: [69,0,0] Assertion `target_val >= zero && target_val <= one` failed.
/pytorch/aten/src/ATen/native/cuda/Loss.cu:91: operator(): block: [107,0,0], thread: [70,0,0] Assertion `target_val >= zero && target_val <= one` failed.
/pytorch/aten/src/ATen/native/cuda/Loss.cu:91: operator(): block: [107,0,0], thread: [71,0,0] Assertion `target_val >= zero && target_val <= one` failed.
/pytorch/aten/src/ATen/native/cuda/Loss.cu:91: operator(): block: [107,0,0], thread: [72,0,0] Assertion `target_val >= zero && target_val <= one` failed.
/pytorch/aten/src/ATen/native/cuda/Loss.cu:91: operator(): block: [107,0,0], thread: [73,0,0] Assertion `target_val >= zero && target_val <= one` failed.
/pytorch/aten/src/ATen/native/cuda/Loss.cu:91: operator(): block: [107,0,0], thread: [74,0,0] Assertion `target_val >= zero && target_val <= one` failed.
/pytorch/aten/src/ATen/native/cuda/Loss.cu:91: operator(): block: [107,0,0], thread: [75,0,0] Assertion `target_val >= zero && target_val <= one` failed.
/pytorch/aten/src/ATen/native/cuda/Loss.cu:91: operator(): block: [107,0,0], thread: [76,0,0] Assertion `target_val >= zero && target_val <= one` failed.
/pytorch/aten/src/ATen/native/cuda/Loss.cu:91: operator(): block: [107,0,0], thread: [77,0,0] Assertion `target_val >= zero && target_val <= one` failed.
/pytorch/aten/src/ATen/native/cuda/Loss.cu:91: operator(): block: [107,0,0], thread: [78,0,0] Assertion `target_val >= zero && target_val <= one` failed.
/pytorch/aten/src/ATen/native/cuda/Loss.cu:91: operator(): block: [107,0,0], thread: [79,0,0] Assertion `target_val >= zero && target_val <= one` failed.
/pytorch/aten/src/ATen/native/cuda/Loss.cu:91: operator(): block: [107,0,0], thread: [80,0,0] Assertion `target_val >= zero && target_val <= one` failed.
/pytorch/aten/src/ATen/native/cuda/Loss.cu:91: operator(): block: [107,0,0], thread: [81,0,0] Assertion `target_val >= zero && target_val <= one` failed.
/pytorch/aten/src/ATen/native/cuda/Loss.cu:91: operator(): block: [107,0,0], thread: [82,0,0] Assertion `target_val >= zero && target_val <= one` failed.
/pytorch/aten/src/ATen/native/cuda/Loss.cu:91: operator(): block: [107,0,0], thread: [83,0,0] Assertion `target_val >= zero && target_val <= one` failed.
/pytorch/aten/src/ATen/native/cuda/Loss.cu:91: operator(): block: [107,0,0], thread: [84,0,0] Assertion `target_val >= zero && target_val <= one` failed.
/pytorch/aten/src/ATen/native/cuda/Loss.cu:91: operator(): block: [107,0,0], thread: [85,0,0] Assertion `target_val >= zero && target_val <= one` failed.
/pytorch/aten/src/ATen/native/cuda/Loss.cu:91: operator(): block: [107,0,0], thread: [86,0,0] Assertion `target_val >= zero && target_val <= one` failed.
/pytorch/aten/src/ATen/native/cuda/Loss.cu:91: operator(): block: [107,0,0], thread: [64,0,0] Assertion `target_val >= zero && target_val <= one` failed.
/pytorch/aten/src/ATen/native/cuda/Loss.cu:91: operator(): block: [107,0,0], thread: [65,0,0] Assertion `target_val >= zero && target_val <= one` failed.
/pytorch/aten/src/ATen/native/cuda/Loss.cu:91: operator(): block: [107,0,0], thread: [66,0,0] Assertion `target_val >= zero && target_val <= one` failed.
/pytorch/aten/src/ATen/native/cuda/Loss.cu:91: operator(): block: [107,0,0], thread: [67,0,0] Assertion `target_val >= zero && target_val <= one` failed.
/pytorch/aten/src/ATen/native/cuda/Loss.cu:91: operator(): block: [107,0,0], thread: [68,0,0] Assertion `target_val >= zero && target_val <= one` failed.
/pytorch/aten/src/ATen/native/cuda/Loss.cu:91: operator(): block: [107,0,0], thread: [69,0,0] Assertion `target_val >= zero && target_val <= one` failed.
/pytorch/aten/src/ATen/native/cuda/Loss.cu:91: operator(): block: [107,0,0], thread: [70,0,0] Assertion `target_val >= zero && target_val <= one` failed.
/pytorch/aten/src/ATen/native/cuda/Loss.cu:91: operator(): block: [107,0,0], thread: [71,0,0] Assertion `target_val >= zero && target_val <= one` failed.
/pytorch/aten/src/ATen/native/cuda/Loss.cu:91: operator(): block: [107,0,0], thread: [72,0,0] Assertion `target_val >= zero && target_val <= one` failed.
/pytorch/aten/src/ATen/native/cuda/Loss.cu:91: operator(): block: [107,0,0], thread: [73,0,0] Assertion `target_val >= zero && target_val <= one` failed.
/pytorch/aten/src/ATen/native/cuda/Loss.cu:91: operator(): block: [107,0,0], thread: [74,0,0] Assertion `target_val >= zero && target_val <= one` failed.
/pytorch/aten/src/ATen/native/cuda/Loss.cu:91: operator(): block: [107,0,0], thread: [75,0,0] Assertion `target_val >= zero && target_val <= one` failed.
/pytorch/aten/src/ATen/native/cuda/Loss.cu:91: operator(): block: [107,0,0], thread: [76,0,0] Assertion `target_val >= zero && target_val <= one` failed.
/pytorch/aten/src/ATen/native/cuda/Loss.cu:91: operator(): block: [107,0,0], thread: [77,0,0] Assertion `target_val >= zero && target_val <= one` failed.
/pytorch/aten/src/ATen/native/cuda/Loss.cu:91: operator(): block: [107,0,0], thread: [78,0,0] Assertion `target_val >= zero && target_val <= one` failed.
/pytorch/aten/src/ATen/native/cuda/Loss.cu:91: operator(): block: [107,0,0], thread: [79,0,0] Assertion `target_val >= zero && target_val <= one` failed.
/pytorch/aten/src/ATen/native/cuda/Loss.cu:91: operator(): block: [107,0,0], thread: [80,0,0] Assertion `target_val >= zero && target_val <= one` failed.
/pytorch/aten/src/ATen/native/cuda/Loss.cu:91: operator(): block: [107,0,0], thread: [81,0,0] Assertion `target_val >= zero && target_val <= one` failed.
/pytorch/aten/src/ATen/native/cuda/Loss.cu:91: operator(): block: [107,0,0], thread: [82,0,0] Assertion `target_val >= zero && target_val <= one` failed.
/pytorch/aten/src/ATen/native/cuda/Loss.cu:91: operator(): block: [107,0,0], thread: [83,0,0] Assertion `target_val >= zero && target_val <= one` failed.
/pytorch/aten/src/ATen/native/cuda/Loss.cu:91: operator(): block: [107,0,0], thread: [84,0,0] Assertion `target_val >= zero && target_val <= one` failed.
/pytorch/aten/src/ATen/native/cuda/Loss.cu:91: operator(): block: [107,0,0], thread: [85,0,0] Assertion `target_val >= zero && target_val <= one` failed.
/pytorch/aten/src/ATen/native/cuda/Loss.cu:91: operator(): block: [107,0,0], thread: [86,0,0] Assertion `target_val >= zero && target_val <= one` failed.
/pytorch/aten/src/ATen/native/cuda/Loss.cu:91: operator(): block: [107,0,0], thread: [87,0,0/pytorch/aten/src/ATen/native/cuda/Loss.cu:91: operator(): block: [107,0,0], thread: [87,0,0] Assertion `target_val >= zero && target_val <= one` failed.
/pytorch/aten/src/ATen/native/cuda/Loss.cu:91: operator(): block: [107,0,0], thread: [88,0,0] Assertion `target_val >= zero && target_val <= one` failed.
/pytorch/aten/src/ATen/native/cuda/Loss.cu:91: operator(): block: [107,0,0], thread: [89,0,0] Assertion `target_val >= zero && target_val <= one` failed.
/pytorch/aten/src/ATen/native/cuda/Loss.cu:91: operator(): block: [107,0,0], thread: [90,0,0] Assertion `target_val >= zero && target_val <= one` failed.
/pytorch/aten/src/ATen/native/cuda/Loss.cu:91: operator(): block: [107,0,0], thread: [91,0,0] Assertion `target_val >= zero && target_val <= one` failed.
/pytorch/aten/src/ATen/native/cuda/Loss.cu:91: operator(): block: [107,0,0], thread: [92,0,0] Assertion `target_val >= zero && target_val <= one` failed.
/pytorch/aten/src/ATen/native/cuda/Loss.cu:91: operator(): block: [107,0,0], thread: [93,0,0] Assertion `target_val >= zero && target_val <= one` failed.
/pytorch/aten/src/ATen/native/cuda/Loss.cu:91: operator(): block: [107,0,0], thread: [94,0,0] Assertion `target_val >= zero && target_val <= one` failed.
/pytorch/aten/src/ATen/native/cuda/Loss.cu:91: operator(): block: [107,0,0], thread: [95,0,0] Assertion `target_val >= zero && target_val <= one` failed.
] Assertion `target_val >= zero && target_val <= one` failed.
/pytorch/aten/src/ATen/native/cuda/Loss.cu:91: operator(): block: [107,0,0], thread: [88,0,0] Assertion `target_val >= zero && target_val <= one` failed.
/pytorch/aten/src/ATen/native/cuda/Loss.cu:91: operator(): block: [107,0,0], thread: [89,0,0] Assertion `target_val >= zero && target_val <= one` failed.
/pytorch/aten/src/ATen/native/cuda/Loss.cu:91: operator(): block: [107,0,0], thread: [90,0,0] Assertion `target_val >= zero && target_val <= one` failed.
/pytorch/aten/src/ATen/native/cuda/Loss.cu:91: operator(): block: [107,0,0], thread: [91,0,0] Assertion `target_val >= zero && target_val <= one` failed.
/pytorch/aten/src/ATen/native/cuda/Loss.cu:91: operator(): block: [107,0,0], thread: [92,0,0] Assertion `target_val >= zero && target_val <= one` failed.
/pytorch/aten/src/ATen/native/cuda/Loss.cu:91: operator(): block: [107,0,0], thread: [93,0,0] Assertion `target_val >= zero && target_val <= one` failed.
/pytorch/aten/src/ATen/native/cuda/Loss.cu:91: operator(): block: [107,0,0], thread: [94,0,0] Assertion `target_val >= zero && target_val <= one` failed.
/pytorch/aten/src/ATen/native/cuda/Loss.cu:91: operator(): block: [107,0,0], thread: [95,0,0] Assertion `target_val >= zero && target_val <= one` failed.
/pytorch/aten/src/ATen/native/cuda/Loss.cu:91: operator(): block: [138,0,0], thread: [96,0,0] Assertion `target_val >= zero && target_val <= one` failed.
/pytorch/aten/src/ATen/native/cuda/Loss.cu:91: operator(): block: [138,0,0], thread: [97,0,0] Assertion `target_val >= zero && target_val <= one` failed.
/pytorch/aten/src/ATen/native/cuda/Loss.cu:91: operator(): block: [138,0,0], thread: [96,0,0] Assertion `target_val >= zero && target_val <= one` failed.
/pytorch/aten/src/ATen/native/cuda/Loss.cu:91: operator(): block: [138,0,0], thread: [97,0,0] Assertion `target_val >= zero && target_val <= one` failed.
/pytorch/aten/src/ATen/native/cuda/Loss.cu:91: operator(): block: [138,0,0], thread: [98,0,0] Assertion `target_val >= zero && target_val <= one/pytorch/aten/src/ATen/native/cuda/Loss.cu:91: operator(): block: [138,0,0], thread: [98,0,0] Assertion `target_val >= zero && target_val <= one` failed.
` failed.
/pytorch/aten/src/ATen/native/cuda/Loss.cu:91: operator(): block: [138,0,0], thread: [99/pytorch/aten/src/ATen/native/cuda/Loss.cu:91: operator(): block: [138,0,0], thread: [99,0,0] Assertion `target_val >= zero && target_val <= one` failed.
,0,0] Assertion `target_val >= zero && target_val <= one` failed.
/pytorch/aten/src/ATen/native/cuda/Loss.cu:91: operator()/pytorch/aten/src/ATen/native/cuda/Loss.cu:91: operator(): block: [138,0,0], thread: [100: block: [138,0,0], thread: [100,0,0] Assertion `target_val >= zero && target_val <= one` failed.
,0,0] Assertion `target_val >= zero && target_val <= one` failed.
/pytorch/aten/src/ATen/native/cuda/Loss.cu:91/pytorch/aten/src/ATen/native/cuda/Loss.cu:91: operator(): block: [138,0,0: operator(): block: [138,0,0], thread: [101,0,0] Assertion `target_val >= zero && target_val <= one], thread: [101,0,0] Assertion `target_val >= zero && target_val <= one` failed.
` failed.
/pytorch/aten/src/ATen/native/cuda/Loss.cu:91/pytorch/aten/src/ATen/native/cuda/Loss.cu:91: operator(): block: [138,0,0: operator(): block: [138,0,0], thread: [102,0,0] Assertion `target_val >= zero && target_val <= one` failed.
], thread: [102,0,0] Assertion `target_val >= zero && target_val <= one` failed.
/pytorch/aten/src/ATen/native/cuda/Loss.cu:91: operator(): block: [138,0,0], thread: [103,0,0] Assertion `target_val >= zero && target_val <= one` failed.
/pytorch/aten/src/ATen/native/cuda/Loss.cu:91: operator(): block: [138,0,0], thread: [103,0,0] Assertion `target_val >= zero && target_val <= one` failed.
/pytorch/aten/src/ATen/native/cuda/Loss.cu:91/pytorch/aten/src/ATen/native/cuda/Loss.cu:91: operator(): block: [138,0,0: operator(): block: [138,0,0], thread: [104,0,0] Assertion `target_val >= zero && target_val <= one` failed.
], thread: [104,0,0] Assertion `target_val >= zero && target_val <= one` failed.
/pytorch/aten/src/ATen/native/cuda/Loss.cu/pytorch/aten/src/ATen/native/cuda/Loss.cu:91: operator(): block: [138,0:91: operator(): block: [138,0,0], thread: [105,0,0] Assertion `target_val >= zero && target_val <= one` failed.
,0], thread: [105,0,0] Assertion `target_val >= zero && target_val <= one` failed.
/pytorch/aten/src/ATen/native/cuda/Loss.cu:91/pytorch/aten/src/ATen/native/cuda/Loss.cu:91: operator(): block: [138,0,0: operator(): block: [138,0,0], thread: [106,0,0] Assertion `target_val >= zero && target_val <= one` failed.
], thread: [106,0,0] Assertion `target_val >= zero && target_val <= one` failed.
/pytorch/aten/src/ATen/native/cuda/Loss.cu:91/pytorch/aten/src/ATen/native/cuda/Loss.cu:91: operator(): block: [138,0,0], thread: [107,0: operator(): block: [138,0,0], thread: [107,0,0] Assertion `target_val >= zero && target_val <= one` failed.
,0] Assertion `target_val >= zero && target_val <= one` failed.
/pytorch/aten/src/ATen/native/cuda/Loss.cu:91: operator()/pytorch/aten/src/ATen/native/cuda/Loss.cu:91: operator(): block: [138,0,0: block: [138,0,0], thread: [108,0,0] Assertion `target_val >= zero && target_val <= one` failed.
], thread: [108,0,0] Assertion `target_val >= zero && target_val <= one` failed.
/pytorch/aten/src/ATen/native/cuda/Loss.cu:91/pytorch/aten/src/ATen/native/cuda/Loss.cu:91: operator(): block: [138,0: operator(): block: [138,0,0], thread: [109,0,0] Assertion `target_val >= zero && target_val <= one` failed.
,0], thread: [109,0,0] Assertion `target_val >= zero && target_val <= one` failed.
/pytorch/aten/src/ATen/native/cuda/Loss.cu:91: operator()/pytorch/aten/src/ATen/native/cuda/Loss.cu:91: operator(): block: [138,0,0], thread: [110: block: [138,0,0], thread: [110,0,0] Assertion `target_val >= zero && target_val <= one,0,0] Assertion `target_val >= zero && target_val <= one` failed.
` failed.
/pytorch/aten/src/ATen/native/cuda/Loss.cu:91/pytorch/aten/src/ATen/native/cuda/Loss.cu:91: operator(): block: [138,0,0], thread: [111,0,0: operator(): block: [138,0,0], thread: [111,0,0] Assertion `target_val >= zero && target_val <= one` failed.
] Assertion `target_val >= zero && target_val <= one` failed.
/pytorch/aten/src/ATen/native/cuda/Loss.cu/pytorch/aten/src/ATen/native/cuda/Loss.cu:91: operator(): block: [138,0:91: operator(): block: [138,0,0], thread: [112,0,0] Assertion `target_val >= zero && target_val <= one` failed.
,0], thread: [112,0,0] Assertion `target_val >= zero && target_val <= one` failed.
/pytorch/aten/src/ATen/native/cuda/Loss.cu/pytorch/aten/src/ATen/native/cuda/Loss.cu:91: operator(): block: [138,0:91: operator(): block: [138,0,0], thread: [113,0,0] Assertion `target_val >= zero && target_val <= one` failed.
,0], thread: [113,0,0] Assertion `target_val >= zero && target_val <= one` failed.
/pytorch/aten/src/ATen/native/cuda/Loss.cu:91/pytorch/aten/src/ATen/native/cuda/Loss.cu:91: operator(): block: [138,0: operator(): block: [138,0,0], thread: [114,0,0], thread: [114,0,0] Assertion `target_val >= zero && target_val <= one` failed.
,0] Assertion `target_val >= zero && target_val <= one` failed.
/pytorch/aten/src/ATen/native/cuda/Loss.cu:91: operator(): block: [138/pytorch/aten/src/ATen/native/cuda/Loss.cu:91: operator(): block: [138,0,0], thread: [115,0,0] Assertion `target_val >= zero && target_val <= one` failed.
/pytorch/aten/src/ATen/native/cuda/Loss.cu:91: operator(): block: [138,0,0], thread: [116,0,0] Assertion `target_val >= zero && target_val <= one` failed.
,0,0], thread: [115,0,0] Assertion `target_val >= zero && target_val <= one` failed.
/pytorch/aten/src/ATen/native/cuda/Loss.cu:91: operator(): block: [138,0,0], thread: [116,0,0] Assertion `target_val >= zero && target_val <= one` failed.
/pytorch/aten/src/ATen/native/cuda/Loss.cu:91: operator(): block: [138,0,0], thread: [117/pytorch/aten/src/ATen/native/cuda/Loss.cu:91: operator(): block: [138,0,0], thread: [117,0,0] Assertion `target_val >= zero && target_val <= one` failed.
,0,0] Assertion `target_val >= zero && target_val <= one` failed.
/pytorch/aten/src/ATen/native/cuda/Loss.cu:91: operator(): block: [138,0,0/pytorch/aten/src/ATen/native/cuda/Loss.cu:91: operator(): block: [138,0,0], thread: [118,0,0] Assertion `target_val >= zero && target_val <= one` failed.
], thread: [118,0,0] Assertion `target_val >= zero && target_val <= one` failed.
/pytorch/aten/src/ATen/native/cuda/Loss.cu/pytorch/aten/src/ATen/native/cuda/Loss.cu:91: operator(): block: [138,0,0], thread: [119,0,0:91: operator(): block: [138,0,0], thread: [119,0,0] Assertion `target_val >= zero && target_val <= one` failed.
] Assertion `target_val >= zero && target_val <= one` failed.
/pytorch/aten/src/ATen/native/cuda/Loss.cu/pytorch/aten/src/ATen/native/cuda/Loss.cu:91: operator(): block: [138,0:91: operator(): block: [138,0,0], thread: [120,0,0] Assertion `target_val >= zero && target_val <= one` failed.
,0], thread: [120,0,0] Assertion `target_val >= zero && target_val <= one` failed.
/pytorch/aten/src/ATen/native/cuda/Loss.cu:91: operator(): block: [138,0,0], thread: [121,0,0] Assertion `target_val >= zero && target_val <= one` failed.
/pytorch/aten/src/ATen/native/cuda/Loss.cu:91: operator(): block: [138,0,0], thread: [122,0,0] Assertion `target_val >= zero && target_val <= one` failed.
/pytorch/aten/src/ATen/native/cuda/Loss.cu:91: operator(): block: [138,0,0], thread: [123,0,0] Assertion `target_val >= zero && target_val <= one` failed.
/pytorch/aten/src/ATen/native/cuda/Loss.cu:91: operator(): block: [138,0,0], thread: [121,0,0] Assertion `target_val >= zero && target_val <= one` failed.
/pytorch/aten/src/ATen/native/cuda/Loss.cu:91: operator(): block: [138,0,0], thread: [122,0,0] Assertion `target_val >= zero && target_val <= one` failed.
/pytorch/aten/src/ATen/native/cuda/Loss.cu:91: operator(): block: [138,0,0], thread: [123,0,0] Assertion `target_val >= zero && target_val <= one` failed.
/pytorch/aten/src/ATen/native/cuda/Loss.cu:91: operator(): block: [138/pytorch/aten/src/ATen/native/cuda/Loss.cu:91: operator(): block: [138,0,0], thread: [124,0,0] Assertion `target_val >= zero && target_val <= one` failed.
,0,0], thread: [124,0,0] Assertion `target_val >= zero && target_val <= one` failed.
/pytorch/aten/src/ATen/native/cuda/Loss.cu:91: operator()/pytorch/aten/src/ATen/native/cuda/Loss.cu:91: operator(): block: [138,0,0: block: [138,0,0], thread: [125,0,0] Assertion `target_val >= zero && target_val <= one` failed.
], thread: [125,0,0] Assertion `target_val >= zero && target_val <= one` failed.
/pytorch/aten/src/ATen/native/cuda/Loss.cu:91: operator()/pytorch/aten/src/ATen/native/cuda/Loss.cu:91: operator(): block: [138,0,0], thread: [126,0,0] Assertion `target_val >= zero && target_val <= one` failed.
: block: [138,0,0], thread: [126,0,0] Assertion `target_val >= zero && target_val <= one` failed.
/pytorch/aten/src/ATen/native/cuda/Loss.cu:91/pytorch/aten/src/ATen/native/cuda/Loss.cu:91: operator(): block: [138,0: operator(): block: [138,0,0], thread: [127,0,0], thread: [127,0,0] Assertion `target_val >= zero && target_val <= one` failed.
,0] Assertion `target_val >= zero && target_val <= one` failed.
Traceback (most recent call last):
  File "/home/ubuntu/.local/share/uv/python/cpython-3.9-linux-x86_64-gnu/lib/python3.9/runpy.py", line 197, in _run_module_as_main
Traceback (most recent call last):
  File "/home/ubuntu/.local/share/uv/python/cpython-3.9-linux-x86_64-gnu/lib/python3.9/runpy.py", line 197, in _run_module_as_main
    return _run_code(code, main_globals, None,
  File "/home/ubuntu/.local/share/uv/python/cpython-3.9-linux-x86_64-gnu/lib/python3.9/runpy.py", line 87, in _run_code
    return _run_code(code, main_globals, None,
  File "/home/ubuntu/.local/share/uv/python/cpython-3.9-linux-x86_64-gnu/lib/python3.9/runpy.py", line 87, in _run_code
    exec(code, run_globals)
  File "/home/ubuntu/Development/qllm-private/v11/train.py", line 643, in <module>
    exec(code, run_globals)
  File "/home/ubuntu/Development/qllm-private/v11/train.py", line 643, in <module>
    main()
  File "/home/ubuntu/Development/qllm-private/v11/train.py", line 635, in main
    main()
  File "/home/ubuntu/Development/qllm-private/v11/train.py", line 635, in main
    trainer.train()
  File "/home/ubuntu/Development/qllm-private/v7/train.py", line 677, in train
    trainer.train()
  File "/home/ubuntu/Development/qllm-private/v7/train.py", line 677, in train
    train_metrics = self.train_epoch(epoch)
  File "/home/ubuntu/Development/qllm-private/v7/train.py", line 445, in train_epoch
    train_metrics = self.train_epoch(epoch)
  File "/home/ubuntu/Development/qllm-private/v7/train.py", line 445, in train_epoch
    self._last_gate_loss = float(gate_loss.detach())
    self._last_gate_loss = float(gate_loss.detach())
torch.AcceleratorError: CUDA error: device-side assert triggered
CUDA kernel errors might be asynchronously reported at some other API call, so the stacktrace below might be incorrect.
For debugging consider passing CUDA_LAUNCH_BLOCKING=1
Compile with `TORCH_USE_CUDA_DSA` to enable device-side assertions.
torch.AcceleratorError: CUDA error: device-side assert triggered
CUDA kernel errors might be asynchronously reported at some other API call, so the stacktrace below might be incorrect.
For debugging consider passing CUDA_LAUNCH_BLOCKING=1
Compile with `TORCH_USE_CUDA_DSA` to enable device-side assertions.


Wall clock start: 2026-07-17 04:46:29
============================================================
  V11: PAM with new memory dynamics
  Preset: v11_e3_k3_chat | Stage: pretrain | Dataset: pretrain_mix
============================================================

Config: {'vocab_size': 50261, 'dim': 384, 'n_heads': 6, 'head_dim': 64, 'n_layers': 16, 'expand': 3, 'dropout': 0.1, 'max_seq_len': 2048, 'use_learned_pos': False, 'use_rope': True, 'use_gsp': True, 'fused_qkv': True, 'qk_norm': False, 'tie_weights': True, 'gradient_checkpointing': False, 'activation': 'swish', 'chunk_size': 256, 'decay_mode': 'head', 'write_mode': 'delta', 'n_states': 1, 'delta_chunk': 64, 'state_dt_spread': 2.0, 'base_dt_bias': -4.0, 'gate_content_aware': True, 'protect_gate_bias': -3.0, 'routing_content_aware': True, 'state_compete': True, 'phase_init': 'zero', 'route_balance_lambda': 0.01, 'aux_loss_weight': 1.0, 'fused_e3': True, 'recompute_pam_chunks': False, 'gamma_floor': 0.0, 'gate_surprisal_lambda': 0.3, 'gate_surprisal_tau': 0.5, 'gate_surprisal_sign': 1.0, 'vault_state': False, 'vault_state_idx': 0, 'write_phase_address': False}
Memory dynamics: decay_mode=head, write_mode=delta, n_states=1, chunk_size=256
Batch size: 16, Epochs: 9999, LR: 0.0001
Token budget: 300,000,000

Loading pretrain_mix (seq_len=2048)...
Streaming pretrain blend: sources=['fineweb', 'recall'] weights=[93.0, 3.0] edu>=3 budget=300000000 vocab=50261 holdout_pct=5 exclude_holdout=True mix_seed=42 warmup=0 skips={'fineweb': 0, 'recall': 0}
[cache] Pretrain holdout val from .cache/v7_tokens/pretrain_holdout_v1_v50261_t500000_e3_p5.pt (500,000 tokens)
[cache] Loaded WikiText-103 validation from .cache/v7_tokens/wikitext103_validation_v2_full_sl2048.pt (248,461 tokens)
Val chunks: 121
Val: in-distro holdout (16 batches), WikiText secondary (8 batches)
Train batches: streaming, Val batches: 16

Model parameters: {'embedding (tied)': 38600448, 'blocks': 61575584, 'norms': 768, 'lm_head': 296064, 'total': 100472864}
Total: 100,472,864 (100.5M)
Param groups: 212 tensors (100,421,376) with wd, 165 tensors (51,488) without
Compiling model (mode=default)...
  fused_ce: compiled _hidden_to_lm (logits never materialized)

Training on cuda
Parameters: {'embedding (tied)': 38600448, 'blocks': 61575584, 'norms': 768, 'lm_head': 296064, 'total': 100472864}
Total: 100,472,864 (100.5M)
Epochs: 1..9999, Batches/epoch: stream
Periodic checkpoint: every 2000 steps -> latest.pt


============================================================
Epoch 1/9999
============================================================
[fineweb] local parquet stream: 15 shards under data/fineweb-edu/sample-10BT
  [1] 0 loss=10.9086 ppl=54645.6 lr=2.00e-07 | 565 tok/s (avg 565) ETA n/a | GPU 1.4/63.6GB | gtok=32768
  [1] 50 loss=10.6697 ppl=43031.7 lr=1.02e-05 | 10846 tok/s (avg 7992) ETA n/a | GPU 1.4/64.4GB | gtok=1671168
  [1] 100 loss=10.2383 ppl=27952.9 lr=2.02e-05 | 10877 tok/s (avg 9200) ETA n/a | GPU 1.4/64.4GB | gtok=3309568
  [1] 150 loss=9.3768 ppl=11811.6 lr=3.02e-05 | 10842 tok/s (avg 9686) ETA n/a | GPU 1.4/64.4GB | gtok=4947968
  [1] 200 loss=8.6068 ppl=5468.8 lr=4.02e-05 | 10830 tok/s (avg 9947) ETA n/a | GPU 1.4/64.4GB | gtok=6586368
Wall clock start: 2026-07-17 04:46:29
============================================================
  V11: PAM with new memory dynamics
  Preset: v11_e3_k3_chat | Stage: pretrain | Dataset: pretrain_mix
============================================================

Config: {'vocab_size': 50261, 'dim': 384, 'n_heads': 6, 'head_dim': 64, 'n_layers': 16, 'expand': 3, 'dropout': 0.1, 'max_seq_len': 2048, 'use_learned_pos': False, 'use_rope': True, 'use_gsp': True, 'fused_qkv': True, 'qk_norm': False, 'tie_weights': True, 'gradient_checkpointing': False, 'activation': 'swish', 'chunk_size': 256, 'decay_mode': 'head', 'write_mode': 'delta', 'n_states': 1, 'delta_chunk': 64, 'state_dt_spread': 2.0, 'base_dt_bias': -4.0, 'gate_content_aware': True, 'protect_gate_bias': -3.0, 'routing_content_aware': True, 'state_compete': True, 'phase_init': 'zero', 'route_balance_lambda': 0.01, 'aux_loss_weight': 1.0, 'fused_e3': True, 'recompute_pam_chunks': False, 'gamma_floor': 0.0, 'gate_surprisal_lambda': 0.3, 'gate_surprisal_tau': 0.5, 'gate_surprisal_sign': 1.0, 'vault_state': False, 'vault_state_idx': 0, 'write_phase_address': False}
Memory dynamics: decay_mode=head, write_mode=delta, n_states=1, chunk_size=256
Batch size: 16, Epochs: 9999, LR: 0.0001
Token budget: 300,000,000

Loading pretrain_mix (seq_len=2048)...
Streaming pretrain blend: sources=['fineweb', 'recall'] weights=[93.0, 3.0] edu>=3 budget=300000000 vocab=50261 holdout_pct=5 exclude_holdout=True mix_seed=42 warmup=0 skips={'fineweb': 0, 'recall': 0}
[cache] Pretrain holdout val from .cache/v7_tokens/pretrain_holdout_v1_v50261_t500000_e3_p5.pt (500,000 tokens)
[cache] Loaded WikiText-103 validation from .cache/v7_tokens/wikitext103_validation_v2_full_sl2048.pt (248,461 tokens)
Val chunks: 121
Val: in-distro holdout (16 batches), WikiText secondary (8 batches)
Train batches: streaming, Val batches: 16

Model parameters: {'embedding (tied)': 38600448, 'blocks': 61575584, 'norms': 768, 'lm_head': 296064, 'total': 100472864}
Total: 100,472,864 (100.5M)
Param groups: 212 tensors (100,421,376) with wd, 165 tensors (51,488) without
Compiling model (mode=default)...
  fused_ce: compiled _hidden_to_lm (logits never materialized)

Training on cuda
Parameters: {'embedding (tied)': 38600448, 'blocks': 61575584, 'norms': 768, 'lm_head': 296064, 'total': 100472864}
Total: 100,472,864 (100.5M)
Epochs: 1..9999, Batches/epoch: stream
Periodic checkpoint: every 2000 steps -> latest.pt


============================================================
Epoch 1/9999
============================================================
[fineweb] local parquet stream: 15 shards under data/fineweb-edu/sample-10BT
  [1] 0 loss=10.9086 ppl=54645.6 lr=2.00e-07 | 565 tok/s (avg 565) ETA n/a | GPU 1.4/63.6GB | gtok=32768
  [1] 50 loss=10.6697 ppl=43031.7 lr=1.02e-05 | 10846 tok/s (avg 7992) ETA n/a | GPU 1.4/64.4GB | gtok=1671168
  [1] 100 loss=10.2383 ppl=27952.9 lr=2.02e-05 | 10877 tok/s (avg 9200) ETA n/a | GPU 1.4/64.4GB | gtok=3309568
  [1] 150 loss=9.3768 ppl=11811.6 lr=3.02e-05 | 10842 tok/s (avg 9686) ETA n/a | GPU 1.4/64.4GB | gtok=4947968
  [1] 200 loss=8.6068 ppl=5468.8 lr=4.02e-05 | 10830 tok/s (avg 9947) ETA n/a | GPU 1.4/64.4GB | gtok=6586368
terminate called after throwing an instance of 'c10::AcceleratorError'
terminate called after throwing an instance of 'c10::AcceleratorError'
  what():  CUDA error: device-side assert triggered
CUDA kernel errors might be asynchronously reported at some other API call, so the stacktrace below might be incorrect.
For debugging consider passing CUDA_LAUNCH_BLOCKING=1
Compile with `TORCH_USE_CUDA_DSA` to enable device-side assertions.

Exception raised from c10_cuda_check_implementation at /pytorch/c10/cuda/CUDAException.cpp:42 (most recent call first):
frame #0: c10::Error::Error(c10::SourceLocation, std::__cxx11::basic_string<char, std::char_traits<char>, std::allocator<char> >) + 0x80 (0x79def6cd9eb0 in /home/ubuntu/Development/qllm-private/.venv/lib/python3.9/site-packages/torch/lib/libc10.so)
frame #1: <unknown function> + 0x111c7 (0x79def6d6c1c7 in /home/ubuntu/Development/qllm-private/.venv/lib/python3.9/site-packages/torch/lib/libc10_cuda.so)
frame #2: <unknown function> + 0xc69358 (0x79de99c69358 in /home/ubuntu/Development/qllm-private/.venv/lib/python3.9/site-packages/torch/lib/libtorch_cuda.so)
frame #3: <unknown function> + 0xc643a3 (0x79de99c643a3 in /home/ubuntu/Development/qllm-private/.venv/lib/python3.9/site-packages/torch/lib/libtorch_cuda.so)
frame #4: <unknown function> + 0xc6b2dc (0x79de99c6b2dc in /home/ubuntu/Development/qllm-private/.venv/lib/python3.9/site-packages/torch/lib/libtorch_cuda.so)
frame #5: <unknown function> + 0x44100f (0x79dee964100f in /home/ubuntu/Development/qllm-private/.venv/lib/python3.9/site-packages/torch/lib/libtorch_python.so)
frame #6: c10::TensorImpl::~TensorImpl() + 0x9 (0x79def6cb7179 in /home/ubuntu/Development/qllm-private/.venv/lib/python3.9/site-packages/torch/lib/libc10.so)
frame #7: <unknown function> + 0x6e1728 (0x79dee98e1728 in /home/ubuntu/Development/qllm-private/.venv/lib/python3.9/site-packages/torch/lib/libtorch_python.so)
frame #8: <unknown function> + 0x6e1ac4 (0x79dee98e1ac4 in /home/ubuntu/Development/qllm-private/.venv/lib/python3.9/site-packages/torch/lib/libtorch_python.so)
frame #9: <unknown function> + 0x28b28e (0x55cdcd36d28e in /home/ubuntu/Development/qllm-private/.venv/bin/python3)
frame #10: <unknown function> + 0x275ea2 (0x55cdcd357ea2 in /home/ubuntu/Development/qllm-private/.venv/bin/python3)
frame #11: <unknown function> + 0x30bd3b (0x55cdcd3edd3b in /home/ubuntu/Development/qllm-private/.venv/bin/python3)
frame #12: <unknown function> + 0x30bd26 (0x55cdcd3edd26 in /home/ubuntu/Development/qllm-private/.venv/bin/python3)
frame #13: <unknown function> + 0x30bd26 (0x55cdcd3edd26 in /home/ubuntu/Development/qllm-private/.venv/bin/python3)
frame #14: <unknown function> + 0x30bd26 (0x55cdcd3edd26 in /home/ubuntu/Development/qllm-private/.venv/bin/python3)
frame #15: <unknown function> + 0x30bd26 (0x55cdcd3edd26 in /home/ubuntu/Development/qllm-private/.venv/bin/python3)
frame #16: <unknown function> + 0x30bd26 (0x55cdcd3edd26 in /home/ubuntu/Development/qllm-private/.venv/bin/python3)
frame #17: PyDict_SetItem + 0x429 (0x55cdcd24f439 in /home/ubuntu/Development/qllm-private/.venv/bin/python3)
frame #18: PyDict_SetItemString + 0x56 (0x55cdcd2517b6 in /home/ubuntu/Development/qllm-private/.venv/bin/python3)
frame #19: <unknown function> + 0x3d63ef (0x55cdcd4b83ef in /home/ubuntu/Development/qllm-private/.venv/bin/python3)
frame #20: Py_FinalizeEx + 0x1cd (0x55cdcd3ead0d in /home/ubuntu/Development/qllm-private/.venv/bin/python3)
frame #21: Py_RunMain + 0x1ed (0x55cdcd4e354d in /home/ubuntu/Development/qllm-private/.venv/bin/python3)
frame #22: <unknown function> + 0x14f028 (0x55cdcd231028 in /home/ubuntu/Development/qllm-private/.venv/bin/python3)
frame #23: <unknown function> + 0x2a8c1 (0x79def762a8c1 in /usr/lib/x86_64-linux-gnu/libc.so.6)
frame #24: __libc_start_main + 0x88 (0x79def762a9d8 in /usr/lib/x86_64-linux-gnu/libc.so.6)
frame #25: <unknown function> + 0x332dbb (0x55cdcd414dbb in /home/ubuntu/Development/qllm-private/.venv/bin/python3)

  what():  CUDA error: device-side assert triggered
CUDA kernel errors might be asynchronously reported at some other API call, so the stacktrace below might be incorrect.
For debugging consider passing CUDA_LAUNCH_BLOCKING=1
Compile with `TORCH_USE_CUDA_DSA` to enable device-side assertions.

Exception raised from c10_cuda_check_implementation at /pytorch/c10/cuda/CUDAException.cpp:42 (most recent call first):
frame #0: c10::Error::Error(c10::SourceLocation, std::__cxx11::basic_string<char, std::char_traits<char>, std::allocator<char> >) + 0x80 (0x79def6cd9eb0 in /home/ubuntu/Development/qllm-private/.venv/lib/python3.9/site-packages/torch/lib/libc10.so)
frame #1: <unknown function> + 0x111c7 (0x79def6d6c1c7 in /home/ubuntu/Development/qllm-private/.venv/lib/python3.9/site-packages/torch/lib/libc10_cuda.so)
frame #2: <unknown function> + 0xc69358 (0x79de99c69358 in /home/ubuntu/Development/qllm-private/.venv/lib/python3.9/site-packages/torch/lib/libtorch_cuda.so)
frame #3: <unknown function> + 0xc643a3 (0x79de99c643a3 in /home/ubuntu/Development/qllm-private/.venv/lib/python3.9/site-packages/torch/lib/libtorch_cuda.so)
frame #4: <unknown function> + 0xc6b2dc (0x79de99c6b2dc in /home/ubuntu/Development/qllm-private/.venv/lib/python3.9/site-packages/torch/lib/libtorch_cuda.so)
frame #5: <unknown function> + 0x44100f (0x79dee964100f in /home/ubuntu/Development/qllm-private/.venv/lib/python3.9/site-packages/torch/lib/libtorch_python.so)
frame #6: c10::TensorImpl::~TensorImpl() + 0x9 (0x79def6cb7179 in /home/ubuntu/Development/qllm-private/.venv/lib/python3.9/site-packages/torch/lib/libc10.so)
frame #7: <unknown function> + 0x6e1728 (0x79dee98e1728 in /home/ubuntu/Development/qllm-private/.venv/lib/python3.9/site-packages/torch/lib/libtorch_python.so)
frame #8: <unknown function> + 0x6e1ac4 (0x79dee98e1ac4 in /home/ubuntu/Development/qllm-private/.venv/lib/python3.9/site-packages/torch/lib/libtorch_python.so)
frame #9: <unknown function> + 0x28b28e (0x55cdcd36d28e in /home/ubuntu/Development/qllm-private/.venv/bin/python3)
frame #10: <unknown function> + 0x275ea2 (0x55cdcd357ea2 in /home/ubuntu/Development/qllm-private/.venv/bin/python3)
frame #11: <unknown function> + 0x30bd3b (0x55cdcd3edd3b in /home/ubuntu/Development/qllm-private/.venv/bin/python3)
frame #12: <unknown function> + 0x30bd26 (0x55cdcd3edd26 in /home/ubuntu/Development/qllm-private/.venv/bin/python3)
frame #13: <unknown function> + 0x30bd26 (0x55cdcd3edd26 in /home/ubuntu/Development/qllm-private/.venv/bin/python3)
frame #14: <unknown function> + 0x30bd26 (0x55cdcd3edd26 in /home/ubuntu/Development/qllm-private/.venv/bin/python3)
frame #15: <unknown function> + 0x30bd26 (0x55cdcd3edd26 in /home/ubuntu/Development/qllm-private/.venv/bin/python3)
frame #16: <unknown function> + 0x30bd26 (0x55cdcd3edd26 in /home/ubuntu/Development/qllm-private/.venv/bin/python3)
frame #17: PyDict_SetItem + 0x429 (0x55cdcd24f439 in /home/ubuntu/Development/qllm-private/.venv/bin/python3)
frame #18: PyDict_SetItemString + 0x56 (0x55cdcd2517b6 in /home/ubuntu/Development/qllm-private/.venv/bin/python3)
frame #19: <unknown function> + 0x3d63ef (0x55cdcd4b83ef in /home/ubuntu/Development/qllm-private/.venv/bin/python3)
frame #20: Py_FinalizeEx + 0x1cd (0x55cdcd3ead0d in /home/ubuntu/Development/qllm-private/.venv/bin/python3)
frame #21: Py_RunMain + 0x1ed (0x55cdcd4e354d in /home/ubuntu/Development/qllm-private/.venv/bin/python3)
frame #22: <unknown function> + 0x14f028 (0x55cdcd231028 in /home/ubuntu/Development/qllm-private/.venv/bin/python3)
frame #23: <unknown function> + 0x2a8c1 (0x79def762a8c1 in /usr/lib/x86_64-linux-gnu/libc.so.6)
frame #24: __libc_start_main + 0x88 (0x79def762a9d8 in /usr/lib/x86_64-linux-gnu/libc.so.6)
frame #25: <unknown function> + 0x332dbb (0x55cdcd414dbb in /home/ubuntu/Development/qllm-private/.venv/bin/python3)

[stage6] FAIL delta: no checkpoint
[stage6] FAIL delta: no checkpoint
[stage6] train vault extra=[--vault_state --vault_state_idx 0 --n_states 3] budget=300000000
[stage6] train vault extra=[--vault_state --vault_state_idx 0 --n_states 3] budget=300000000
[Discord] Webhook configured -- notifications enabled
[Discord] Webhook configured -- notifications enabled
Token indices sequence length is longer than the specified maximum sequence length for this model (3479 > 1024). Running this sequence through the model will result in indexing errors
Token indices sequence length is longer than the specified maximum sequence length for this model (3479 > 1024). Running this sequence through the model will result in indexing errors
/home/ubuntu/Development/qllm-private/.venv/lib/python3.9/site-packages/torch/_inductor/lowering.py:7095: UserWarning: 
Online softmax is disabled on the fly since Inductor decides to
split the reduction. Cut an issue to PyTorch if this is an
important use case and you want to speed it up with online
softmax.

  warnings.warn(
/home/ubuntu/Development/qllm-private/.venv/lib/python3.9/site-packages/torch/_inductor/lowering.py:7095: UserWarning: 
Online softmax is disabled on the fly since Inductor decides to
split the reduction. Cut an issue to PyTorch if this is an
important use case and you want to speed it up with online
softmax.

  warnings.warn(
/home/ubuntu/Development/qllm-private/.venv/lib/python3.9/site-packages/torch/_inductor/lowering.py:7095: UserWarning: 
Online softmax is disabled on the fly since Inductor decides to
split the reduction. Cut an issue to PyTorch if this is an
important use case and you want to speed it up with online
softmax.

  warnings.warn(
/home/ubuntu/Development/qllm-private/.venv/lib/python3.9/site-packages/torch/_inductor/lowering.py:7095: UserWarning: 
Online softmax is disabled on the fly since Inductor decides to
split the reduction. Cut an issue to PyTorch if this is an
important use case and you want to speed it up with online
softmax.

  warnings.warn(
Traceback (most recent call last):
  File "/home/ubuntu/Development/qllm-private/.venv/lib/python3.9/site-packages/torch/serialization.py", line 967, in save
Traceback (most recent call last):
  File "/home/ubuntu/Development/qllm-private/.venv/lib/python3.9/site-packages/torch/serialization.py", line 967, in save
    _save(
  File "/home/ubuntu/Development/qllm-private/.venv/lib/python3.9/site-packages/torch/serialization.py", line 1268, in _save
    _save(
  File "/home/ubuntu/Development/qllm-private/.venv/lib/python3.9/site-packages/torch/serialization.py", line 1268, in _save
    zip_file.write_record(name, storage, num_bytes)
RuntimeError: [enforce fail at inline_container.cc:858] . PytorchStreamWriter failed writing file data/0: file write failed

During handling of the above exception, another exception occurred:

Traceback (most recent call last):
  File "/home/ubuntu/.local/share/uv/python/cpython-3.9-linux-x86_64-gnu/lib/python3.9/runpy.py", line 197, in _run_module_as_main
    zip_file.write_record(name, storage, num_bytes)
RuntimeError: [enforce fail at inline_container.cc:858] . PytorchStreamWriter failed writing file data/0: file write failed

During handling of the above exception, another exception occurred:

Traceback (most recent call last):
  File "/home/ubuntu/.local/share/uv/python/cpython-3.9-linux-x86_64-gnu/lib/python3.9/runpy.py", line 197, in _run_module_as_main
    return _run_code(code, main_globals, None,
  File "/home/ubuntu/.local/share/uv/python/cpython-3.9-linux-x86_64-gnu/lib/python3.9/runpy.py", line 87, in _run_code
    return _run_code(code, main_globals, None,
  File "/home/ubuntu/.local/share/uv/python/cpython-3.9-linux-x86_64-gnu/lib/python3.9/runpy.py", line 87, in _run_code
    exec(code, run_globals)
  File "/home/ubuntu/Development/qllm-private/v11/train.py", line 643, in <module>
    exec(code, run_globals)
  File "/home/ubuntu/Development/qllm-private/v11/train.py", line 643, in <module>
    main()
  File "/home/ubuntu/Development/qllm-private/v11/train.py", line 635, in main
    main()
  File "/home/ubuntu/Development/qllm-private/v11/train.py", line 635, in main
    trainer.train()
  File "/home/ubuntu/Development/qllm-private/v7/train.py", line 677, in train
    trainer.train()
  File "/home/ubuntu/Development/qllm-private/v7/train.py", line 677, in train
    train_metrics = self.train_epoch(epoch)
  File "/home/ubuntu/Development/qllm-private/v7/train.py", line 553, in train_epoch
    self._save_periodic_checkpoint(epoch)
  File "/home/ubuntu/Development/qllm-private/v7/train.py", line 635, in _save_periodic_checkpoint
    self.save_checkpoint('latest.pt', epoch)
  File "/home/ubuntu/Development/qllm-private/v7/train.py", line 629, in save_checkpoint
    torch.save(ckpt, tmp_path)
  File "/home/ubuntu/Development/qllm-private/.venv/lib/python3.9/site-packages/torch/serialization.py", line 974, in save
    return
  File "/home/ubuntu/Development/qllm-private/.venv/lib/python3.9/site-packages/torch/serialization.py", line 798, in __exit__
    self.file_like.write_end_of_file()
RuntimeError: [enforce fail at inline_container.cc:664] . unexpected pos 188352 vs 188246
    train_metrics = self.train_epoch(epoch)
  File "/home/ubuntu/Development/qllm-private/v7/train.py", line 553, in train_epoch
    self._save_periodic_checkpoint(epoch)
  File "/home/ubuntu/Development/qllm-private/v7/train.py", line 635, in _save_periodic_checkpoint
    self.save_checkpoint('latest.pt', epoch)
  File "/home/ubuntu/Development/qllm-private/v7/train.py", line 629, in save_checkpoint
    torch.save(ckpt, tmp_path)
  File "/home/ubuntu/Development/qllm-private/.venv/lib/python3.9/site-packages/torch/serialization.py", line 974, in save
    return
  File "/home/ubuntu/Development/qllm-private/.venv/lib/python3.9/site-packages/torch/serialization.py", line 798, in __exit__
    self.file_like.write_end_of_file()
RuntimeError: [enforce fail at inline_container.cc:664] . unexpected pos 188352 vs 188246
Wall clock start: 2026-07-17 04:58:07
============================================================
  V11: PAM with new memory dynamics
  Preset: v11_e3_k3_chat | Stage: pretrain | Dataset: pretrain_mix
============================================================

Config: {'vocab_size': 50261, 'dim': 384, 'n_heads': 6, 'head_dim': 64, 'n_layers': 16, 'expand': 3, 'dropout': 0.1, 'max_seq_len': 2048, 'use_learned_pos': False, 'use_rope': True, 'use_gsp': True, 'fused_qkv': True, 'qk_norm': False, 'tie_weights': True, 'gradient_checkpointing': False, 'activation': 'swish', 'chunk_size': 256, 'decay_mode': 'head', 'write_mode': 'additive', 'n_states': 3, 'delta_chunk': 64, 'state_dt_spread': 2.0, 'base_dt_bias': -4.0, 'gate_content_aware': True, 'protect_gate_bias': -3.0, 'routing_content_aware': True, 'state_compete': True, 'phase_init': 'zero', 'route_balance_lambda': 0.01, 'aux_loss_weight': 1.0, 'fused_e3': True, 'recompute_pam_chunks': False, 'gamma_floor': 0.0, 'gate_surprisal_lambda': 0.3, 'gate_surprisal_tau': 0.5, 'gate_surprisal_sign': 1.0, 'vault_state': True, 'vault_state_idx': 0, 'write_phase_address': False}
Memory dynamics: decay_mode=head, write_mode=additive, n_states=3, chunk_size=256
Batch size: 16, Epochs: 9999, LR: 0.0001
Token budget: 300,000,000

Loading pretrain_mix (seq_len=2048)...
Streaming pretrain blend: sources=['fineweb', 'recall'] weights=[93.0, 3.0] edu>=3 budget=300000000 vocab=50261 holdout_pct=5 exclude_holdout=True mix_seed=42 warmup=0 skips={'fineweb': 0, 'recall': 0}
[cache] Pretrain holdout val from .cache/v7_tokens/pretrain_holdout_v1_v50261_t500000_e3_p5.pt (500,000 tokens)
[cache] Loaded WikiText-103 validation from .cache/v7_tokens/wikitext103_validation_v2_full_sl2048.pt (248,461 tokens)
Val chunks: 121
Val: in-distro holdout (16 batches), WikiText secondary (8 batches)
Train batches: streaming, Val batches: 16

Model parameters: {'embedding (tied)': 38600448, 'blocks': 61981616, 'norms': 768, 'lm_head': 296064, 'total': 100878896}
Total: 100,878,896 (100.9M)
Param groups: 228 tensors (100,826,880) with wd, 197 tensors (52,016) without
Compiling model (mode=default)...
  fused_ce: compiled _hidden_to_lm (logits never materialized)

Training on cuda
Parameters: {'embedding (tied)': 38600448, 'blocks': 61981616, 'norms': 768, 'lm_head': 296064, 'total': 100878896}
Total: 100,878,896 (100.9M)
Epochs: 1..9999, Batches/epoch: stream
Periodic checkpoint: every 2000 steps -> latest.pt


============================================================
Epoch 1/9999
============================================================
[fineweb] local parquet stream: 15 shards under data/fineweb-edu/sample-10BT
  [1] 0 loss=10.8998 ppl=54167.7 lr=2.00e-07 | 57 tok/s (avg 57) ETA n/a | GPU 1.4/39.7GB | gtok=32768
  [1] 50 loss=10.6428 ppl=41889.5 lr=1.02e-05 | 39257 tok/s (avg 2724) ETA n/a | GPU 1.4/40.4GB | gtok=1671168
  [1] 100 loss=10.0507 ppl=23171.8 lr=2.02e-05 | 39218 tok/s (avg 5051) ETA n/a | GPU 1.4/40.4GB | gtok=3309568
  [1] 150 loss=9.0226 ppl=8288.2 lr=3.02e-05 | 39151 tok/s (avg 7098) ETA n/a | GPU 1.4/40.4GB | gtok=4947968
  [1] 200 loss=8.3274 ppl=4135.9 lr=4.02e-05 | 39143 tok/s (avg 8913) ETA n/a | GPU 1.4/40.4GB | gtok=6586368
  [1] 250 loss=7.8443 ppl=2551.1 lr=5.02e-05 | 39181 tok/s (avg 10534) ETA n/a | GPU 1.4/40.4GB | gtok=8224768
  [1] 300 loss=7.4634 ppl=1743.1 lr=6.02e-05 | 39180 tok/s (avg 11990) ETA n/a | GPU 1.4/40.4GB | gtok=9863168
  [1] 350 loss=7.2611 ppl=1423.8 lr=7.02e-05 | 39182 tok/s (avg 13306) ETA n/a | GPU 1.4/40.4GB | gtok=11501568
  [1] 400 loss=7.2158 ppl=1360.7 lr=8.02e-05 | 39150 tok/s (avg 14499) ETA n/a | GPU 1.4/40.4GB | gtok=13139968
  [1] 450 loss=7.1509 ppl=1275.3 lr=9.02e-05 | 39143 tok/s (avg 15587) ETA n/a | GPU 1.4/40.4GB | gtok=14778368
  [1] 500 loss=7.1771 ppl=1309.1 lr=1.00e-04 | 39135 tok/s (avg 16583) ETA n/a | GPU 1.4/40.4GB | gtok=16416768
  [1] 550 loss=7.1358 ppl=1256.1 lr=1.00e-04 | 39051 tok/s (avg 17496) ETA n/a | GPU 1.4/40.4GB | gtok=18055168
  [1] 600 loss=6.8595 ppl=952.9 lr=1.00e-04 | 39011 tok/s (avg 18338) ETA n/a | GPU 1.4/40.4GB | gtok=19693568
  [1] 650 loss=6.9011 ppl=993.4 lr=9.99e-05 | 39117 tok/s (avg 19118) ETA n/a | GPU 1.4/40.4GB | gtok=21331968
  [1] 700 loss=6.6593 ppl=780.0 lr=9.99e-05 | 39144 tok/s (avg 19842) ETA n/a | GPU 1.4/40.4GB | gtok=22970368
  [1] 750 loss=6.5353 ppl=689.0 lr=9.98e-05 | 35535 tok/s (avg 20443) ETA n/a | GPU 1.4/40.4GB | gtok=24608768
  [1] 800 loss=6.4527 ppl=634.4 lr=9.97e-05 | 39020 tok/s (avg 21069) ETA n/a | GPU 1.4/40.4GB | gtok=26247168
  [1] 850 loss=6.2138 ppl=499.6 lr=9.96e-05 | 39151 tok/s (avg 21657) ETA n/a | GPU 1.4/40.4GB | gtok=27885568
  [1] 900 loss=6.3680 ppl=582.9 lr=9.95e-05 | 39093 tok/s (avg 22206) ETA n/a | GPU 1.4/40.4GB | gtok=29523968
  [1] 950 loss=6.2901 ppl=539.2 lr=9.94e-05 | 39143 tok/s (avg 22723) ETA n/a | GPU 1.4/40.4GB | gtok=31162368
  [1] 1000 loss=6.2973 ppl=543.1 lr=9.93e-05 | 39122 tok/s (avg 23209) ETA n/a | GPU 1.4/40.4GB | gtok=32800768
  [1] 1050 loss=5.9987 ppl=402.9 lr=9.91e-05 | 39143 tok/s (avg 23667) ETA n/a | GPU 1.4/40.4GB | gtok=34439168
  [1] 1100 loss=6.0321 ppl=416.6 lr=9.89e-05 | 39121 tok/s (avg 24100) ETA n/a | GPU 1.4/40.4GB | gtok=36077568
  [1] 1150 loss=5.9484 ppl=383.1 lr=9.88e-05 | 39074 tok/s (avg 24508) ETA n/a | GPU 1.4/40.4GB | gtok=37715968
  [1] 1200 loss=5.8465 ppl=346.0 lr=9.86e-05 | 39165 tok/s (avg 24896) ETA n/a | GPU 1.4/40.4GB | gtok=39354368
  [1] 1250 loss=5.9587 ppl=387.1 lr=9.83e-05 | 39134 tok/s (avg 25263) ETA n/a | GPU 1.4/40.4GB | gtok=40992768
  [1] 1300 loss=5.8415 ppl=344.3 lr=9.81e-05 | 39171 tok/s (avg 25612) ETA n/a | GPU 1.4/40.4GB | gtok=42631168
  [1] 1350 loss=5.8774 ppl=356.9 lr=9.79e-05 | 39133 tok/s (avg 25944) ETA n/a | GPU 1.4/40.4GB | gtok=44269568
  [1] 1400 loss=5.3392 ppl=208.3 lr=9.76e-05 | 39139 tok/s (avg 26260) ETA n/a | GPU 1.4/40.4GB | gtok=45907968
  [1] 1450 loss=5.8021 ppl=331.0 lr=9.74e-05 | 39108 tok/s (avg 26561) ETA n/a | GPU 1.4/40.4GB | gtok=47546368
  [1] 1500 loss=5.5581 ppl=259.3 lr=9.71e-05 | 39088 tok/s (avg 26847) ETA n/a | GPU 1.4/40.4GB | gtok=49184768
  [1] 1550 loss=5.6625 ppl=287.9 lr=9.68e-05 | 39113 tok/s (avg 27122) ETA n/a | GPU 1.4/40.4GB | gtok=50823168
  [1] 1600 loss=5.6145 ppl=274.4 lr=9.65e-05 | 39167 tok/s (avg 27385) ETA n/a | GPU 1.4/40.4GB | gtok=52461568
  [1] 1650 loss=5.5795 ppl=264.9 lr=9.62e-05 | 39114 tok/s (avg 27636) ETA n/a | GPU 1.4/40.4GB | gtok=54099968
  [1] 1700 loss=5.4726 ppl=238.1 lr=9.58e-05 | 35659 tok/s (avg 27820) ETA n/a | GPU 1.4/40.4GB | gtok=55738368
  [1] 1750 loss=5.4576 ppl=234.5 lr=9.55e-05 | 39080 tok/s (avg 28050) ETA n/a | GPU 1.4/40.4GB | gtok=57376768
  [1] 1800 loss=5.4254 ppl=227.1 lr=9.51e-05 | 39097 tok/s (avg 28272) ETA n/a | GPU 1.4/40.4GB | gtok=59015168
  [1] 1850 loss=5.1777 ppl=177.3 lr=9.47e-05 | 39117 tok/s (avg 28485) ETA n/a | GPU 1.4/40.4GB | gtok=60653568
  [1] 1900 loss=5.4551 ppl=233.9 lr=9.43e-05 | 39161 tok/s (avg 28691) ETA n/a | GPU 1.4/40.4GB | gtok=62291968
  [1] 1950 loss=5.4967 ppl=243.9 lr=9.39e-05 | 39129 tok/s (avg 28889) ETA n/a | GPU 1.4/40.4GB | gtok=63930368
Wall clock start: 2026-07-17 04:58:07
============================================================
  V11: PAM with new memory dynamics
  Preset: v11_e3_k3_chat | Stage: pretrain | Dataset: pretrain_mix
============================================================

Config: {'vocab_size': 50261, 'dim': 384, 'n_heads': 6, 'head_dim': 64, 'n_layers': 16, 'expand': 3, 'dropout': 0.1, 'max_seq_len': 2048, 'use_learned_pos': False, 'use_rope': True, 'use_gsp': True, 'fused_qkv': True, 'qk_norm': False, 'tie_weights': True, 'gradient_checkpointing': False, 'activation': 'swish', 'chunk_size': 256, 'decay_mode': 'head', 'write_mode': 'additive', 'n_states': 3, 'delta_chunk': 64, 'state_dt_spread': 2.0, 'base_dt_bias': -4.0, 'gate_content_aware': True, 'protect_gate_bias': -3.0, 'routing_content_aware': True, 'state_compete': True, 'phase_init': 'zero', 'route_balance_lambda': 0.01, 'aux_loss_weight': 1.0, 'fused_e3': True, 'recompute_pam_chunks': False, 'gamma_floor': 0.0, 'gate_surprisal_lambda': 0.3, 'gate_surprisal_tau': 0.5, 'gate_surprisal_sign': 1.0, 'vault_state': True, 'vault_state_idx': 0, 'write_phase_address': False}
Memory dynamics: decay_mode=head, write_mode=additive, n_states=3, chunk_size=256
Batch size: 16, Epochs: 9999, LR: 0.0001
Token budget: 300,000,000

Loading pretrain_mix (seq_len=2048)...
Streaming pretrain blend: sources=['fineweb', 'recall'] weights=[93.0, 3.0] edu>=3 budget=300000000 vocab=50261 holdout_pct=5 exclude_holdout=True mix_seed=42 warmup=0 skips={'fineweb': 0, 'recall': 0}
[cache] Pretrain holdout val from .cache/v7_tokens/pretrain_holdout_v1_v50261_t500000_e3_p5.pt (500,000 tokens)
[cache] Loaded WikiText-103 validation from .cache/v7_tokens/wikitext103_validation_v2_full_sl2048.pt (248,461 tokens)
Val chunks: 121
Val: in-distro holdout (16 batches), WikiText secondary (8 batches)
Train batches: streaming, Val batches: 16

Model parameters: {'embedding (tied)': 38600448, 'blocks': 61981616, 'norms': 768, 'lm_head': 296064, 'total': 100878896}
Total: 100,878,896 (100.9M)
Param groups: 228 tensors (100,826,880) with wd, 197 tensors (52,016) without
Compiling model (mode=default)...
  fused_ce: compiled _hidden_to_lm (logits never materialized)

Training on cuda
Parameters: {'embedding (tied)': 38600448, 'blocks': 61981616, 'norms': 768, 'lm_head': 296064, 'total': 100878896}
Total: 100,878,896 (100.9M)
Epochs: 1..9999, Batches/epoch: stream
Periodic checkpoint: every 2000 steps -> latest.pt


============================================================
Epoch 1/9999
============================================================
[fineweb] local parquet stream: 15 shards under data/fineweb-edu/sample-10BT
  [1] 0 loss=10.8998 ppl=54167.7 lr=2.00e-07 | 57 tok/s (avg 57) ETA n/a | GPU 1.4/39.7GB | gtok=32768
  [1] 50 loss=10.6428 ppl=41889.5 lr=1.02e-05 | 39257 tok/s (avg 2724) ETA n/a | GPU 1.4/40.4GB | gtok=1671168
  [1] 100 loss=10.0507 ppl=23171.8 lr=2.02e-05 | 39218 tok/s (avg 5051) ETA n/a | GPU 1.4/40.4GB | gtok=3309568
  [1] 150 loss=9.0226 ppl=8288.2 lr=3.02e-05 | 39151 tok/s (avg 7098) ETA n/a | GPU 1.4/40.4GB | gtok=4947968
  [1] 200 loss=8.3274 ppl=4135.9 lr=4.02e-05 | 39143 tok/s (avg 8913) ETA n/a | GPU 1.4/40.4GB | gtok=6586368
  [1] 250 loss=7.8443 ppl=2551.1 lr=5.02e-05 | 39181 tok/s (avg 10534) ETA n/a | GPU 1.4/40.4GB | gtok=8224768
  [1] 300 loss=7.4634 ppl=1743.1 lr=6.02e-05 | 39180 tok/s (avg 11990) ETA n/a | GPU 1.4/40.4GB | gtok=9863168
  [1] 350 loss=7.2611 ppl=1423.8 lr=7.02e-05 | 39182 tok/s (avg 13306) ETA n/a | GPU 1.4/40.4GB | gtok=11501568
  [1] 400 loss=7.2158 ppl=1360.7 lr=8.02e-05 | 39150 tok/s (avg 14499) ETA n/a | GPU 1.4/40.4GB | gtok=13139968
  [1] 450 loss=7.1509 ppl=1275.3 lr=9.02e-05 | 39143 tok/s (avg 15587) ETA n/a | GPU 1.4/40.4GB | gtok=14778368
  [1] 500 loss=7.1771 ppl=1309.1 lr=1.00e-04 | 39135 tok/s (avg 16583) ETA n/a | GPU 1.4/40.4GB | gtok=16416768
  [1] 550 loss=7.1358 ppl=1256.1 lr=1.00e-04 | 39051 tok/s (avg 17496) ETA n/a | GPU 1.4/40.4GB | gtok=18055168
  [1] 600 loss=6.8595 ppl=952.9 lr=1.00e-04 | 39011 tok/s (avg 18338) ETA n/a | GPU 1.4/40.4GB | gtok=19693568
  [1] 650 loss=6.9011 ppl=993.4 lr=9.99e-05 | 39117 tok/s (avg 19118) ETA n/a | GPU 1.4/40.4GB | gtok=21331968
  [1] 700 loss=6.6593 ppl=780.0 lr=9.99e-05 | 39144 tok/s (avg 19842) ETA n/a | GPU 1.4/40.4GB | gtok=22970368
  [1] 750 loss=6.5353 ppl=689.0 lr=9.98e-05 | 35535 tok/s (avg 20443) ETA n/a | GPU 1.4/40.4GB | gtok=24608768
  [1] 800 loss=6.4527 ppl=634.4 lr=9.97e-05 | 39020 tok/s (avg 21069) ETA n/a | GPU 1.4/40.4GB | gtok=26247168
  [1] 850 loss=6.2138 ppl=499.6 lr=9.96e-05 | 39151 tok/s (avg 21657) ETA n/a | GPU 1.4/40.4GB | gtok=27885568
  [1] 900 loss=6.3680 ppl=582.9 lr=9.95e-05 | 39093 tok/s (avg 22206) ETA n/a | GPU 1.4/40.4GB | gtok=29523968
  [1] 950 loss=6.2901 ppl=539.2 lr=9.94e-05 | 39143 tok/s (avg 22723) ETA n/a | GPU 1.4/40.4GB | gtok=31162368
  [1] 1000 loss=6.2973 ppl=543.1 lr=9.93e-05 | 39122 tok/s (avg 23209) ETA n/a | GPU 1.4/40.4GB | gtok=32800768
  [1] 1050 loss=5.9987 ppl=402.9 lr=9.91e-05 | 39143 tok/s (avg 23667) ETA n/a | GPU 1.4/40.4GB | gtok=34439168
  [1] 1100 loss=6.0321 ppl=416.6 lr=9.89e-05 | 39121 tok/s (avg 24100) ETA n/a | GPU 1.4/40.4GB | gtok=36077568
  [1] 1150 loss=5.9484 ppl=383.1 lr=9.88e-05 | 39074 tok/s (avg 24508) ETA n/a | GPU 1.4/40.4GB | gtok=37715968
  [1] 1200 loss=5.8465 ppl=346.0 lr=9.86e-05 | 39165 tok/s (avg 24896) ETA n/a | GPU 1.4/40.4GB | gtok=39354368
  [1] 1250 loss=5.9587 ppl=387.1 lr=9.83e-05 | 39134 tok/s (avg 25263) ETA n/a | GPU 1.4/40.4GB | gtok=40992768
  [1] 1300 loss=5.8415 ppl=344.3 lr=9.81e-05 | 39171 tok/s (avg 25612) ETA n/a | GPU 1.4/40.4GB | gtok=42631168
  [1] 1350 loss=5.8774 ppl=356.9 lr=9.79e-05 | 39133 tok/s (avg 25944) ETA n/a | GPU 1.4/40.4GB | gtok=44269568
  [1] 1400 loss=5.3392 ppl=208.3 lr=9.76e-05 | 39139 tok/s (avg 26260) ETA n/a | GPU 1.4/40.4GB | gtok=45907968
  [1] 1450 loss=5.8021 ppl=331.0 lr=9.74e-05 | 39108 tok/s (avg 26561) ETA n/a | GPU 1.4/40.4GB | gtok=47546368
  [1] 1500 loss=5.5581 ppl=259.3 lr=9.71e-05 | 39088 tok/s (avg 26847) ETA n/a | GPU 1.4/40.4GB | gtok=49184768
  [1] 1550 loss=5.6625 ppl=287.9 lr=9.68e-05 | 39113 tok/s (avg 27122) ETA n/a | GPU 1.4/40.4GB | gtok=50823168
  [1] 1600 loss=5.6145 ppl=274.4 lr=9.65e-05 | 39167 tok/s (avg 27385) ETA n/a | GPU 1.4/40.4GB | gtok=52461568
  [1] 1650 loss=5.5795 ppl=264.9 lr=9.62e-05 | 39114 tok/s (avg 27636) ETA n/a | GPU 1.4/40.4GB | gtok=54099968
  [1] 1700 loss=5.4726 ppl=238.1 lr=9.58e-05 | 35659 tok/s (avg 27820) ETA n/a | GPU 1.4/40.4GB | gtok=55738368
  [1] 1750 loss=5.4576 ppl=234.5 lr=9.55e-05 | 39080 tok/s (avg 28050) ETA n/a | GPU 1.4/40.4GB | gtok=57376768
  [1] 1800 loss=5.4254 ppl=227.1 lr=9.51e-05 | 39097 tok/s (avg 28272) ETA n/a | GPU 1.4/40.4GB | gtok=59015168
  [1] 1850 loss=5.1777 ppl=177.3 lr=9.47e-05 | 39117 tok/s (avg 28485) ETA n/a | GPU 1.4/40.4GB | gtok=60653568
  [1] 1900 loss=5.4551 ppl=233.9 lr=9.43e-05 | 39161 tok/s (avg 28691) ETA n/a | GPU 1.4/40.4GB | gtok=62291968
  [1] 1950 loss=5.4967 ppl=243.9 lr=9.39e-05 | 39129 tok/s (avg 28889) ETA n/a | GPU 1.4/40.4GB | gtok=63930368
terminate called without an active exception
terminate called without an active exception
[stage6] FAIL vault: no checkpoint
[stage6] FAIL vault: no checkpoint
[stage6] train phase extra=[--write_phase_address --n_states 3] budget=300000000
[stage6] train phase extra=[--write_phase_address --n_states 3] budget=300000000
[Discord] Webhook configured -- notifications enabled
[Discord] Webhook configured -- notifications enabled
Token indices sequence length is longer than the specified maximum sequence length for this model (3479 > 1024). Running this sequence through the model will result in indexing errors
Token indices sequence length is longer than the specified maximum sequence length for this model (3479 > 1024). Running this sequence through the model will result in indexing errors
/home/ubuntu/Development/qllm-private/.venv/lib/python3.9/site-packages/torch/_inductor/lowering.py:7095: UserWarning: 
Online softmax is disabled on the fly since Inductor decides to
split the reduction. Cut an issue to PyTorch if this is an
important use case and you want to speed it up with online
softmax.

  warnings.warn(
/home/ubuntu/Development/qllm-private/.venv/lib/python3.9/site-packages/torch/_inductor/lowering.py:7095: UserWarning: 
Online softmax is disabled on the fly since Inductor decides to
split the reduction. Cut an issue to PyTorch if this is an
important use case and you want to speed it up with online
softmax.

  warnings.warn(
/home/ubuntu/Development/qllm-private/.venv/lib/python3.9/site-packages/torch/_inductor/lowering.py:7095: UserWarning: 
Online softmax is disabled on the fly since Inductor decides to
split the reduction. Cut an issue to PyTorch if this is an
important use case and you want to speed it up with online
softmax.

  warnings.warn(
/home/ubuntu/Development/qllm-private/.venv/lib/python3.9/site-packages/torch/_inductor/lowering.py:7095: UserWarning: 
Online softmax is disabled on the fly since Inductor decides to
split the reduction. Cut an issue to PyTorch if this is an
important use case and you want to speed it up with online
softmax.

  warnings.warn(
Traceback (most recent call last):
  File "/home/ubuntu/.local/share/uv/python/cpython-3.9-linux-x86_64-gnu/lib/python3.9/runpy.py", line 197, in _run_module_as_main
Traceback (most recent call last):
  File "/home/ubuntu/.local/share/uv/python/cpython-3.9-linux-x86_64-gnu/lib/python3.9/runpy.py", line 197, in _run_module_as_main
    return _run_code(code, main_globals, None,
  File "/home/ubuntu/.local/share/uv/python/cpython-3.9-linux-x86_64-gnu/lib/python3.9/runpy.py", line 87, in _run_code
    return _run_code(code, main_globals, None,
  File "/home/ubuntu/.local/share/uv/python/cpython-3.9-linux-x86_64-gnu/lib/python3.9/runpy.py", line 87, in _run_code
    exec(code, run_globals)
    exec(code, run_globals)
  File "/home/ubuntu/Development/qllm-private/v11/train.py", line 643, in <module>
  File "/home/ubuntu/Development/qllm-private/v11/train.py", line 643, in <module>
    main()
    main()
  File "/home/ubuntu/Development/qllm-private/v11/train.py", line 635, in main
  File "/home/ubuntu/Development/qllm-private/v11/train.py", line 635, in main
    trainer.train()
    trainer.train()
  File "/home/ubuntu/Development/qllm-private/v7/train.py", line 677, in train
  File "/home/ubuntu/Development/qllm-private/v7/train.py", line 677, in train
    train_metrics = self.train_epoch(epoch)
    train_metrics = self.train_epoch(epoch)
  File "/home/ubuntu/Development/qllm-private/v7/train.py", line 514, in train_epoch
  File "/home/ubuntu/Development/qllm-private/v7/train.py", line 514, in train_epoch
    print(line)
  File "/home/ubuntu/Development/qllm-private/v7/data.py", line 45, in write
    self._file.flush()
OSError: [Errno 28] No space left on device
    print(line)
  File "/home/ubuntu/Development/qllm-private/v7/data.py", line 45, in write
    self._file.flush()
OSError: [Errno 28] No space left on device
Wall clock start: 2026-07-17 05:35:54
============================================================
  V11: PAM with new memory dynamics
  Preset: v11_e3_k3_chat | Stage: pretrain | Dataset: pretrain_mix
============================================================

Config: {'vocab_size': 50261, 'dim': 384, 'n_heads': 6, 'head_dim': 64, 'n_layers': 16, 'expand': 3, 'dropout': 0.1, 'max_seq_len': 2048, 'use_learned_pos': False, 'use_rope': True, 'use_gsp': True, 'fused_qkv': True, 'qk_norm': False, 'tie