[2026-07-17T07:01:32Z] RESUME2 stage6 arms: vault phase delta
[stage6] train vault extra=[--vault_state --vault_state_idx 0 --n_states 3] budget=300000000
[Discord] Webhook configured -- notifications enabled
Token indices sequence length is longer than the specified maximum sequence length for this model (3479 > 1024). Running this sequence through the model will result in indexing errors
/home/ubuntu/Development/qllm-private/.venv/lib/python3.9/site-packages/torch/_inductor/lowering.py:7095: UserWarning: 
Online softmax is disabled on the fly since Inductor decides to
split the reduction. Cut an issue to PyTorch if this is an
important use case and you want to speed it up with online
softmax.

  warnings.warn(
/home/ubuntu/Development/qllm-private/.venv/lib/python3.9/site-packages/torch/_inductor/lowering.py:7095: UserWarning: 
Online softmax is disabled on the fly since Inductor decides to
split the reduction. Cut an issue to PyTorch if this is an
important use case and you want to speed it up with online
softmax.

  warnings.warn(
Wall clock start: 2026-07-17 07:01:33
============================================================
  V11: PAM with new memory dynamics
  Preset: v11_e3_k3_chat | Stage: pretrain | Dataset: pretrain_mix
============================================================

Config: {'vocab_size': 50261, 'dim': 384, 'n_heads': 6, 'head_dim': 64, 'n_layers': 16, 'expand': 3, 'dropout': 0.1, 'max_seq_len': 2048, 'use_learned_pos': False, 'use_rope': True, 'use_gsp': True, 'fused_qkv': True, 'qk_norm': False, 'tie_weights': True, 'gradient_checkpointing': False, 'activation': 'swish', 'chunk_size': 256, 'decay_mode': 'head', 'write_mode': 'additive', 'n_states': 3, 'delta_chunk': 64, 'state_dt_spread': 2.0, 'base_dt_bias': -4.0, 'gate_content_aware': True, 'protect_gate_bias': -3.0, 'routing_content_aware': True, 'state_compete': True, 'phase_init': 'zero', 'route_balance_lambda': 0.01, 'aux_loss_weight': 1.0, 'fused_e3': True, 'recompute_pam_chunks': False, 'gamma_floor': 0.0, 'gate_surprisal_lambda': 0.3, 'gate_surprisal_tau': 0.5, 'gate_surprisal_sign': 1.0, 'vault_state': True, 'vault_state_idx': 0, 'write_phase_address': False}
Memory dynamics: decay_mode=head, write_mode=additive, n_states=3, chunk_size=256
Batch size: 16, Epochs: 9999, LR: 0.0001
Token budget: 300,000,000

Loading pretrain_mix (seq_len=2048)...
Streaming pretrain blend: sources=['fineweb', 'recall'] weights=[93.0, 3.0] edu>=3 budget=300000000 vocab=50261 holdout_pct=5 exclude_holdout=True mix_seed=42 warmup=0 skips={'fineweb': 0, 'recall': 0}
[cache] Pretrain holdout val from .cache/v7_tokens/pretrain_holdout_v1_v50261_t500000_e3_p5.pt (500,000 tokens)
[cache] Loaded WikiText-103 validation from .cache/v7_tokens/wikitext103_validation_v2_full_sl2048.pt (248,461 tokens)
Val chunks: 121
Val: in-distro holdout (16 batches), WikiText secondary (8 batches)
Train batches: streaming, Val batches: 16

Model parameters: {'embedding (tied)': 38600448, 'blocks': 61981616, 'norms': 768, 'lm_head': 296064, 'total': 100878896}
Total: 100,878,896 (100.9M)
Param groups: 228 tensors (100,826,880) with wd, 197 tensors (52,016) without
Compiling model (mode=default)...
  fused_ce: compiled _hidden_to_lm (logits never materialized)

Training on cuda
Parameters: {'embedding (tied)': 38600448, 'blocks': 61981616, 'norms': 768, 'lm_head': 296064, 'total': 100878896}
Total: 100,878,896 (100.9M)
Epochs: 1..9999, Batches/epoch: stream
Periodic checkpoint: every 2000 steps -> latest.pt


============================================================
Epoch 1/9999
============================================================
[fineweb] local parquet stream: 15 shards under data/fineweb-edu/sample-10BT
  [1] 0 loss=10.8998 ppl=54167.8 lr=2.00e-07 | 56 tok/s (avg 56) ETA n/a | GPU 1.4/39.7GB | gtok=32768
  [1] 50 loss=10.6428 ppl=41889.7 lr=1.02e-05 | 31750 tok/s (avg 2630) ETA n/a | GPU 1.4/40.4GB | gtok=1671168
  [1] 100 loss=10.0508 ppl=23173.5 lr=2.02e-05 | 31805 tok/s (avg 4818) ETA n/a | GPU 1.4/40.4GB | gtok=3309568
  [1] 150 loss=9.0375 ppl=8412.5 lr=3.02e-05 | 31791 tok/s (avg 6700) ETA n/a | GPU 1.4/40.4GB | gtok=4947968
  [1] 200 loss=8.3310 ppl=4150.6 lr=4.02e-05 | 31875 tok/s (avg 8339) ETA n/a | GPU 1.4/40.4GB | gtok=6586368
  [1] 250 loss=7.7056 ppl=2220.7 lr=5.02e-05 | 31911 tok/s (avg 9777) ETA n/a | GPU 1.4/40.4GB | gtok=8224768
  [1] 300 loss=7.3900 ppl=1619.7 lr=6.02e-05 | 31935 tok/s (avg 11051) ETA n/a | GPU 1.4/40.4GB | gtok=9863168
  [1] 350 loss=7.1698 ppl=1299.6 lr=7.02e-05 | 31936 tok/s (avg 12186) ETA n/a | GPU 1.4/40.4GB | gtok=11501568
  [1] 400 loss=7.1431 ppl=1265.3 lr=8.02e-05 | 31928 tok/s (avg 13204) ETA n/a | GPU 1.4/40.4GB | gtok=13139968
  [1] 450 loss=7.1192 ppl=1235.4 lr=9.02e-05 | 31930 tok/s (avg 14123) ETA n/a | GPU 1.4/40.4GB | gtok=14778368
  [1] 500 loss=7.0865 ppl=1195.8 lr=1.00e-04 | 31938 tok/s (avg 14955) ETA n/a | GPU 1.4/40.4GB | gtok=16416768
  [1] 550 loss=6.9414 ppl=1034.2 lr=1.00e-04 | 31922 tok/s (avg 15713) ETA n/a | GPU 1.4/40.4GB | gtok=18055168
  [1] 600 loss=6.5258 ppl=682.5 lr=1.00e-04 | 31879 tok/s (avg 16405) ETA n/a | GPU 1.4/40.4GB | gtok=19693568
  [1] 650 loss=6.6471 ppl=770.5 lr=9.99e-05 | 31862 tok/s (avg 17040) ETA n/a | GPU 1.4/40.4GB | gtok=21331968
  [1] 700 loss=6.4777 ppl=650.5 lr=9.99e-05 | 31827 tok/s (avg 17624) ETA n/a | GPU 1.4/40.4GB | gtok=22970368
  [1] 750 loss=6.3273 ppl=559.6 lr=9.98e-05 | 28610 tok/s (avg 18086) ETA n/a | GPU 1.4/40.4GB | gtok=24608768
  [1] 800 loss=6.2971 ppl=543.0 lr=9.97e-05 | 31680 tok/s (avg 18584) ETA n/a | GPU 1.4/40.4GB | gtok=26247168
  [1] 850 loss=6.0198 ppl=411.5 lr=9.96e-05 | 31747 tok/s (avg 19048) ETA n/a | GPU 1.4/40.4GB | gtok=27885568
  [1] 900 loss=6.2152 ppl=500.3 lr=9.95e-05 | 31722 tok/s (avg 19480) ETA n/a | GPU 1.4/40.4GB | gtok=29523968
  [1] 950 loss=6.1642 ppl=475.4 lr=9.94e-05 | 31762 tok/s (avg 19884) ETA n/a | GPU 1.4/40.4GB | gtok=31162368
  [1] 1000 loss=6.1814 ppl=483.7 lr=9.93e-05 | 31777 tok/s (avg 20263) ETA n/a | GPU 1.4/40.4GB | gtok=32800768
  [1] 1050 loss=5.8964 ppl=363.7 lr=9.91e-05 | 31805 tok/s (avg 20619) ETA n/a | GPU 1.4/40.4GB | gtok=34439168
  [1] 1100 loss=5.9250 ppl=374.3 lr=9.89e-05 | 31804 tok/s (avg 20954) ETA n/a | GPU 1.4/40.4GB | gtok=36077568
  [1] 1150 loss=5.8446 ppl=345.4 lr=9.88e-05 | 31787 tok/s (avg 21269) ETA n/a | GPU 1.4/40.4GB | gtok=37715968
  [1] 1200 loss=5.7685 ppl=320.1 lr=9.86e-05 | 31853 tok/s (avg 21567) ETA n/a | GPU 1.4/40.4GB | gtok=39354368
  [1] 1250 loss=5.8678 ppl=353.5 lr=9.83e-05 | 31837 tok/s (avg 21849) ETA n/a | GPU 1.4/40.4GB | gtok=40992768
  [1] 1300 loss=5.7610 ppl=317.7 lr=9.81e-05 | 31876 tok/s (avg 22116) ETA n/a | GPU 1.4/40.4GB | gtok=42631168
  [1] 1350 loss=5.8028 ppl=331.2 lr=9.79e-05 | 31853 tok/s (avg 22369) ETA n/a | GPU 1.4/40.4GB | gtok=44269568
  [1] 1400 loss=5.2652 ppl=193.5 lr=9.76e-05 | 31864 tok/s (avg 22610) ETA n/a | GPU 1.4/40.4GB | gtok=45907968
  [1] 1450 loss=5.7168 ppl=303.9 lr=9.74e-05 | 31843 tok/s (avg 22838) ETA n/a | GPU 1.4/40.4GB | gtok=47546368
  [1] 1500 loss=5.4868 ppl=241.5 lr=9.71e-05 | 31834 tok/s (avg 23055) ETA n/a | GPU 1.4/40.4GB | gtok=49184768
  [1] 1550 loss=5.5954 ppl=269.2 lr=9.68e-05 | 29358 tok/s (avg 23215) ETA n/a | GPU 1.4/40.4GB | gtok=50823168
  [1] 1600 loss=5.5409 ppl=254.9 lr=9.65e-05 | 31785 tok/s (avg 23413) ETA n/a | GPU 1.4/40.4GB | gtok=52461568
  [1] 1650 loss=5.5066 ppl=246.3 lr=9.62e-05 | 31790 tok/s (avg 23601) ETA n/a | GPU 1.4/40.4GB | gtok=54099968
  [1] 1700 loss=5.4186 ppl=225.6 lr=9.58e-05 | 31871 tok/s (avg 23782) ETA n/a | GPU 1.4/40.4GB | gtok=55738368
  [1] 1750 loss=5.4017 ppl=221.8 lr=9.55e-05 | 31821 tok/s (avg 23955) ETA n/a | GPU 1.4/40.4GB | gtok=57376768
  [1] 1800 loss=5.3681 ppl=214.5 lr=9.51e-05 | 31849 tok/s (avg 24121) ETA n/a | GPU 1.4/40.4GB | gtok=59015168
  [1] 1850 loss=5.1189 ppl=167.1 lr=9.47e-05 | 31852 tok/s (avg 24280) ETA n/a | GPU 1.4/40.4GB | gtok=60653568
  [1] 1900 loss=5.4031 ppl=222.1 lr=9.43e-05 | 31891 tok/s (avg 24434) ETA n/a | GPU 1.4/40.4GB | gtok=62291968
  [1] 1950 loss=5.4388 ppl=230.2 lr=9.39e-05 | 31864 tok/s (avg 24581) ETA n/a | GPU 1.4/40.4GB | gtok=63930368
Saved checkpoint: checkpoints_v11_recall_stage6/vault/latest.pt
  [checkpoint @ step 2000, 65,536,000 tok]
  [1] 2000 loss=5.0422 ppl=154.8 lr=9.35e-05 | 31550 tok/s (avg 24717) ETA n/a | GPU 1.4/40.4GB | gtok=65568768
  [1] 2050 loss=5.3040 ppl=201.1 lr=9.31e-05 | 31851 tok/s (avg 24853) ETA n/a | GPU 1.4/40.4GB | gtok=67207168
  [1] 2100 loss=4.9811 ppl=145.6 lr=9.26e-05 | 31878 tok/s (avg 24984) ETA n/a | GPU 1.4/40.4GB | gtok=68845568
  [1] 2150 loss=5.1287 ppl=168.8 lr=9.22e-05 | 31817 tok/s (avg 25109) ETA n/a | GPU 1.4/40.4GB | gtok=70483968
  [1] 2200 loss=5.1936 ppl=180.1 lr=9.17e-05 | 31886 tok/s (avg 25231) ETA n/a | GPU 1.4/40.4GB | gtok=72122368
  [1] 2250 loss=5.2257 ppl=186.0 lr=9.12e-05 | 31911 tok/s (avg 25349) ETA n/a | GPU 1.4/40.4GB | gtok=73760768
  [1] 2300 loss=5.1819 ppl=178.0 lr=9.08e-05 | 29503 tok/s (avg 25427) ETA n/a | GPU 1.4/40.4GB | gtok=75399168
  [1] 2350 loss=5.2504 ppl=190.6 lr=9.02e-05 | 31874 tok/s (avg 25536) ETA n/a | GPU 1.4/40.4GB | gtok=77037568
  [1] 2400 loss=5.1279 ppl=168.7 lr=8.97e-05 | 31880 tok/s (avg 25643) ETA n/a | GPU 1.4/40.4GB | gtok=78675968
  [1] 2450 loss=5.1905 ppl=179.6 lr=8.92e-05 | 31884 tok/s (avg 25745) ETA n/a | GPU 1.4/40.4GB | gtok=80314368
  [1] 2500 loss=4.9605 ppl=142.7 lr=8.87e-05 | 31900 tok/s (avg 25845) ETA n/a | GPU 1.4/40.4GB | gtok=81952768
  [1] 2550 loss=4.8389 ppl=126.3 lr=8.81e-05 | 31909 tok/s (avg 25942) ETA n/a | GPU 1.4/40.4GB | gtok=83591168
  [1] 2600 loss=5.0820 ppl=161.1 lr=8.76e-05 | 31884 tok/s (avg 26035) ETA n/a | GPU 1.4/40.4GB | gtok=85229568
  [1] 2650 loss=4.9506 ppl=141.3 lr=8.70e-05 | 31894 tok/s (avg 26126) ETA n/a | GPU 1.4/40.4GB | gtok=86867968
  [1] 2700 loss=5.1319 ppl=169.3 lr=8.64e-05 | 31892 tok/s (avg 26213) ETA n/a | GPU 1.4/40.4GB | gtok=88506368
  [1] 2750 loss=5.1013 ppl=164.2 lr=8.58e-05 | 31886 tok/s (avg 26298) ETA n/a | GPU 1.4/40.4GB | gtok=90144768
  [1] 2800 loss=4.6239 ppl=101.9 lr=8.52e-05 | 31831 tok/s (avg 26380) ETA n/a | GPU 1.4/40.4GB | gtok=91783168
  [1] 2850 loss=4.9139 ppl=136.2 lr=8.46e-05 | 31887 tok/s (avg 26460) ETA n/a | GPU 1.4/40.4GB | gtok=93421568
  [1] 2900 loss=5.0726 ppl=159.6 lr=8.40e-05 | 31794 tok/s (avg 26537) ETA n/a | GPU 1.4/40.4GB | gtok=95059968
  [1] 2950 loss=5.0180 ppl=151.1 lr=8.33e-05 | 31789 tok/s (avg 26612) ETA n/a | GPU 1.4/40.4GB | gtok=96698368
  [1] 3000 loss=4.9103 ppl=135.7 lr=8.27e-05 | 31735 tok/s (avg 26683) ETA n/a | GPU 1.4/40.4GB | gtok=98336768
  [1] 3050 loss=4.9463 ppl=140.6 lr=8.20e-05 | 31831 tok/s (avg 26754) ETA n/a | GPU 1.4/40.4GB | gtok=99975168
  [1] 3100 loss=4.7901 ppl=120.3 lr=8.14e-05 | 31873 tok/s (avg 26824) ETA n/a | GPU 1.4/40.4GB | gtok=101613568
  [1] 3150 loss=5.0438 ppl=155.1 lr=8.07e-05 | 29506 tok/s (avg 26862) ETA n/a | GPU 1.4/40.4GB | gtok=103251968
  [1] 3200 loss=4.8341 ppl=125.7 lr=8.00e-05 | 31881 tok/s (avg 26929) ETA n/a | GPU 1.4/40.4GB | gtok=104890368
  [1] 3250 loss=5.0301 ppl=152.9 lr=7.93e-05 | 31903 tok/s (avg 26993) ETA n/a | GPU 1.4/40.4GB | gtok=106528768
  [1] 3300 loss=4.8927 ppl=133.3 lr=7.86e-05 | 31879 tok/s (avg 27056) ETA n/a | GPU 1.4/40.4GB | gtok=108167168
  [1] 3350 loss=4.7617 ppl=116.9 lr=7.79e-05 | 31884 tok/s (avg 27117) ETA n/a | GPU 1.4/40.4GB | gtok=109805568
  [1] 3400 loss=4.9241 ppl=137.6 lr=7.72e-05 | 31876 tok/s (avg 27177) ETA n/a | GPU 1.4/40.4GB | gtok=111443968
  [1] 3450 loss=4.7822 ppl=119.4 lr=7.65e-05 | 31917 tok/s (avg 27236) ETA n/a | GPU 1.4/40.4GB | gtok=113082368
  [1] 3500 loss=4.9410 ppl=139.9 lr=7.57e-05 | 31927 tok/s (avg 27293) ETA n/a | GPU 1.4/40.4GB | gtok=114720768
  [1] 3550 loss=4.8304 ppl=125.3 lr=7.50e-05 | 31881 tok/s (avg 27348) ETA n/a | GPU 1.4/40.4GB | gtok=116359168
  [1] 3600 loss=4.7899 ppl=120.3 lr=7.43e-05 | 31885 tok/s (avg 27403) ETA n/a | GPU 1.4/40.4GB | gtok=117997568
  [1] 3650 loss=4.8511 ppl=127.9 lr=7.35e-05 | 31782 tok/s (avg 27454) ETA n/a | GPU 1.4/40.4GB | gtok=119635968
  [1] 3700 loss=4.8388 ppl=126.3 lr=7.27e-05 | 31802 tok/s (avg 27505) ETA n/a | GPU 1.4/40.4GB | gtok=121274368
  [1] 3750 loss=4.7500 ppl=115.6 lr=7.20e-05 | 31911 tok/s (avg 27556) ETA n/a | GPU 1.4/40.4GB | gtok=122912768
  [1] 3800 loss=4.7240 ppl=112.6 lr=7.12e-05 | 31935 tok/s (avg 27606) ETA n/a | GPU 1.4/40.4GB | gtok=124551168
  [1] 3850 loss=4.8149 ppl=123.3 lr=7.04e-05 | 31929 tok/s (avg 27654) ETA n/a | GPU 1.4/40.4GB | gtok=126189568
  [1] 3900 loss=4.6072 ppl=100.2 lr=6.96e-05 | 29482 tok/s (avg 27676) ETA n/a | GPU 1.4/40.4GB | gtok=127827968
  [1] 3950 loss=4.5293 ppl=92.7 lr=6.89e-05 | 31880 tok/s (avg 27722) ETA n/a | GPU 1.4/40.4GB | gtok=129466368
Saved checkpoint: checkpoints_v11_recall_stage6/vault/latest.pt
  [checkpoint @ step 4000, 131,072,000 tok]
  [1] 4000 loss=4.7261 ppl=112.9 lr=6.81e-05 | 30835 tok/s (avg 27758) ETA n/a | GPU 1.4/40.4GB | gtok=131104768
  [1] 4050 loss=4.6629 ppl=105.9 lr=6.73e-05 | 31899 tok/s (avg 27802) ETA n/a | GPU 1.4/40.4GB | gtok=132743168
  [1] 4100 loss=4.8209 ppl=124.1 lr=6.64e-05 | 31925 tok/s (avg 27846) ETA n/a | GPU 1.4/40.4GB | gtok=134381568
  [1] 4150 loss=4.7926 ppl=120.6 lr=6.56e-05 | 31918 tok/s (avg 27889) ETA n/a | GPU 1.4/40.4GB | gtok=136019968
  [1] 4200 loss=4.7862 ppl=119.8 lr=6.48e-05 | 31929 tok/s (avg 27931) ETA n/a | GPU 1.4/40.4GB | gtok=137658368
  [1] 4250 loss=4.4916 ppl=89.3 lr=6.40e-05 | 31903 tok/s (avg 27972) ETA n/a | GPU 1.4/40.4GB | gtok=139296768
  [1] 4300 loss=4.7961 ppl=121.0 lr=6.32e-05 | 31876 tok/s (avg 28012) ETA n/a | GPU 1.4/40.4GB | gtok=140935168
  [1] 4350 loss=4.5684 ppl=96.4 lr=6.23e-05 | 31882 tok/s (avg 28051) ETA n/a | GPU 1.4/40.4GB | gtok=142573568
  [1] 4400 loss=4.5959 ppl=99.1 lr=6.15e-05 | 31900 tok/s (avg 28089) ETA n/a | GPU 1.4/40.4GB | gtok=144211968
  [1] 4450 loss=4.5914 ppl=98.6 lr=6.07e-05 | 31887 tok/s (avg 28127) ETA n/a | GPU 1.4/40.4GB | gtok=145850368
  [1] 4500 loss=4.7817 ppl=119.3 lr=5.98e-05 | 31887 tok/s (avg 28164) ETA n/a | GPU 1.4/40.4GB | gtok=147488768
  [1] 4550 loss=4.7415 ppl=114.6 lr=5.90e-05 | 31853 tok/s (avg 28200) ETA n/a | GPU 1.4/40.4GB | gtok=149127168
  [1] 4600 loss=4.6311 ppl=102.6 lr=5.81e-05 | 29460 tok/s (avg 28213) ETA n/a | GPU 1.4/40.4GB | gtok=150765568
  [1] 4650 loss=4.6104 ppl=100.5 lr=5.73e-05 | 31915 tok/s (avg 28248) ETA n/a | GPU 1.4/40.4GB | gtok=152403968
  [1] 4700 loss=4.5537 ppl=95.0 lr=5.64e-05 | 31904 tok/s (avg 28283) ETA n/a | GPU 1.4/40.4GB | gtok=154042368
  [1] 4750 loss=4.6987 ppl=109.8 lr=5.56e-05 | 31890 tok/s (avg 28316) ETA n/a | GPU 1.4/40.4GB | gtok=155680768
  [1] 4800 loss=4.4230 ppl=83.3 lr=5.47e-05 | 31862 tok/s (avg 28349) ETA n/a | GPU 1.4/40.4GB | gtok=157319168
  [1] 4850 loss=4.6081 ppl=100.3 lr=5.39e-05 | 31912 tok/s (avg 28382) ETA n/a | GPU 1.4/40.4GB | gtok=158957568
  [1] 4900 loss=4.6352 ppl=103.1 lr=5.30e-05 | 31848 tok/s (avg 28413) ETA n/a | GPU 1.4/40.4GB | gtok=160595968
  [1] 4950 loss=4.5223 ppl=92.1 lr=5.22e-05 | 31869 tok/s (avg 28444) ETA n/a | GPU 1.4/40.4GB | gtok=162234368
  [1] 5000 loss=4.3716 ppl=79.2 lr=5.13e-05 | 31867 tok/s (avg 28475) ETA n/a | GPU 1.4/40.4GB | gtok=163872768
  [1] 5050 loss=4.5286 ppl=92.6 lr=5.05e-05 | 31896 tok/s (avg 28505) ETA n/a | GPU 1.4/40.4GB | gtok=165511168
  [1] 5100 loss=4.5370 ppl=93.4 lr=4.96e-05 | 31890 tok/s (avg 28535) ETA n/a | GPU 1.4/40.4GB | gtok=167149568
  [1] 5150 loss=4.7211 ppl=112.3 lr=4.87e-05 | 31920 tok/s (avg 28564) ETA n/a | GPU 1.4/40.4GB | gtok=168787968
  [1] 5200 loss=4.6110 ppl=100.6 lr=4.79e-05 | 31910 tok/s (avg 28593) ETA n/a | GPU 1.4/40.4GB | gtok=170426368
  [1] 5250 loss=4.5902 ppl=98.5 lr=4.70e-05 | 31867 tok/s (avg 28621) ETA n/a | GPU 1.4/40.4GB | gtok=172064768
  [1] 5300 loss=4.3093 ppl=74.4 lr=4.62e-05 | 29502 tok/s (avg 28629) ETA n/a | GPU 1.4/40.4GB | gtok=173703168
  [1] 5350 loss=4.5677 ppl=96.3 lr=4.53e-05 | 31918 tok/s (avg 28657) ETA n/a | GPU 1.4/40.4GB | gtok=175341568
  [1] 5400 loss=4.6201 ppl=101.5 lr=4.45e-05 | 31900 tok/s (avg 28684) ETA n/a | GPU 1.4/40.4GB | gtok=176979968
  [1] 5450 loss=4.4905 ppl=89.2 lr=4.36e-05 | 31935 tok/s (avg 28711) ETA n/a | GPU 1.4/40.4GB | gtok=178618368
  [1] 5500 loss=4.6448 ppl=104.0 lr=4.28e-05 | 31906 tok/s (avg 28737) ETA n/a | GPU 1.4/40.4GB | gtok=180256768
  [1] 5550 loss=4.6494 ppl=104.5 lr=4.19e-05 | 31861 tok/s (avg 28762) ETA n/a | GPU 1.4/40.4GB | gtok=181895168
  [1] 5600 loss=4.7485 ppl=115.4 lr=4.11e-05 | 31884 tok/s (avg 28787) ETA n/a | GPU 1.4/40.4GB | gtok=183533568
  [1] 5650 loss=4.5272 ppl=92.5 lr=4.02e-05 | 31894 tok/s (avg 28812) ETA n/a | GPU 1.4/40.4GB | gtok=185171968
  [1] 5700 loss=4.6674 ppl=106.4 lr=3.94e-05 | 31895 tok/s (avg 28837) ETA n/a | GPU 1.4/40.4GB | gtok=186810368
  [1] 5750 loss=4.5623 ppl=95.8 lr=3.85e-05 | 31898 tok/s (avg 28861) ETA n/a | GPU 1.4/40.4GB | gtok=188448768
  [1] 5800 loss=4.6938 ppl=109.3 lr=3.77e-05 | 31899 tok/s (avg 28884) ETA n/a | GPU 1.4/40.4GB | gtok=190087168
  [1] 5850 loss=4.6396 ppl=103.5 lr=3.69e-05 | 31816 tok/s (avg 28907) ETA n/a | GPU 1.4/40.4GB | gtok=191725568
  [1] 5900 loss=4.4905 ppl=89.2 lr=3.61e-05 | 31842 tok/s (avg 28930) ETA n/a | GPU 1.4/40.4GB | gtok=193363968
/home/ubuntu/Development/qllm-private/.venv/lib/python3.9/site-packages/torch/_inductor/lowering.py:7095: UserWarning: 
Online softmax is disabled on the fly since Inductor decides to
split the reduction. Cut an issue to PyTorch if this is an
important use case and you want to speed it up with online
softmax.

  warnings.warn(
/home/ubuntu/Development/qllm-private/.venv/lib/python3.9/site-packages/torch/_inductor/lowering.py:7095: UserWarning: 
Online softmax is disabled on the fly since Inductor decides to
split the reduction. Cut an issue to PyTorch if this is an
important use case and you want to speed it up with online
softmax.

  warnings.warn(
  [1] 5950 loss=4.4643 ppl=86.9 lr=3.52e-05 | 31872 tok/s (avg 28952) ETA n/a | GPU 1.4/40.4GB | gtok=195002368
Saved checkpoint: checkpoints_v11_recall_stage6/vault/latest.pt
  [checkpoint @ step 6000, 196,608,000 tok]
  [1] 6000 loss=4.6521 ppl=104.8 lr=3.44e-05 | 28612 tok/s (avg 28949) ETA n/a | GPU 1.4/40.4GB | gtok=196640768
  [1] 6050 loss=4.3965 ppl=81.2 lr=3.36e-05 | 31896 tok/s (avg 28971) ETA n/a | GPU 1.4/40.4GB | gtok=198279168
  [1] 6100 loss=4.5575 ppl=95.3 lr=3.28e-05 | 31868 tok/s (avg 28993) ETA n/a | GPU 1.4/40.4GB | gtok=199917568
  [1] 6150 loss=4.5019 ppl=90.2 lr=3.20e-05 | 31827 tok/s (avg 29014) ETA n/a | GPU 1.4/40.4GB | gtok=201555968
  [1] 6200 loss=4.6943 ppl=109.3 lr=3.12e-05 | 31871 tok/s (avg 29035) ETA n/a | GPU 1.4/40.4GB | gtok=203194368
  [1] 6250 loss=4.6237 ppl=101.9 lr=3.04e-05 | 31851 tok/s (avg 29056) ETA n/a | GPU 1.4/40.4GB | gtok=204832768
  [1] 6300 loss=4.5575 ppl=95.3 lr=2.96e-05 | 31898 tok/s (avg 29076) ETA n/a | GPU 1.4/40.4GB | gtok=206471168
  [1] 6350 loss=4.3230 ppl=75.4 lr=2.88e-05 | 31904 tok/s (avg 29096) ETA n/a | GPU 1.4/40.4GB | gtok=208109568
  [1] 6400 loss=4.6485 ppl=104.4 lr=2.81e-05 | 31870 tok/s (avg 29116) ETA n/a | GPU 1.4/40.4GB | gtok=209747968
  [1] 6450 loss=4.6477 ppl=104.3 lr=2.73e-05 | 31838 tok/s (avg 29136) ETA n/a | GPU 1.4/40.4GB | gtok=211386368
  [1] 6500 loss=4.5053 ppl=90.5 lr=2.65e-05 | 31795 tok/s (avg 29154) ETA n/a | GPU 1.4/40.4GB | gtok=213024768
  [1] 6550 loss=4.3928 ppl=80.9 lr=2.58e-05 | 31947 tok/s (avg 29174) ETA n/a | GPU 1.4/40.4GB | gtok=214663168
  [1] 6600 loss=4.6179 ppl=101.3 lr=2.50e-05 | 31870 tok/s (avg 29192) ETA n/a | GPU 1.4/40.4GB | gtok=216301568
  [1] 6650 loss=4.3978 ppl=81.3 lr=2.43e-05 | 31898 tok/s (avg 29211) ETA n/a | GPU 1.4/40.4GB | gtok=217939968
  [1] 6700 loss=4.3621 ppl=78.4 lr=2.36e-05 | 29519 tok/s (avg 29213) ETA n/a | GPU 1.4/40.4GB | gtok=219578368
  [1] 6750 loss=4.6164 ppl=101.1 lr=2.28e-05 | 31866 tok/s (avg 29231) ETA n/a | GPU 1.4/40.4GB | gtok=221216768
  [1] 6800 loss=4.5520 ppl=94.8 lr=2.21e-05 | 31879 tok/s (avg 29249) ETA n/a | GPU 1.4/40.4GB | gtok=222855168
  [1] 6850 loss=4.5042 ppl=90.4 lr=2.14e-05 | 31865 tok/s (avg 29267) ETA n/a | GPU 1.4/40.4GB | gtok=224493568
  [1] 6900 loss=4.4296 ppl=83.9 lr=2.07e-05 | 31874 tok/s (avg 29284) ETA n/a | GPU 1.4/40.4GB | gtok=226131968
  [1] 6950 loss=4.5396 ppl=93.7 lr=2.00e-05 | 31919 tok/s (avg 29302) ETA n/a | GPU 1.4/40.4GB | gtok=227770368
  [1] 7000 loss=4.4057 ppl=81.9 lr=1.93e-05 | 31866 tok/s (avg 29318) ETA n/a | GPU 1.4/40.4GB | gtok=229408768
  [1] 7050 loss=4.4205 ppl=83.1 lr=1.87e-05 | 31872 tok/s (avg 29335) ETA n/a | GPU 1.4/40.4GB | gtok=231047168
  [1] 7100 loss=4.3921 ppl=80.8 lr=1.80e-05 | 31849 tok/s (avg 29351) ETA n/a | GPU 1.4/40.4GB | gtok=232685568
  [1] 7150 loss=4.5099 ppl=90.9 lr=1.74e-05 | 31869 tok/s (avg 29368) ETA n/a | GPU 1.4/40.4GB | gtok=234323968
  [1] 7200 loss=4.6083 ppl=100.3 lr=1.67e-05 | 31845 tok/s (avg 29383) ETA n/a | GPU 1.4/40.4GB | gtok=235962368
  [1] 7250 loss=4.3506 ppl=77.5 lr=1.61e-05 | 31852 tok/s (avg 29399) ETA n/a | GPU 1.4/40.4GB | gtok=237600768
  [1] 7300 loss=4.5866 ppl=98.2 lr=1.54e-05 | 31886 tok/s (avg 29415) ETA n/a | GPU 1.4/40.4GB | gtok=239239168
  [1] 7350 loss=4.4573 ppl=86.3 lr=1.48e-05 | 31821 tok/s (avg 29430) ETA n/a | GPU 1.4/40.4GB | gtok=240877568
  [1] 7400 loss=4.4136 ppl=82.6 lr=1.42e-05 | 29493 tok/s (avg 29430) ETA n/a | GPU 1.4/40.4GB | gtok=242515968
  [1] 7450 loss=4.5856 ppl=98.1 lr=1.36e-05 | 31830 tok/s (avg 29445) ETA n/a | GPU 1.4/40.4GB | gtok=244154368
  [1] 7500 loss=4.5278 ppl=92.6 lr=1.30e-05 | 31809 tok/s (avg 29460) ETA n/a | GPU 1.4/40.4GB | gtok=245792768
  [1] 7550 loss=3.9657 ppl=52.8 lr=1.25e-05 | 31857 tok/s (avg 29475) ETA n/a | GPU 1.4/40.4GB | gtok=247431168
  [1] 7600 loss=4.3065 ppl=74.2 lr=1.19e-05 | 31882 tok/s (avg 29489) ETA n/a | GPU 1.4/40.4GB | gtok=249069568
  [1] 7650 loss=4.5975 ppl=99.2 lr=1.14e-05 | 31863 tok/s (avg 29504) ETA n/a | GPU 1.4/40.4GB | gtok=250707968
  [1] 7700 loss=4.6133 ppl=100.8 lr=1.08e-05 | 31768 tok/s (avg 29517) ETA n/a | GPU 1.4/40.4GB | gtok=252346368
  [1] 7750 loss=4.5612 ppl=95.7 lr=1.03e-05 | 31844 tok/s (avg 29531) ETA n/a | GPU 1.4/40.4GB | gtok=253984768
  [1] 7800 loss=4.5608 ppl=95.7 lr=9.78e-06 | 31850 tok/s (avg 29545) ETA n/a | GPU 1.4/40.4GB | gtok=255623168
  [1] 7850 loss=4.5690 ppl=96.5 lr=9.28e-06 | 31865 tok/s (avg 29559) ETA n/a | GPU 1.4/40.4GB | gtok=257261568
  [1] 7900 loss=4.4909 ppl=89.2 lr=8.79e-06 | 31847 tok/s (avg 29572) ETA n/a | GPU 1.4/40.4GB | gtok=258899968
  [1] 7950 loss=4.3958 ppl=81.1 lr=8.31e-06 | 31846 tok/s (avg 29585) ETA n/a | GPU 1.4/40.4GB | gtok=260538368
Saved checkpoint: checkpoints_v11_recall_stage6/vault/latest.pt
  [checkpoint @ step 8000, 262,144,000 tok]
  [1] 8000 loss=4.3965 ppl=81.2 lr=7.84e-06 | 30763 tok/s (avg 29592) ETA n/a | GPU 1.4/40.4GB | gtok=262176768
  [1] 8050 loss=4.5964 ppl=99.1 lr=7.38e-06 | 31836 tok/s (avg 29605) ETA n/a | GPU 1.4/40.4GB | gtok=263815168
  [1] 8100 loss=4.4263 ppl=83.6 lr=6.94e-06 | 31860 tok/s (avg 29618) ETA n/a | GPU 1.4/40.4GB | gtok=265453568
  [1] 8150 loss=4.3249 ppl=75.6 lr=6.51e-06 | 31888 tok/s (avg 29631) ETA n/a | GPU 1.4/40.4GB | gtok=267091968
  [1] 8200 loss=4.3534 ppl=77.7 lr=6.10e-06 | 31883 tok/s (avg 29644) ETA n/a | GPU 1.4/40.4GB | gtok=268730368
  [1] 8250 loss=4.5962 ppl=99.1 lr=5.69e-06 | 31853 tok/s (avg 29657) ETA n/a | GPU 1.4/40.4GB | gtok=270368768
  [1] 8300 loss=4.4590 ppl=86.4 lr=5.30e-06 | 31879 tok/s (avg 29669) ETA n/a | GPU 1.4/40.4GB | gtok=272007168
  [1] 8350 loss=3.6932 ppl=40.2 lr=4.92e-06 | 31787 tok/s (avg 29681) ETA n/a | GPU 1.4/40.4GB | gtok=273645568
  [1] 8400 loss=4.4527 ppl=85.9 lr=4.56e-06 | 29451 tok/s (avg 29679) ETA n/a | GPU 1.4/40.4GB | gtok=275283968
  [1] 8450 loss=4.4049 ppl=81.9 lr=4.21e-06 | 31787 tok/s (avg 29691) ETA n/a | GPU 1.4/40.4GB | gtok=276922368
  [1] 8500 loss=4.5603 ppl=95.6 lr=3.87e-06 | 31891 tok/s (avg 29703) ETA n/a | GPU 1.4/40.4GB | gtok=278560768
  [1] 8550 loss=4.4210 ppl=83.2 lr=3.55e-06 | 31917 tok/s (avg 29715) ETA n/a | GPU 1.4/40.4GB | gtok=280199168
  [1] 8600 loss=4.4403 ppl=84.8 lr=3.23e-06 | 31867 tok/s (avg 29727) ETA n/a | GPU 1.4/40.4GB | gtok=281837568
  [1] 8650 loss=4.5121 ppl=91.1 lr=2.94e-06 | 31863 tok/s (avg 29738) ETA n/a | GPU 1.4/40.4GB | gtok=283475968
  [1] 8700 loss=4.2613 ppl=70.9 lr=2.66e-06 | 31863 tok/s (avg 29750) ETA n/a | GPU 1.4/40.4GB | gtok=285114368
  [1] 8750 loss=4.3434 ppl=77.0 lr=2.39e-06 | 31861 tok/s (avg 29761) ETA n/a | GPU 1.4/40.4GB | gtok=286752768
  [1] 8800 loss=4.2709 ppl=71.6 lr=2.13e-06 | 31869 tok/s (avg 29772) ETA n/a | GPU 1.4/40.4GB | gtok=288391168
  [1] 8850 loss=4.5259 ppl=92.4 lr=1.89e-06 | 31846 tok/s (avg 29783) ETA n/a | GPU 1.4/40.4GB | gtok=290029568
  [1] 8900 loss=4.3683 ppl=78.9 lr=1.66e-06 | 31838 tok/s (avg 29794) ETA n/a | GPU 1.4/40.4GB | gtok=291667968
  [1] 8950 loss=4.4477 ppl=85.4 lr=1.45e-06 | 31813 tok/s (avg 29805) ETA n/a | GPU 1.4/40.4GB | gtok=293306368
  [1] 9000 loss=4.4524 ppl=85.8 lr=1.25e-06 | 31851 tok/s (avg 29815) ETA n/a | GPU 1.4/40.4GB | gtok=294944768
  [1] 9050 loss=4.3714 ppl=79.2 lr=1.07e-06 | 31847 tok/s (avg 29826) ETA n/a | GPU 1.4/40.4GB | gtok=296583168
  [1] 9100 loss=4.3572 ppl=78.0 lr=9.01e-07 | 31864 tok/s (avg 29836) ETA n/a | GPU 1.4/40.4GB | gtok=298221568
  [1] 9150 loss=4.4576 ppl=86.3 lr=7.46e-07 | 31865 tok/s (avg 29847) ETA n/a | GPU 1.4/40.4GB | gtok=299859968
  Token budget reached: 300,001,280 / 300,000,000
Epoch 1/9999 | Train Loss: 5.0308 PPL: 153.06 | 27574 tok/s | Time: 10879.7s (300,001,280 tok) | Val Loss: 4.9442 PPL: 140.35 Acc: 0.257 | Wiki PPL: 336.30 *best*
Saved checkpoint: checkpoints_v11_recall_stage6/vault/best_model.pt

Stopping: token budget 300,000,000 reached.
Saved checkpoint: checkpoints_v11_recall_stage6/vault/final_model.pt

Training complete (token budget)!
Total wall time: 11217.7s (3.12h)
Best Val Loss: 4.9442, Best Val PPL: 140.35

Wall clock end: 2026-07-17 10:08:36
[eval-recall-gate] checkpoint=checkpoints_v11_recall_stage6/vault/best_model.pt preset=v11_e3_k3_chat out=checkpoints_v11_recall_stage6/vault/eval
[1/3] gate diagnostics ...
  cfg from ckpt: vocab=50261 gate_content_aware=True routing_content_aware=True state_compete=True
[cache] Loaded WikiText-103 validation from .cache/v7_tokens/wikitext103_validation_v2_full_sl2048.pt (248,461 tokens)
Val chunks: 121
========================================================================================
PAM gate diagnosis  ckpt=checkpoints_v11_recall_stage6/vault/best_model.pt  tokens=2048  preset=v11_e3_k3_chat
  p   = mean GSP write-protect prob (sigmoid(protect_gate)); high p => "do not write"
  gam = mean decay gamma (->1 keeps state, ->0 forgets fast)
  content = top 25% surprisal tokens, filler = bottom 25%
========================================================================================
layer |   p_all p_content  p_filler |  gam_all  dt_bias
-------------------------------------------------------
    0 |   0.466     0.434     0.540 |   0.9851   -3.996
    1 |   0.453     0.424     0.543 |   0.9769   -4.006
    2 |   0.438     0.403     0.533 |   0.9336   -3.988
    3 |   0.450     0.415     0.546 |   0.9546   -4.001
    4 |   0.457     0.422     0.550 |   0.9603   -4.007
    5 |   0.449     0.416     0.545 |   0.9688   -3.998
    6 |   0.448     0.410     0.546 |   0.9572   -3.998
    7 |   0.452     0.412     0.552 |   0.9905   -4.013
    8 |   0.451     0.415     0.552 |   0.9590   -3.998
    9 |   0.417     0.381     0.511 |   0.9203   -3.992
   10 |   0.424     0.384     0.511 |   0.8852   -3.985
   11 |   0.445     0.394     0.532 |   0.9146   -3.994
   12 |   0.439     0.382     0.542 |   0.9306   -3.990
   13 |   0.431     0.380     0.528 |   0.9442   -3.999
   14 |   0.416     0.367     0.505 |   0.9106   -3.990
   15 |   0.420     0.355     0.536 |   0.9900   -4.007
-------------------------------------------------------
  mean p across layers: 0.441  (init bias -3.0 => p~0.047; higher = model learned to protect)
  mean (p_content - p_filler): -0.136  (positive = protects content more than filler = healthy)

========================================================================================
Routing (alpha) — per-token entropy vs uniform ln(K), batch-mean diversity
  uniform ln(K=3) = 1.099
========================================================================================
layer |    tok_H    bar_H | mean_winner
---------------------------------------
    0 |    0.946    1.094 |        1.17
    1 |    0.976    1.093 |        1.33
    2 |    0.906    1.089 |        1.00
    3 |    0.922    1.086 |        1.33
    4 |    0.902    1.082 |        1.33
    5 |    0.861    1.080 |        1.00
    6 |    0.878    1.080 |        1.67
    7 |    0.898    1.084 |        1.17
    8 |    0.895    1.086 |        1.33
    9 |    0.853    1.072 |        1.33
   10 |    0.778    1.008 |        1.33
   11 |    0.791    0.991 |        1.83
   12 |    0.783    0.973 |        1.67
   13 |    0.790    0.983 |        1.50
   14 |    0.734    0.920 |        1.33
   15 |    0.865    1.047 |        1.17
---------------------------------------
  mean tok_H=0.861 (lower=more decisive)  bar_H=1.048 (higher=more diverse)

========================================================================================
Retrieval energy |S_k·Q| (loop path) — content vs filler tokens
========================================================================================
layer |      c0      c1      c2 |      f0      f1      f2
---------------------------------------------------------
    0 |  0.4457  0.1928  0.0710 |  0.4204  0.1812  0.0672
    1 |  0.3539  0.1561  0.0659 |  0.3297  0.1460  0.0635
    2 |  0.3821  0.1600  0.0754 |  0.3262  0.1403  0.0696
    3 |  0.4586  0.1914  0.0804 |  0.4806  0.2056  0.0918
    4 |  0.5315  0.2403  0.1067 |  0.4740  0.2163  0.0958
    5 |  0.4587  0.1966  0.0890 |  0.4200  0.1824  0.0781
    6 |  0.5085  0.2354  0.1023 |  0.5200  0.2464  0.1060
    7 |  0.6342  0.2823  0.1097 |  0.6469  0.2959  0.1148
    8 |  0.4015  0.1825  0.0880 |  0.4124  0.1889  0.0875
    9 |  0.4833  0.2348  0.1189 |  0.4816  0.2302  0.1129
   10 |  0.6089  0.3058  0.1776 |  0.6201  0.3142  0.1779
   11 |  0.6896  0.3573  0.1892 |  0.7268  0.3937  0.2183
   12 |  1.1376  0.5752  0.2409 |  1.2088  0.6271  0.2582
   13 |  0.7678  0.3739  0.1669 |  0.7983  0.3978  0.1828
   14 |  1.1239  0.5044  0.1926 |  1.0283  0.4822  0.1908
   15 |  1.4218  0.5644  0.1853 |  1.3308  0.5493  0.1858

JSON saved to checkpoints_v11_recall_stage6/vault/eval/gates.json
[2/3] behavioral recall ...
  scored 20/2160 examples
  scored 40/2160 examples
  scored 60/2160 examples
  scored 80/2160 examples
  scored 100/2160 examples
  scored 120/2160 examples
  scored 140/2160 examples
  scored 160/2160 examples
  scored 180/2160 examples
  scored 200/2160 examples
  scored 220/2160 examples
  scored 240/2160 examples
  scored 260/2160 examples
  scored 280/2160 examples
  scored 300/2160 examples
  scored 320/2160 examples
  scored 340/2160 examples
  scored 360/2160 examples
  scored 380/2160 examples
  scored 400/2160 examples
  scored 420/2160 examples
  scored 440/2160 examples
  scored 460/2160 examples
  scored 480/2160 examples
  scored 500/2160 examples
  scored 520/2160 examples
  scored 540/2160 examples
  scored 560/2160 examples
  scored 580/2160 examples
  scored 600/2160 examples
  scored 620/2160 examples
  scored 640/2160 examples
  scored 660/2160 examples
  scored 680/2160 examples
  scored 700/2160 examples
  scored 720/2160 examples
  scored 740/2160 examples
  scored 760/2160 examples
  scored 780/2160 examples
  scored 800/2160 examples
  scored 820/2160 examples
  scored 840/2160 examples
  scored 860/2160 examples
  scored 880/2160 examples
  scored 900/2160 examples
  scored 920/2160 examples
  scored 940/2160 examples
  scored 960/2160 examples
  scored 980/2160 examples
  scored 1000/2160 examples
  scored 1020/2160 examples
  scored 1040/2160 examples
  scored 1060/2160 examples
  scored 1080/2160 examples
  scored 1100/2160 examples
  scored 1120/2160 examples
  scored 1140/2160 examples
  scored 1160/2160 examples
  scored 1180/2160 examples
  scored 1200/2160 examples
  scored 1220/2160 examples
  scored 1240/2160 examples
  scored 1260/2160 examples
  scored 1280/2160 examples
  scored 1300/2160 examples
  scored 1320/2160 examples
  scored 1340/2160 examples
  scored 1360/2160 examples
  scored 1380/2160 examples
  scored 1400/2160 examples
  scored 1420/2160 examples
  scored 1440/2160 examples
  scored 1460/2160 examples
  scored 1480/2160 examples
  scored 1500/2160 examples
  scored 1520/2160 examples
  scored 1540/2160 examples
  scored 1560/2160 examples
  scored 1580/2160 examples
  scored 1600/2160 examples
  scored 1620/2160 examples
  scored 1640/2160 examples
  scored 1660/2160 examples
  scored 1680/2160 examples
  scored 1700/2160 examples
  scored 1720/2160 examples
  scored 1740/2160 examples
  scored 1760/2160 examples
  scored 1780/2160 examples
  scored 1800/2160 examples
  scored 1820/2160 examples
  scored 1840/2160 examples
  scored 1860/2160 examples
  scored 1880/2160 examples
  scored 1900/2160 examples
  scored 1920/2160 examples
  scored 1940/2160 examples
  scored 1960/2160 examples
  scored 1980/2160 examples
  scored 2000/2160 examples
  scored 2020/2160 examples
  scored 2040/2160 examples
  scored 2060/2160 examples
  scored 2080/2160 examples
  scored 2100/2160 examples
  scored 2120/2160 examples
  scored 2140/2160 examples
  scored 2160/2160 examples
Results saved to checkpoints_v11_recall_stage6/vault/eval/v11_behavior.json
[3/3] verdict ...
================================================================
RECALL-GATE VERDICT: vault
================================================================
  params:                  100,878,896
  overall behavioral acc:  0.173
  single-assoc by context: 128:0.33, 512:0.17, 1024:0.18, 2048:0.19
  single@max_ctx(2048):     0.189  target>=0.9  FAIL
  gate p_content-p_filler: -0.136  |.|>=0.05  PASS
  mean protect / gamma:    0.441 / 0.949
  SHIP: NO
  verdict JSON -> checkpoints_v11_recall_stage6/vault/eval/verdict.json
[eval-recall-gate] done -> checkpoints_v11_recall_stage6/vault/eval
[stage6] train phase extra=[--write_phase_address --n_states 3] budget=300000000
[Discord] Webhook configured -- notifications enabled
Token indices sequence length is longer than the specified maximum sequence length for this model (3479 > 1024). Running this sequence through the model will result in indexing errors
/home/ubuntu/Development/qllm-private/.venv/lib/python3.9/site-packages/torch/_inductor/lowering.py:7095: UserWarning: 
Online softmax is disabled on the fly since Inductor decides to
split the reduction. Cut an issue to PyTorch if this is an
important use case and you want to speed it up with online
softmax.

  warnings.warn(
/home/ubuntu/Development/qllm-private/.venv/lib/python3.9/site-packages/torch/_inductor/lowering.py:7095: UserWarning: 
Online softmax is disabled on the fly since Inductor decides to
split the reduction. Cut an issue to PyTorch if this is an
important use case and you want to speed it up with online
softmax.

  warnings.warn(
Wall clock start: 2026-07-17 11:37:24
============================================================
  V11: PAM with new memory dynamics
  Preset: v11_e3_k3_chat | Stage: pretrain | Dataset: pretrain_mix
============================================================

Config: {'vocab_size': 50261, 'dim': 384, 'n_heads': 6, 'head_dim': 64, 'n_layers': 16, 'expand': 3, 'dropout': 0.1, 'max_seq_len': 2048, 'use_learned_pos': False, 'use_rope': True, 'use_gsp': True, 'fused_qkv': True, 'qk_norm': False, 'tie_weights': True, 'gradient_checkpointing': False, 'activation': 'swish', 'chunk_size': 256, 'decay_mode': 'head', 'write_mode': 'additive', 'n_states': 3, 'delta_chunk': 64, 'state_dt_spread': 2.0, 'base_dt_bias': -4.0, 'gate_content_aware': True, 'protect_gate_bias': -3.0, 'routing_content_aware': True, 'state_compete': True, 'phase_init': 'zero', 'route_balance_lambda': 0.01, 'aux_loss_weight': 1.0, 'fused_e3': True, 'recompute_pam_chunks': False, 'gamma_floor': 0.0, 'gate_surprisal_lambda': 0.3, 'gate_surprisal_tau': 0.5, 'gate_surprisal_sign': 1.0, 'vault_state': False, 'vault_state_idx': 0, 'write_phase_address': True}
Memory dynamics: decay_mode=head, write_mode=additive, n_states=3, chunk_size=256
Batch size: 16, Epochs: 9999, LR: 0.0001
Token budget: 300,000,000

Loading pretrain_mix (seq_len=2048)...
Streaming pretrain blend: sources=['fineweb', 'recall'] weights=[93.0, 3.0] edu>=3 budget=300000000 vocab=50261 holdout_pct=5 exclude_holdout=True mix_seed=42 warmup=0 skips={'fineweb': 0, 'recall': 0}
[cache] Pretrain holdout val from .cache/v7_tokens/pretrain_holdout_v1_v50261_t500000_e3_p5.pt (500,000 tokens)
[cache] Loaded WikiText-103 validation from .cache/v7_tokens/wikitext103_validation_v2_full_sl2048.pt (248,461 tokens)
Val chunks: 121
Val: in-distro holdout (16 batches), WikiText secondary (8 batches)
Train batches: streaming, Val batches: 16

Model parameters: {'embedding (tied)': 38600448, 'blocks': 61982656, 'norms': 768, 'lm_head': 296064, 'total': 100879936}
Total: 100,879,936 (100.9M)
Param groups: 244 tensors (100,827,904) with wd, 213 tensors (52,032) without
Compiling model (mode=default)...
  fused_ce: compiled _hidden_to_lm (logits never materialized)

Training on cuda
Parameters: {'embedding (tied)': 38600448, 'blocks': 61982656, 'norms': 768, 'lm_head': 296064, 'total': 100879936}
Total: 100,879,936 (100.9M)
Epochs: 1..9999, Batches/epoch: stream
Periodic checkpoint: every 2000 steps -> latest.pt


============================================================
Epoch 1/9999
============================================================
[fineweb] local parquet stream: 15 shards under data/fineweb-edu/sample-10BT
  [1] 0 loss=10.9036 ppl=54372.6 lr=2.00e-07 | 55 tok/s (avg 55) ETA n/a | GPU 1.4/44.4GB | gtok=32768
  [1] 50 loss=10.6461 ppl=42026.6 lr=1.02e-05 | 30716 tok/s (avg 2572) ETA n/a | GPU 1.4/45.2GB | gtok=1671168
  [1] 100 loss=10.1409 ppl=25359.4 lr=2.02e-05 | 30769 tok/s (avg 4707) ETA n/a | GPU 1.4/45.2GB | gtok=3309568
  [1] 150 loss=9.0520 ppl=8535.8 lr=3.02e-05 | 30802 tok/s (avg 6542) ETA n/a | GPU 1.4/45.2GB | gtok=4947968
  [1] 200 loss=8.3638 ppl=4289.0 lr=4.02e-05 | 30809 tok/s (avg 8136) ETA n/a | GPU 1.4/45.2GB | gtok=6586368
  [1] 250 loss=7.9018 ppl=2702.2 lr=5.02e-05 | 30821 tok/s (avg 9534) ETA n/a | GPU 1.4/45.2GB | gtok=8224768
  [1] 300 loss=7.4602 ppl=1737.5 lr=6.02e-05 | 30837 tok/s (avg 10770) ETA n/a | GPU 1.4/45.2GB | gtok=9863168
  [1] 350 loss=7.5977 ppl=1993.6 lr=7.02e-05 | 30842 tok/s (avg 11871) ETA n/a | GPU 1.4/45.2GB | gtok=11501568
  [1] 400 loss=7.1805 ppl=1313.6 lr=8.02e-05 | 30827 tok/s (avg 12856) ETA n/a | GPU 1.4/45.2GB | gtok=13139968
  [1] 450 loss=6.9740 ppl=1068.5 lr=9.02e-05 | 30822 tok/s (avg 13745) ETA n/a | GPU 1.4/45.2GB | gtok=14778368
  [1] 500 loss=6.7219 ppl=830.4 lr=1.00e-04 | 30832 tok/s (avg 14549) ETA n/a | GPU 1.4/45.2GB | gtok=16416768
  [1] 550 loss=6.8180 ppl=914.2 lr=1.00e-04 | 30823 tok/s (avg 15281) ETA n/a | GPU 1.4/45.2GB | gtok=18055168
  [1] 600 loss=6.6665 ppl=785.6 lr=1.00e-04 | 30824 tok/s (avg 15950) ETA n/a | GPU 1.4/45.2GB | gtok=19693568
  [1] 650 loss=6.4784 ppl=651.0 lr=9.99e-05 | 30854 tok/s (avg 16565) ETA n/a | GPU 1.4/45.2GB | gtok=21331968
  [1] 700 loss=6.4908 ppl=659.0 lr=9.99e-05 | 27676 tok/s (avg 17053) ETA n/a | GPU 1.4/45.2GB | gtok=22970368
  [1] 750 loss=6.2921 ppl=540.3 lr=9.98e-05 | 30576 tok/s (avg 17571) ETA n/a | GPU 1.4/45.2GB | gtok=24608768
  [1] 800 loss=6.4021 ppl=603.1 lr=9.97e-05 | 30583 tok/s (avg 18050) ETA n/a | GPU 1.4/45.2GB | gtok=26247168
  [1] 850 loss=6.2389 ppl=512.3 lr=9.96e-05 | 30592 tok/s (avg 18496) ETA n/a | GPU 1.4/45.2GB | gtok=27885568
  [1] 900 loss=6.1705 ppl=478.4 lr=9.95e-05 | 30532 tok/s (avg 18909) ETA n/a | GPU 1.4/45.2GB | gtok=29523968
  [1] 950 loss=5.9073 ppl=367.7 lr=9.94e-05 | 30610 tok/s (avg 19297) ETA n/a | GPU 1.4/45.2GB | gtok=31162368
  [1] 1000 loss=5.8622 ppl=351.5 lr=9.93e-05 | 30648 tok/s (avg 19661) ETA n/a | GPU 1.4/45.2GB | gtok=32800768
  [1] 1050 loss=6.1560 ppl=471.5 lr=9.91e-05 | 30658 tok/s (avg 20002) ETA n/a | GPU 1.4/45.2GB | gtok=34439168
  [1] 1100 loss=5.9056 ppl=367.1 lr=9.89e-05 | 30648 tok/s (avg 20323) ETA n/a | GPU 1.4/45.2GB | gtok=36077568
  [1] 1150 loss=5.7968 ppl=329.2 lr=9.88e-05 | 30642 tok/s (avg 20624) ETA n/a | GPU 1.4/45.2GB | gtok=37715968
  [1] 1200 loss=5.8193 ppl=336.7 lr=9.86e-05 | 30696 tok/s (avg 20910) ETA n/a | GPU 1.4/45.2GB | gtok=39354368
  [1] 1250 loss=5.5251 ppl=250.9 lr=9.83e-05 | 30693 tok/s (avg 21180) ETA n/a | GPU 1.4/45.2GB | gtok=40992768
  [1] 1300 loss=5.4798 ppl=239.8 lr=9.81e-05 | 30736 tok/s (avg 21436) ETA n/a | GPU 1.4/45.2GB | gtok=42631168
  [1] 1350 loss=5.7592 ppl=317.1 lr=9.79e-05 | 30728 tok/s (avg 21679) ETA n/a | GPU 1.4/45.2GB | gtok=44269568
  [1] 1400 loss=5.7558 ppl=316.0 lr=9.76e-05 | 30735 tok/s (avg 21909) ETA n/a | GPU 1.4/45.2GB | gtok=45907968
  [1] 1450 loss=5.7414 ppl=311.5 lr=9.74e-05 | 30718 tok/s (avg 22128) ETA n/a | GPU 1.4/45.2GB | gtok=47546368
  [1] 1500 loss=5.7078 ppl=301.2 lr=9.71e-05 | 30705 tok/s (avg 22335) ETA n/a | GPU 1.4/45.2GB | gtok=49184768
  [1] 1550 loss=5.3150 ppl=203.4 lr=9.68e-05 | 28354 tok/s (avg 22489) ETA n/a | GPU 1.4/45.2GB | gtok=50823168
  [1] 1600 loss=5.5831 ppl=265.9 lr=9.65e-05 | 30781 tok/s (avg 22680) ETA n/a | GPU 1.4/45.2GB | gtok=52461568
  [1] 1650 loss=5.4221 ppl=226.4 lr=9.62e-05 | 30764 tok/s (avg 22862) ETA n/a | GPU 1.4/45.2GB | gtok=54099968
  [1] 1700 loss=5.3036 ppl=201.1 lr=9.58e-05 | 30779 tok/s (avg 23036) ETA n/a | GPU 1.4/45.2GB | gtok=55738368
  [1] 1750 loss=5.2708 ppl=194.6 lr=9.55e-05 | 30740 tok/s (avg 23202) ETA n/a | GPU 1.4/45.2GB | gtok=57376768
  [1] 1800 loss=5.1981 ppl=180.9 lr=9.51e-05 | 30756 tok/s (avg 23362) ETA n/a | GPU 1.4/45.2GB | gtok=59015168
  [1] 1850 loss=5.4381 ppl=230.0 lr=9.47e-05 | 30767 tok/s (avg 23514) ETA n/a | GPU 1.4/45.2GB | gtok=60653568
  [1] 1900 loss=5.1075 ppl=165.2 lr=9.43e-05 | 30806 tok/s (avg 23662) ETA n/a | GPU 1.4/45.2GB | gtok=62291968
  [1] 1950 loss=5.2736 ppl=195.1 lr=9.39e-05 | 30785 tok/s (avg 23803) ETA n/a | GPU 1.4/45.2GB | gtok=63930368
Saved checkpoint: checkpoints_v11_recall_stage6/phase/latest.pt
  [checkpoint @ step 2000, 65,536,000 tok]
  [1] 2000 loss=4.9753 ppl=144.8 lr=9.35e-05 | 30493 tok/s (avg 23934) ETA n/a | GPU 1.4/45.2GB | gtok=65568768
  [1] 2050 loss=5.3053 ppl=201.4 lr=9.31e-05 | 30720 tok/s (avg 24064) ETA n/a | GPU 1.4/45.2GB | gtok=67207168
  [1] 2100 loss=5.2769 ppl=195.8 lr=9.26e-05 | 30731 tok/s (avg 24189) ETA n/a | GPU 1.4/45.2GB | gtok=68845568
  [1] 2150 loss=5.2337 ppl=187.5 lr=9.22e-05 | 30721 tok/s (avg 24309) ETA n/a | GPU 1.4/45.2GB | gtok=70483968
  [1] 2200 loss=5.2608 ppl=192.6 lr=9.17e-05 | 30745 tok/s (avg 24425) ETA n/a | GPU 1.4/45.2GB | gtok=72122368
  [1] 2250 loss=5.2307 ppl=186.9 lr=9.12e-05 | 30774 tok/s (avg 24537) ETA n/a | GPU 1.4/45.2GB | gtok=73760768
  [1] 2300 loss=5.3069 ppl=201.7 lr=9.08e-05 | 30752 tok/s (avg 24646) ETA n/a | GPU 1.4/45.2GB | gtok=75399168
  [1] 2350 loss=4.9367 ppl=139.3 lr=9.02e-05 | 30748 tok/s (avg 24750) ETA n/a | GPU 1.4/45.2GB | gtok=77037568
  [1] 2400 loss=5.0944 ppl=163.1 lr=8.97e-05 | 28398 tok/s (avg 24816) ETA n/a | GPU 1.4/45.2GB | gtok=78675968
  [1] 2450 loss=5.1742 ppl=176.7 lr=8.92e-05 | 30769 tok/s (avg 24915) ETA n/a | GPU 1.4/45.2GB | gtok=80314368
  [1] 2500 loss=5.0866 ppl=161.8 lr=8.87e-05 | 30779 tok/s (avg 25010) ETA n/a | GPU 1.4/45.2GB | gtok=81952768
  [1] 2550 loss=5.1656 ppl=175.1 lr=8.81e-05 | 30791 tok/s (avg 25102) ETA n/a | GPU 1.4/45.2GB | gtok=83591168
  [1] 2600 loss=4.9610 ppl=142.7 lr=8.76e-05 | 30778 tok/s (avg 25192) ETA n/a | GPU 1.4/45.2GB | gtok=85229568
  [1] 2650 loss=4.9287 ppl=138.2 lr=8.70e-05 | 30789 tok/s (avg 25278) ETA n/a | GPU 1.4/45.2GB | gtok=86867968
  [1] 2700 loss=4.9721 ppl=144.3 lr=8.64e-05 | 30766 tok/s (avg 25362) ETA n/a | GPU 1.4/45.2GB | gtok=88506368
  [1] 2750 loss=5.0557 ppl=156.9 lr=8.58e-05 | 30781 tok/s (avg 25443) ETA n/a | GPU 1.4/45.2GB | gtok=90144768
  [1] 2800 loss=4.9107 ppl=135.7 lr=8.52e-05 | 30775 tok/s (avg 25522) ETA n/a | GPU 1.4/45.2GB | gtok=91783168
  [1] 2850 loss=4.8874 ppl=132.6 lr=8.46e-05 | 30817 tok/s (avg 25600) ETA n/a | GPU 1.4/45.2GB | gtok=93421568
  [1] 2900 loss=5.1010 ppl=164.2 lr=8.40e-05 | 30798 tok/s (avg 25674) ETA n/a | GPU 1.4/45.2GB | gtok=95059968
  [1] 2950 loss=5.0447 ppl=155.2 lr=8.33e-05 | 30798 tok/s (avg 25747) ETA n/a | GPU 1.4/45.2GB | gtok=96698368
  [1] 3000 loss=5.0347 ppl=153.7 lr=8.27e-05 | 30747 tok/s (avg 25817) ETA n/a | GPU 1.4/45.2GB | gtok=98336768
  [1] 3050 loss=4.8809 ppl=131.7 lr=8.20e-05 | 30781 tok/s (avg 25885) ETA n/a | GPU 1.4/45.2GB | gtok=99975168
  [1] 3100 loss=4.8509 ppl=127.9 lr=8.14e-05 | 30769 tok/s (avg 25952) ETA n/a | GPU 1.4/45.2GB | gtok=101613568
  [1] 3150 loss=5.0267 ppl=152.4 lr=8.07e-05 | 30826 tok/s (avg 26017) ETA n/a | GPU 1.4/45.2GB | gtok=103251968
  [1] 3200 loss=4.8936 ppl=133.4 lr=8.00e-05 | 30735 tok/s (avg 26079) ETA n/a | GPU 1.4/45.2GB | gtok=104890368
  [1] 3250 loss=4.8539 ppl=128.2 lr=7.93e-05 | 28364 tok/s (avg 26112) ETA n/a | GPU 1.4/45.2GB | gtok=106528768
  [1] 3300 loss=4.6666 ppl=106.3 lr=7.86e-05 | 30673 tok/s (avg 26171) ETA n/a | GPU 1.4/45.2GB | gtok=108167168
  [1] 3350 loss=4.7048 ppl=110.5 lr=7.79e-05 | 30653 tok/s (avg 26228) ETA n/a | GPU 1.4/45.2GB | gtok=109805568
  [1] 3400 loss=4.7743 ppl=118.4 lr=7.72e-05 | 30639 tok/s (avg 26284) ETA n/a | GPU 1.4/45.2GB | gtok=111443968
  [1] 3450 loss=4.7564 ppl=116.3 lr=7.65e-05 | 30680 tok/s (avg 26338) ETA n/a | GPU 1.4/45.2GB | gtok=113082368
  [1] 3500 loss=4.8118 ppl=122.9 lr=7.57e-05 | 30762 tok/s (avg 26392) ETA n/a | GPU 1.4/45.2GB | gtok=114720768
  [1] 3550 loss=4.8241 ppl=124.5 lr=7.50e-05 | 30760 tok/s (avg 26445) ETA n/a | GPU 1.4/45.2GB | gtok=116359168
  [1] 3600 loss=4.7164 ppl=111.8 lr=7.43e-05 | 30774 tok/s (avg 26497) ETA n/a | GPU 1.4/45.2GB | gtok=117997568
  [1] 3650 loss=4.7667 ppl=117.5 lr=7.35e-05 | 30777 tok/s (avg 26548) ETA n/a | GPU 1.4/45.2GB | gtok=119635968
  [1] 3700 loss=4.8855 ppl=132.4 lr=7.27e-05 | 30664 tok/s (avg 26596) ETA n/a | GPU 1.4/45.2GB | gtok=121274368
  [1] 3750 loss=4.8473 ppl=127.4 lr=7.20e-05 | 30751 tok/s (avg 26644) ETA n/a | GPU 1.4/45.2GB | gtok=122912768
  [1] 3800 loss=4.6157 ppl=101.1 lr=7.12e-05 | 30801 tok/s (avg 26691) ETA n/a | GPU 1.4/45.2GB | gtok=124551168
  [1] 3850 loss=4.8630 ppl=129.4 lr=7.04e-05 | 30821 tok/s (avg 26738) ETA n/a | GPU 1.4/45.2GB | gtok=126189568
  [1] 3900 loss=4.6266 ppl=102.2 lr=6.96e-05 | 30789 tok/s (avg 26783) ETA n/a | GPU 1.4/45.2GB | gtok=127827968
  [1] 3950 loss=4.7882 ppl=120.1 lr=6.89e-05 | 30774 tok/s (avg 26827) ETA n/a | GPU 1.4/45.2GB | gtok=129466368
Saved checkpoint: checkpoints_v11_recall_stage6/phase/latest.pt
  [checkpoint @ step 4000, 131,072,000 tok]
  [1] 4000 loss=4.8093 ppl=122.6 lr=6.81e-05 | 29821 tok/s (avg 26861) ETA n/a | GPU 1.4/45.2GB | gtok=131104768
  [1] 4050 loss=4.9236 ppl=137.5 lr=6.73e-05 | 30801 tok/s (avg 26903) ETA n/a | GPU 1.4/45.2GB | gtok=132743168
  [1] 4100 loss=4.5387 ppl=93.6 lr=6.64e-05 | 28372 tok/s (avg 26920) ETA n/a | GPU 1.4/45.2GB | gtok=134381568
  [1] 4150 loss=4.6533 ppl=104.9 lr=6.56e-05 | 30687 tok/s (avg 26960) ETA n/a | GPU 1.4/45.2GB | gtok=136019968
  [1] 4200 loss=4.5336 ppl=93.1 lr=6.48e-05 | 30729 tok/s (avg 26999) ETA n/a | GPU 1.4/45.2GB | gtok=137658368
  [1] 4250 loss=4.4279 ppl=83.8 lr=6.40e-05 | 30775 tok/s (avg 27038) ETA n/a | GPU 1.4/45.2GB | gtok=139296768
  [1] 4300 loss=4.8794 ppl=131.6 lr=6.32e-05 | 30747 tok/s (avg 27076) ETA n/a | GPU 1.4/45.2GB | gtok=140935168
  [1] 4350 loss=4.7448 ppl=115.0 lr=6.23e-05 | 30749 tok/s (avg 27114) ETA n/a | GPU 1.4/45.2GB | gtok=142573568
  [1] 4400 loss=4.5072 ppl=90.7 lr=6.15e-05 | 30770 tok/s (avg 27150) ETA n/a | GPU 1.4/45.2GB | gtok=144211968
  [1] 4450 loss=4.7124 ppl=111.3 lr=6.07e-05 | 30749 tok/s (avg 27186) ETA n/a | GPU 1.4/45.2GB | gtok=145850368
  [1] 4500 loss=4.6828 ppl=108.1 lr=5.98e-05 | 30772 tok/s (avg 27221) ETA n/a | GPU 1.4/45.2GB | gtok=147488768
  [1] 4550 loss=4.7300 ppl=113.3 lr=5.90e-05 | 30768 tok/s (avg 27256) ETA n/a | GPU 1.4/45.2GB | gtok=149127168
  [1] 4600 loss=4.5812 ppl=97.6 lr=5.81e-05 | 30649 tok/s (avg 27289) ETA n/a | GPU 1.4/45.2GB | gtok=150765568
  [1] 4650 loss=4.6833 ppl=108.1 lr=5.73e-05 | 30780 tok/s (avg 27322) ETA n/a | GPU 1.4/45.2GB | gtok=152403968
  [1] 4700 loss=4.2011 ppl=66.8 lr=5.64e-05 | 30797 tok/s (avg 27355) ETA n/a | GPU 1.4/45.2GB | gtok=154042368
  [1] 4750 loss=4.5112 ppl=91.0 lr=5.56e-05 | 30835 tok/s (avg 27387) ETA n/a | GPU 1.4/45.2GB | gtok=155680768
  [1] 4800 loss=4.4620 ppl=86.7 lr=5.47e-05 | 30792 tok/s (avg 27419) ETA n/a | GPU 1.4/45.2GB | gtok=157319168
  [1] 4850 loss=4.3620 ppl=78.4 lr=5.39e-05 | 30814 tok/s (avg 27450) ETA n/a | GPU 1.4/45.2GB | gtok=158957568
  [1] 4900 loss=4.4768 ppl=88.0 lr=5.30e-05 | 30779 tok/s (avg 27480) ETA n/a | GPU 1.4/45.2GB | gtok=160595968
  [1] 4950 loss=4.5386 ppl=93.6 lr=5.22e-05 | 30795 tok/s (avg 27510) ETA n/a | GPU 1.4/45.2GB | gtok=162234368
  [1] 5000 loss=4.7389 ppl=114.3 lr=5.13e-05 | 28495 tok/s (avg 27520) ETA n/a | GPU 1.4/45.2GB | gtok=163872768
  [1] 5050 loss=4.6268 ppl=102.2 lr=5.05e-05 | 30785 tok/s (avg 27549) ETA n/a | GPU 1.4/45.2GB | gtok=165511168
  [1] 5100 loss=4.8398 ppl=126.4 lr=4.96e-05 | 30783 tok/s (avg 27577) ETA n/a | GPU 1.4/45.2GB | gtok=167149568
  [1] 5150 loss=4.7068 ppl=110.7 lr=4.87e-05 | 30796 tok/s (avg 27605) ETA n/a | GPU 1.4/45.2GB | gtok=168787968
  [1] 5200 loss=4.5637 ppl=95.9 lr=4.79e-05 | 30772 tok/s (avg 27632) ETA n/a | GPU 1.4/45.2GB | gtok=170426368
  [1] 5250 loss=4.6924 ppl=109.1 lr=4.70e-05 | 30741 tok/s (avg 27659) ETA n/a | GPU 1.4/45.2GB | gtok=172064768
  [1] 5300 loss=4.5150 ppl=91.4 lr=4.62e-05 | 30772 tok/s (avg 27685) ETA n/a | GPU 1.4/45.2GB | gtok=173703168
  [1] 5350 loss=4.5258 ppl=92.4 lr=4.53e-05 | 30780 tok/s (avg 27711) ETA n/a | GPU 1.4/45.2GB | gtok=175341568
  [1] 5400 loss=4.5909 ppl=98.6 lr=4.45e-05 | 30796 tok/s (avg 27737) ETA n/a | GPU 1.4/45.2GB | gtok=176979968
  [1] 5450 loss=4.5528 ppl=94.9 lr=4.36e-05 | 30809 tok/s (avg 27763) ETA n/a | GPU 1.4/45.2GB | gtok=178618368
  [1] 5500 loss=4.7674 ppl=117.6 lr=4.28e-05 | 30782 tok/s (avg 27787) ETA n/a | GPU 1.4/45.2GB | gtok=180256768
  [1] 5550 loss=4.3654 ppl=78.7 lr=4.19e-05 | 30742 tok/s (avg 27811) ETA n/a | GPU 1.4/45.2GB | gtok=181895168
  [1] 5600 loss=4.4660 ppl=87.0 lr=4.11e-05 | 30760 tok/s (avg 27835) ETA n/a | GPU 1.4/45.2GB | gtok=183533568
  [1] 5650 loss=4.4266 ppl=83.6 lr=4.02e-05 | 30768 tok/s (avg 27859) ETA n/a | GPU 1.4/45.2GB | gtok=185171968
  [1] 5700 loss=4.5900 ppl=98.5 lr=3.94e-05 | 30779 tok/s (avg 27882) ETA n/a | GPU 1.4/45.2GB | gtok=186810368
  [1] 5750 loss=4.4362 ppl=84.5 lr=3.85e-05 | 30783 tok/s (avg 27905) ETA n/a | GPU 1.4/45.2GB | gtok=188448768
  [1] 5800 loss=4.5827 ppl=97.8 lr=3.77e-05 | 28495 tok/s (avg 27910) ETA n/a | GPU 1.4/45.2GB | gtok=190087168
  [1] 5850 loss=4.4107 ppl=82.3 lr=3.69e-05 | 30704 tok/s (avg 27931) ETA n/a | GPU 1.4/45.2GB | gtok=191725568
  [1] 5900 loss=4.3578 ppl=78.1 lr=3.61e-05 | 30651 tok/s (avg 27952) ETA n/a | GPU 1.4/45.2GB | gtok=193363968
/home/ubuntu/Development/qllm-private/.venv/lib/python3.9/site-packages/torch/_inductor/lowering.py:7095: UserWarning: 
Online softmax is disabled on the fly since Inductor decides to
split the reduction. Cut an issue to PyTorch if this is an
important use case and you want to speed it up with online
softmax.

  warnings.warn(
/home/ubuntu/Development/qllm-private/.venv/lib/python3.9/site-packages/torch/_inductor/lowering.py:7095: UserWarning: 
Online softmax is disabled on the fly since Inductor decides to
split the reduction. Cut an issue to PyTorch if this is an
important use case and you want to speed it up with online
softmax.

  warnings.warn(
  [1] 5950 loss=4.4183 ppl=83.0 lr=3.52e-05 | 30686 tok/s (avg 27973) ETA n/a | GPU 1.4/45.2GB | gtok=195002368
Saved checkpoint: checkpoints_v11_recall_stage6/phase/latest.pt
  [checkpoint @ step 6000, 196,608,000 tok]
  [1] 6000 loss=4.4972 ppl=89.8 lr=3.44e-05 | 29731 tok/s (avg 27987) ETA n/a | GPU 1.4/45.2GB | gtok=196640768
  [1] 6050 loss=4.3993 ppl=81.4 lr=3.36e-05 | 30694 tok/s (avg 28008) ETA n/a | GPU 1.4/45.2GB | gtok=198279168
  [1] 6100 loss=4.3753 ppl=79.5 lr=3.28e-05 | 30682 tok/s (avg 28028) ETA n/a | GPU 1.4/45.2GB | gtok=199917568
  [1] 6150 loss=4.6394 ppl=103.5 lr=3.20e-05 | 30672 tok/s (avg 28047) ETA n/a | GPU 1.4/45.2GB | gtok=201555968
  [1] 6200 loss=4.6326 ppl=102.8 lr=3.12e-05 | 30718 tok/s (avg 28067) ETA n/a | GPU 1.4/45.2GB | gtok=203194368
  [1] 6250 loss=4.5086 ppl=90.8 lr=3.04e-05 | 30689 tok/s (avg 28086) ETA n/a | GPU 1.4/45.2GB | gtok=204832768
  [1] 6300 loss=4.4926 ppl=89.4 lr=2.96e-05 | 30714 tok/s (avg 28105) ETA n/a | GPU 1.4/45.2GB | gtok=206471168
  [1] 6350 loss=4.2315 ppl=68.8 lr=2.88e-05 | 30711 tok/s (avg 28124) ETA n/a | GPU 1.4/45.2GB | gtok=208109568
  [1] 6400 loss=4.3588 ppl=78.2 lr=2.81e-05 | 30691 tok/s (avg 28142) ETA n/a | GPU 1.4/45.2GB | gtok=209747968
  [1] 6450 loss=4.4831 ppl=88.5 lr=2.73e-05 | 30666 tok/s (avg 28160) ETA n/a | GPU 1.4/45.2GB | gtok=211386368
  [1] 6500 loss=4.2840 ppl=72.5 lr=2.65e-05 | 30652 tok/s (avg 28178) ETA n/a | GPU 1.4/45.2GB | gtok=213024768
  [1] 6550 loss=4.5398 ppl=93.7 lr=2.58e-05 | 30836 tok/s (avg 28196) ETA n/a | GPU 1.4/45.2GB | gtok=214663168
  [1] 6600 loss=4.2980 ppl=73.6 lr=2.50e-05 | 30762 tok/s (avg 28214) ETA n/a | GPU 1.4/45.2GB | gtok=216301568
  [1] 6650 loss=4.6409 ppl=103.6 lr=2.43e-05 | 28499 tok/s (avg 28216) ETA n/a | GPU 1.4/45.2GB | gtok=217939968
  [1] 6700 loss=4.5745 ppl=97.0 lr=2.36e-05 | 30802 tok/s (avg 28234) ETA n/a | GPU 1.4/45.2GB | gtok=219578368
  [1] 6750 loss=4.4695 ppl=87.3 lr=2.28e-05 | 30761 tok/s (avg 28251) ETA n/a | GPU 1.4/45.2GB | gtok=221216768
  [1] 6800 loss=4.4790 ppl=88.1 lr=2.21e-05 | 30761 tok/s (avg 28268) ETA n/a | GPU 1.4/45.2GB | gtok=222855168
  [1] 6850 loss=4.3685 ppl=78.9 lr=2.14e-05 | 30710 tok/s (avg 28285) ETA n/a | GPU 1.4/45.2GB | gtok=224493568
  [1] 6900 loss=4.3312 ppl=76.0 lr=2.07e-05 | 30754 tok/s (avg 28301) ETA n/a | GPU 1.4/45.2GB | gtok=226131968
  [1] 6950 loss=4.5910 ppl=98.6 lr=2.00e-05 | 30669 tok/s (avg 28317) ETA n/a | GPU 1.4/45.2GB | gtok=227770368
  [1] 7000 loss=4.4240 ppl=83.4 lr=1.93e-05 | 30719 tok/s (avg 28333) ETA n/a | GPU 1.4/45.2GB | gtok=229408768
  [1] 7050 loss=4.4276 ppl=83.7 lr=1.87e-05 | 30789 tok/s (avg 28349) ETA n/a | GPU 1.4/45.2GB | gtok=231047168
  [1] 7100 loss=4.4983 ppl=89.9 lr=1.80e-05 | 30760 tok/s (avg 28364) ETA n/a | GPU 1.4/45.2GB | gtok=232685568
  [1] 7150 loss=4.1721 ppl=64.9 lr=1.74e-05 | 30770 tok/s (avg 28380) ETA n/a | GPU 1.4/45.2GB | gtok=234323968
  [1] 7200 loss=4.4183 ppl=83.0 lr=1.67e-05 | 30758 tok/s (avg 28395) ETA n/a | GPU 1.4/45.2GB | gtok=235962368
  [1] 7250 loss=4.2843 ppl=72.6 lr=1.61e-05 | 30768 tok/s (avg 28410) ETA n/a | GPU 1.4/45.2GB | gtok=237600768
  [1] 7300 loss=4.4919 ppl=89.3 lr=1.54e-05 | 30785 tok/s (avg 28425) ETA n/a | GPU 1.4/45.2GB | gtok=239239168
  [1] 7350 loss=4.4463 ppl=85.3 lr=1.48e-05 | 30746 tok/s (avg 28440) ETA n/a | GPU 1.4/45.2GB | gtok=240877568
  [1] 7400 loss=4.5470 ppl=94.4 lr=1.42e-05 | 30744 tok/s (avg 28454) ETA n/a | GPU 1.4/45.2GB | gtok=242515968
  [1] 7450 loss=4.4506 ppl=85.7 lr=1.36e-05 | 28441 tok/s (avg 28454) ETA n/a | GPU 1.4/45.2GB | gtok=244154368
  [1] 7500 loss=4.3235 ppl=75.5 lr=1.30e-05 | 30743 tok/s (avg 28468) ETA n/a | GPU 1.4/45.2GB | gtok=245792768
  [1] 7550 loss=4.3100 ppl=74.4 lr=1.25e-05 | 30793 tok/s (avg 28483) ETA n/a | GPU 1.4/45.2GB | gtok=247431168
  [1] 7600 loss=4.2713 ppl=71.6 lr=1.19e-05 | 30776 tok/s (avg 28497) ETA n/a | GPU 1.4/45.2GB | gtok=249069568
  [1] 7650 loss=4.5716 ppl=96.7 lr=1.14e-05 | 30761 tok/s (avg 28510) ETA n/a | GPU 1.4/45.2GB | gtok=250707968
  [1] 7700 loss=4.3105 ppl=74.5 lr=1.08e-05 | 30739 tok/s (avg 28524) ETA n/a | GPU 1.4/45.2GB | gtok=252346368
  [1] 7750 loss=4.4523 ppl=85.8 lr=1.03e-05 | 30758 tok/s (avg 28537) ETA n/a | GPU 1.4/45.2GB | gtok=253984768
  [1] 7800 loss=4.4053 ppl=81.9 lr=9.78e-06 | 30773 tok/s (avg 28550) ETA n/a | GPU 1.4/45.2GB | gtok=255623168
  [1] 7850 loss=4.5115 ppl=91.1 lr=9.28e-06 | 30791 tok/s (avg 28564) ETA n/a | GPU 1.4/45.2GB | gtok=257261568
  [1] 7900 loss=4.2335 ppl=69.0 lr=8.79e-06 | 30780 tok/s (avg 28577) ETA n/a | GPU 1.4/45.2GB | gtok=258899968
  [1] 7950 loss=4.1743 ppl=65.0 lr=8.31e-06 | 30769 tok/s (avg 28589) ETA n/a | GPU 1.4/45.2GB | gtok=260538368
Saved checkpoint: checkpoints_v11_recall_stage6/phase/latest.pt
  [checkpoint @ step 8000, 262,144,000 tok]
  [1] 8000 loss=4.6468 ppl=104.3 lr=7.84e-06 | 29702 tok/s (avg 28596) ETA n/a | GPU 1.4/45.2GB | gtok=262176768
  [1] 8050 loss=4.3230 ppl=75.4 lr=7.38e-06 | 30650 tok/s (avg 28608) ETA n/a | GPU 1.4/45.2GB | gtok=263815168
  [1] 8100 loss=4.3866 ppl=80.4 lr=6.94e-06 | 30645 tok/s (avg 28620) ETA n/a | GPU 1.4/45.2GB | gtok=265453568
  [1] 8150 loss=4.4488 ppl=85.5 lr=6.51e-06 | 30662 tok/s (avg 28631) ETA n/a | GPU 1.4/45.2GB | gtok=267091968
  [1] 8200 loss=4.2923 ppl=73.1 lr=6.10e-06 | 30686 tok/s (avg 28643) ETA n/a | GPU 1.4/45.2GB | gtok=268730368
  [1] 8250 loss=4.4388 ppl=84.7 lr=5.69e-06 | 30697 tok/s (avg 28655) ETA n/a | GPU 1.4/45.2GB | gtok=270368768
  [1] 8300 loss=4.5372 ppl=93.4 lr=5.30e-06 | 28351 tok/s (avg 28653) ETA n/a | GPU 1.4/45.2GB | gtok=272007168
  [1] 8350 loss=4.0522 ppl=57.5 lr=4.92e-06 | 30648 tok/s (avg 28664) ETA n/a | GPU 1.4/45.2GB | gtok=273645568
  [1] 8400 loss=4.3499 ppl=77.5 lr=4.56e-06 | 30671 tok/s (avg 28675) ETA n/a | GPU 1.4/45.2GB | gtok=275283968
  [1] 8450 loss=4.4812 ppl=88.3 lr=4.21e-06 | 30670 tok/s (avg 28686) ETA n/a | GPU 1.4/45.2GB | gtok=276922368
  [1] 8500 loss=4.4394 ppl=84.7 lr=3.87e-06 | 30702 tok/s (avg 28697) ETA n/a | GPU 1.4/45.2GB | gtok=278560768
  [1] 8550 loss=4.2378 ppl=69.3 lr=3.55e-06 | 30710 tok/s (avg 28708) ETA n/a | GPU 1.4/45.2GB | gtok=280199168
  [1] 8600 loss=4.3119 ppl=74.6 lr=3.23e-06 | 30678 tok/s (avg 28719) ETA n/a | GPU 1.4/45.2GB | gtok=281837568
  [1] 8650 loss=4.4957 ppl=89.6 lr=2.94e-06 | 30637 tok/s (avg 28729) ETA n/a | GPU 1.4/45.2GB | gtok=283475968
  [1] 8700 loss=4.2242 ppl=68.3 lr=2.66e-06 | 30651 tok/s (avg 28740) ETA n/a | GPU 1.4/45.2GB | gtok=285114368
  [1] 8750 loss=4.4767 ppl=87.9 lr=2.39e-06 | 30648 tok/s (avg 28750) ETA n/a | GPU 1.4/45.2GB | gtok=286752768
  [1] 8800 loss=4.4814 ppl=88.4 lr=2.13e-06 | 30662 tok/s (avg 28760) ETA n/a | GPU 1.4/45.2GB | gtok=288391168
  [1] 8850 loss=4.4843 ppl=88.6 lr=1.89e-06 | 30665 tok/s (avg 28770) ETA n/a | GPU 1.4/45.2GB | gtok=290029568
  [1] 8900 loss=4.2108 ppl=67.4 lr=1.66e-06 | 30656 tok/s (avg 28780) ETA n/a | GPU 1.4/45.2GB | gtok=291667968
  [1] 8950 loss=4.3561 ppl=78.0 lr=1.45e-06 | 30613 tok/s (avg 28790) ETA n/a | GPU 1.4/45.2GB | gtok=293306368
  [1] 9000 loss=4.3127 ppl=74.6 lr=1.25e-06 | 30638 tok/s (avg 28800) ETA n/a | GPU 1.4/45.2GB | gtok=294944768
  [1] 9050 loss=4.3533 ppl=77.7 lr=1.07e-06 | 30664 tok/s (avg 28809) ETA n/a | GPU 1.4/45.2GB | gtok=296583168
  [1] 9100 loss=4.4465 ppl=85.3 lr=9.01e-07 | 30684 tok/s (avg 28819) ETA n/a | GPU 1.4/45.2GB | gtok=298221568
  [1] 9150 loss=4.2938 ppl=73.2 lr=7.46e-07 | 28446 tok/s (avg 28817) ETA n/a | GPU 1.4/45.2GB | gtok=299859968
  Token budget reached: 300,001,280 / 300,000,000
Epoch 1/9999 | Train Loss: 5.0057 PPL: 149.26 | 26646 tok/s | Time: 11258.7s (300,001,280 tok) | Val Loss: 4.9053 PPL: 135.01 Acc: 0.263 | Wiki PPL: 330.26 *best*
Saved checkpoint: checkpoints_v11_recall_stage6/phase/best_model.pt

Stopping: token budget 300,000,000 reached.
Saved checkpoint: checkpoints_v11_recall_stage6/phase/final_model.pt

Training complete (token budget)!
Total wall time: 11596.1s (3.22h)
Best Val Loss: 4.9053, Best Val PPL: 135.01

Wall clock end: 2026-07-17 14:50:46
Terminated                 ( set +e; uv run python -m v11.train --preset "$PRESET" --stage pretrain --dataset pretrain_mix --seq_len 2048 --batch_size "$BATCH_SIZE" --epochs 9999 --chunk_size 256 --token_budget "$TOKEN_BUDGET" --edu_score_min 3 --pretrain_sources fineweb,recall --pretrain_weights "${WEB_WEIGHT},${RECALL_WEIGHT}" --fineweb_name sample-10BT --blend_warmup_tokens 0 --seed 42 --lr 1e-4 --warmup_steps 500 --amp_dtype auto --num_workers 0 --gen_every 0 --save_every_steps 2000 --no_grad_ckpt "${compile_flags[@]}" --fused_ce --fused_ce_chunk 4096 --gate_surprisal_lambda "$GSL" --gate_surprisal_tau "$GST" --gate_surprisal_sign "$GSSIGN" --state_compete --routing_content_aware --route_balance_lambda 0.01 $extra --log_dir "$log_dir" --checkpoint_dir "$ckpt_dir"; exit 0 ) 2>&1 | tee -a "$log"
[eval-recall-gate] checkpoint=checkpoints_v11_recall_stage6/phase/best_model.pt preset=v11_e3_k3_chat out=checkpoints_v11_recall_stage6/phase/eval
[1/3] gate diagnostics ...
  cfg from ckpt: vocab=50261 gate_content_aware=True routing_content_aware=True state_compete=True
[cache] Loaded WikiText-103 validation from .cache/v7_tokens/wikitext103_validation_v2_full_sl2048.pt (248,461 tokens)
Val chunks: 121
========================================================================================
PAM gate diagnosis  ckpt=checkpoints_v11_recall_stage6/phase/best_model.pt  tokens=2048  preset=v11_e3_k3_chat
  p   = mean GSP write-protect prob (sigmoid(protect_gate)); high p => "do not write"
  gam = mean decay gamma (->1 keeps state, ->0 forgets fast)
  content = top 25% surprisal tokens, filler = bottom 25%
========================================================================================
layer |   p_all p_content  p_filler |  gam_all  dt_bias
-------------------------------------------------------
    0 |   0.461     0.435     0.526 |   0.8848   -3.976
    1 |   0.466     0.436     0.547 |   0.8361   -3.964
    2 |   0.468     0.434     0.559 |   0.8987   -3.975
    3 |   0.463     0.418     0.558 |   0.8739   -3.973
    4 |   0.460     0.411     0.559 |   0.8853   -3.973
    5 |   0.446     0.401     0.534 |   0.7705   -3.959
    6 |   0.441     0.395     0.529 |   0.7548   -3.960
    7 |   0.459     0.403     0.570 |   0.8709   -3.972
    8 |   0.456     0.393     0.570 |   0.8960   -3.976
    9 |   0.447     0.391     0.542 |   0.7971   -3.963
   10 |   0.450     0.382     0.559 |   0.8333   -3.972
   11 |   0.453     0.385     0.555 |   0.8673   -3.974
   12 |   0.442     0.376     0.541 |   0.8041   -3.972
   13 |   0.434     0.357     0.557 |   0.8523   -3.974
   14 |   0.404     0.336     0.515 |   0.8963   -3.978
   15 |   0.411     0.329     0.536 |   0.9309   -3.971
-------------------------------------------------------
  mean p across layers: 0.448  (init bias -3.0 => p~0.047; higher = model learned to protect)
  mean (p_content - p_filler): -0.155  (positive = protects content more than filler = healthy)

========================================================================================
Routing (alpha) — per-token entropy vs uniform ln(K), batch-mean diversity
  uniform ln(K=3) = 1.099
========================================================================================
layer |    tok_H    bar_H | mean_winner
---------------------------------------
    0 |    0.996    1.097 |        1.33
    1 |    0.997    1.098 |        0.83
    2 |    0.964    1.097 |        0.67
    3 |    0.962    1.097 |        1.67
    4 |    0.937    1.097 |        1.50
    5 |    0.871    1.096 |        0.67
    6 |    0.888    1.097 |        0.83
    7 |    0.931    1.095 |        1.17
    8 |    0.948    1.097 |        0.50
    9 |    0.916    1.096 |        1.17
   10 |    0.941    1.097 |        1.67
   11 |    0.897    1.094 |        1.33
   12 |    0.887    1.091 |        1.50
   13 |    0.915    1.091 |        1.50
   14 |    0.885    1.085 |        1.17
   15 |    0.955    1.087 |        1.00
---------------------------------------
  mean tok_H=0.931 (lower=more decisive)  bar_H=1.095 (higher=more diverse)

========================================================================================
Retrieval energy |S_k·Q| (loop path) — content vs filler tokens
========================================================================================
layer |      c0      c1      c2 |      f0      f1      f2
---------------------------------------------------------
    0 |  0.2493  0.1229  0.0827 |  0.2361  0.1163  0.0798
    1 |  0.2541  0.1425  0.1003 |  0.2347  0.1332  0.0967
    2 |  0.3092  0.1239  0.0738 |  0.2670  0.0999  0.0559
    3 |  0.2837  0.1052  0.0576 |  0.2808  0.1088  0.0615
    4 |  0.3280  0.1352  0.0809 |  0.3349  0.1363  0.0817
    5 |  0.2712  0.1603  0.1234 |  0.2818  0.1710  0.1328
    6 |  0.3647  0.2076  0.1564 |  0.3760  0.2244  0.1705
    7 |  0.3606  0.1457  0.0803 |  0.3757  0.1527  0.0845
    8 |  0.3961  0.1708  0.0994 |  0.4262  0.1776  0.0984
    9 |  0.4067  0.2009  0.1367 |  0.4649  0.2322  0.1574
   10 |  0.4815  0.2263  0.1481 |  0.5276  0.2504  0.1629
   11 |  0.6039  0.2304  0.1200 |  0.6137  0.2427  0.1281
   12 |  0.4603  0.2206  0.1298 |  0.4898  0.2403  0.1422
   13 |  0.9211  0.3275  0.1449 |  0.9674  0.3472  0.1535
   14 |  0.9510  0.3148  0.1296 |  0.9329  0.3127  0.1290
   15 |  0.7059  0.2149  0.0864 |  0.6831  0.2077  0.0815

JSON saved to checkpoints_v11_recall_stage6/phase/eval/gates.json
[2/3] behavioral recall ...
  scored 20/2160 examples
  scored 40/2160 examples
  scored 60/2160 examples
  scored 80/2160 examples
  scored 100/2160 examples
  scored 120/2160 examples
  scored 140/2160 examples
  scored 160/2160 examples
  scored 180/2160 examples
  scored 200/2160 examples
  scored 220/2160 examples
  scored 240/2160 examples
  scored 260/2160 examples
  scored 280/2160 examples
  scored 300/2160 examples
  scored 320/2160 examples
  scored 340/2160 examples
  scored 360/2160 examples
  scored 380/2160 examples
  scored 400/2160 examples
  scored 420/2160 examples
  scored 440/2160 examples
  scored 460/2160 examples
  scored 480/2160 examples
  scored 500/2160 examples
  scored 520/2160 examples
  scored 540/2160 examples
  scored 560/2160 examples
  scored 580/2160 examples
  scored 600/2160 examples
  scored 620/2160 examples
  scored 640/2160 examples
  scored 660/2160 examples
  scored 680/2160 examples
  scored 700/2160 examples
  scored 720/2160 examples
  scored 740/2160 examples
  scored 760/2160 examples
  scored 780/2160 examples
  scored 800/2160 examples
  scored 820/2160 examples
  scored 840/2160 examples
  scored 860/2160 examples
  scored 880/2160 examples
  scored 900/2160 examples
  scored 920/2160 examples
  scored 940/2160 examples
  scored 960/2160 examples
  scored 980/2160 examples
  scored 1000/2160 examples
  scored 1020/2160 examples
  scored 1040/2160 examples
  scored 1060/2160 examples
  scored 1080/2160 examples
  scored 1100/2160 examples
  scored 1120/2160 examples
  scored 1140/2160 examples
  scored 1160/2160 examples
  scored 1180/2160 examples
  scored 1200/2160 examples
  scored 1220/2160 examples
  scored 1240/2160 examples
  scored 1260/2160 examples
  scored 1280/2160 examples
  scored 1300/2160 examples
  scored 1320/2160 examples
  scored 1340/2160 examples
  scored 1360/2160 examples
  scored 1380/2160 examples
  scored 1400/2160 examples
  scored 1420/2160 examples
  scored 1440/2160 examples
  scored 1460/2160 examples
  scored 1480/2160 examples
  scored 1500/2160 examples
  scored 1520/2160 examples
  scored 1540/2160 examples
  scored 1560/2160 examples
  scored 1580/2160 examples
  scored 1600/2160 examples
  scored 1620/2160 examples
  scored 1640/2160 examples
  scored 1660/2160 examples
  scored 1680/2160 examples
  scored 1700/2160 examples
  scored 1720/2160 examples
  scored 1740/2160 examples
  scored 1760/2160 examples
  scored 1780/2160 examples
  scored 1800/2160 examples
  scored 1820/2160 examples
  scored 1840/2160 examples
  scored 1860/2160 examples
  scored 1880/2160 examples
  scored 1900/2160 examples
  scored 1920/2160 examples
  scored 1940/2160 examples
  scored 1960/2160 examples
  scored 1980/2160 examples
  scored 2000/2160 examples
  scored 2020/2160 examples
  scored 2040/2160 examples
  scored 2060/2160 examples
  scored 2080/2160 examples
  scored 2100/2160 examples
  scored 2120/2160 examples
  scored 2140/2160 examples
  scored 2160/2160 examples
Results saved to checkpoints_v11_recall_stage6/phase/eval/v11_behavior.json
[3/3] verdict ...
================================================================
RECALL-GATE VERDICT: phase
================================================================
  params:                  100,879,936
  overall behavioral acc:  0.177
  single-assoc by context: 128:0.34, 512:0.17, 1024:0.16, 2048:0.19
  single@max_ctx(2048):     0.189  target>=0.9  FAIL
  gate p_content-p_filler: -0.155  |.|>=0.05  PASS
  mean protect / gamma:    0.448 / 0.853
  SHIP: NO
  verdict JSON -> checkpoints_v11_recall_stage6/phase/eval/verdict.json
[eval-recall-gate] done -> checkpoints_v11_recall_stage6/phase/eval
[stage6] train delta extra=[--write_mode delta --n_states 1 --delta_chunk 32 --no_state_compete --no_routing_content_aware] budget=300000000
[stage6] delta: training without torch.compile
[Discord] Webhook configured -- notifications enabled
Token indices sequence length is longer than the specified maximum sequence length for this model (3479 > 1024). Running this sequence through the model will result in indexing errors
/pytorch/aten/src/ATen/native/cuda/Loss.cu:91: operator(): block: [46,0,0], thread: [0,0,0] Assertion `target_val >= zero && target_val <= one` failed.
/pytorch/aten/src/ATen/native/cuda/Loss.cu:91: operator(): block: [46,0,0], thread: [1,0,0] Assertion `target_val >= zero && target_val <= one` failed.
/pytorch/aten/src/ATen/native/cuda/Loss.cu:91: operator(): block: [46,0,0], thread: [2,0,0] Assertion `target_val >= zero && target_val <= one` failed.
/pytorch/aten/src/ATen/native/cuda/Loss.cu:91: operator(): block: [46,0,0], thread: [3,0,0] Assertion `target_val >= zero && target_val <= one` failed.
/pytorch/aten/src/ATen/native/cuda/Loss.cu:91: operator(): block: [46,0,0], thread: [4,0,0] Assertion `target_val >= zero && target_val <= one` failed.
/pytorch/aten/src/ATen/native/cuda/Loss.cu:91: operator(): block: [46,0,0], thread: [5,0,0] Assertion `target_val >= zero && target_val <= one` failed.
/pytorch/aten/src/ATen/native/cuda/Loss.cu:91: operator(): block: [46,0,0], thread: [6,0,0] Assertion `target_val >= zero && target_val <= one` failed.
/pytorch/aten/src/ATen/native/cuda/Loss.cu:91: operator(): block: [46,0,0], thread: [7,0,0] Assertion `target_val >= zero && target_val <= one` failed.
/pytorch/aten/src/ATen/native/cuda/Loss.cu:91: operator(): block: [46,0,0], thread: [8,0,0] Assertion `target_val >= zero && target_val <= one` failed.
/pytorch/aten/src/ATen/native/cuda/Loss.cu:91: operator(): block: [46,0,0], thread: [9,0,0] Assertion `target_val >= zero && target_val <= one` failed.
/pytorch/aten/src/ATen/native/cuda/Loss.cu:91: operator(): block: [46,0,0], thread: [10,0,0] Assertion `target_val >= zero && target_val <= one` failed.
/pytorch/aten/src/ATen/native/cuda/Loss.cu:91: operator(): block: [46,0,0], thread: [11,0,0] Assertion `target_val >= zero && target_val <= one` failed.
/pytorch/aten/src/ATen/native/cuda/Loss.cu:91: operator(): block: [46,0,0], thread: [12,0,0] Assertion `target_val >= zero && target_val <= one` failed.
/pytorch/aten/src/ATen/native/cuda/Loss.cu:91: operator(): block: [46,0,0], thread: [13,0,0] Assertion `target_val >= zero && target_val <= one` failed.
/pytorch/aten/src/ATen/native/cuda/Loss.cu:91: operator(): block: [46,0,0], thread: [14,0,0] Assertion `target_val >= zero && target_val <= one` failed.
/pytorch/aten/src/ATen/native/cuda/Loss.cu:91: operator(): block: [46,0,0], thread: [15,0,0] Assertion `target_val >= zero && target_val <= one` failed.
/pytorch/aten/src/ATen/native/cuda/Loss.cu:91: operator(): block: [46,0,0], thread: [16,0,0] Assertion `target_val >= zero && target_val <= one` failed.
/pytorch/aten/src/ATen/native/cuda/Loss.cu:91: operator(): block: [46,0,0], thread: [17,0,0] Assertion `target_val >= zero && target_val <= one` failed.
/pytorch/aten/src/ATen/native/cuda/Loss.cu:91: operator(): block: [46,0,0], thread: [18,0,0] Assertion `target_val >= zero && target_val <= one` failed.
/pytorch/aten/src/ATen/native/cuda/Loss.cu:91: operator(): block: [46,0,0], thread: [19,0,0] Assertion `target_val >= zero && target_val <= one` failed.
/pytorch/aten/src/ATen/native/cuda/Loss.cu:91: operator(): block: [46,0,0], thread: [20,0,0] Assertion `target_val >= zero && target_val <= one` failed.
/pytorch/aten/src/ATen/native/cuda/Loss.cu:91: operator(): block: [46,0,0], thread: [21,0,0] Assertion `target_val >= zero && target_val <= one` failed.
/pytorch/aten/src/ATen/native/cuda/Loss.cu:91: operator(): block: [46,0,0], thread: [22,0,0] Assertion `target_val >= zero && target_val <= one` failed.
/pytorch/aten/src/ATen/native/cuda/Loss.cu:91: operator(): block: [46,0,0], thread: [23,0,0] Assertion `target_val >= zero && target_val <= one` failed.
/pytorch/aten/src/ATen/native/cuda/Loss.cu:91: operator(): block: [46,0,0], thread: [24,0,0] Assertion `target_val >= zero && target_val <= one` failed.
/pytorch/aten/src/ATen/native/cuda/Loss.cu:91: operator(): block: [46,0,0], thread: [25,0,0] Assertion `target_val >= zero && target_val <= one` failed.
/pytorch/aten/src/ATen/native/cuda/Loss.cu:91: operator(): block: [46,0,0], thread: [26,0,0] Assertion `target_val >= zero && target_val <= one` failed.
/pytorch/aten/src/ATen/native/cuda/Loss.cu:91: operator(): block: [46,0,0], thread: [27,0,0] Assertion `target_val >= zero && target_val <= one` failed.
/pytorch/aten/src/ATen/native/cuda/Loss.cu:91: operator(): block: [46,0,0], thread: [28,0,0] Assertion `target_val >= zero && target_val <= one` failed.
/pytorch/aten/src/ATen/native/cuda/Loss.cu:91: operator(): block: [46,0,0], thread: [29,0,0] Assertion `target_val >= zero && target_val <= one` failed.
/pytorch/aten/src/ATen/native/cuda/Loss.cu:91: operator(): block: [46,0,0], thread: [30,0,0] Assertion `target_val >= zero && target_val <= one` failed.
/pytorch/aten/src/ATen/native/cuda/Loss.cu:91: operator(): block: [46,0,0], thread: [31,0,0] Assertion `target_val >= zero && target_val <= one` failed.
/pytorch/aten/src/ATen/native/cuda/Loss.cu:91: operator(): block: [140,0,0], thread: [96,0,0] Assertion `target_val >= zero && target_val <= one` failed.
/pytorch/aten/src/ATen/native/cuda/Loss.cu:91: operator(): block: [140,0,0], thread: [97,0,0] Assertion `target_val >= zero && target_val <= one` failed.
/pytorch/aten/src/ATen/native/cuda/Loss.cu:91: operator(): block: [140,0,0], thread: [98,0,0] Assertion `target_val >= zero && target_val <= one` failed.
/pytorch/aten/src/ATen/native/cuda/Loss.cu:91: operator(): block: [140,0,0], thread: [99,0,0] Assertion `target_val >= zero && target_val <= one` failed.
/pytorch/aten/src/ATen/native/cuda/Loss.cu:91: operator(): block: [140,0,0], thread: [100,0,0] Assertion `target_val >= zero && target_val <= one` failed.
/pytorch/aten/src/ATen/native/cuda/Loss.cu:91: operator(): block: [140,0,0], thread: [101,0,0] Assertion `target_val >= zero && target_val <= one` failed.
/pytorch/aten/src/ATen/native/cuda/Loss.cu:91: operator(): block: [140,0,0], thread: [102,0,0] Assertion `target_val >= zero && target_val <= one` failed.
/pytorch/aten/src/ATen/native/cuda/Loss.cu:91: operator(): block: [140,0,0], thread: [103,0,0] Assertion `target_val >= zero && target_val <= one` failed.
/pytorch/aten/src/ATen/native/cuda/Loss.cu:91: operator(): block: [140,0,0], thread: [104,0,0] Assertion `target_val >= zero && target_val <= one` failed.
/pytorch/aten/src/ATen/native/cuda/Loss.cu:91: operator(): block: [140,0,0], thread: [105,0,0] Assertion `target_val >= zero && target_val <= one` failed.
/pytorch/aten/src/ATen/native/cuda/Loss.cu:91: operator(): block: [140,0,0], thread: [106,0,0] Assertion `target_val >= zero && target_val <= one` failed.
/pytorch/aten/src/ATen/native/cuda/Loss.cu:91: operator(): block: [140,0,0], thread: [107,0,0] Assertion `target_val >= zero && target_val <= one` failed.
/pytorch/aten/src/ATen/native/cuda/Loss.cu:91: operator(): block: [140,0,0], thread: [108,0,0] Assertion `target_val >= zero && target_val <= one` failed.
/pytorch/aten/src/ATen/native/cuda/Loss.cu:91: operator(): block: [140,0,0], thread: [109,0,0] Assertion `target_val >= zero && target_val <= one` failed.
/pytorch/aten/src/ATen/native/cuda/Loss.cu:91: operator(): block: [140,0,0], thread: [110,0,0] Assertion `target_val >= zero && target_val <= one` failed.
/pytorch/aten/src/ATen/native/cuda/Loss.cu:91: operator(): block: [140,0,0], thread: [111,0,0] Assertion `target_val >= zero && target_val <= one` failed.
/pytorch/aten/src/ATen/native/cuda/Loss.cu:91: operator(): block: [140,0,0], thread: [112,0,0] Assertion `target_val >= zero && target_val <= one` failed.
/pytorch/aten/src/ATen/native/cuda/Loss.cu:91: operator(): block: [140,0,0], thread: [113,0,0] Assertion `target_val >= zero && target_val <= one` failed.
/pytorch/aten/src/ATen/native/cuda/Loss.cu:91: operator(): block: [140,0,0], thread: [114,0,0] Assertion `target_val >= zero && target_val <= one` failed.
/pytorch/aten/src/ATen/native/cuda/Loss.cu:91: operator(): block: [140,0,0], thread: [115,0,0] Assertion `target_val >= zero && target_val <= one` failed.
/pytorch/aten/src/ATen/native/cuda/Loss.cu:91: operator(): block: [140,0,0], thread: [116,0,0] Assertion `target_val >= zero && target_val <= one` failed.
/pytorch/aten/src/ATen/native/cuda/Loss.cu:91: operator(): block: [140,0,0], thread: [117,0,0] Assertion `target_val >= zero && target_val <= one` failed.
/pytorch/aten/src/ATen/native/cuda/Loss.cu:91: operator(): block: [140,0,0], thread: [118,0,0] Assertion `target_val >= zero && target_val <= one` failed.
/pytorch/aten/src/ATen/native/cuda/Loss.cu:91: operator(): block: [140,0,0], thread: [119,0,0] Assertion `target_val >= zero && target_val <= one` failed.
/pytorch/aten/src/ATen/native/cuda/Loss.cu:91: operator(): block: [140,0,0], thread: [120,0,0] Assertion `target_val >= zero && target_val <= one` failed.
/pytorch/aten/src/ATen/native/cuda/Loss.cu:91: operator(): block: [140,0,0], thread: [121,0,0] Assertion `target_val >= zero && target_val <= one` failed.
/pytorch/aten/src/ATen/native/cuda/Loss.cu:91: operator(): block: [140,0,0], thread: [122,0,0] Assertion `target_val >= zero && target_val <= one` failed.
/pytorch/aten/src/ATen/native/cuda/Loss.cu:91: operator(): block: [140,0,0], thread: [123,0,0] Assertion `target_val >= zero && target_val <= one` failed.
/pytorch/aten/src/ATen/native/cuda/Loss.cu:91: operator(): block: [140,0,0], thread: [124,0,0] Assertion `target_val >= zero && target_val <= one` failed.
/pytorch/aten/src/ATen/native/cuda/Loss.cu:91: operator(): block: [140,0,0], thread: [125,0,0] Assertion `target_val >= zero && target_val <= one` failed.
/pytorch/aten/src/ATen/native/cuda/Loss.cu:91: operator(): block: [140,0,0], thread: [126,0,0] Assertion `target_val >= zero && target_val <= one` failed.
/pytorch/aten/src/ATen/native/cuda/Loss.cu:91: operator(): block: [140,0,0], thread: [127,0,0] Assertion `target_val >= zero && target_val <= one` failed.
Traceback (most recent call last):
  File "/home/ubuntu/.local/share/uv/python/cpython-3.9-linux-x86_64-gnu/lib/python3.9/runpy.py", line 197, in _run_module_as_main
    return _run_code(code, main_globals, None,
  File "/home/ubuntu/.local/share/uv/python/cpython-3.9-linux-x86_64-gnu/lib/python3.9/runpy.py", line 87, in _run_code
    exec(code, run_globals)
  File "/home/ubuntu/Development/qllm-private/v11/train.py", line 643, in <module>
    main()
  File "/home/ubuntu/Development/qllm-private/v11/train.py", line 635, in main
    trainer.train()
  File "/home/ubuntu/Development/qllm-private/v7/train.py", line 677, in train
    train_metrics = self.train_epoch(epoch)
  File "/home/ubuntu/Development/qllm-private/v7/train.py", line 441, in train_epoch
    gate_loss = self._gate_surprisal_loss(
  File "/home/ubuntu/Development/qllm-private/v7/train.py", line 380, in _gate_surprisal_loss
    bce = F.binary_cross_entropy(gp, target, reduction='none')
  File "/home/ubuntu/Development/qllm-private/.venv/lib/python3.9/site-packages/torch/nn/functional.py", line 3530, in binary_cross_entropy
    return torch._C._nn.binary_cross_entropy(input, target, weight, reduction_enum)
torch.AcceleratorError: CUDA error: device-side assert triggered
Compile with `TORCH_USE_CUDA_DSA` to enable device-side assertions.

Wall clock start: 2026-07-18 04:52:25
============================================================
  V11: PAM with new memory dynamics
  Preset: v11_e3_k3_chat | Stage: pretrain | Dataset: pretrain_mix
============================================================

Config: {'vocab_size': 50261, 'dim': 384, 'n_heads': 6, 'head_dim': 64, 'n_layers': 16, 'expand': 3, 'dropout': 0.1, 'max_seq_len': 2048, 'use_learned_pos': False, 'use_rope': True, 'use_gsp': True, 'fused_qkv': True, 'qk_norm': False, 'tie_weights': True, 'gradient_checkpointing': False, 'activation': 'swish', 'chunk_size': 256, 'decay_mode': 'head', 'write_mode': 'delta', 'n_states': 1, 'delta_chunk': 32, 'state_dt_spread': 2.0, 'base_dt_bias': -4.0, 'gate_content_aware': True, 'protect_gate_bias': -3.0, 'routing_content_aware': False, 'state_compete': False, 'phase_init': 'zero', 'route_balance_lambda': 0.01, 'aux_loss_weight': 1.0, 'fused_e3': True, 'recompute_pam_chunks': False, 'gamma_floor': 0.0, 'gate_surprisal_lambda': 0.3, 'gate_surprisal_tau': 0.5, 'gate_surprisal_sign': 1.0, 'vault_state': False, 'vault_state_idx': 0, 'write_phase_address': False}
Memory dynamics: decay_mode=head, write_mode=delta, n_states=1, chunk_size=256
Batch size: 16, Epochs: 9999, LR: 0.0001
Token budget: 300,000,000

Loading pretrain_mix (seq_len=2048)...
Streaming pretrain blend: sources=['fineweb', 'recall'] weights=[93.0, 3.0] edu>=3 budget=300000000 vocab=50261 holdout_pct=5 exclude_holdout=True mix_seed=42 warmup=0 skips={'fineweb': 0, 'recall': 0}
[cache] Pretrain holdout val from .cache/v7_tokens/pretrain_holdout_v1_v50261_t500000_e3_p5.pt (500,000 tokens)
[cache] Loaded WikiText-103 validation from .cache/v7_tokens/wikitext103_validation_v2_full_sl2048.pt (248,461 tokens)
Val chunks: 121
Val: in-distro holdout (16 batches), WikiText secondary (8 batches)
Train batches: streaming, Val batches: 16

Model parameters: {'embedding (tied)': 38600448, 'blocks': 61575584, 'norms': 768, 'lm_head': 296064, 'total': 100472864}
Total: 100,472,864 (100.5M)
Param groups: 212 tensors (100,421,376) with wd, 165 tensors (51,488) without
fused_ce enabled (chunked linear+CE; logits never materialized)

Training on cuda
Parameters: {'embedding (tied)': 38600448, 'blocks': 61575584, 'norms': 768, 'lm_head': 296064, 'total': 100472864}
Total: 100,472,864 (100.5M)
Epochs: 1..9999, Batches/epoch: stream
Periodic checkpoint: every 2000 steps -> latest.pt


============================================================
Epoch 1/9999
============================================================
[fineweb] local parquet stream: 15 shards under data/fineweb-edu/sample-10BT
  [1] 0 loss=10.9087 ppl=54647.4 lr=2.00e-07 | 711 tok/s (avg 711) ETA n/a | GPU 1.4/67.5GB | gtok=32768
  [1] 50 loss=10.6698 ppl=43036.4 lr=1.02e-05 | 2695 tok/s (avg 2555) ETA n/a | GPU 1.4/68.3GB | gtok=1671168
  [1] 100 loss=10.2383 ppl=27952.7 lr=2.02e-05 | 2688 tok/s (avg 2619) ETA n/a | GPU 1.4/68.3GB | gtok=3309568
  [1] 150 loss=9.3767 ppl=11810.3 lr=3.02e-05 | 2695 tok/s (avg 2644) ETA n/a | GPU 1.4/68.3GB | gtok=4947968
  [1] 200 loss=8.6134 ppl=5505.0 lr=4.02e-05 | 2696 tok/s (avg 2657) ETA n/a | GPU 1.4/68.3GB | gtok=6586368
  [1] 250 loss=7.7633 ppl=2352.7 lr=5.02e-05 | 2688 tok/s (avg 2663) ETA n/a | GPU 1.4/68.3GB | gtok=8224768
  [1] 300 loss=7.0853 ppl=1194.2 lr=6.02e-05 | 2690 tok/s (avg 2667) ETA n/a | GPU 1.4/68.3GB | gtok=9863168
  [1] 350 loss=6.9745 ppl=1069.0 lr=7.02e-05 | 2688 tok/s (avg 2670) ETA n/a | GPU 1.4/68.3GB | gtok=11501568
  [1] 400 loss=6.7238 ppl=832.0 lr=8.02e-05 | 2694 tok/s (avg 2673) ETA n/a | GPU 1.4/68.3GB | gtok=13139968
terminate called after throwing an instance of 'c10::AcceleratorError'
  what():  CUDA error: device-side assert triggered
Compile with `TORCH_USE_CUDA_DSA` to enable device-side assertions.

Exception raised from c10_cuda_check_implementation at /pytorch/c10/cuda/CUDAException.cpp:42 (most recent call first):
frame #0: c10::Error::Error(c10::SourceLocation, std::__cxx11::basic_string<char, std::char_traits<char>, std::allocator<char> >) + 0x80 (0x7c4b7377eeb0 in /home/ubuntu/Development/qllm-private/.venv/lib/python3.9/site-packages/torch/lib/libc10.so)
frame #1: <unknown function> + 0x111c7 (0x7c4b73b711c7 in /home/ubuntu/Development/qllm-private/.venv/lib/python3.9/site-packages/torch/lib/libc10_cuda.so)
frame #2: <unknown function> + 0xc69358 (0x7c4b16669358 in /home/ubuntu/Development/qllm-private/.venv/lib/python3.9/site-packages/torch/lib/libtorch_cuda.so)
frame #3: <unknown function> + 0xc643a3 (0x7c4b166643a3 in /home/ubuntu/Development/qllm-private/.venv/lib/python3.9/site-packages/torch/lib/libtorch_cuda.so)
frame #4: <unknown function> + 0xc6b2dc (0x7c4b1666b2dc in /home/ubuntu/Development/qllm-private/.venv/lib/python3.9/site-packages/torch/lib/libtorch_cuda.so)
frame #5: <unknown function> + 0x44100f (0x7c4b6604100f in /home/ubuntu/Development/qllm-private/.venv/lib/python3.9/site-packages/torch/lib/libtorch_python.so)
frame #6: c10::TensorImpl::~TensorImpl() + 0x9 (0x7c4b7375c179 in /home/ubuntu/Development/qllm-private/.venv/lib/python3.9/site-packages/torch/lib/libc10.so)
frame #7: <unknown function> + 0x6e1728 (0x7c4b662e1728 in /home/ubuntu/Development/qllm-private/.venv/lib/python3.9/site-packages/torch/lib/libtorch_python.so)
frame #8: <unknown function> + 0x6e1ac4 (0x7c4b662e1ac4 in /home/ubuntu/Development/qllm-private/.venv/lib/python3.9/site-packages/torch/lib/libtorch_python.so)
frame #9: <unknown function> + 0x28b28e (0x6453ff26728e in /home/ubuntu/Development/qllm-private/.venv/bin/python3)
frame #10: <unknown function> + 0x275ea2 (0x6453ff251ea2 in /home/ubuntu/Development/qllm-private/.venv/bin/python3)
frame #11: <unknown function> + 0x30bd3b (0x6453ff2e7d3b in /home/ubuntu/Development/qllm-private/.venv/bin/python3)
frame #12: <unknown function> + 0x30bd26 (0x6453ff2e7d26 in /home/ubuntu/Development/qllm-private/.venv/bin/python3)
frame #13: <unknown function> + 0x30bd26 (0x6453ff2e7d26 in /home/ubuntu/Development/qllm-private/.venv/bin/python3)
frame #14: <unknown function> + 0x30bd26 (0x6453ff2e7d26 in /home/ubuntu/Development/qllm-private/.venv/bin/python3)
frame #15: <unknown function> + 0x30bd26 (0x6453ff2e7d26 in /home/ubuntu/Development/qllm-private/.venv/bin/python3)
frame #16: <unknown function> + 0x30bd26 (0x6453ff2e7d26 in /home/ubuntu/Development/qllm-private/.venv/bin/python3)
frame #17: PyDict_SetItem + 0x429 (0x6453ff149439 in /home/ubuntu/Development/qllm-private/.venv/bin/python3)
frame #18: PyDict_SetItemString + 0x56 (0x6453ff14b7b6 in /home/ubuntu/Development/qllm-private/.venv/bin/python3)
frame #19: <unknown function> + 0x3d63ef (0x6453ff3b23ef in /home/ubuntu/Development/qllm-private/.venv/bin/python3)
frame #20: Py_FinalizeEx + 0x1cd (0x6453ff2e4d0d in /home/ubuntu/Development/qllm-private/.venv/bin/python3)
frame #21: Py_RunMain + 0x1ed (0x6453ff3dd54d in /home/ubuntu/Development/qllm-private/.venv/bin/python3)
frame #22: <unknown function> + 0x14f028 (0x6453ff12b028 in /home/ubuntu/Development/qllm-private/.venv/bin/python3)
frame #23: <unknown function> + 0x2a8c1 (0x7c4b7422a8c1 in /usr/lib/x86_64-linux-gnu/libc.so.6)
frame #24: __libc_start_main + 0x88 (0x7c4b7422a9d8 in /usr/lib/x86_64-linux-gnu/libc.so.6)
frame #25: <unknown function> + 0x332dbb (0x6453ff30edbb in /home/ubuntu/Development/qllm-private/.venv/bin/python3)

[stage6] FAIL delta: no checkpoint
{
  "arms": [
    {
      "arm": "control",
      "recall_at_2048": 0.1388888888888889,
      "multi8_at_min": 0.09444444444444444,
      "gate": 0.16010871902108192,
      "ship": false
    },
    {
      "arm": "delta",
      "status": "pending"
    },
    {
      "arm": "phase",
      "recall_at_2048": 0.18888888888888888,
      "multi8_at_min": 0.08888888888888889,
      "gate": 0.15472441166639328,
      "ship": false
    },
    {
      "arm": "vault",
      "recall_at_2048": 0.18888888888888888,
      "multi8_at_min": 0.11111111111111112,
      "gate": 0.1361473985016346,
      "ship": false
    }
  ],
  "ranked": [
    "vault",
    "phase",
    "control"
  ],
  "winner": "vault"
}
[stage6] done
[2026-07-18T06:21:25Z] DONE stage6 arms
[2026-07-18T06:21:25Z] START combo
[combo] extras=[--vault_state --vault_state_idx 0 --write_phase_address] budget=1000000000
[Discord] Webhook configured -- notifications enabled
Token indices sequence length is longer than the specified maximum sequence length for this model (3479 > 1024). Running this sequence through the model will result in indexing errors
/home/ubuntu/Development/qllm-private/.venv/lib/python3.9/site-packages/torch/_inductor/lowering.py:7095: UserWarning: 
Online softmax is disabled on the fly since Inductor decides to
split the reduction. Cut an issue to PyTorch if this is an
important use case and you want to speed it up with online
softmax.

  warnings.warn(
/home/ubuntu/Development/qllm-private/.venv/lib/python3.9/site-packages/torch/_inductor/lowering.py:7095: UserWarning: 
Online softmax is disabled on the fly since Inductor decides to
split the reduction. Cut an issue to PyTorch if this is an
important use case and you want to speed it up with online
softmax.

  warnings.warn(
Wall clock start: 2026-07-18 06:21:26
============================================================
  V11: PAM with new memory dynamics
  Preset: v11_e3_k3_chat | Stage: pretrain | Dataset: pretrain_mix
============================================================

Config: {'vocab_size': 50261, 'dim': 384, 'n_heads': 6, 'head_dim': 64, 'n_layers': 16, 'expand': 3, 'dropout': 0.1, 'max_seq_len': 2048, 'use_learned_pos': False, 'use_rope': True, 'use_gsp': True, 'fused_qkv': True, 'qk_norm': False, 'tie_weights': True, 'gradient_checkpointing': False, 'activation': 'swish', 'chunk_size': 256, 'decay_mode': 'head', 'write_mode': 'additive', 'n_states': 3, 'delta_chunk': 64, 'state_dt_spread': 2.0, 'base_dt_bias': -4.0, 'gate_content_aware': True, 'protect_gate_bias': -3.0, 'routing_content_aware': True, 'state_compete': True, 'phase_init': 'zero', 'route_balance_lambda': 0.01, 'aux_loss_weight': 1.0, 'fused_e3': True, 'recompute_pam_chunks': False, 'gamma_floor': 0.0, 'gate_surprisal_lambda': 0.3, 'gate_surprisal_tau': 0.5, 'gate_surprisal_sign': 1.0, 'vault_state': True, 'vault_state_idx': 0, 'write_phase_address': True}
Memory dynamics: decay_mode=head, write_mode=additive, n_states=3, chunk_size=256
Batch size: 16, Epochs: 9999, LR: 0.0001
Token budget: 1,000,000,000

Loading pretrain_mix (seq_len=2048)...
Streaming pretrain blend: sources=['fineweb', 'recall'] weights=[93.0, 3.0] edu>=3 budget=1000000000 vocab=50261 holdout_pct=5 exclude_holdout=True mix_seed=42 warmup=0 skips={'fineweb': 0, 'recall': 0}
[cache] Pretrain holdout val from .cache/v7_tokens/pretrain_holdout_v1_v50261_t500000_e3_p5.pt (500,000 tokens)
[cache] Loaded WikiText-103 validation from .cache/v7_tokens/wikitext103_validation_v2_full_sl2048.pt (248,461 tokens)
Val chunks: 121
Val: in-distro holdout (16 batches), WikiText secondary (8 batches)
Train batches: streaming, Val batches: 16

Model parameters: {'embedding (tied)': 38600448, 'blocks': 61982656, 'norms': 768, 'lm_head': 296064, 'total': 100879936}
Total: 100,879,936 (100.9M)
Param groups: 244 tensors (100,827,904) with wd, 213 tensors (52,032) without
Compiling model (mode=default)...
  fused_ce: compiled _hidden_to_lm (logits never materialized)

Training on cuda
Parameters: {'embedding (tied)': 38600448, 'blocks': 61982656, 'norms': 768, 'lm_head': 296064, 'total': 100879936}
Total: 100,879,936 (100.9M)
Epochs: 1..9999, Batches/epoch: stream
Periodic checkpoint: every 2000 steps -> latest.pt


============================================================
Epoch 1/9999
============================================================
[fineweb] local parquet stream: 15 shards under data/fineweb-edu/sample-10BT
  [1] 0 loss=10.9036 ppl=54370.4 lr=2.00e-07 | 56 tok/s (avg 56) ETA n/a | GPU 1.4/44.4GB | gtok=32768
  [1] 50 loss=10.6448 ppl=41972.1 lr=1.02e-05 | 30979 tok/s (avg 2605) ETA n/a | GPU 1.4/45.2GB | gtok=1671168
  [1] 100 loss=10.0963 ppl=24251.9 lr=2.02e-05 | 30991 tok/s (avg 4767) ETA n/a | GPU 1.4/45.2GB | gtok=3309568
  [1] 150 loss=9.0103 ppl=8187.2 lr=3.02e-05 | 30952 tok/s (avg 6622) ETA n/a | GPU 1.4/45.2GB | gtok=4947968
  [1] 200 loss=8.3575 ppl=4262.2 lr=4.02e-05 | 27675 tok/s (avg 8167) ETA n/a | GPU 1.4/45.2GB | gtok=6586368
  [1] 250 loss=7.9026 ppl=2704.4 lr=5.02e-05 | 30818 tok/s (avg 9568) ETA n/a | GPU 1.4/45.2GB | gtok=8224768
  [1] 300 loss=7.4223 ppl=1672.9 lr=6.02e-05 | 30837 tok/s (avg 10806) ETA n/a | GPU 1.4/45.2GB | gtok=9863168
  [1] 350 loss=7.5975 ppl=1993.3 lr=7.02e-05 | 30839 tok/s (avg 11908) ETA n/a | GPU 1.4/45.2GB | gtok=11501568
  [1] 400 loss=7.2975 ppl=1476.6 lr=8.02e-05 | 30818 tok/s (avg 12894) ETA n/a | GPU 1.4/45.2GB | gtok=13139968
  [1] 450 loss=7.1169 ppl=1232.6 lr=9.02e-05 | 30817 tok/s (avg 13783) ETA n/a | GPU 1.4/45.2GB | gtok=14778368
  [1] 500 loss=6.8368 ppl=931.5 lr=1.00e-04 | 30818 tok/s (avg 14588) ETA n/a | GPU 1.4/45.2GB | gtok=16416768
  [1] 550 loss=6.8923 ppl=984.6 lr=1.00e-04 | 30812 tok/s (avg 15320) ETA n/a | GPU 1.4/45.2GB | gtok=18055168
  [1] 600 loss=6.7634 ppl=865.6 lr=1.00e-04 | 30817 tok/s (avg 15989) ETA n/a | GPU 1.4/45.2GB | gtok=19693568
  [1] 650 loss=6.5962 ppl=732.3 lr=1.00e-04 | 30851 tok/s (avg 16603) ETA n/a | GPU 1.4/45.2GB | gtok=21331968
  [1] 700 loss=6.6459 ppl=769.6 lr=1.00e-04 | 30870 tok/s (avg 17169) ETA n/a | GPU 1.4/45.2GB | gtok=22970368
  [1] 750 loss=6.3524 ppl=573.9 lr=1.00e-04 | 30863 tok/s (avg 17692) ETA n/a | GPU 1.4/45.2GB | gtok=24608768
  [1] 800 loss=6.5188 ppl=677.8 lr=1.00e-04 | 30850 tok/s (avg 18176) ETA n/a | GPU 1.4/45.2GB | gtok=26247168
  [1] 850 loss=6.3776 ppl=588.5 lr=1.00e-04 | 30907 tok/s (avg 18626) ETA n/a | GPU 1.4/45.2GB | gtok=27885568
  [1] 900 loss=6.3298 ppl=561.0 lr=1.00e-04 | 30883 tok/s (avg 19046) ETA n/a | GPU 1.4/45.2GB | gtok=29523968
  [1] 950 loss=6.0759 ppl=435.2 lr=9.99e-05 | 30918 tok/s (avg 19438) ETA n/a | GPU 1.4/45.2GB | gtok=31162368
  [1] 1000 loss=6.0298 ppl=415.6 lr=9.99e-05 | 30907 tok/s (avg 19805) ETA n/a | GPU 1.4/45.2GB | gtok=32800768
  [1] 1050 loss=6.3078 ppl=548.8 lr=9.99e-05 | 28569 tok/s (avg 20099) ETA n/a | GPU 1.4/45.2GB | gtok=34439168
  [1] 1100 loss=6.0398 ppl=419.8 lr=9.99e-05 | 30891 tok/s (avg 20423) ETA n/a | GPU 1.4/45.2GB | gtok=36077568
  [1] 1150 loss=5.9187 ppl=371.9 lr=9.99e-05 | 30860 tok/s (avg 20727) ETA n/a | GPU 1.4/45.2GB | gtok=37715968
  [1] 1200 loss=5.9357 ppl=378.3 lr=9.99e-05 | 30918 tok/s (avg 21016) ETA n/a | GPU 1.4/45.2GB | gtok=39354368
  [1] 1250 loss=5.6528 ppl=285.1 lr=9.99e-05 | 30912 tok/s (avg 21288) ETA n/a | GPU 1.4/45.2GB | gtok=40992768
  [1] 1300 loss=5.5950 ppl=269.1 lr=9.98e-05 | 30931 tok/s (avg 21546) ETA n/a | GPU 1.4/45.2GB | gtok=42631168
  [1] 1350 loss=5.8775 ppl=356.9 lr=9.98e-05 | 30903 tok/s (avg 21790) ETA n/a | GPU 1.4/45.2GB | gtok=44269568
  [1] 1400 loss=5.8596 ppl=350.6 lr=9.98e-05 | 30916 tok/s (avg 22022) ETA n/a | GPU 1.4/45.2GB | gtok=45907968
  [1] 1450 loss=5.8422 ppl=344.5 lr=9.98e-05 | 30905 tok/s (avg 22243) ETA n/a | GPU 1.4/45.2GB | gtok=47546368
  [1] 1500 loss=5.8046 ppl=331.8 lr=9.97e-05 | 30892 tok/s (avg 22452) ETA n/a | GPU 1.4/45.2GB | gtok=49184768
  [1] 1550 loss=5.4143 ppl=224.6 lr=9.97e-05 | 30879 tok/s (avg 22651) ETA n/a | GPU 1.4/45.2GB | gtok=50823168
  [1] 1600 loss=5.6764 ppl=291.9 lr=9.97e-05 | 30908 tok/s (avg 22842) ETA n/a | GPU 1.4/45.2GB | gtok=52461568
  [1] 1650 loss=5.5156 ppl=248.5 lr=9.96e-05 | 30897 tok/s (avg 23024) ETA n/a | GPU 1.4/45.2GB | gtok=54099968
  [1] 1700 loss=5.3945 ppl=220.2 lr=9.96e-05 | 30902 tok/s (avg 23197) ETA n/a | GPU 1.4/45.2GB | gtok=55738368
  [1] 1750 loss=5.3529 ppl=211.2 lr=9.96e-05 | 30842 tok/s (avg 23363) ETA n/a | GPU 1.4/45.2GB | gtok=57376768
  [1] 1800 loss=5.2907 ppl=198.5 lr=9.96e-05 | 30893 tok/s (avg 23522) ETA n/a | GPU 1.4/45.2GB | gtok=59015168
  [1] 1850 loss=5.5204 ppl=249.7 lr=9.95e-05 | 30894 tok/s (avg 23675) ETA n/a | GPU 1.4/45.2GB | gtok=60653568
  [1] 1900 loss=5.1866 ppl=178.9 lr=9.95e-05 | 28584 tok/s (avg 23782) ETA n/a | GPU 1.4/45.2GB | gtok=62291968
  [1] 1950 loss=5.3536 ppl=211.4 lr=9.94e-05 | 30909 tok/s (avg 23923) ETA n/a | GPU 1.4/45.2GB | gtok=63930368
Saved checkpoint: checkpoints_v11_recall_stage6_combo/best_run/latest.pt
  [checkpoint @ step 2000, 65,536,000 tok]
  [1] 2000 loss=5.0517 ppl=156.3 lr=9.94e-05 | 30622 tok/s (avg 24055) ETA n/a | GPU 1.4/45.2GB | gtok=65568768
  [1] 2050 loss=5.3730 ppl=215.5 lr=9.94e-05 | 30901 tok/s (avg 24186) ETA n/a | GPU 1.4/45.2GB | gtok=67207168
  [1] 2100 loss=5.3553 ppl=211.7 lr=9.93e-05 | 30910 tok/s (avg 24311) ETA n/a | GPU 1.4/45.2GB | gtok=68845568
  [1] 2150 loss=5.3020 ppl=200.7 lr=9.93e-05 | 30897 tok/s (avg 24432) ETA n/a | GPU 1.4/45.2GB | gtok=70483968
  [1] 2200 loss=5.3387 ppl=208.2 lr=9.92e-05 | 30934 tok/s (avg 24550) ETA n/a | GPU 1.4/45.2GB | gtok=72122368
  [1] 2250 loss=5.2980 ppl=199.9 lr=9.92e-05 | 30947 tok/s (avg 24663) ETA n/a | GPU 1.4/45.2GB | gtok=73760768
  [1] 2300 loss=5.3747 ppl=215.9 lr=9.91e-05 | 30929 tok/s (avg 24772) ETA n/a | GPU 1.4/45.2GB | gtok=75399168
  [1] 2350 loss=5.0078 ppl=149.6 lr=9.91e-05 | 30919 tok/s (avg 24877) ETA n/a | GPU 1.4/45.2GB | gtok=77037568
  [1] 2400 loss=5.1620 ppl=174.5 lr=9.90e-05 | 30917 tok/s (avg 24979) ETA n/a | GPU 1.4/45.2GB | gtok=78675968
  [1] 2450 loss=5.2274 ppl=186.3 lr=9.90e-05 | 30921 tok/s (avg 25077) ETA n/a | GPU 1.4/45.2GB | gtok=80314368
  [1] 2500 loss=5.1481 ppl=172.1 lr=9.89e-05 | 30937 tok/s (avg 25172) ETA n/a | GPU 1.4/45.2GB | gtok=81952768
  [1] 2550 loss=5.2203 ppl=185.0 lr=9.89e-05 | 30935 tok/s (avg 25265) ETA n/a | GPU 1.4/45.2GB | gtok=83591168
  [1] 2600 loss=5.0207 ppl=151.5 lr=9.88e-05 | 30918 tok/s (avg 25354) ETA n/a | GPU 1.4/45.2GB | gtok=85229568
  [1] 2650 loss=4.9817 ppl=145.7 lr=9.88e-05 | 30930 tok/s (avg 25440) ETA n/a | GPU 1.4/45.2GB | gtok=86867968
  [1] 2700 loss=5.0295 ppl=152.9 lr=9.87e-05 | 30925 tok/s (avg 25524) ETA n/a | GPU 1.4/45.2GB | gtok=88506368
  [1] 2750 loss=5.1093 ppl=165.5 lr=9.87e-05 | 28600 tok/s (avg 25574) ETA n/a | GPU 1.4/45.2GB | gtok=90144768
  [1] 2800 loss=4.9601 ppl=142.6 lr=9.86e-05 | 30913 tok/s (avg 25653) ETA n/a | GPU 1.4/45.2GB | gtok=91783168
  [1] 2850 loss=4.9374 ppl=139.4 lr=9.85e-05 | 30950 tok/s (avg 25730) ETA n/a | GPU 1.4/45.2GB | gtok=93421568
  [1] 2900 loss=5.1459 ppl=171.7 lr=9.85e-05 | 30929 tok/s (avg 25805) ETA n/a | GPU 1.4/45.2GB | gtok=95059968
  [1] 2950 loss=5.0859 ppl=161.7 lr=9.84e-05 | 30832 tok/s (avg 25877) ETA n/a | GPU 1.4/45.2GB | gtok=96698368
  [1] 3000 loss=5.0893 ppl=162.3 lr=9.84e-05 | 30785 tok/s (avg 25945) ETA n/a | GPU 1.4/45.2GB | gtok=98336768
  [1] 3050 loss=4.9241 ppl=137.6 lr=9.83e-05 | 30809 tok/s (avg 26013) ETA n/a | GPU 1.4/45.2GB | gtok=99975168
  [1] 3100 loss=4.8900 ppl=133.0 lr=9.82e-05 | 30810 tok/s (avg 26078) ETA n/a | GPU 1.4/45.2GB | gtok=101613568
  [1] 3150 loss=5.0637 ppl=158.2 lr=9.81e-05 | 30904 tok/s (avg 26143) ETA n/a | GPU 1.4/45.2GB | gtok=103251968
  [1] 3200 loss=4.9273 ppl=138.0 lr=9.81e-05 | 30926 tok/s (avg 26206) ETA n/a | GPU 1.4/45.2GB | gtok=104890368
  [1] 3250 loss=4.8956 ppl=133.7 lr=9.80e-05 | 30927 tok/s (avg 26268) ETA n/a | GPU 1.4/45.2GB | gtok=106528768
  [1] 3300 loss=4.7032 ppl=110.3 lr=9.79e-05 | 30901 tok/s (avg 26328) ETA n/a | GPU 1.4/45.2GB | gtok=108167168
  [1] 3350 loss=4.7352 ppl=113.9 lr=9.79e-05 | 30905 tok/s (avg 26386) ETA n/a | GPU 1.4/45.2GB | gtok=109805568
  [1] 3400 loss=4.8036 ppl=121.9 lr=9.78e-05 | 30887 tok/s (avg 26443) ETA n/a | GPU 1.4/45.2GB | gtok=111443968
  [1] 3450 loss=4.7874 ppl=120.0 lr=9.77e-05 | 30921 tok/s (avg 26498) ETA n/a | GPU 1.4/45.2GB | gtok=113082368
  [1] 3500 loss=4.8381 ppl=126.2 lr=9.76e-05 | 30937 tok/s (avg 26553) ETA n/a | GPU 1.4/45.2GB | gtok=114720768
  [1] 3550 loss=4.8483 ppl=127.5 lr=9.76e-05 | 28592 tok/s (avg 26579) ETA n/a | GPU 1.4/45.2GB | gtok=116359168
  [1] 3600 loss=4.7421 ppl=114.7 lr=9.75e-05 | 30910 tok/s (avg 26631) ETA n/a | GPU 1.4/45.2GB | gtok=117997568
  [1] 3650 loss=4.7908 ppl=120.4 lr=9.74e-05 | 30891 tok/s (avg 26682) ETA n/a | GPU 1.4/45.2GB | gtok=119635968
  [1] 3700 loss=4.9078 ppl=135.3 lr=9.73e-05 | 30841 tok/s (avg 26730) ETA n/a | GPU 1.4/45.2GB | gtok=121274368
  [1] 3750 loss=4.8740 ppl=130.8 lr=9.72e-05 | 30909 tok/s (avg 26779) ETA n/a | GPU 1.4/45.2GB | gtok=122912768
  [1] 3800 loss=4.6426 ppl=103.8 lr=9.71e-05 | 30939 tok/s (avg 26826) ETA n/a | GPU 1.4/45.2GB | gtok=124551168
  [1] 3850 loss=4.8875 ppl=132.6 lr=9.71e-05 | 30937 tok/s (avg 26872) ETA n/a | GPU 1.4/45.2GB | gtok=126189568
  [1] 3900 loss=4.6458 ppl=104.1 lr=9.70e-05 | 30921 tok/s (avg 26918) ETA n/a | GPU 1.4/45.2GB | gtok=127827968
  [1] 3950 loss=4.7995 ppl=121.4 lr=9.69e-05 | 30923 tok/s (avg 26962) ETA n/a | GPU 1.4/45.2GB | gtok=129466368
Saved checkpoint: checkpoints_v11_recall_stage6_combo/best_run/latest.pt
  [checkpoint @ step 4000, 131,072,000 tok]
  [1] 4000 loss=4.8127 ppl=123.1 lr=9.68e-05 | 29912 tok/s (avg 26995) ETA n/a | GPU 1.4/45.2GB | gtok=131104768
  [1] 4050 loss=4.9257 ppl=137.8 lr=9.67e-05 | 30938 tok/s (avg 27038) ETA n/a | GPU 1.4/45.2GB | gtok=132743168
  [1] 4100 loss=4.5557 ppl=95.2 lr=9.66e-05 | 30966 tok/s (avg 27079) ETA n/a | GPU 1.4/45.2GB | gtok=134381568
  [1] 4150 loss=4.6619 ppl=105.8 lr=9.65e-05 | 30959 tok/s (avg 27120) ETA n/a | GPU 1.4/45.2GB | gtok=136019968
  [1] 4200 loss=4.5382 ppl=93.5 lr=9.64e-05 | 30976 tok/s (avg 27161) ETA n/a | GPU 1.4/45.2GB | gtok=137658368
  [1] 4250 loss=4.4253 ppl=83.5 lr=9.63e-05 | 30947 tok/s (avg 27200) ETA n/a | GPU 1.4/45.2GB | gtok=139296768
  [1] 4300 loss=4.8807 ppl=131.7 lr=9.62e-05 | 30917 tok/s (avg 27238) ETA n/a | GPU 1.4/45.2GB | gtok=140935168
  [1] 4350 loss=4.7394 ppl=114.4 lr=9.61e-05 | 30919 tok/s (avg 27275) ETA n/a | GPU 1.4/45.2GB | gtok=142573568
  [1] 4400 loss=4.4986 ppl=89.9 lr=9.60e-05 | 28576 tok/s (avg 27289) ETA n/a | GPU 1.4/45.2GB | gtok=144211968
  [1] 4450 loss=4.7039 ppl=110.4 lr=9.59e-05 | 30920 tok/s (avg 27325) ETA n/a | GPU 1.4/45.2GB | gtok=145850368
  [1] 4500 loss=4.6810 ppl=107.9 lr=9.58e-05 | 30948 tok/s (avg 27361) ETA n/a | GPU 1.4/45.2GB | gtok=147488768
  [1] 4550 loss=4.7242 ppl=112.6 lr=9.57e-05 | 30938 tok/s (avg 27396) ETA n/a | GPU 1.4/45.2GB | gtok=149127168
  [1] 4600 loss=4.5743 ppl=97.0 lr=9.56e-05 | 30907 tok/s (avg 27430) ETA n/a | GPU 1.4/45.2GB | gtok=150765568
  [1] 4650 loss=4.6760 ppl=107.3 lr=9.55e-05 | 30946 tok/s (avg 27463) ETA n/a | GPU 1.4/45.2GB | gtok=152403968
  [1] 4700 loss=4.1919 ppl=66.1 lr=9.54e-05 | 30947 tok/s (avg 27496) ETA n/a | GPU 1.4/45.2GB | gtok=154042368
  [1] 4750 loss=4.4986 ppl=89.9 lr=9.53e-05 | 30978 tok/s (avg 27529) ETA n/a | GPU 1.4/45.2GB | gtok=155680768
  [1] 4800 loss=4.4455 ppl=85.2 lr=9.52e-05 | 30944 tok/s (avg 27560) ETA n/a | GPU 1.4/45.2GB | gtok=157319168
  [1] 4850 loss=4.3441 ppl=77.0 lr=9.51e-05 | 30955 tok/s (avg 27591) ETA n/a | GPU 1.4/45.2GB | gtok=158957568
  [1] 4900 loss=4.4582 ppl=86.3 lr=9.50e-05 | 30919 tok/s (avg 27622) ETA n/a | GPU 1.4/45.2GB | gtok=160595968
  [1] 4950 loss=4.5205 ppl=91.9 lr=9.48e-05 | 30930 tok/s (avg 27652) ETA n/a | GPU 1.4/45.2GB | gtok=162234368
  [1] 5000 loss=4.7097 ppl=111.0 lr=9.47e-05 | 30930 tok/s (avg 27681) ETA n/a | GPU 1.4/45.2GB | gtok=163872768
  [1] 5050 loss=4.5912 ppl=98.6 lr=9.46e-05 | 30945 tok/s (avg 27710) ETA n/a | GPU 1.4/45.2GB | gtok=165511168
  [1] 5100 loss=4.8076 ppl=122.4 lr=9.45e-05 | 30930 tok/s (avg 27738) ETA n/a | GPU 1.4/45.2GB | gtok=167149568
  [1] 5150 loss=4.6707 ppl=106.8 lr=9.44e-05 | 30955 tok/s (avg 27766) ETA n/a | GPU 1.4/45.2GB | gtok=168787968
  [1] 5200 loss=4.5339 ppl=93.1 lr=9.43e-05 | 30927 tok/s (avg 27793) ETA n/a | GPU 1.4/45.2GB | gtok=170426368
  [1] 5250 loss=4.6611 ppl=105.8 lr=9.41e-05 | 28576 tok/s (avg 27801) ETA n/a | GPU 1.4/45.2GB | gtok=172064768
  [1] 5300 loss=4.4681 ppl=87.2 lr=9.40e-05 | 30927 tok/s (avg 27827) ETA n/a | GPU 1.4/45.2GB | gtok=173703168
  [1] 5350 loss=4.4770 ppl=88.0 lr=9.39e-05 | 30932 tok/s (avg 27853) ETA n/a | GPU 1.4/45.2GB | gtok=175341568
  [1] 5400 loss=4.5287 ppl=92.6 lr=9.38e-05 | 30946 tok/s (avg 27879) ETA n/a | GPU 1.4/45.2GB | gtok=176979968
  [1] 5450 loss=4.5144 ppl=91.3 lr=9.36e-05 | 30958 tok/s (avg 27905) ETA n/a | GPU 1.4/45.2GB | gtok=178618368
  [1] 5500 loss=4.7164 ppl=111.8 lr=9.35e-05 | 30918 tok/s (avg 27929) ETA n/a | GPU 1.4/45.2GB | gtok=180256768
  [1] 5550 loss=4.3167 ppl=74.9 lr=9.34e-05 | 30886 tok/s (avg 27953) ETA n/a | GPU 1.4/45.2GB | gtok=181895168
  [1] 5600 loss=4.4146 ppl=82.7 lr=9.33e-05 | 30904 tok/s (avg 27977) ETA n/a | GPU 1.4/45.2GB | gtok=183533568
  [1] 5650 loss=4.3700 ppl=79.0 lr=9.31e-05 | 30915 tok/s (avg 28001) ETA n/a | GPU 1.4/45.2GB | gtok=185171968
  [1] 5700 loss=4.5319 ppl=92.9 lr=9.30e-05 | 30921 tok/s (avg 28024) ETA n/a | GPU 1.4/45.2GB | gtok=186810368
  [1] 5750 loss=4.3820 ppl=80.0 lr=9.29e-05 | 30926 tok/s (avg 28047) ETA n/a | GPU 1.4/45.2GB | gtok=188448768
  [1] 5800 loss=4.5091 ppl=90.8 lr=9.27e-05 | 30933 tok/s (avg 28070) ETA n/a | GPU 1.4/45.2GB | gtok=190087168
  [1] 5850 loss=4.3598 ppl=78.2 lr=9.26e-05 | 30895 tok/s (avg 28091) ETA n/a | GPU 1.4/45.2GB | gtok=191725568
  [1] 5900 loss=4.3052 ppl=74.1 lr=9.25e-05 | 30889 tok/s (avg 28113) ETA n/a | GPU 1.4/45.2GB | gtok=193363968
  [1] 5950 loss=4.3401 ppl=76.7 lr=9.23e-05 | 30912 tok/s (avg 28134) ETA n/a | GPU 1.4/45.2GB | gtok=195002368
Saved checkpoint: checkpoints_v11_recall_stage6_combo/best_run/latest.pt
  [checkpoint @ step 6000, 196,608,000 tok]
  [1] 6000 loss=4.4193 ppl=83.0 lr=9.22e-05 | 29832 tok/s (avg 28148) ETA n/a | GPU 1.4/45.2GB | gtok=196640768
  [1] 6050 loss=4.3249 ppl=75.6 lr=9.21e-05 | 30916 tok/s (avg 28169) ETA n/a | GPU 1.4/45.2GB | gtok=198279168
  [1] 6100 loss=4.3108 ppl=74.5 lr=9.19e-05 | 28594 tok/s (avg 28172) ETA n/a | GPU 1.4/45.2GB | gtok=199917568
  [1] 6150 loss=4.5620 ppl=95.8 lr=9.18e-05 | 30894 tok/s (avg 28192) ETA n/a | GPU 1.4/45.2GB | gtok=201555968
  [1] 6200 loss=4.5715 ppl=96.7 lr=9.16e-05 | 30936 tok/s (avg 28212) ETA n/a | GPU 1.4/45.2GB | gtok=203194368
  [1] 6250 loss=4.4279 ppl=83.8 lr=9.15e-05 | 30904 tok/s (avg 28232) ETA n/a | GPU 1.4/45.2GB | gtok=204832768
  [1] 6300 loss=4.4165 ppl=82.8 lr=9.13e-05 | 30942 tok/s (avg 28252) ETA n/a | GPU 1.4/45.2GB | gtok=206471168
  [1] 6350 loss=4.1453 ppl=63.1 lr=9.12e-05 | 30947 tok/s (avg 28271) ETA n/a | GPU 1.4/45.2GB | gtok=208109568
  [1] 6400 loss=4.2739 ppl=71.8 lr=9.11e-05 | 30901 tok/s (avg 28290) ETA n/a | GPU 1.4/45.2GB | gtok=209747968
  [1] 6450 loss=4.3780 ppl=79.7 lr=9.09e-05 | 30801 tok/s (avg 28308) ETA n/a | GPU 1.4/45.2GB | gtok=211386368
  [1] 6500 loss=4.1804 ppl=65.4 lr=9.08e-05 | 30807 tok/s (avg 28325) ETA n/a | GPU 1.4/45.2GB | gtok=213024768
  [1] 6550 loss=4.4585 ppl=86.4 lr=9.06e-05 | 30964 tok/s (avg 28344) ETA n/a | GPU 1.4/45.2GB | gtok=214663168
  [1] 6600 loss=4.2039 ppl=66.9 lr=9.05e-05 | 30895 tok/s (avg 28362) ETA n/a | GPU 1.4/45.2GB | gtok=216301568
  [1] 6650 loss=4.5264 ppl=92.4 lr=9.03e-05 | 30926 tok/s (avg 28379) ETA n/a | GPU 1.4/45.2GB | gtok=217939968
  [1] 6700 loss=4.4756 ppl=87.8 lr=9.02e-05 | 30922 tok/s (avg 28397) ETA n/a | GPU 1.4/45.2GB | gtok=219578368
  [1] 6750 loss=4.3873 ppl=80.4 lr=9.00e-05 | 30880 tok/s (avg 28414) ETA n/a | GPU 1.4/45.2GB | gtok=221216768
  [1] 6800 loss=4.3891 ppl=80.6 lr=8.98e-05 | 30893 tok/s (avg 28430) ETA n/a | GPU 1.4/45.2GB | gtok=222855168
  [1] 6850 loss=4.2624 ppl=71.0 lr=8.97e-05 | 30883 tok/s (avg 28447) ETA n/a | GPU 1.4/45.2GB | gtok=224493568
  [1] 6900 loss=4.2396 ppl=69.4 lr=8.95e-05 | 30897 tok/s (avg 28463) ETA n/a | GPU 1.4/45.2GB | gtok=226131968
  [1] 6950 loss=4.4791 ppl=88.2 lr=8.94e-05 | 28631 tok/s (avg 28464) ETA n/a | GPU 1.4/45.2GB | gtok=227770368
  [1] 7000 loss=4.3106 ppl=74.5 lr=8.92e-05 | 30902 tok/s (avg 28481) ETA n/a | GPU 1.4/45.2GB | gtok=229408768
  [1] 7050 loss=4.2921 ppl=73.1 lr=8.91e-05 | 30912 tok/s (avg 28496) ETA n/a | GPU 1.4/45.2GB | gtok=231047168
  [1] 7100 loss=4.3703 ppl=79.1 lr=8.89e-05 | 30892 tok/s (avg 28512) ETA n/a | GPU 1.4/45.2GB | gtok=232685568
  [1] 7150 loss=4.0633 ppl=58.2 lr=8.87e-05 | 30902 tok/s (avg 28527) ETA n/a | GPU 1.4/45.2GB | gtok=234323968
  [1] 7200 loss=4.3031 ppl=73.9 lr=8.86e-05 | 30892 tok/s (avg 28543) ETA n/a | GPU 1.4/45.2GB | gtok=235962368
  [1] 7250 loss=4.1489 ppl=63.4 lr=8.84e-05 | 30894 tok/s (avg 28558) ETA n/a | GPU 1.4/45.2GB | gtok=237600768
  [1] 7300 loss=4.3805 ppl=79.9 lr=8.82e-05 | 30912 tok/s (avg 28572) ETA n/a | GPU 1.4/45.2GB | gtok=239239168
  [1] 7350 loss=4.3125 ppl=74.6 lr=8.81e-05 | 30870 tok/s (avg 28587) ETA n/a | GPU 1.4/45.2GB | gtok=240877568
  [1] 7400 loss=4.4300 ppl=83.9 lr=8.79e-05 | 30878 tok/s (avg 28601) ETA n/a | GPU 1.4/45.2GB | gtok=242515968
  [1] 7450 loss=4.3333 ppl=76.2 lr=8.77e-05 | 30891 tok/s (avg 28616) ETA n/a | GPU 1.4/45.2GB | gtok=244154368
  [1] 7500 loss=4.1885 ppl=65.9 lr=8.76e-05 | 30869 tok/s (avg 28629) ETA n/a | GPU 1.4/45.2GB | gtok=245792768
  [1] 7550 loss=4.1850 ppl=65.7 lr=8.74e-05 | 30920 tok/s (avg 28644) ETA n/a | GPU 1.4/45.2GB | gtok=247431168
  [1] 7600 loss=4.1205 ppl=61.6 lr=8.72e-05 | 30906 tok/s (avg 28657) ETA n/a | GPU 1.4/45.2GB | gtok=249069568
  [1] 7650 loss=4.4230 ppl=83.3 lr=8.71e-05 | 30894 tok/s (avg 28671) ETA n/a | GPU 1.4/45.2GB | gtok=250707968
  [1] 7700 loss=4.1468 ppl=63.2 lr=8.69e-05 | 30885 tok/s (avg 28684) ETA n/a | GPU 1.4/45.2GB | gtok=252346368
  [1] 7750 loss=4.3016 ppl=73.8 lr=8.67e-05 | 30892 tok/s (avg 28697) ETA n/a | GPU 1.4/45.2GB | gtok=253984768
  [1] 7800 loss=4.2546 ppl=70.4 lr=8.65e-05 | 28601 tok/s (avg 28697) ETA n/a | GPU 1.4/45.2GB | gtok=255623168
  [1] 7850 loss=4.3380 ppl=76.6 lr=8.64e-05 | 30925 tok/s (avg 28710) ETA n/a | GPU 1.4/45.2GB | gtok=257261568
  [1] 7900 loss=4.0742 ppl=58.8 lr=8.62e-05 | 30906 tok/s (avg 28723) ETA n/a | GPU 1.4/45.2GB | gtok=258899968
  [1] 7950 loss=4.0202 ppl=55.7 lr=8.60e-05 | 30895 tok/s (avg 28736) ETA n/a | GPU 1.4/45.2GB | gtok=260538368
Saved checkpoint: checkpoints_v11_recall_stage6_combo/best_run/latest.pt
  [checkpoint @ step 8000, 262,144,000 tok]
  [1] 8000 loss=4.4759 ppl=87.9 lr=8.58e-05 | 29881 tok/s (avg 28743) ETA n/a | GPU 1.4/45.2GB | gtok=262176768
  [1] 8050 loss=4.1611 ppl=64.1 lr=8.56e-05 | 30886 tok/s (avg 28755) ETA n/a | GPU 1.4/45.2GB | gtok=263815168
  [1] 8100 loss=4.2178 ppl=67.9 lr=8.55e-05 | 30882 tok/s (avg 28767) ETA n/a | GPU 1.4/45.2GB | gtok=265453568
  [1] 8150 loss=4.2964 ppl=73.4 lr=8.53e-05 | 30904 tok/s (avg 28779) ETA n/a | GPU 1.4/45.2GB | gtok=267091968
  [1] 8200 loss=4.0997 ppl=60.3 lr=8.51e-05 | 30914 tok/s (avg 28791) ETA n/a | GPU 1.4/45.2GB | gtok=268730368
  [1] 8250 loss=4.2536 ppl=70.4 lr=8.49e-05 | 30928 tok/s (avg 28804) ETA n/a | GPU 1.4/45.2GB | gtok=270368768
  [1] 8300 loss=4.3603 ppl=78.3 lr=8.47e-05 | 30900 tok/s (avg 28815) ETA n/a | GPU 1.4/45.2GB | gtok=272007168
  [1] 8350 loss=3.8876 ppl=48.8 lr=8.45e-05 | 30867 tok/s (avg 28827) ETA n/a | GPU 1.4/45.2GB | gtok=273645568
  [1] 8400 loss=4.1679 ppl=64.6 lr=8.44e-05 | 30885 tok/s (avg 28838) ETA n/a | GPU 1.4/45.2GB | gtok=275283968
  [1] 8450 loss=4.3028 ppl=73.9 lr=8.42e-05 | 30893 tok/s (avg 28850) ETA n/a | GPU 1.4/45.2GB | gtok=276922368
  [1] 8500 loss=4.2571 ppl=70.6 lr=8.40e-05 | 30913 tok/s (avg 28861) ETA n/a | GPU 1.4/45.2GB | gtok=278560768
  [1] 8550 loss=4.0503 ppl=57.4 lr=8.38e-05 | 30913 tok/s (avg 28872) ETA n/a | GPU 1.4/45.2GB | gtok=280199168
  [1] 8600 loss=4.1144 ppl=61.2 lr=8.36e-05 | 30892 tok/s (avg 28883) ETA n/a | GPU 1.4/45.2GB | gtok=281837568
  [1] 8650 loss=4.3116 ppl=74.6 lr=8.34e-05 | 28565 tok/s (avg 28881) ETA n/a | GPU 1.4/45.2GB | gtok=283475968
  [1] 8700 loss=4.0429 ppl=57.0 lr=8.32e-05 | 30882 tok/s (avg 28892) ETA n/a | GPU 1.4/45.2GB | gtok=285114368
  [1] 8750 loss=4.2653 ppl=71.2 lr=8.30e-05 | 30886 tok/s (avg 28903) ETA n/a | GPU 1.4/45.2GB | gtok=286752768
  [1] 8800 loss=4.2583 ppl=70.7 lr=8.28e-05 | 30906 tok/s (avg 28913) ETA n/a | GPU 1.4/45.2GB | gtok=288391168
  [1] 8850 loss=4.2436 ppl=69.7 lr=8.26e-05 | 30911 tok/s (avg 28924) ETA n/a | GPU 1.4/45.2GB | gtok=290029568
  [1] 8900 loss=3.9937 ppl=54.3 lr=8.24e-05 | 30899 tok/s (avg 28934) ETA n/a | GPU 1.4/45.2GB | gtok=291667968
  [1] 8950 loss=4.1365 ppl=62.6 lr=8.22e-05 | 30882 tok/s (avg 28944) ETA n/a | GPU 1.4/45.2GB | gtok=293306368
  [1] 9000 loss=4.0978 ppl=60.2 lr=8.20e-05 | 30908 tok/s (avg 28955) ETA n/a | GPU 1.4/45.2GB | gtok=294944768
  [1] 9050 loss=4.1620 ppl=64.2 lr=8.18e-05 | 30905 tok/s (avg 28965) ETA n/a | GPU 1.4/45.2GB | gtok=296583168
  [1] 9100 loss=4.2158 ppl=67.7 lr=8.16e-05 | 30922 tok/s (avg 28975) ETA n/a | GPU 1.4/45.2GB | gtok=298221568
  [1] 9150 loss=4.0743 ppl=58.8 lr=8.14e-05 | 30959 tok/s (avg 28985) ETA n/a | GPU 1.4/45.2GB | gtok=299859968
  [1] 9200 loss=3.9915 ppl=54.1 lr=8.12e-05 | 31081 tok/s (avg 28996) ETA n/a | GPU 1.4/45.2GB | gtok=301498368
  [1] 9250 loss=4.1188 ppl=61.5 lr=8.10e-05 | 31083 tok/s (avg 29006) ETA n/a | GPU 1.4/45.2GB | gtok=303136768
  [1] 9300 loss=4.0312 ppl=56.3 lr=8.08e-05 | 31024 tok/s (avg 29016) ETA n/a | GPU 1.4/45.2GB | gtok=304775168
  [1] 9350 loss=4.1741 ppl=65.0 lr=8.06e-05 | 31020 tok/s (avg 29026) ETA n/a | GPU 1.4/45.2GB | gtok=306413568
  [1] 9400 loss=4.0919 ppl=59.9 lr=8.04e-05 | 31033 tok/s (avg 29036) ETA n/a | GPU 1.4/45.2GB | gtok=308051968
  [1] 9450 loss=4.2086 ppl=67.3 lr=8.02e-05 | 31037 tok/s (avg 29046) ETA n/a | GPU 1.4/45.2GB | gtok=309690368
  [1] 9500 loss=4.3345 ppl=76.3 lr=8.00e-05 | 28741 tok/s (avg 29045) ETA n/a | GPU 1.4/45.2GB | gtok=311328768
  [1] 9550 loss=4.2529 ppl=70.3 lr=7.98e-05 | 31012 tok/s (avg 29054) ETA n/a | GPU 1.4/45.2GB | gtok=312967168
  [1] 9600 loss=4.1640 ppl=64.3 lr=7.96e-05 | 31021 tok/s (avg 29064) ETA n/a | GPU 1.4/45.2GB | gtok=314605568
  [1] 9650 loss=4.0754 ppl=58.9 lr=7.94e-05 | 30985 tok/s (avg 29073) ETA n/a | GPU 1.4/45.2GB | gtok=316243968
  [1] 9700 loss=4.0887 ppl=59.7 lr=7.92e-05 | 30994 tok/s (avg 29082) ETA n/a | GPU 1.4/45.2GB | gtok=317882368
  [1] 9750 loss=4.0904 ppl=59.8 lr=7.90e-05 | 31017 tok/s (avg 29092) ETA n/a | GPU 1.4/45.2GB | gtok=319520768
  [1] 9800 loss=4.0823 ppl=59.3 lr=7.88e-05 | 31005 tok/s (avg 29101) ETA n/a | GPU 1.4/45.2GB | gtok=321159168
  [1] 9850 loss=3.9331 ppl=51.1 lr=7.86e-05 | 31019 tok/s (avg 29110) ETA n/a | GPU 1.4/45.2GB | gtok=322797568
  [1] 9900 loss=4.1681 ppl=64.6 lr=7.84e-05 | 31040 tok/s (avg 29119) ETA n/a | GPU 1.4/45.2GB | gtok=324435968
  [1] 9950 loss=4.0554 ppl=57.7 lr=7.81e-05 | 30974 tok/s (avg 29128) ETA n/a | GPU 1.4/45.2GB | gtok=326074368
Saved checkpoint: checkpoints_v11_recall_stage6_combo/best_run/latest.pt
  [checkpoint @ step 10000, 327,680,000 tok]
  [1] 10000 loss=4.1995 ppl=66.7 lr=7.79e-05 | 29976 tok/s (avg 29132) ETA n/a | GPU 1.4/45.2GB | gtok=327712768
  [1] 10050 loss=4.1966 ppl=66.5 lr=7.77e-05 | 31000 tok/s (avg 29141) ETA n/a | GPU 1.4/45.2GB | gtok=329351168
  [1] 10100 loss=4.1730 ppl=64.9 lr=7.75e-05 | 31016 tok/s (avg 29149) ETA n/a | GPU 1.4/45.2GB | gtok=330989568
  [1] 10150 loss=3.7856 ppl=44.1 lr=7.73e-05 | 31031 tok/s (avg 29158) ETA n/a | GPU 1.4/45.2GB | gtok=332627968
  [1] 10200 loss=4.1604 ppl=64.1 lr=7.71e-05 | 31004 tok/s (avg 29167) ETA n/a | GPU 1.4/45.2GB | gtok=334266368
  [1] 10250 loss=4.2470 ppl=69.9 lr=7.69e-05 | 30998 tok/s (avg 29175) ETA n/a | GPU 1.4/45.2GB | gtok=335904768
  [1] 10300 loss=4.0747 ppl=58.8 lr=7.66e-05 | 30977 tok/s (avg 29183) ETA n/a | GPU 1.4/45.2GB | gtok=337543168
  [1] 10350 loss=3.9841 ppl=53.7 lr=7.64e-05 | 28684 tok/s (avg 29181) ETA n/a | GPU 1.4/45.2GB | gtok=339181568
  [1] 10400 loss=4.2237 ppl=68.3 lr=7.62e-05 | 31007 tok/s (avg 29189) ETA n/a | GPU 1.4/45.2GB | gtok=340819968
  [1] 10450 loss=3.9220 ppl=50.5 lr=7.60e-05 | 31004 tok/s (avg 29197) ETA n/a | GPU 1.4/45.2GB | gtok=342458368
  [1] 10500 loss=3.9690 ppl=52.9 lr=7.58e-05 | 31001 tok/s (avg 29205) ETA n/a | GPU 1.4/45.2GB | gtok=344096768
  [1] 10550 loss=4.0554 ppl=57.7 lr=7.55e-05 | 31018 tok/s (avg 29214) ETA n/a | GPU 1.4/45.2GB | gtok=345735168
  [1] 10600 loss=3.9834 ppl=53.7 lr=7.53e-05 | 30957 tok/s (avg 29221) ETA n/a | GPU 1.4/45.2GB | gtok=347373568
  [1] 10650 loss=3.7924 ppl=44.4 lr=7.51e-05 | 30980 tok/s (avg 29229) ETA n/a | GPU 1.4/45.2GB | gtok=349011968
  [1] 10700 loss=4.1563 ppl=63.8 lr=7.49e-05 | 30981 tok/s (avg 29237) ETA n/a | GPU 1.4/45.2GB | gtok=350650368
  [1] 10750 loss=4.0737 ppl=58.8 lr=7.46e-05 | 31032 tok/s (avg 29245) ETA n/a | GPU 1.4/45.2GB | gtok=352288768
  [1] 10800 loss=3.8865 ppl=48.7 lr=7.44e-05 | 30989 tok/s (avg 29252) ETA n/a | GPU 1.4/45.2GB | gtok=353927168
  [1] 10850 loss=3.9388 ppl=51.4 lr=7.42e-05 | 30994 tok/s (avg 29260) ETA n/a | GPU 1.4/45.2GB | gtok=355565568
  [1] 10900 loss=4.2084 ppl=67.3 lr=7.40e-05 | 30974 tok/s (avg 29267) ETA n/a | GPU 1.4/45.2GB | gtok=357203968
  [1] 10950 loss=4.0706 ppl=58.6 lr=7.37e-05 | 30995 tok/s (avg 29275) ETA n/a | GPU 1.4/45.2GB | gtok=358842368
  [1] 11000 loss=4.0067 ppl=55.0 lr=7.35e-05 | 30988 tok/s (avg 29282) ETA n/a | GPU 1.4/45.2GB | gtok=360480768
  [1] 11050 loss=3.9485 ppl=51.9 lr=7.33e-05 | 31001 tok/s (avg 29289) ETA n/a | GPU 1.4/45.2GB | gtok=362119168
  [1] 11100 loss=3.7756 ppl=43.6 lr=7.31e-05 | 31016 tok/s (avg 29297) ETA n/a | GPU 1.4/45.2GB | gtok=363757568
  [1] 11150 loss=4.1437 ppl=63.0 lr=7.28e-05 | 30973 tok/s (avg 29304) ETA n/a | GPU 1.4/45.2GB | gtok=365395968
  [1] 11200 loss=3.9345 ppl=51.1 lr=7.26e-05 | 28667 tok/s (avg 29301) ETA n/a | GPU 1.4/45.2GB | gtok=367034368
  [1] 11250 loss=4.0764 ppl=58.9 lr=7.24e-05 | 30896 tok/s (avg 29308) ETA n/a | GPU 1.4/45.2GB | gtok=368672768
  [1] 11300 loss=4.1507 ppl=63.5 lr=7.21e-05 | 30885 tok/s (avg 29314) ETA n/a | GPU 1.4/45.2GB | gtok=370311168
  [1] 11350 loss=4.2599 ppl=70.8 lr=7.19e-05 | 30919 tok/s (avg 29321) ETA n/a | GPU 1.4/45.2GB | gtok=371949568
  [1] 11400 loss=4.2140 ppl=67.6 lr=7.17e-05 | 30903 tok/s (avg 29328) ETA n/a | GPU 1.4/45.2GB | gtok=373587968
  [1] 11450 loss=3.9289 ppl=50.9 lr=7.15e-05 | 30881 tok/s (avg 29334) ETA n/a | GPU 1.4/45.2GB | gtok=375226368
  [1] 11500 loss=3.8510 ppl=47.0 lr=7.12e-05 | 30885 tok/s (avg 29340) ETA n/a | GPU 1.4/45.2GB | gtok=376864768
  [1] 11550 loss=3.9730 ppl=53.1 lr=7.10e-05 | 30940 tok/s (avg 29347) ETA n/a | GPU 1.4/45.2GB | gtok=378503168
  [1] 11600 loss=3.9446 ppl=51.7 lr=7.08e-05 | 30954 tok/s (avg 29354) ETA n/a | GPU 1.4/45.2GB | gtok=380141568
  [1] 11650 loss=4.0692 ppl=58.5 lr=7.05e-05 | 30973 tok/s (avg 29360) ETA n/a | GPU 1.4/45.2GB | gtok=381779968
  [1] 11700 loss=3.9534 ppl=52.1 lr=7.03e-05 | 30991 tok/s (avg 29367) ETA n/a | GPU 1.4/45.2GB | gtok=383418368
  [1] 11750 loss=3.9234 ppl=50.6 lr=7.00e-05 | 30970 tok/s (avg 29373) ETA n/a | GPU 1.4/45.2GB | gtok=385056768
  [1] 11800 loss=3.9487 ppl=51.9 lr=6.98e-05 | 30964 tok/s (avg 29380) ETA n/a | GPU 1.4/45.2GB | gtok=386695168
  [1] 11850 loss=4.1514 ppl=63.5 lr=6.96e-05 | 30957 tok/s (avg 29386) ETA n/a | GPU 1.4/45.2GB | gtok=388333568
  [1] 11900 loss=3.8852 ppl=48.7 lr=6.93e-05 | 30940 tok/s (avg 29392) ETA n/a | GPU 1.4/45.2GB | gtok=389971968
  [1] 11950 loss=3.8867 ppl=48.8 lr=6.91e-05 | 30955 tok/s (avg 29398) ETA n/a | GPU 1.4/45.2GB | gtok=391610368
Saved checkpoint: checkpoints_v11_recall_stage6_combo/best_run/latest.pt
  [checkpoint @ step 12000, 393,216,000 tok]
  [1] 12000 loss=3.8662 ppl=47.8 lr=6.89e-05 | 29955 tok/s (avg 29401) ETA n/a | GPU 1.4/45.2GB | gtok=393248768
  [1] 12050 loss=3.9688 ppl=52.9 lr=6.86e-05 | 28673 tok/s (avg 29398) ETA n/a | GPU 1.4/45.2GB | gtok=394887168
  [1] 12100 loss=4.0759 ppl=58.9 lr=6.84e-05 | 30968 tok/s (avg 29404) ETA n/a | GPU 1.4/45.2GB | gtok=396525568
  [1] 12150 loss=3.9917 ppl=54.1 lr=6.81e-05 | 30939 tok/s (avg 29410) ETA n/a | GPU 1.4/45.2GB | gtok=398163968
  [1] 12200 loss=4.1611 ppl=64.1 lr=6.79e-05 | 30942 tok/s (avg 29416) ETA n/a | GPU 1.4/45.2GB | gtok=399802368
  [1] 12250 loss=4.0195 ppl=55.7 lr=6.77e-05 | 30978 tok/s (avg 29422) ETA n/a | GPU 1.4/45.2GB | gtok=401440768
  [1] 12300 loss=3.9182 ppl=50.3 lr=6.74e-05 | 30961 tok/s (avg 29428) ETA n/a | GPU 1.4/45.2GB | gtok=403079168
  [1] 12350 loss=4.0159 ppl=55.5 lr=6.72e-05 | 30967 tok/s (avg 29434) ETA n/a | GPU 1.4/45.2GB | gtok=404717568
  [1] 12400 loss=4.0257 ppl=56.0 lr=6.69e-05 | 30965 tok/s (avg 29439) ETA n/a | GPU 1.4/45.2GB | gtok=406355968
  [1] 12450 loss=4.1436 ppl=63.0 lr=6.67e-05 | 30934 tok/s (avg 29445) ETA n/a | GPU 1.4/45.2GB | gtok=407994368
  [1] 12500 loss=4.0826 ppl=59.3 lr=6.65e-05 | 30947 tok/s (avg 29451) ETA n/a | GPU 1.4/45.2GB | gtok=409632768
  [1] 12550 loss=4.0104 ppl=55.2 lr=6.62e-05 | 30953 tok/s (avg 29457) ETA n/a | GPU 1.4/45.2GB | gtok=411271168
  [1] 12600 loss=3.9225 ppl=50.5 lr=6.60e-05 | 30965 tok/s (avg 29462) ETA n/a | GPU 1.4/45.2GB | gtok=412909568
  [1] 12650 loss=4.0419 ppl=56.9 lr=6.57e-05 | 30960 tok/s (avg 29468) ETA n/a | GPU 1.4/45.2GB | gtok=414547968
  [1] 12700 loss=4.1399 ppl=62.8 lr=6.55e-05 | 30977 tok/s (avg 29474) ETA n/a | GPU 1.4/45.2GB | gtok=416186368
  [1] 12750 loss=4.0156 ppl=55.5 lr=6.52e-05 | 30975 tok/s (avg 29479) ETA n/a | GPU 1.4/45.2GB | gtok=417824768
  [1] 12800 loss=3.9157 ppl=50.2 lr=6.50e-05 | 30931 tok/s (avg 29485) ETA n/a | GPU 1.4/45.2GB | gtok=419463168
  [1] 12850 loss=4.0086 ppl=55.1 lr=6.47e-05 | 30965 tok/s (avg 29490) ETA n/a | GPU 1.4/45.2GB | gtok=421101568
  [1] 12900 loss=4.0016 ppl=54.7 lr=6.45e-05 | 28671 tok/s (avg 29487) ETA n/a | GPU 1.4/45.2GB | gtok=422739968
  [1] 12950 loss=3.9160 ppl=50.2 lr=6.43e-05 | 30984 tok/s (avg 29492) ETA n/a | GPU 1.4/45.2GB | gtok=424378368
  [1] 13000 loss=4.1634 ppl=64.3 lr=6.40e-05 | 31021 tok/s (avg 29498) ETA n/a | GPU 1.4/45.2GB | gtok=426016768
  [1] 13050 loss=4.1078 ppl=60.8 lr=6.38e-05 | 30985 tok/s (avg 29503) ETA n/a | GPU 1.4/45.2GB | gtok=427655168
  [1] 13100 loss=3.8928 ppl=49.0 lr=6.35e-05 | 30954 tok/s (avg 29509) ETA n/a | GPU 1.4/45.2GB | gtok=429293568
  [1] 13150 loss=4.0053 ppl=54.9 lr=6.33e-05 | 30935 tok/s (avg 29514) ETA n/a | GPU 1.4/45.2GB | gtok=430931968
  [1] 13200 loss=3.7814 ppl=43.9 lr=6.30e-05 | 30946 tok/s (avg 29519) ETA n/a | GPU 1.4/45.2GB | gtok=432570368
  [1] 13250 loss=4.0524 ppl=57.5 lr=6.28e-05 | 30984 tok/s (avg 29524) ETA n/a | GPU 1.4/45.2GB | gtok=434208768
  [1] 13300 loss=3.8846 ppl=48.6 lr=6.25e-05 | 30984 tok/s (avg 29529) ETA n/a | GPU 1.4/45.2GB | gtok=435847168
  [1] 13350 loss=3.8773 ppl=48.3 lr=6.23e-05 | 31001 tok/s (avg 29535) ETA n/a | GPU 1.4/45.2GB | gtok=437485568
  [1] 13400 loss=4.0517 ppl=57.5 lr=6.20e-05 | 30979 tok/s (avg 29540) ETA n/a | GPU 1.4/45.2GB | gtok=439123968
  [1] 13450 loss=3.8602 ppl=47.5 lr=6.18e-05 | 30846 tok/s (avg 29544) ETA n/a | GPU 1.4/45.2GB | gtok=440762368
  [1] 13500 loss=4.0364 ppl=56.6 lr=6.15e-05 | 30966 tok/s (avg 29550) ETA n/a | GPU 1.4/45.2GB | gtok=442400768
  [1] 13550 loss=3.7993 ppl=44.7 lr=6.13e-05 | 30971 tok/s (avg 29555) ETA n/a | GPU 1.4/45.2GB | gtok=444039168
  [1] 13600 loss=3.8302 ppl=46.1 lr=6.10e-05 | 30976 tok/s (avg 29560) ETA n/a | GPU 1.4/45.2GB | gtok=445677568
  [1] 13650 loss=4.0749 ppl=58.8 lr=6.08e-05 | 30990 tok/s (avg 29565) ETA n/a | GPU 1.4/45.2GB | gtok=447315968
  [1] 13700 loss=3.7447 ppl=42.3 lr=6.05e-05 | 30924 tok/s (avg 29569) ETA n/a | GPU 1.4/45.2GB | gtok=448954368
  [1] 13750 loss=3.6212 ppl=37.4 lr=6.03e-05 | 28714 tok/s (avg 29566) ETA n/a | GPU 1.4/45.2GB | gtok=450592768
  [1] 13800 loss=3.9229 ppl=50.5 lr=6.00e-05 | 30953 tok/s (avg 29571) ETA n/a | GPU 1.4/45.2GB | gtok=452231168
  [1] 13850 loss=3.9337 ppl=51.1 lr=5.98e-05 | 30948 tok/s (avg 29576) ETA n/a | GPU 1.4/45.2GB | gtok=453869568
  [1] 13900 loss=3.9614 ppl=52.5 lr=5.95e-05 | 30957 tok/s (avg 29580) ETA n/a | GPU 1.4/45.2GB | gtok=455507968
  [1] 13950 loss=3.9949 ppl=54.3 lr=5.93e-05 | 30988 tok/s (avg 29585) ETA n/a | GPU 1.4/45.2GB | gtok=457146368
Saved checkpoint: checkpoints_v11_recall_stage6_combo/best_run/latest.pt
  [checkpoint @ step 14000, 458,752,000 tok]
  [1] 14000 loss=3.8454 ppl=46.8 lr=5.90e-05 | 29931 tok/s (avg 29586) ETA n/a | GPU 1.4/45.2GB | gtok=458784768
  [1] 14050 loss=4.0383 ppl=56.7 lr=5.87e-05 | 30986 tok/s (avg 29591) ETA n/a | GPU 1.4/45.2GB | gtok=460423168
  [1] 14100 loss=3.8591 ppl=47.4 lr=5.85e-05 | 30958 tok/s (avg 29596) ETA n/a | GPU 1.4/45.2GB | gtok=462061568
  [1] 14150 loss=3.9373 ppl=51.3 lr=5.82e-05 | 30958 tok/s (avg 29600) ETA n/a | GPU 1.4/45.2GB | gtok=463699968
  [1] 14200 loss=3.9106 ppl=49.9 lr=5.80e-05 | 30955 tok/s (avg 29605) ETA n/a | GPU 1.4/45.2GB | gtok=465338368
  [1] 14250 loss=3.7913 ppl=44.3 lr=5.77e-05 | 30992 tok/s (avg 29610) ETA n/a | GPU 1.4/45.2GB | gtok=466976768
  [1] 14300 loss=3.8632 ppl=47.6 lr=5.75e-05 | 30977 tok/s (avg 29614) ETA n/a | GPU 1.4/45.2GB | gtok=468615168
  [1] 14350 loss=4.0338 ppl=56.5 lr=5.72e-05 | 30969 tok/s (avg 29619) ETA n/a | GPU 1.4/45.2GB | gtok=470253568
  [1] 14400 loss=3.7911 ppl=44.3 lr=5.70e-05 | 30988 tok/s (avg 29623) ETA n/a | GPU 1.4/45.2GB | gtok=471891968
  [1] 14450 loss=4.0473 ppl=57.2 lr=5.67e-05 | 30960 tok/s (avg 29628) ETA n/a | GPU 1.4/45.2GB | gtok=473530368
  [1] 14500 loss=4.0389 ppl=56.8 lr=5.65e-05 | 30946 tok/s (avg 29632) ETA n/a | GPU 1.4/45.2GB | gtok=475168768
  [1] 14550 loss=3.8208 ppl=45.6 lr=5.62e-05 | 31006 tok/s (avg 29636) ETA n/a | GPU 1.4/45.2GB | gtok=476807168
  [1] 14600 loss=3.8667 ppl=47.8 lr=5.59e-05 | 28624 tok/s (avg 29633) ETA n/a | GPU 1.4/45.2GB | gtok=478445568
  [1] 14650 loss=4.0480 ppl=57.3 lr=5.57e-05 | 31001 tok/s (avg 29637) ETA n/a | GPU 1.4/45.2GB | gtok=480083968
  [1] 14700 loss=3.9798 ppl=53.5 lr=5.54e-05 | 30957 tok/s (avg 29642) ETA n/a | GPU 1.4/45.2GB | gtok=481722368
  [1] 14750 loss=3.8884 ppl=48.8 lr=5.52e-05 | 30989 tok/s (avg 29646) ETA n/a | GPU 1.4/45.2GB | gtok=483360768
  [1] 14800 loss=3.7103 ppl=40.9 lr=5.49e-05 | 30955 tok/s (avg 29650) ETA n/a | GPU 1.4/45.2GB | gtok=484999168
  [1] 14850 loss=3.8918 ppl=49.0 lr=5.47e-05 | 30977 tok/s (avg 29655) ETA n/a | GPU 1.4/45.2GB | gtok=486637568
  [1] 14900 loss=4.0311 ppl=56.3 lr=5.44e-05 | 30980 tok/s (avg 29659) ETA n/a | GPU 1.4/45.2GB | gtok=488275968
  [1] 14950 loss=3.9549 ppl=52.2 lr=5.42e-05 | 31013 tok/s (avg 29663) ETA n/a | GPU 1.4/45.2GB | gtok=489914368
  [1] 15000 loss=4.0180 ppl=55.6 lr=5.39e-05 | 30982 tok/s (avg 29667) ETA n/a | GPU 1.4/45.2GB | gtok=491552768
  [1] 15050 loss=3.8141 ppl=45.3 lr=5.36e-05 | 30954 tok/s (avg 29671) ETA n/a | GPU 1.4/45.2GB | gtok=493191168
  [1] 15100 loss=3.6611 ppl=38.9 lr=5.34e-05 | 30984 tok/s (avg 29676) ETA n/a | GPU 1.4/45.2GB | gtok=494829568
  [1] 15150 loss=3.8021 ppl=44.8 lr=5.31e-05 | 30993 tok/s (avg 29680) ETA n/a | GPU 1.4/45.2GB | gtok=496467968
  [1] 15200 loss=3.7594 ppl=42.9 lr=5.29e-05 | 30962 tok/s (avg 29684) ETA n/a | GPU 1.4/45.2GB | gtok=498106368
  [1] 15250 loss=4.1240 ppl=61.8 lr=5.26e-05 | 31038 tok/s (avg 29688) ETA n/a | GPU 1.4/45.2GB | gtok=499744768
  [1] 15300 loss=3.9148 ppl=50.1 lr=5.24e-05 | 30971 tok/s (avg 29692) ETA n/a | GPU 1.4/45.2GB | gtok=501383168
  [1] 15350 loss=4.0737 ppl=58.8 lr=5.21e-05 | 30959 tok/s (avg 29696) ETA n/a | GPU 1.4/45.2GB | gtok=503021568
  [1] 15400 loss=3.9784 ppl=53.4 lr=5.18e-05 | 30973 tok/s (avg 29700) ETA n/a | GPU 1.4/45.2GB | gtok=504659968
  [1] 15450 loss=3.8986 ppl=49.3 lr=5.16e-05 | 28627 tok/s (avg 29696) ETA n/a | GPU 1.4/45.2GB | gtok=506298368
  [1] 15500 loss=3.8951 ppl=49.2 lr=5.13e-05 | 30998 tok/s (avg 29700) ETA n/a | GPU 1.4/45.2GB | gtok=507936768
  [1] 15550 loss=3.9669 ppl=52.8 lr=5.11e-05 | 30945 tok/s (avg 29704) ETA n/a | GPU 1.4/45.2GB | gtok=509575168
  [1] 15600 loss=3.8948 ppl=49.1 lr=5.08e-05 | 30937 tok/s (avg 29708) ETA n/a | GPU 1.4/45.2GB | gtok=511213568
  [1] 15650 loss=3.8261 ppl=45.9 lr=5.06e-05 | 30970 tok/s (avg 29712) ETA n/a | GPU 1.4/45.2GB | gtok=512851968
  [1] 15700 loss=3.8301 ppl=46.1 lr=5.03e-05 | 30966 tok/s (avg 29716) ETA n/a | GPU 1.4/45.2GB | gtok=514490368
  [1] 15750 loss=3.9789 ppl=53.5 lr=5.00e-05 | 30959 tok/s (avg 29720) ETA n/a | GPU 1.4/45.2GB | gtok=516128768
  [1] 15800 loss=4.0210 ppl=55.8 lr=4.98e-05 | 31007 tok/s (avg 29723) ETA n/a | GPU 1.4/45.2GB | gtok=517767168
  [1] 15850 loss=3.8840 ppl=48.6 lr=4.95e-05 | 30993 tok/s (avg 29727) ETA n/a | GPU 1.4/45.2GB | gtok=519405568
  [1] 15900 loss=3.7279 ppl=41.6 lr=4.93e-05 | 30972 tok/s (avg 29731) ETA n/a | GPU 1.4/45.2GB | gtok=521043968
  [1] 15950 loss=3.9618 ppl=52.6 lr=4.90e-05 | 30936 tok/s (avg 29735) ETA n/a | GPU 1.4/45.2GB | gtok=522682368
Saved checkpoint: checkpoints_v11_recall_stage6_combo/best_run/latest.pt
  [checkpoint @ step 16000, 524,288,000 tok]
  [1] 16000 loss=3.6813 ppl=39.7 lr=4.88e-05 | 29960 tok/s (avg 29735) ETA n/a | GPU 1.4/45.2GB | gtok=524320768
  [1] 16050 loss=3.9382 ppl=51.3 lr=4.85e-05 | 30951 tok/s (avg 29739) ETA n/a | GPU 1.4/45.2GB | gtok=525959168
  [1] 16100 loss=3.8046 ppl=44.9 lr=4.82e-05 | 30971 tok/s (avg 29743) ETA n/a | GPU 1.4/45.2GB | gtok=527597568
  [1] 16150 loss=3.8186 ppl=45.5 lr=4.80e-05 | 30974 tok/s (avg 29746) ETA n/a | GPU 1.4/45.2GB | gtok=529235968
  [1] 16200 loss=3.9732 ppl=53.2 lr=4.77e-05 | 30992 tok/s (avg 29750) ETA n/a | GPU 1.4/45.2GB | gtok=530874368
  [1] 16250 loss=3.8611 ppl=47.5 lr=4.75e-05 | 30952 tok/s (avg 29754) ETA n/a | GPU 1.4/45.2GB | gtok=532512768
  [1] 16300 loss=3.7859 ppl=44.1 lr=4.72e-05 | 28577 tok/s (avg 29750) ETA n/a | GPU 1.4/45.2GB | gtok=534151168
  [1] 16350 loss=3.9049 ppl=49.6 lr=4.70e-05 | 30976 tok/s (avg 29753) ETA n/a | GPU 1.4/45.2GB | gtok=535789568
  [1] 16400 loss=3.7960 ppl=44.5 lr=4.67e-05 | 30981 tok/s (avg 29757) ETA n/a | GPU 1.4/45.2GB | gtok=537427968
  [1] 16450 loss=3.8079 ppl=45.1 lr=4.64e-05 | 30982 tok/s (avg 29761) ETA n/a | GPU 1.4/45.2GB | gtok=539066368
  [1] 16500 loss=3.8934 ppl=49.1 lr=4.62e-05 | 30968 tok/s (avg 29764) ETA n/a | GPU 1.4/45.2GB | gtok=540704768
  [1] 16550 loss=3.9336 ppl=51.1 lr=4.59e-05 | 30968 tok/s (avg 29768) ETA n/a | GPU 1.4/45.2GB | gtok=542343168
  [1] 16600 loss=3.9916 ppl=54.1 lr=4.57e-05 | 30958 tok/s (avg 29771) ETA n/a | GPU 1.4/45.2GB | gtok=543981568
  [1] 16650 loss=3.8609 ppl=47.5 lr=4.54e-05 | 30967 tok/s (avg 29775) ETA n/a | GPU 1.4/45.2GB | gtok=545619968
  [1] 16700 loss=3.8692 ppl=47.9 lr=4.52e-05 | 30974 tok/s (avg 29778) ETA n/a | GPU 1.4/45.2GB | gtok=547258368
  [1] 16750 loss=3.9484 ppl=51.9 lr=4.49e-05 | 30974 tok/s (avg 29781) ETA n/a | GPU 1.4/45.2GB | gtok=548896768
  [1] 16800 loss=3.8722 ppl=48.0 lr=4.46e-05 | 30981 tok/s (avg 29785) ETA n/a | GPU 1.4/45.2GB | gtok=550535168
  [1] 16850 loss=3.9070 ppl=49.7 lr=4.44e-05 | 30981 tok/s (avg 29788) ETA n/a | GPU 1.4/45.2GB | gtok=552173568
  [1] 16900 loss=3.7300 ppl=41.7 lr=4.41e-05 | 30959 tok/s (avg 29792) ETA n/a | GPU 1.4/45.2GB | gtok=553811968
  [1] 16950 loss=3.9138 ppl=50.1 lr=4.39e-05 | 30958 tok/s (avg 29795) ETA n/a | GPU 1.4/45.2GB | gtok=555450368
  [1] 17000 loss=3.9159 ppl=50.2 lr=4.36e-05 | 30975 tok/s (avg 29798) ETA n/a | GPU 1.4/45.2GB | gtok=557088768
  [1] 17050 loss=3.8695 ppl=47.9 lr=4.34e-05 | 30986 tok/s (avg 29802) ETA n/a | GPU 1.4/45.2GB | gtok=558727168
  [1] 17100 loss=4.0483 ppl=57.3 lr=4.31e-05 | 28657 tok/s (avg 29798) ETA n/a | GPU 1.4/45.2GB | gtok=560365568
  [1] 17150 loss=3.8574 ppl=47.3 lr=4.29e-05 | 31023 tok/s (avg 29802) ETA n/a | GPU 1.4/45.2GB | gtok=562003968
  [1] 17200 loss=3.9810 ppl=53.6 lr=4.26e-05 | 30943 tok/s (avg 29805) ETA n/a | GPU 1.4/45.2GB | gtok=563642368
  [1] 17250 loss=3.8755 ppl=48.2 lr=4.23e-05 | 30967 tok/s (avg 29808) ETA n/a | GPU 1.4/45.2GB | gtok=565280768
  [1] 17300 loss=3.6418 ppl=38.2 lr=4.21e-05 | 30982 tok/s (avg 29811) ETA n/a | GPU 1.4/45.2GB | gtok=566919168
  [1] 17350 loss=3.7954 ppl=44.5 lr=4.18e-05 | 30996 tok/s (avg 29815) ETA n/a | GPU 1.4/45.2GB | gtok=568557568
  [1] 17400 loss=3.6755 ppl=39.5 lr=4.16e-05 | 31009 tok/s (avg 29818) ETA n/a | GPU 1.4/45.2GB | gtok=570195968
  [1] 17450 loss=3.7753 ppl=43.6 lr=4.13e-05 | 31009 tok/s (avg 29821) ETA n/a | GPU 1.4/45.2GB | gtok=571834368
  [1] 17500 loss=3.8586 ppl=47.4 lr=4.11e-05 | 30984 tok/s (avg 29824) ETA n/a | GPU 1.4/45.2GB | gtok=573472768
  [1] 17550 loss=3.9182 ppl=50.3 lr=4.08e-05 | 30955 tok/s (avg 29827) ETA n/a | GPU 1.4/45.2GB | gtok=575111168
  [1] 17600 loss=3.8777 ppl=48.3 lr=4.06e-05 | 30958 tok/s (avg 29830) ETA n/a | GPU 1.4/45.2GB | gtok=576749568
  [1] 17650 loss=3.8841 ppl=48.6 lr=4.03e-05 | 30967 tok/s (avg 29834) ETA n/a | GPU 1.4/45.2GB | gtok=578387968
  [1] 17700 loss=3.8235 ppl=45.8 lr=4.01e-05 | 30936 tok/s (avg 29837) ETA n/a | GPU 1.4/45.2GB | gtok=580026368
  [1] 17750 loss=3.8504 ppl=47.0 lr=3.98e-05 | 30864 tok/s (avg 29839) ETA n/a | GPU 1.4/45.2GB | gtok=581664768
  [1] 17800 loss=3.7757 ppl=43.6 lr=3.96e-05 | 30875 tok/s (avg 29842) ETA n/a | GPU 1.4/45.2GB | gtok=583303168
  [1] 17850 loss=3.9060 ppl=49.7 lr=3.93e-05 | 30879 tok/s (avg 29845) ETA n/a | GPU 1.4/45.2GB | gtok=584941568
  [1] 17900 loss=3.9304 ppl=50.9 lr=3.91e-05 | 30939 tok/s (avg 29848) ETA n/a | GPU 1.4/45.2GB | gtok=586579968
  [1] 17950 loss=4.0039 ppl=54.8 lr=3.88e-05 | 28550 tok/s (avg 29844) ETA n/a | GPU 1.4/45.2GB | gtok=588218368
Saved checkpoint: checkpoints_v11_recall_stage6_combo/best_run/latest.pt
  [checkpoint @ step 18000, 589,824,000 tok]
  [1] 18000 loss=3.7512 ppl=42.6 lr=3.86e-05 | 29900 tok/s (avg 29844) ETA n/a | GPU 1.4/45.2GB | gtok=589856768
  [1] 18050 loss=3.9123 ppl=50.0 lr=3.83e-05 | 30881 tok/s (avg 29847) ETA n/a | GPU 1.4/45.2GB | gtok=591495168
  [1] 18100 loss=3.8770 ppl=48.3 lr=3.81e-05 | 30890 tok/s (avg 29850) ETA n/a | GPU 1.4/45.2GB | gtok=593133568
  [1] 18150 loss=3.8285 ppl=46.0 lr=3.78e-05 | 30873 tok/s (avg 29853) ETA n/a | GPU 1.4/45.2GB | gtok=594771968
  [1] 18200 loss=3.8073 ppl=45.0 lr=3.76e-05 | 30849 tok/s (avg 29855) ETA n/a | GPU 1.4/45.2GB | gtok=596410368
  [1] 18250 loss=3.8142 ppl=45.3 lr=3.73e-05 | 30858 tok/s (avg 29858) ETA n/a | GPU 1.4/45.2GB | gtok=598048768
  [1] 18300 loss=3.7387 ppl=42.0 lr=3.71e-05 | 30868 tok/s (avg 29861) ETA n/a | GPU 1.4/45.2GB | gtok=599687168
  [1] 18350 loss=3.7442 ppl=42.3 lr=3.68e-05 | 30881 tok/s (avg 29863) ETA n/a | GPU 1.4/45.2GB | gtok=601325568
  [1] 18400 loss=3.7111 ppl=40.9 lr=3.66e-05 | 30861 tok/s (avg 29866) ETA n/a | GPU 1.4/45.2GB | gtok=602963968
  [1] 18450 loss=3.7873 ppl=44.1 lr=3.63e-05 | 30869 tok/s (avg 29869) ETA n/a | GPU 1.4/45.2GB | gtok=604602368
  [1] 18500 loss=3.8815 ppl=48.5 lr=3.61e-05 | 30855 tok/s (avg 29871) ETA n/a | GPU 1.4/45.2GB | gtok=606240768
  [1] 18550 loss=3.8801 ppl=48.4 lr=3.58e-05 | 30833 tok/s (avg 29874) ETA n/a | GPU 1.4/45.2GB | gtok=607879168
  [1] 18600 loss=3.5602 ppl=35.2 lr=3.56e-05 | 30882 tok/s (avg 29876) ETA n/a | GPU 1.4/45.2GB | gtok=609517568
  [1] 18650 loss=3.8205 ppl=45.6 lr=3.53e-05 | 30886 tok/s (avg 29879) ETA n/a | GPU 1.4/45.2GB | gtok=611155968
  [1] 18700 loss=3.8349 ppl=46.3 lr=3.51e-05 | 30945 tok/s (avg 29882) ETA n/a | GPU 1.4/45.2GB | gtok=612794368
  [1] 18750 loss=3.9844 ppl=53.8 lr=3.48e-05 | 28641 tok/s (avg 29878) ETA n/a | GPU 1.4/45.2GB | gtok=614432768
  [1] 18800 loss=4.0041 ppl=54.8 lr=3.46e-05 | 30951 tok/s (avg 29881) ETA n/a | GPU 1.4/45.2GB | gtok=616071168
  [1] 18850 loss=3.7449 ppl=42.3 lr=3.43e-05 | 30813 tok/s (avg 29883) ETA n/a | GPU 1.4/45.2GB | gtok=617709568
  [1] 18900 loss=3.8627 ppl=47.6 lr=3.41e-05 | 30896 tok/s (avg 29886) ETA n/a | GPU 1.4/45.2GB | gtok=619347968
  [1] 18950 loss=3.7336 ppl=41.8 lr=3.39e-05 | 30929 tok/s (avg 29889) ETA n/a | GPU 1.4/45.2GB | gtok=620986368
  [1] 19000 loss=3.8916 ppl=49.0 lr=3.36e-05 | 30986 tok/s (avg 29891) ETA n/a | GPU 1.4/45.2GB | gtok=622624768
  [1] 19050 loss=3.8329 ppl=46.2 lr=3.34e-05 | 31043 tok/s (avg 29894) ETA n/a | GPU 1.4/45.2GB | gtok=624263168
  [1] 19100 loss=3.7379 ppl=42.0 lr=3.31e-05 | 30980 tok/s (avg 29897) ETA n/a | GPU 1.4/45.2GB | gtok=625901568
  [1] 19150 loss=4.0144 ppl=55.4 lr=3.29e-05 | 30955 tok/s (avg 29900) ETA n/a | GPU 1.4/45.2GB | gtok=627539968
  [1] 19200 loss=3.9562 ppl=52.3 lr=3.26e-05 | 30952 tok/s (avg 29902) ETA n/a | GPU 1.4/45.2GB | gtok=629178368
  [1] 19250 loss=3.9100 ppl=49.9 lr=3.24e-05 | 30940 tok/s (avg 29905) ETA n/a | GPU 1.4/45.2GB | gtok=630816768
  [1] 19300 loss=3.8666 ppl=47.8 lr=3.22e-05 | 30927 tok/s (avg 29907) ETA n/a | GPU 1.4/45.2GB | gtok=632455168
  [1] 19350 loss=3.7159 ppl=41.1 lr=3.19e-05 | 30955 tok/s (avg 29910) ETA n/a | GPU 1.4/45.2GB | gtok=634093568
  [1] 19400 loss=3.6337 ppl=37.9 lr=3.17e-05 | 30863 tok/s (avg 29912) ETA n/a | GPU 1.4/45.2GB | gtok=635731968
  [1] 19450 loss=3.8939 ppl=49.1 lr=3.14e-05 | 30850 tok/s (avg 29915) ETA n/a | GPU 1.4/45.2GB | gtok=637370368
  [1] 19500 loss=3.8264 ppl=45.9 lr=3.12e-05 | 30808 tok/s (avg 29917) ETA n/a | GPU 1.4/45.2GB | gtok=639008768
  [1] 19550 loss=4.0304 ppl=56.3 lr=3.10e-05 | 30861 tok/s (avg 29919) ETA n/a | GPU 1.4/45.2GB | gtok=640647168
  [1] 19600 loss=3.7798 ppl=43.8 lr=3.07e-05 | 28619 tok/s (avg 29916) ETA n/a | GPU 1.4/45.2GB | gtok=642285568
  [1] 19650 loss=3.9662 ppl=52.8 lr=3.05e-05 | 30952 tok/s (avg 29918) ETA n/a | GPU 1.4/45.2GB | gtok=643923968
  [1] 19700 loss=3.7725 ppl=43.5 lr=3.03e-05 | 30968 tok/s (avg 29921) ETA n/a | GPU 1.4/45.2GB | gtok=645562368
  [1] 19750 loss=3.9575 ppl=52.3 lr=3.00e-05 | 30962 tok/s (avg 29924) ETA n/a | GPU 1.4/45.2GB | gtok=647200768
  [1] 19800 loss=3.6805 ppl=39.7 lr=2.98e-05 | 30934 tok/s (avg 29926) ETA n/a | GPU 1.4/45.2GB | gtok=648839168
  [1] 19850 loss=3.9545 ppl=52.2 lr=2.96e-05 | 30968 tok/s (avg 29929) ETA n/a | GPU 1.4/45.2GB | gtok=650477568
  [1] 19900 loss=3.9036 ppl=49.6 lr=2.93e-05 | 30944 tok/s (avg 29931) ETA n/a | GPU 1.4/45.2GB | gtok=652115968
  [1] 19950 loss=3.7306 ppl=41.7 lr=2.91e-05 | 30960 tok/s (avg 29934) ETA n/a | GPU 1.4/45.2GB | gtok=653754368
Saved checkpoint: checkpoints_v11_recall_stage6_combo/best_run/latest.pt
  [checkpoint @ step 20000, 655,360,000 tok]
  [1] 20000 loss=3.8626 ppl=47.6 lr=2.89e-05 | 29968 tok/s (avg 29934) ETA n/a | GPU 1.4/45.2GB | gtok=655392768
  [1] 20050 loss=3.7037 ppl=40.6 lr=2.86e-05 | 30950 tok/s (avg 29936) ETA n/a | GPU 1.4/45.2GB | gtok=657031168
  [1] 20100 loss=4.0800 ppl=59.1 lr=2.84e-05 | 30940 tok/s (avg 29938) ETA n/a | GPU 1.4/45.2GB | gtok=658669568
  [1] 20150 loss=3.5662 ppl=35.4 lr=2.82e-05 | 30943 tok/s (avg 29941) ETA n/a | GPU 1.4/45.2GB | gtok=660307968
  [1] 20200 loss=3.4154 ppl=30.4 lr=2.79e-05 | 30957 tok/s (avg 29943) ETA n/a | GPU 1.4/45.2GB | gtok=661946368
  [1] 20250 loss=3.7255 ppl=41.5 lr=2.77e-05 | 30960 tok/s (avg 29946) ETA n/a | GPU 1.4/45.2GB | gtok=663584768
  [1] 20300 loss=3.8795 ppl=48.4 lr=2.75e-05 | 30969 tok/s (avg 29948) ETA n/a | GPU 1.4/45.2GB | gtok=665223168
  [1] 20350 loss=3.7772 ppl=43.7 lr=2.72e-05 | 30960 tok/s (avg 29951) ETA n/a | GPU 1.4/45.2GB | gtok=666861568
  [1] 20400 loss=3.8653 ppl=47.7 lr=2.70e-05 | 30943 tok/s (avg 29953) ETA n/a | GPU 1.4/45.2GB | gtok=668499968
  [1] 20450 loss=3.9742 ppl=53.2 lr=2.68e-05 | 28609 tok/s (avg 29950) ETA n/a | GPU 1.4/45.2GB | gtok=670138368
  [1] 20500 loss=3.8181 ppl=45.5 lr=2.65e-05 | 30963 tok/s (avg 29952) ETA n/a | GPU 1.4/45.2GB | gtok=671776768
  [1] 20550 loss=3.8505 ppl=47.0 lr=2.63e-05 | 30982 tok/s (avg 29954) ETA n/a | GPU 1.4/45.2GB | gtok=673415168
  [1] 20600 loss=3.6558 ppl=38.7 lr=2.61e-05 | 30975 tok/s (avg 29957) ETA n/a | GPU 1.4/45.2GB | gtok=675053568
  [1] 20650 loss=3.8509 ppl=47.0 lr=2.59e-05 | 30973 tok/s (avg 29959) ETA n/a | GPU 1.4/45.2GB | gtok=676691968
  [1] 20700 loss=3.7779 ppl=43.7 lr=2.56e-05 | 30956 tok/s (avg 29961) ETA n/a | GPU 1.4/45.2GB | gtok=678330368
  [1] 20750 loss=3.8820 ppl=48.5 lr=2.54e-05 | 30932 tok/s (avg 29964) ETA n/a | GPU 1.4/45.2GB | gtok=679968768
  [1] 20800 loss=3.6158 ppl=37.2 lr=2.52e-05 | 30939 tok/s (avg 29966) ETA n/a | GPU 1.4/45.2GB | gtok=681607168
  [1] 20850 loss=3.6725 ppl=39.4 lr=2.50e-05 | 30955 tok/s (avg 29968) ETA n/a | GPU 1.4/45.2GB | gtok=683245568
  [1] 20900 loss=3.5702 ppl=35.5 lr=2.47e-05 | 30959 tok/s (avg 29971) ETA n/a | GPU 1.4/45.2GB | gtok=684883968
  [1] 20950 loss=3.6574 ppl=38.8 lr=2.45e-05 | 30958 tok/s (avg 29973) ETA n/a | GPU 1.4/45.2GB | gtok=686522368
  [1] 21000 loss=3.6474 ppl=38.4 lr=2.43e-05 | 30844 tok/s (avg 29975) ETA n/a | GPU 1.4/45.2GB | gtok=688160768
  [1] 21050 loss=3.7962 ppl=44.5 lr=2.41e-05 | 30833 tok/s (avg 29977) ETA n/a | GPU 1.4/45.2GB | gtok=689799168
  [1] 21100 loss=3.9296 ppl=50.9 lr=2.39e-05 | 30834 tok/s (avg 29979) ETA n/a | GPU 1.4/45.2GB | gtok=691437568
  [1] 21150 loss=3.7528 ppl=42.6 lr=2.36e-05 | 30845 tok/s (avg 29981) ETA n/a | GPU 1.4/45.2GB | gtok=693075968
  [1] 21200 loss=3.7257 ppl=41.5 lr=2.34e-05 | 30883 tok/s (avg 29983) ETA n/a | GPU 1.4/45.2GB | gtok=694714368
  [1] 21250 loss=3.8176 ppl=45.5 lr=2.32e-05 | 30883 tok/s (avg 29985) ETA n/a | GPU 1.4/45.2GB | gtok=696352768
  [1] 21300 loss=3.8395 ppl=46.5 lr=2.30e-05 | 28551 tok/s (avg 29981) ETA n/a | GPU 1.4/45.2GB | gtok=697991168
  [1] 21350 loss=3.9261 ppl=50.7 lr=2.28e-05 | 30847 tok/s (avg 29983) ETA n/a | GPU 1.4/45.2GB | gtok=699629568
  [1] 21400 loss=3.8863 ppl=48.7 lr=2.26e-05 | 30837 tok/s (avg 29985) ETA n/a | GPU 1.4/45.2GB | gtok=701267968
  [1] 21450 loss=3.8244 ppl=45.8 lr=2.23e-05 | 30863 tok/s (avg 29987) ETA n/a | GPU 1.4/45.2GB | gtok=702906368
  [1] 21500 loss=3.9197 ppl=50.4 lr=2.21e-05 | 30862 tok/s (avg 29989) ETA n/a | GPU 1.4/45.2GB | gtok=704544768
  [1] 21550 loss=3.8608 ppl=47.5 lr=2.19e-05 | 30889 tok/s (avg 29991) ETA n/a | GPU 1.4/45.2GB | gtok=706183168
  [1] 21600 loss=3.8552 ppl=47.2 lr=2.17e-05 | 30863 tok/s (avg 29993) ETA n/a | GPU 1.4/45.2GB | gtok=707821568
  [1] 21650 loss=3.8052 ppl=44.9 lr=2.15e-05 | 30852 tok/s (avg 29995) ETA n/a | GPU 1.4/45.2GB | gtok=709459968
  [1] 21700 loss=3.8977 ppl=49.3 lr=2.13e-05 | 30839 tok/s (avg 29997) ETA n/a | GPU 1.4/45.2GB | gtok=711098368
  [1] 21750 loss=3.6543 ppl=38.6 lr=2.11e-05 | 30857 tok/s (avg 29999) ETA n/a | GPU 1.4/45.2GB | gtok=712736768
  [1] 21800 loss=3.6632 ppl=39.0 lr=2.09e-05 | 30892 tok/s (avg 30001) ETA n/a | GPU 1.4/45.2GB | gtok=714375168
  [1] 21850 loss=3.7969 ppl=44.6 lr=2.07e-05 | 30874 tok/s (avg 30003) ETA n/a | GPU 1.4/45.2GB | gtok=716013568
  [1] 21900 loss=3.7318 ppl=41.8 lr=2.04e-05 | 30899 tok/s (avg 30005) ETA n/a | GPU 1.4/45.2GB | gtok=717651968
  [1] 21950 loss=3.8333 ppl=46.2 lr=2.02e-05 | 30874 tok/s (avg 30007) ETA n/a | GPU 1.4/45.2GB | gtok=719290368
Saved checkpoint: checkpoints_v11_recall_stage6_combo/best_run/latest.pt
  [checkpoint @ step 22000, 720,896,000 tok]
  [1] 22000 loss=3.8617 ppl=47.5 lr=2.00e-05 | 29893 tok/s (avg 30007) ETA n/a | GPU 1.4/45.2GB | gtok=720928768
  [1] 22050 loss=3.7349 ppl=41.9 lr=1.98e-05 | 30836 tok/s (avg 30008) ETA n/a | GPU 1.4/45.2GB | gtok=722567168
  [1] 22100 loss=3.7680 ppl=43.3 lr=1.96e-05 | 30871 tok/s (avg 30010) ETA n/a | GPU 1.4/45.2GB | gtok=724205568
  [1] 22150 loss=3.8146 ppl=45.4 lr=1.94e-05 | 28538 tok/s (avg 30007) ETA n/a | GPU 1.4/45.2GB | gtok=725843968
  [1] 22200 loss=3.8110 ppl=45.2 lr=1.92e-05 | 30856 tok/s (avg 30009) ETA n/a | GPU 1.4/45.2GB | gtok=727482368
  [1] 22250 loss=3.9493 ppl=51.9 lr=1.90e-05 | 30901 tok/s (avg 30011) ETA n/a | GPU 1.4/45.2GB | gtok=729120768
  [1] 22300 loss=3.7248 ppl=41.5 lr=1.88e-05 | 30862 tok/s (avg 30012) ETA n/a | GPU 1.4/45.2GB | gtok=730759168
  [1] 22350 loss=3.8978 ppl=49.3 lr=1.86e-05 | 30851 tok/s (avg 30014) ETA n/a | GPU 1.4/45.2GB | gtok=732397568
  [1] 22400 loss=3.8458 ppl=46.8 lr=1.84e-05 | 30839 tok/s (avg 30016) ETA n/a | GPU 1.4/45.2GB | gtok=734035968
  [1] 22450 loss=3.8382 ppl=46.4 lr=1.82e-05 | 30840 tok/s (avg 30018) ETA n/a | GPU 1.4/45.2GB | gtok=735674368
  [1] 22500 loss=3.6518 ppl=38.5 lr=1.80e-05 | 30867 tok/s (avg 30020) ETA n/a | GPU 1.4/45.2GB | gtok=737312768
  [1] 22550 loss=3.8398 ppl=46.5 lr=1.78e-05 | 30864 tok/s (avg 30022) ETA n/a | GPU 1.4/45.2GB | gtok=738951168
  [1] 22600 loss=3.7945 ppl=44.5 lr=1.76e-05 | 30894 tok/s (avg 30023) ETA n/a | GPU 1.4/45.2GB | gtok=740589568
  [1] 22650 loss=3.8046 ppl=44.9 lr=1.74e-05 | 30839 tok/s (avg 30025) ETA n/a | GPU 1.4/45.2GB | gtok=742227968
  [1] 22700 loss=3.7014 ppl=40.5 lr=1.72e-05 | 30825 tok/s (avg 30027) ETA n/a | GPU 1.4/45.2GB | gtok=743866368
  [1] 22750 loss=3.7429 ppl=42.2 lr=1.70e-05 | 30866 tok/s (avg 30029) ETA n/a | GPU 1.4/45.2GB | gtok=745504768
  [1] 22800 loss=3.6784 ppl=39.6 lr=1.68e-05 | 30868 tok/s (avg 30030) ETA n/a | GPU 1.4/45.2GB | gtok=747143168
  [1] 22850 loss=3.9241 ppl=50.6 lr=1.67e-05 | 30878 tok/s (avg 30032) ETA n/a | GPU 1.4/45.2GB | gtok=748781568
  [1] 22900 loss=3.8104 ppl=45.2 lr=1.65e-05 | 30885 tok/s (avg 30034) ETA n/a | GPU 1.4/45.2GB | gtok=750419968
  [1] 22950 loss=3.7642 ppl=43.1 lr=1.63e-05 | 30868 tok/s (avg 30036) ETA n/a | GPU 1.4/45.2GB | gtok=752058368
  [1] 23000 loss=3.9344 ppl=51.1 lr=1.61e-05 | 28539 tok/s (avg 30032) ETA n/a | GPU 1.4/45.2GB | gtok=753696768
  [1] 23050 loss=3.7381 ppl=42.0 lr=1.59e-05 | 30849 tok/s (avg 30034) ETA n/a | GPU 1.4/45.2GB | gtok=755335168
  [1] 23100 loss=3.8242 ppl=45.8 lr=1.57e-05 | 30854 tok/s (avg 30036) ETA n/a | GPU 1.4/45.2GB | gtok=756973568
  [1] 23150 loss=3.7459 ppl=42.3 lr=1.55e-05 | 30826 tok/s (avg 30038) ETA n/a | GPU 1.4/45.2GB | gtok=758611968
  [1] 23200 loss=3.8275 ppl=45.9 lr=1.53e-05 | 30868 tok/s (avg 30039) ETA n/a | GPU 1.4/45.2GB | gtok=760250368
  [1] 23250 loss=3.6456 ppl=38.3 lr=1.51e-05 | 30875 tok/s (avg 30041) ETA n/a | GPU 1.4/45.2GB | gtok=761888768
  [1] 23300 loss=3.7610 ppl=43.0 lr=1.50e-05 | 30818 tok/s (avg 30043) ETA n/a | GPU 1.4/45.2GB | gtok=763527168
  [1] 23350 loss=3.6839 ppl=39.8 lr=1.48e-05 | 30843 tok/s (avg 30044) ETA n/a | GPU 1.4/45.2GB | gtok=765165568
  [1] 23400 loss=3.7171 ppl=41.1 lr=1.46e-05 | 30859 tok/s (avg 30046) ETA n/a | GPU 1.4/45.2GB | gtok=766803968
  [1] 23450 loss=3.7168 ppl=41.1 lr=1.44e-05 | 30857 tok/s (avg 30048) ETA n/a | GPU 1.4/45.2GB | gtok=768442368
  [1] 23500 loss=3.9790 ppl=53.5 lr=1.42e-05 | 30854 tok/s (avg 30049) ETA n/a | GPU 1.4/45.2GB | gtok=770080768
  [1] 23550 loss=3.7113 ppl=40.9 lr=1.41e-05 | 30884 tok/s (avg 30051) ETA n/a | GPU 1.4/45.2GB | gtok=771719168
  [1] 23600 loss=3.8718 ppl=48.0 lr=1.39e-05 | 30856 tok/s (avg 30053) ETA n/a | GPU 1.4/45.2GB | gtok=773357568
  [1] 23650 loss=3.8762 ppl=48.2 lr=1.37e-05 | 30831 tok/s (avg 30054) ETA n/a | GPU 1.4/45.2GB | gtok=774995968
  [1] 23700 loss=3.6068 ppl=36.8 lr=1.35e-05 | 30870 tok/s (avg 30056) ETA n/a | GPU 1.4/45.2GB | gtok=776634368
  [1] 23750 loss=3.5541 ppl=35.0 lr=1.33e-05 | 30885 tok/s (avg 30058) ETA n/a | GPU 1.4/45.2GB | gtok=778272768
  [1] 23800 loss=3.8313 ppl=46.1 lr=1.32e-05 | 28573 tok/s (avg 30054) ETA n/a | GPU 1.4/45.2GB | gtok=779911168
  [1] 23850 loss=3.6657 ppl=39.1 lr=1.30e-05 | 30910 tok/s (avg 30056) ETA n/a | GPU 1.4/45.2GB | gtok=781549568
  [1] 23900 loss=3.7384 ppl=42.0 lr=1.28e-05 | 30883 tok/s (avg 30058) ETA n/a | GPU 1.4/45.2GB | gtok=783187968
  [1] 23950 loss=3.6572 ppl=38.8 lr=1.27e-05 | 30857 tok/s (avg 30059) ETA n/a | GPU 1.4/45.2GB | gtok=784826368
Saved checkpoint: checkpoints_v11_recall_stage6_combo/best_run/latest.pt
  [checkpoint @ step 24000, 786,432,000 tok]
  [1] 24000 loss=3.8056 ppl=45.0 lr=1.25e-05 | 29877 tok/s (avg 30059) ETA n/a | GPU 1.4/45.2GB | gtok=786464768
  [1] 24050 loss=3.6212 ppl=37.4 lr=1.23e-05 | 30844 tok/s (avg 30061) ETA n/a | GPU 1.4/45.2GB | gtok=788103168
  [1] 24100 loss=3.6280 ppl=37.6 lr=1.21e-05 | 30850 tok/s (avg 30062) ETA n/a | GPU 1.4/45.2GB | gtok=789741568
  [1] 24150 loss=3.8942 ppl=49.1 lr=1.20e-05 | 30842 tok/s (avg 30064) ETA n/a | GPU 1.4/45.2GB | gtok=791379968
  [1] 24200 loss=3.8069 ppl=45.0 lr=1.18e-05 | 30861 tok/s (avg 30065) ETA n/a | GPU 1.4/45.2GB | gtok=793018368
  [1] 24250 loss=3.7341 ppl=41.9 lr=1.16e-05 | 30812 tok/s (avg 30067) ETA n/a | GPU 1.4/45.2GB | gtok=794656768
  [1] 24300 loss=3.7858 ppl=44.1 lr=1.15e-05 | 30822 tok/s (avg 30068) ETA n/a | GPU 1.4/45.2GB | gtok=796295168
  [1] 24350 loss=3.8441 ppl=46.7 lr=1.13e-05 | 30890 tok/s (avg 30070) ETA n/a | GPU 1.4/45.2GB | gtok=797933568
  [1] 24400 loss=3.6067 ppl=36.8 lr=1.12e-05 | 30928 tok/s (avg 30072) ETA n/a | GPU 1.4/45.2GB | gtok=799571968
  [1] 24450 loss=3.6208 ppl=37.4 lr=1.10e-05 | 30888 tok/s (avg 30073) ETA n/a | GPU 1.4/45.2GB | gtok=801210368
  [1] 24500 loss=3.7786 ppl=43.8 lr=1.08e-05 | 30940 tok/s (avg 30075) ETA n/a | GPU 1.4/45.2GB | gtok=802848768
  [1] 24550 loss=3.7080 ppl=40.8 lr=1.07e-05 | 30928 tok/s (avg 30077) ETA n/a | GPU 1.4/45.2GB | gtok=804487168
  [1] 24600 loss=3.8064 ppl=45.0 lr=1.05e-05 | 30939 tok/s (avg 30079) ETA n/a | GPU 1.4/45.2GB | gtok=806125568
  [1] 24650 loss=3.8301 ppl=46.1 lr=1.04e-05 | 28611 tok/s (avg 30075) ETA n/a | GPU 1.4/45.2GB | gtok=807763968
  [1] 24700 loss=3.8726 ppl=48.1 lr=1.02e-05 | 30948 tok/s (avg 30077) ETA n/a | GPU 1.4/45.2GB | gtok=809402368
  [1] 24750 loss=3.8485 ppl=46.9 lr=1.00e-05 | 30959 tok/s (avg 30079) ETA n/a | GPU 1.4/45.2GB | gtok=811040768
  [1] 24800 loss=3.6287 ppl=37.7 lr=9.89e-06 | 30941 tok/s (avg 30081) ETA n/a | GPU 1.4/45.2GB | gtok=812679168
  [1] 24850 loss=3.8350 ppl=46.3 lr=9.74e-06 | 30933 tok/s (avg 30082) ETA n/a | GPU 1.4/45.2GB | gtok=814317568
  [1] 24900 loss=3.6937 ppl=40.2 lr=9.59e-06 | 30961 tok/s (avg 30084) ETA n/a | GPU 1.4/45.2GB | gtok=815955968
  [1] 24950 loss=3.5953 ppl=36.4 lr=9.44e-06 | 30927 tok/s (avg 30086) ETA n/a | GPU 1.4/45.2GB | gtok=817594368
  [1] 25000 loss=3.9144 ppl=50.1 lr=9.29e-06 | 30949 tok/s (avg 30087) ETA n/a | GPU 1.4/45.2GB | gtok=819232768
  [1] 25050 loss=3.8059 ppl=45.0 lr=9.14e-06 | 30960 tok/s (avg 30089) ETA n/a | GPU 1.4/45.2GB | gtok=820871168
  [1] 25100 loss=3.7264 ppl=41.5 lr=8.99e-06 | 30955 tok/s (avg 30091) ETA n/a | GPU 1.4/45.2GB | gtok=822509568
  [1] 25150 loss=3.6893 ppl=40.0 lr=8.84e-06 | 30938 tok/s (avg 30092) ETA n/a | GPU 1.4/45.2GB | gtok=824147968
  [1] 25200 loss=3.9776 ppl=53.4 lr=8.70e-06 | 30933 tok/s (avg 30094) ETA n/a | GPU 1.4/45.2GB | gtok=825786368
  [1] 25250 loss=3.7020 ppl=40.5 lr=8.55e-06 | 30932 tok/s (avg 30096) ETA n/a | GPU 1.4/45.2GB | gtok=827424768
  [1] 25300 loss=4.0359 ppl=56.6 lr=8.41e-06 | 30900 tok/s (avg 30097) ETA n/a | GPU 1.4/45.2GB | gtok=829063168
  [1] 25350 loss=3.9654 ppl=52.7 lr=8.27e-06 | 30947 tok/s (avg 30099) ETA n/a | GPU 1.4/45.2GB | gtok=830701568
  [1] 25400 loss=3.7130 ppl=41.0 lr=8.13e-06 | 30938 tok/s (avg 30100) ETA n/a | GPU 1.4/45.2GB | gtok=832339968
  [1] 25450 loss=3.7380 ppl=42.0 lr=7.99e-06 | 30958 tok/s (avg 30102) ETA n/a | GPU 1.4/45.2GB | gtok=833978368
  [1] 25500 loss=3.6123 ppl=37.1 lr=7.85e-06 | 28641 tok/s (avg 30099) ETA n/a | GPU 1.4/45.2GB | gtok=835616768
  [1] 25550 loss=3.9179 ppl=50.3 lr=7.71e-06 | 30948 tok/s (avg 30101) ETA n/a | GPU 1.4/45.2GB | gtok=837255168
  [1] 25600 loss=3.8255 ppl=45.9 lr=7.57e-06 | 30971 tok/s (avg 30102) ETA n/a | GPU 1.4/45.2GB | gtok=838893568
  [1] 25650 loss=3.6358 ppl=37.9 lr=7.44e-06 | 30970 tok/s (avg 30104) ETA n/a | GPU 1.4/45.2GB | gtok=840531968
  [1] 25700 loss=3.8163 ppl=45.4 lr=7.30e-06 | 30970 tok/s (avg 30105) ETA n/a | GPU 1.4/45.2GB | gtok=842170368
  [1] 25750 loss=3.7322 ppl=41.8 lr=7.17e-06 | 30983 tok/s (avg 30107) ETA n/a | GPU 1.4/45.2GB | gtok=843808768
  [1] 25800 loss=3.7375 ppl=42.0 lr=7.04e-06 | 30945 tok/s (avg 30109) ETA n/a | GPU 1.4/45.2GB | gtok=845447168
  [1] 25850 loss=3.7055 ppl=40.7 lr=6.91e-06 | 30929 tok/s (avg 30110) ETA n/a | GPU 1.4/45.2GB | gtok=847085568
  [1] 25900 loss=3.7483 ppl=42.5 lr=6.78e-06 | 30953 tok/s (avg 30112) ETA n/a | GPU 1.4/45.2GB | gtok=848723968
  [1] 25950 loss=3.7546 ppl=42.7 lr=6.65e-06 | 30952 tok/s (avg 30113) ETA n/a | GPU 1.4/45.2GB | gtok=850362368
Saved checkpoint: checkpoints_v11_recall_stage6_combo/best_run/latest.pt
  [checkpoint @ step 26000, 851,968,000 tok]
  [1] 26000 loss=3.8100 ppl=45.1 lr=6.52e-06 | 29978 tok/s (avg 30113) ETA n/a | GPU 1.4/45.2GB | gtok=852000768
  [1] 26050 loss=3.7540 ppl=42.7 lr=6.39e-06 | 30954 tok/s (avg 30115) ETA n/a | GPU 1.4/45.2GB | gtok=853639168
  [1] 26100 loss=3.8499 ppl=47.0 lr=6.27e-06 | 30845 tok/s (avg 30116) ETA n/a | GPU 1.4/45.2GB | gtok=855277568
  [1] 26150 loss=3.6887 ppl=40.0 lr=6.14e-06 | 30838 tok/s (avg 30117) ETA n/a | GPU 1.4/45.2GB | gtok=856915968
  [1] 26200 loss=3.9597 ppl=52.4 lr=6.02e-06 | 30877 tok/s (avg 30119) ETA n/a | GPU 1.4/45.2GB | gtok=858554368
  [1] 26250 loss=3.6388 ppl=38.0 lr=5.90e-06 | 30957 tok/s (avg 30120) ETA n/a | GPU 1.4/45.2GB | gtok=860192768
  [1] 26300 loss=3.6028 ppl=36.7 lr=5.78e-06 | 28611 tok/s (avg 30117) ETA n/a | GPU 1.4/45.2GB | gtok=861831168
  [1] 26350 loss=3.7408 ppl=42.1 lr=5.66e-06 | 30962 tok/s (avg 30119) ETA n/a | GPU 1.4/45.2GB | gtok=863469568
  [1] 26400 loss=3.6174 ppl=37.2 lr=5.54e-06 | 30930 tok/s (avg 30120) ETA n/a | GPU 1.4/45.2GB | gtok=865107968
  [1] 26450 loss=3.7823 ppl=43.9 lr=5.42e-06 | 30939 tok/s (avg 30122) ETA n/a | GPU 1.4/45.2GB | gtok=866746368
  [1] 26500 loss=3.8242 ppl=45.8 lr=5.31e-06 | 30912 tok/s (avg 30123) ETA n/a | GPU 1.4/45.2GB | gtok=868384768
  [1] 26550 loss=3.6891 ppl=40.0 lr=5.19e-06 | 30939 tok/s (avg 30125) ETA n/a | GPU 1.4/45.2GB | gtok=870023168
  [1] 26600 loss=3.9844 ppl=53.8 lr=5.08e-06 | 30963 tok/s (avg 30126) ETA n/a | GPU 1.4/45.2GB | gtok=871661568
  [1] 26650 loss=3.6867 ppl=39.9 lr=4.97e-06 | 30885 tok/s (avg 30128) ETA n/a | GPU 1.4/45.2GB | gtok=873299968
  [1] 26700 loss=3.9952 ppl=54.3 lr=4.85e-06 | 30874 tok/s (avg 30129) ETA n/a | GPU 1.4/45.2GB | gtok=874938368
  [1] 26750 loss=3.6948 ppl=40.2 lr=4.74e-06 | 30868 tok/s (avg 30131) ETA n/a | GPU 1.4/45.2GB | gtok=876576768
  [1] 26800 loss=3.7550 ppl=42.7 lr=4.64e-06 | 30844 tok/s (avg 30132) ETA n/a | GPU 1.4/45.2GB | gtok=878215168
  [1] 26850 loss=3.7611 ppl=43.0 lr=4.53e-06 | 30834 tok/s (avg 30133) ETA n/a | GPU 1.4/45.2GB | gtok=879853568
  [1] 26900 loss=3.8105 ppl=45.2 lr=4.42e-06 | 30836 tok/s (avg 30134) ETA n/a | GPU 1.4/45.2GB | gtok=881491968
  [1] 26950 loss=3.7565 ppl=42.8 lr=4.32e-06 | 30876 tok/s (avg 30136) ETA n/a | GPU 1.4/45.2GB | gtok=883130368
  [1] 27000 loss=3.6545 ppl=38.6 lr=4.21e-06 | 30854 tok/s (avg 30137) ETA n/a | GPU 1.4/45.2GB | gtok=884768768
/home/ubuntu/Development/qllm-private/.venv/lib/python3.9/site-packages/torch/_inductor/lowering.py:7095: UserWarning: 
Online softmax is disabled on the fly since Inductor decides to
split the reduction. Cut an issue to PyTorch if this is an
important use case and you want to speed it up with online
softmax.

  warnings.warn(
  [1] 27050 loss=3.8491 ppl=46.9 lr=4.11e-06 | 30842 tok/s (avg 30138) ETA n/a | GPU 1.4/45.2GB | gtok=886407168
  [1] 27100 loss=3.9167 ppl=50.2 lr=4.01e-06 | 30865 tok/s (avg 30140) ETA n/a | GPU 1.4/45.2GB | gtok=888045568
  [1] 27150 loss=3.5989 ppl=36.6 lr=3.91e-06 | 28531 tok/s (avg 30136) ETA n/a | GPU 1.4/45.2GB | gtok=889683968
  [1] 27200 loss=3.9040 ppl=49.6 lr=3.81e-06 | 30939 tok/s (avg 30138) ETA n/a | GPU 1.4/45.2GB | gtok=891322368
  [1] 27250 loss=3.7918 ppl=44.3 lr=3.71e-06 | 30934 tok/s (avg 30139) ETA n/a | GPU 1.4/45.2GB | gtok=892960768
  [1] 27300 loss=3.7692 ppl=43.3 lr=3.61e-06 | 30849 tok/s (avg 30141) ETA n/a | GPU 1.4/45.2GB | gtok=894599168
  [1] 27350 loss=3.6309 ppl=37.7 lr=3.52e-06 | 30855 tok/s (avg 30142) ETA n/a | GPU 1.4/45.2GB | gtok=896237568
  [1] 27400 loss=3.7932 ppl=44.4 lr=3.42e-06 | 30864 tok/s (avg 30143) ETA n/a | GPU 1.4/45.2GB | gtok=897875968
  [1] 27450 loss=3.5490 ppl=34.8 lr=3.33e-06 | 30841 tok/s (avg 30144) ETA n/a | GPU 1.4/45.2GB | gtok=899514368
  [1] 27500 loss=3.8055 ppl=44.9 lr=3.24e-06 | 30886 tok/s (avg 30146) ETA n/a | GPU 1.4/45.2GB | gtok=901152768
  [1] 27550 loss=3.7234 ppl=41.4 lr=3.15e-06 | 30942 tok/s (avg 30147) ETA n/a | GPU 1.4/45.2GB | gtok=902791168
  [1] 27600 loss=3.7010 ppl=40.5 lr=3.06e-06 | 30949 tok/s (avg 30149) ETA n/a | GPU 1.4/45.2GB | gtok=904429568
  [1] 27650 loss=3.9817 ppl=53.6 lr=2.97e-06 | 30955 tok/s (avg 30150) ETA n/a | GPU 1.4/45.2GB | gtok=906067968
  [1] 27700 loss=3.8446 ppl=46.7 lr=2.89e-06 | 30952 tok/s (avg 30151) ETA n/a | GPU 1.4/45.2GB | gtok=907706368
  [1] 27750 loss=3.8291 ppl=46.0 lr=2.80e-06 | 30964 tok/s (avg 30153) ETA n/a | GPU 1.4/45.2GB | gtok=909344768
  [1] 27800 loss=3.7680 ppl=43.3 lr=2.72e-06 | 30923 tok/s (avg 30154) ETA n/a | GPU 1.4/45.2GB | gtok=910983168
  [1] 27850 loss=3.6812 ppl=39.7 lr=2.63e-06 | 30957 tok/s (avg 30156) ETA n/a | GPU 1.4/45.2GB | gtok=912621568
  [1] 27900 loss=3.7198 ppl=41.3 lr=2.55e-06 | 30972 tok/s (avg 30157) ETA n/a | GPU 1.4/45.2GB | gtok=914259968
  [1] 27950 loss=3.7295 ppl=41.7 lr=2.47e-06 | 30974 tok/s (avg 30158) ETA n/a | GPU 1.4/45.2GB | gtok=915898368
Saved checkpoint: checkpoints_v11_recall_stage6_combo/best_run/latest.pt
  [checkpoint @ step 28000, 917,504,000 tok]
  [1] 28000 loss=3.8498 ppl=47.0 lr=2.39e-06 | 27809 tok/s (avg 30154) ETA n/a | GPU 1.4/45.2GB | gtok=917536768
  [1] 28050 loss=3.7085 ppl=40.8 lr=2.31e-06 | 30973 tok/s (avg 30155) ETA n/a | GPU 1.4/45.2GB | gtok=919175168
  [1] 28100 loss=3.7800 ppl=43.8 lr=2.24e-06 | 30929 tok/s (avg 30157) ETA n/a | GPU 1.4/45.2GB | gtok=920813568
  [1] 28150 loss=3.8271 ppl=45.9 lr=2.16e-06 | 30947 tok/s (avg 30158) ETA n/a | GPU 1.4/45.2GB | gtok=922451968
  [1] 28200 loss=3.8349 ppl=46.3 lr=2.09e-06 | 30962 tok/s (avg 30159) ETA n/a | GPU 1.4/45.2GB | gtok=924090368
  [1] 28250 loss=3.7226 ppl=41.4 lr=2.01e-06 | 30980 tok/s (avg 30161) ETA n/a | GPU 1.4/45.2GB | gtok=925728768
  [1] 28300 loss=3.7662 ppl=43.2 lr=1.94e-06 | 30976 tok/s (avg 30162) ETA n/a | GPU 1.4/45.2GB | gtok=927367168
  [1] 28350 loss=3.8492 ppl=47.0 lr=1.87e-06 | 30956 tok/s (avg 30164) ETA n/a | GPU 1.4/45.2GB | gtok=929005568
  [1] 28400 loss=3.9547 ppl=52.2 lr=1.80e-06 | 30931 tok/s (avg 30165) ETA n/a | GPU 1.4/45.2GB | gtok=930643968
  [1] 28450 loss=3.8897 ppl=48.9 lr=1.73e-06 | 30925 tok/s (avg 30166) ETA n/a | GPU 1.4/45.2GB | gtok=932282368
  [1] 28500 loss=3.8088 ppl=45.1 lr=1.67e-06 | 30935 tok/s (avg 30167) ETA n/a | GPU 1.4/45.2GB | gtok=933920768
  [1] 28550 loss=3.6735 ppl=39.4 lr=1.60e-06 | 30955 tok/s (avg 30169) ETA n/a | GPU 1.4/45.2GB | gtok=935559168
  [1] 28600 loss=3.7570 ppl=42.8 lr=1.54e-06 | 30962 tok/s (avg 30170) ETA n/a | GPU 1.4/45.2GB | gtok=937197568
  [1] 28650 loss=3.5355 ppl=34.3 lr=1.48e-06 | 30947 tok/s (avg 30172) ETA n/a | GPU 1.4/45.2GB | gtok=938835968
  [1] 28700 loss=3.5574 ppl=35.1 lr=1.41e-06 | 30995 tok/s (avg 30173) ETA n/a | GPU 1.4/45.2GB | gtok=940474368
  [1] 28750 loss=3.9079 ppl=49.8 lr=1.35e-06 | 30965 tok/s (avg 30174) ETA n/a | GPU 1.4/45.2GB | gtok=942112768
  [1] 28800 loss=3.6343 ppl=37.9 lr=1.30e-06 | 30962 tok/s (avg 30176) ETA n/a | GPU 1.4/45.2GB | gtok=943751168
  [1] 28850 loss=3.9372 ppl=51.3 lr=1.24e-06 | 28597 tok/s (avg 30173) ETA n/a | GPU 1.4/45.2GB | gtok=945389568
  [1] 28900 loss=3.8712 ppl=48.0 lr=1.18e-06 | 30955 tok/s (avg 30174) ETA n/a | GPU 1.4/45.2GB | gtok=947027968
  [1] 28950 loss=3.8598 ppl=47.5 lr=1.13e-06 | 30974 tok/s (avg 30175) ETA n/a | GPU 1.4/45.2GB | gtok=948666368
  [1] 29000 loss=3.8652 ppl=47.7 lr=1.07e-06 | 30980 tok/s (avg 30177) ETA n/a | GPU 1.4/45.2GB | gtok=950304768
  [1] 29050 loss=3.5845 ppl=36.0 lr=1.02e-06 | 30937 tok/s (avg 30178) ETA n/a | GPU 1.4/45.2GB | gtok=951943168
  [1] 29100 loss=3.7851 ppl=44.0 lr=9.69e-07 | 30970 tok/s (avg 30179) ETA n/a | GPU 1.4/45.2GB | gtok=953581568
  [1] 29150 loss=3.5444 ppl=34.6 lr=9.20e-07 | 30987 tok/s (avg 30181) ETA n/a | GPU 1.4/45.2GB | gtok=955219968
  [1] 29200 loss=3.6469 ppl=38.4 lr=8.71e-07 | 30985 tok/s (avg 30182) ETA n/a | GPU 1.4/45.2GB | gtok=956858368
  [1] 29250 loss=3.8294 ppl=46.0 lr=8.24e-07 | 30985 tok/s (avg 30183) ETA n/a | GPU 1.4/45.2GB | gtok=958496768
  [1] 29300 loss=3.9470 ppl=51.8 lr=7.78e-07 | 30989 tok/s (avg 30185) ETA n/a | GPU 1.4/45.2GB | gtok=960135168
  [1] 29350 loss=3.5677 ppl=35.4 lr=7.34e-07 | 30969 tok/s (avg 30186) ETA n/a | GPU 1.4/45.2GB | gtok=961773568
  [1] 29400 loss=3.7068 ppl=40.7 lr=6.90e-07 | 30937 tok/s (avg 30187) ETA n/a | GPU 1.4/45.2GB | gtok=963411968
  [1] 29450 loss=3.7449 ppl=42.3 lr=6.48e-07 | 30966 tok/s (avg 30189) ETA n/a | GPU 1.4/45.2GB | gtok=965050368
  [1] 29500 loss=3.7129 ppl=41.0 lr=6.08e-07 | 30971 tok/s (avg 30190) ETA n/a | GPU 1.4/45.2GB | gtok=966688768
  [1] 29550 loss=3.7765 ppl=43.7 lr=5.68e-07 | 30989 tok/s (avg 30191) ETA n/a | GPU 1.4/45.2GB | gtok=968327168
  [1] 29600 loss=3.7267 ppl=41.5 lr=5.30e-07 | 30957 tok/s (avg 30192) ETA n/a | GPU 1.4/45.2GB | gtok=969965568
  [1] 29650 loss=3.7096 ppl=40.8 lr=4.94e-07 | 30965 tok/s (avg 30194) ETA n/a | GPU 1.4/45.2GB | gtok=971603968
  [1] 29700 loss=3.8056 ppl=44.9 lr=4.58e-07 | 28681 tok/s (avg 30191) ETA n/a | GPU 1.4/45.2GB | gtok=973242368
  [1] 29750 loss=3.7926 ppl=44.4 lr=4.24e-07 | 30988 tok/s (avg 30192) ETA n/a | GPU 1.4/45.2GB | gtok=974880768
  [1] 29800 loss=3.4464 ppl=31.4 lr=3.91e-07 | 30969 tok/s (avg 30194) ETA n/a | GPU 1.4/45.2GB | gtok=976519168
  [1] 29850 loss=3.7329 ppl=41.8 lr=3.60e-07 | 30984 tok/s (avg 30195) ETA n/a | GPU 1.4/45.2GB | gtok=978157568
  [1] 29900 loss=3.6251 ppl=37.5 lr=3.30e-07 | 30962 tok/s (avg 30196) ETA n/a | GPU 1.4/45.2GB | gtok=979795968
  [1] 29950 loss=3.8798 ppl=48.4 lr=3.01e-07 | 30982 tok/s (avg 30197) ETA n/a | GPU 1.4/45.2GB | gtok=981434368
Saved checkpoint: checkpoints_v11_recall_stage6_combo/best_run/latest.pt
  [checkpoint @ step 30000, 983,040,000 tok]
  [1] 30000 loss=3.8743 ppl=48.2 lr=2.73e-07 | 29932 tok/s (avg 30197) ETA n/a | GPU 1.4/45.2GB | gtok=983072768
  [1] 30050 loss=3.8363 ppl=46.4 lr=2.47e-07 | 30962 tok/s (avg 30198) ETA n/a | GPU 1.4/45.2GB | gtok=984711168
  [1] 30100 loss=3.9540 ppl=52.1 lr=2.22e-07 | 30978 tok/s (avg 30199) ETA n/a | GPU 1.4/45.2GB | gtok=986349568
  [1] 30150 loss=3.7157 ppl=41.1 lr=1.99e-07 | 30997 tok/s (avg 30201) ETA n/a | GPU 1.4/45.2GB | gtok=987987968
  [1] 30200 loss=3.7458 ppl=42.3 lr=1.76e-07 | 30922 tok/s (avg 30202) ETA n/a | GPU 1.4/45.2GB | gtok=989626368
  [1] 30250 loss=3.6055 ppl=36.8 lr=1.55e-07 | 31056 tok/s (avg 30203) ETA n/a | GPU 1.4/45.2GB | gtok=991264768
  [1] 30300 loss=3.7693 ppl=43.3 lr=1.36e-07 | 30965 tok/s (avg 30204) ETA n/a | GPU 1.4/45.2GB | gtok=992903168
  [1] 30350 loss=3.8337 ppl=46.2 lr=1.17e-07 | 30942 tok/s (avg 30206) ETA n/a | GPU 1.4/45.2GB | gtok=994541568
  [1] 30400 loss=3.6734 ppl=39.4 lr=1.01e-07 | 30943 tok/s (avg 30207) ETA n/a | GPU 1.4/45.2GB | gtok=996179968
  [1] 30450 loss=3.8144 ppl=45.3 lr=8.49e-08 | 30971 tok/s (avg 30208) ETA n/a | GPU 1.4/45.2GB | gtok=997818368
  [1] 30500 loss=3.8109 ppl=45.2 lr=7.05e-08 | 31005 tok/s (avg 30209) ETA n/a | GPU 1.4/45.2GB | gtok=999456768
/home/ubuntu/Development/qllm-private/.venv/lib/python3.9/site-packages/torch/_inductor/lowering.py:7095: UserWarning: 
Online softmax is disabled on the fly since Inductor decides to
split the reduction. Cut an issue to PyTorch if this is an
important use case and you want to speed it up with online
softmax.

  warnings.warn(
  Token budget reached: 1,000,001,536 / 1,000,000,000
Epoch 1/9999 | Train Loss: 4.1908 PPL: 66.07 | 29440 tok/s | Time: 33967.0s (1,000,001,536 tok) | Val Loss: 4.2700 PPL: 71.52 Acc: 0.314 | Wiki PPL: 126.07 *best*
Saved checkpoint: checkpoints_v11_recall_stage6_combo/best_run/best_model.pt

Stopping: token budget 1,000,000,000 reached.
Saved checkpoint: checkpoints_v11_recall_stage6_combo/best_run/final_model.pt

Training complete (token budget)!
Total wall time: 34280.6s (9.52h)
Best Val Loss: 4.2700, Best Val PPL: 71.52

Wall clock end: 2026-07-18 15:52:53
terminate called without an active exception
[eval-recall-gate] checkpoint=checkpoints_v11_recall_stage6_combo/best_run/best_model.pt preset=v11_e3_k3_chat out=checkpoints_v11_recall_stage6_combo/best_run/eval
[1/3] gate diagnostics ...
  cfg from ckpt: vocab=50261 gate_content_aware=True routing_content_aware=True state_compete=True
[cache] Loaded WikiText-103 validation from .cache/v7_tokens/wikitext103_validation_v2_full_sl2048.pt (248,461 tokens)
Val chunks: 121
========================================================================================
PAM gate diagnosis  ckpt=checkpoints_v11_recall_stage6_combo/best_run/best_model.pt  tokens=2048  preset=v11_e3_k3_chat
  p   = mean GSP write-protect prob (sigmoid(protect_gate)); high p => "do not write"
  gam = mean decay gamma (->1 keeps state, ->0 forgets fast)
  content = top 25% surprisal tokens, filler = bottom 25%
========================================================================================
layer |   p_all p_content  p_filler |  gam_all  dt_bias
-------------------------------------------------------
    0 |   0.483     0.435     0.561 |   0.9828   -4.010
    1 |   0.468     0.411     0.555 |   0.9209   -3.976
    2 |   0.461     0.400     0.557 |   0.9453   -3.982
    3 |   0.464     0.402     0.563 |   0.9439   -4.003
    4 |   0.454     0.390     0.550 |   0.9583   -4.001
    5 |   0.452     0.384     0.562 |   0.9850   -4.011
    6 |   0.449     0.380     0.549 |   0.8681   -3.970
    7 |   0.427     0.361     0.520 |   0.8308   -3.958
    8 |   0.449     0.378     0.552 |   0.8991   -3.974
    9 |   0.458     0.381     0.580 |   0.9219   -3.982
   10 |   0.472     0.385     0.607 |   0.9740   -4.008
   11 |   0.473     0.392     0.600 |   0.8624   -3.967
   12 |   0.476     0.394     0.598 |   0.8601   -3.977
   13 |   0.458     0.367     0.595 |   0.8940   -3.982
   14 |   0.499     0.427     0.609 |   0.9247   -3.986
   15 |   0.466     0.345     0.639 |   0.9797   -3.992
-------------------------------------------------------
  mean p across layers: 0.463  (init bias -3.0 => p~0.047; higher = model learned to protect)
  mean (p_content - p_filler): -0.185  (positive = protects content more than filler = healthy)

========================================================================================
Routing (alpha) — per-token entropy vs uniform ln(K), batch-mean diversity
  uniform ln(K=3) = 1.099
========================================================================================
layer |    tok_H    bar_H | mean_winner
---------------------------------------
    0 |    0.874    1.094 |        1.67
    1 |    0.800    1.079 |        1.33
    2 |    0.812    1.082 |        1.17
    3 |    0.809    1.077 |        1.50
    4 |    0.805    1.033 |        1.33
    5 |    0.871    1.083 |        1.67
    6 |    0.771    1.032 |        1.67
    7 |    0.697    0.967 |        1.50
    8 |    0.739    0.992 |        1.67
    9 |    0.757    0.971 |        1.67
   10 |    0.853    1.060 |        1.50
   11 |    0.753    0.976 |        1.50
   12 |    0.614    0.878 |        2.00
   13 |    0.693    0.893 |        1.83
   14 |    0.718    0.885 |        1.67
   15 |    0.811    1.015 |        1.67
---------------------------------------
  mean tok_H=0.773 (lower=more decisive)  bar_H=1.007 (higher=more diverse)

========================================================================================
Retrieval energy |S_k·Q| (loop path) — content vs filler tokens
========================================================================================
layer |      c0      c1      c2 |      f0      f1      f2
---------------------------------------------------------
    0 |  1.8666  0.7801  0.3141 |  1.8648  0.7774  0.3153
    1 |  0.7498  0.3082  0.1534 |  0.7353  0.2919  0.1404
    2 |  0.8615  0.3813  0.1836 |  0.8970  0.3970  0.1981
    3 |  1.0593  0.5316  0.2619 |  1.0596  0.5156  0.2522
    4 |  0.9220  0.4326  0.1846 |  0.8605  0.3977  0.1674
    5 |  1.4180  0.5930  0.2344 |  1.3730  0.5695  0.2216
    6 |  0.7732  0.4630  0.2247 |  0.7226  0.4312  0.2027
    7 |  0.6800  0.3624  0.2003 |  0.6826  0.3821  0.2231
    8 |  0.7452  0.3285  0.1672 |  0.7543  0.3238  0.1601
    9 |  1.0096  0.5693  0.2302 |  0.9602  0.5470  0.2226
   10 |  1.1500  0.5065  0.1985 |  1.0961  0.4697  0.1790
   11 |  0.8040  0.3866  0.1790 |  0.7865  0.3934  0.1969
   12 |  0.9249  0.4897  0.2455 |  0.8880  0.4777  0.2526
   13 |  1.0475  0.5120  0.2343 |  0.9924  0.4840  0.2277
   14 |  1.7654  0.7509  0.2521 |  1.5888  0.6740  0.2300
   15 |  1.8005  0.6659  0.2150 |  1.5363  0.5566  0.1742

JSON saved to checkpoints_v11_recall_stage6_combo/best_run/eval/gates.json
[2/3] behavioral recall ...
  scored 20/2160 examples
  scored 40/2160 examples
  scored 60/2160 examples
  scored 80/2160 examples
  scored 100/2160 examples
  scored 120/2160 examples
  scored 140/2160 examples
  scored 160/2160 examples
  scored 180/2160 examples
  scored 200/2160 examples
  scored 220/2160 examples
  scored 240/2160 examples
  scored 260/2160 examples
  scored 280/2160 examples
  scored 300/2160 examples
  scored 320/2160 examples
  scored 340/2160 examples
  scored 360/2160 examples
  scored 380/2160 examples
  scored 400/2160 examples
  scored 420/2160 examples
  scored 440/2160 examples
  scored 460/2160 examples
  scored 480/2160 examples
  scored 500/2160 examples
  scored 520/2160 examples
  scored 540/2160 examples
  scored 560/2160 examples
  scored 580/2160 examples
  scored 600/2160 examples
  scored 620/2160 examples
  scored 640/2160 examples
  scored 660/2160 examples
  scored 680/2160 examples
  scored 700/2160 examples
  scored 720/2160 examples
  scored 740/2160 examples
  scored 760/2160 examples
  scored 780/2160 examples
  scored 800/2160 examples
  scored 820/2160 examples
  scored 840/2160 examples
  scored 860/2160 examples
  scored 880/2160 examples
  scored 900/2160 examples
  scored 920/2160 examples
  scored 940/2160 examples
  scored 960/2160 examples
  scored 980/2160 examples
  scored 1000/2160 examples
  scored 1020/2160 examples
  scored 1040/2160 examples
  scored 1060/2160 examples
  scored 1080/2160 examples
  scored 1100/2160 examples
  scored 1120/2160 examples
  scored 1140/2160 examples
  scored 1160/2160 examples
  scored 1180/2160 examples
  scored 1200/2160 examples
  scored 1220/2160 examples
  scored 1240/2160 examples
  scored 1260/2160 examples
  scored 1280/2160 examples
  scored 1300/2160 examples
  scored 1320/2160 examples
  scored 1340/2160 examples
  scored 1360/2160 examples
  scored 1380/2160 examples
  scored 1400/2160 examples
  scored 1420/2160 examples
  scored 1440/2160 examples
  scored 1460/2160 examples
  scored 1480/2160 examples
  scored 1500/2160 examples
  scored 1520/2160 examples
  scored 1540/2160 examples
  scored 1560/2160 examples
  scored 1580/2160 examples
  scored 1600/2160 examples
  scored 1620/2160 examples
  scored 1640/2160 examples
  scored 1660/2160 examples
  scored 1680/2160 examples
  scored 1700/2160 examples
  scored 1720/2160 examples
  scored 1740/2160 examples
  scored 1760/2160 examples
  scored 1780/2160 examples
  scored 1800/2160 examples
  scored 1820/2160 examples
  scored 1840/2160 examples
  scored 1860/2160 examples
  scored 1880/2160 examples
  scored 1900/2160 examples
  scored 1920/2160 examples
  scored 1940/2160 examples
  scored 1960/2160 examples
  scored 1980/2160 examples
  scored 2000/2160 examples
  scored 2020/2160 examples
  scored 2040/2160 examples
  scored 2060/2160 examples
  scored 2080/2160 examples
  scored 2100/2160 examples
  scored 2120/2160 examples
  scored 2140/2160 examples
  scored 2160/2160 examples
Results saved to checkpoints_v11_recall_stage6_combo/best_run/eval/v11_behavior.json
[3/3] verdict ...
================================================================
RECALL-GATE VERDICT: stage6_combo
================================================================
  params:                  100,879,936
  overall behavioral acc:  0.210
  single-assoc by context: 128:0.67, 512:0.21, 1024:0.23, 2048:0.16
  single@max_ctx(2048):     0.161  target>=0.9  FAIL
  gate p_content-p_filler: -0.185  |.|>=0.05  PASS
  mean protect / gamma:    0.463 / 0.922
  SHIP: NO
  verdict JSON -> checkpoints_v11_recall_stage6_combo/best_run/eval/verdict.json
[eval-recall-gate] done -> checkpoints_v11_recall_stage6_combo/best_run/eval
[combo] done
[2026-07-18T15:58:42Z] START matched baselines
[matched] train transformer budget=1000000000
Token indices sequence length is longer than the specified maximum sequence length for this model (3479 > 1024). Running this sequence through the model will result in indexing errors
Streaming pretrain blend: sources=['fineweb', 'recall'] weights=[93.0, 3.0] edu>=3 budget=1000000000 vocab=50257 holdout_pct=5 exclude_holdout=True mix_seed=42 warmup=0 skips={'fineweb': 0, 'recall': 0}
[cache] Pretrain holdout val from .cache/v7_tokens/pretrain_holdout_v1_v50257_t500000_e3_p5.pt (500,000 tokens)
[transformer] params=100,283,232 device=cuda budget=1,000,000,000
[fineweb] local parquet stream: 15 shards under data/fineweb-edu/sample-10BT
  [transformer] step=50 loss=10.1018 ppl=24385.7 tok/s=21254 gtok=819200
  [transformer] step=100 loss=9.2710 ppl=10625.3 tok/s=36341 gtok=1638400
  [transformer] step=150 loss=8.5476 ppl=5154.5 tok/s=47636 gtok=2457600
  [transformer] step=200 loss=7.8548 ppl=2578.2 tok/s=56397 gtok=3276800
  [transformer] step=250 loss=7.3731 ppl=1592.5 tok/s=63390 gtok=4096000
  [transformer] step=300 loss=7.1697 ppl=1299.5 tok/s=69101 gtok=4915200
  [transformer] step=350 loss=7.0249 ppl=1124.3 tok/s=73824 gtok=5734400
  [transformer] step=400 loss=6.8773 ppl=970.0 tok/s=77822 gtok=6553600
  [transformer] step=450 loss=6.7510 ppl=854.9 tok/s=81238 gtok=7372800
  [transformer] step=500 loss=6.6493 ppl=772.3 tok/s=84137 gtok=8192000
  [transformer] step=550 loss=6.5604 ppl=706.6 tok/s=86699 gtok=9011200
  [transformer] step=600 loss=6.4802 ppl=652.1 tok/s=89000 gtok=9830400
  [transformer] step=650 loss=6.4723 ppl=647.0 tok/s=91036 gtok=10649600
  [transformer] step=700 loss=6.4097 ppl=607.7 tok/s=92845 gtok=11468800
  [transformer] step=750 loss=6.4100 ppl=607.9 tok/s=94472 gtok=12288000
  [transformer] step=800 loss=6.3444 ppl=569.3 tok/s=95840 gtok=13107200
  [transformer] step=850 loss=6.2230 ppl=504.2 tok/s=97155 gtok=13926400
  [transformer] step=900 loss=6.2637 ppl=525.2 tok/s=98389 gtok=14745600
  [transformer] step=950 loss=6.2655 ppl=526.1 tok/s=99480 gtok=15564800
  [transformer] step=1000 loss=6.2030 ppl=494.2 tok/s=100430 gtok=16384000
  [transformer] step=1050 loss=6.2081 ppl=496.8 tok/s=101355 gtok=17203200
  [transformer] step=1100 loss=6.1790 ppl=482.5 tok/s=102223 gtok=18022400
  [transformer] step=1150 loss=6.0875 ppl=440.3 tok/s=103018 gtok=18841600
  [transformer] step=1200 loss=6.1184 ppl=454.2 tok/s=103752 gtok=19660800
  [transformer] step=1250 loss=6.0640 ppl=430.1 tok/s=104462 gtok=20480000
  [transformer] step=1300 loss=6.0384 ppl=419.2 tok/s=105114 gtok=21299200
  [transformer] step=1350 loss=5.9801 ppl=395.5 tok/s=105729 gtok=22118400
  [transformer] step=1400 loss=5.9770 ppl=394.3 tok/s=106305 gtok=22937600
  [transformer] step=1450 loss=5.9309 ppl=376.5 tok/s=106856 gtok=23756800
  [transformer] step=1500 loss=5.9036 ppl=366.4 tok/s=107357 gtok=24576000
  [transformer] step=1550 loss=5.8545 ppl=348.8 tok/s=107840 gtok=25395200
  [transformer] step=1600 loss=5.8849 ppl=359.5 tok/s=108256 gtok=26214400
  [transformer] step=1650 loss=5.8645 ppl=352.3 tok/s=108724 gtok=27033600
  [transformer] step=1700 loss=5.8258 ppl=338.9 tok/s=109135 gtok=27852800
  [transformer] step=1750 loss=5.7996 ppl=330.2 tok/s=109511 gtok=28672000
  [transformer] step=1800 loss=5.7450 ppl=312.6 tok/s=109889 gtok=29491200
  [transformer] step=1850 loss=5.7405 ppl=311.2 tok/s=110243 gtok=30310400
  [transformer] step=1900 loss=5.7124 ppl=302.6 tok/s=110581 gtok=31129600
  [transformer] step=1950 loss=5.7409 ppl=311.3 tok/s=110908 gtok=31948800
  [transformer] step=2000 loss=5.6753 ppl=291.6 tok/s=111214 gtok=32768000
  [transformer] step=2050 loss=5.6511 ppl=284.6 tok/s=111434 gtok=33587200
  [transformer] step=2100 loss=5.6752 ppl=291.6 tok/s=111695 gtok=34406400
  [transformer] step=2150 loss=5.6606 ppl=287.3 tok/s=111970 gtok=35225600
  [transformer] step=2200 loss=5.5851 ppl=266.4 tok/s=112204 gtok=36044800
  [transformer] step=2250 loss=5.6343 ppl=279.9 tok/s=112415 gtok=36864000
  [transformer] step=2300 loss=5.5643 ppl=261.0 tok/s=112635 gtok=37683200
  [transformer] step=2350 loss=5.5414 ppl=255.0 tok/s=112835 gtok=38502400
  [transformer] step=2400 loss=5.5639 ppl=260.8 tok/s=113039 gtok=39321600
  [transformer] step=2450 loss=5.5264 ppl=251.2 tok/s=113240 gtok=40140800
  [transformer] step=2500 loss=5.4705 ppl=237.6 tok/s=113445 gtok=40960000
  [transformer] step=2550 loss=5.4936 ppl=243.1 tok/s=113642 gtok=41779200
  [transformer] step=2600 loss=5.4219 ppl=226.3 tok/s=113843 gtok=42598400
  [transformer] step=2650 loss=5.4725 ppl=238.1 tok/s=114027 gtok=43417600
  [transformer] step=2700 loss=5.4345 ppl=229.2 tok/s=114216 gtok=44236800
  [transformer] step=2750 loss=5.4291 ppl=227.9 tok/s=114370 gtok=45056000
  [transformer] step=2800 loss=5.3774 ppl=216.5 tok/s=114515 gtok=45875200
  [transformer] step=2850 loss=5.4052 ppl=222.6 tok/s=114654 gtok=46694400
  [transformer] step=2900 loss=5.3801 ppl=217.0 tok/s=114791 gtok=47513600
  [transformer] step=2950 loss=5.3354 ppl=207.5 tok/s=114919 gtok=48332800
  [transformer] step=3000 loss=5.3513 ppl=210.9 tok/s=115043 gtok=49152000
  [transformer] step=3050 loss=5.3336 ppl=207.2 tok/s=115169 gtok=49971200
  [transformer] step=3100 loss=5.3508 ppl=210.8 tok/s=115270 gtok=50790400
  [transformer] step=3150 loss=5.3177 ppl=203.9 tok/s=115410 gtok=51609600
  [transformer] step=3200 loss=5.3164 ppl=203.6 tok/s=115516 gtok=52428800
  [transformer] step=3250 loss=5.3107 ppl=202.5 tok/s=115644 gtok=53248000
  [transformer] step=3300 loss=5.2367 ppl=188.0 tok/s=115755 gtok=54067200
  [transformer] step=3350 loss=5.2614 ppl=192.7 tok/s=115878 gtok=54886400
  [transformer] step=3400 loss=5.2283 ppl=186.5 tok/s=115984 gtok=55705600
  [transformer] step=3450 loss=5.2210 ppl=185.1 tok/s=116092 gtok=56524800
  [transformer] step=3500 loss=5.2333 ppl=187.4 tok/s=116191 gtok=57344000
  [transformer] step=3550 loss=5.1929 ppl=180.0 tok/s=116291 gtok=58163200
  [transformer] step=3600 loss=5.1696 ppl=175.8 tok/s=116388 gtok=58982400
  [transformer] step=3650 loss=5.1683 ppl=175.6 tok/s=116491 gtok=59801600
  [transformer] step=3700 loss=5.1219 ppl=167.6 tok/s=116585 gtok=60620800
  [transformer] step=3750 loss=5.1423 ppl=171.1 tok/s=116677 gtok=61440000
  [transformer] step=3800 loss=5.1247 ppl=168.1 tok/s=116775 gtok=62259200
  [transformer] step=3850 loss=5.0872 ppl=161.9 tok/s=116866 gtok=63078400
  [transformer] step=3900 loss=5.1122 ppl=166.0 tok/s=116951 gtok=63897600
  [transformer] step=3950 loss=5.1103 ppl=165.7 tok/s=117039 gtok=64716800
  [transformer] step=4000 loss=5.0835 ppl=161.3 tok/s=117117 gtok=65536000
  [transformer] step=4050 loss=5.1131 ppl=166.2 tok/s=117066 gtok=66355200
  [transformer] step=4100 loss=5.0747 ppl=159.9 tok/s=117135 gtok=67174400
  [transformer] step=4150 loss=5.0530 ppl=156.5 tok/s=117193 gtok=67993600
  [transformer] step=4200 loss=5.0784 ppl=160.5 tok/s=117265 gtok=68812800
  [transformer] step=4250 loss=5.0920 ppl=162.7 tok/s=117333 gtok=69632000
  [transformer] step=4300 loss=5.0212 ppl=151.6 tok/s=117405 gtok=70451200
  [transformer] step=4350 loss=5.0204 ppl=151.5 tok/s=117484 gtok=71270400
  [transformer] step=4400 loss=4.9369 ppl=139.3 tok/s=117550 gtok=72089600
  [transformer] step=4450 loss=5.0172 ppl=151.0 tok/s=117622 gtok=72908800
  [transformer] step=4500 loss=4.9892 ppl=146.8 tok/s=117692 gtok=73728000
  [transformer] step=4550 loss=5.0107 ppl=150.0 tok/s=117758 gtok=74547200
  [transformer] step=4600 loss=5.0310 ppl=153.1 tok/s=117823 gtok=75366400
  [transformer] step=4650 loss=4.9522 ppl=141.5 tok/s=117890 gtok=76185600
  [transformer] step=4700 loss=4.9523 ppl=141.5 tok/s=117948 gtok=77004800
  [transformer] step=4750 loss=4.9624 ppl=142.9 tok/s=118005 gtok=77824000
  [transformer] step=4800 loss=4.9320 ppl=138.7 tok/s=118063 gtok=78643200
  [transformer] step=4850 loss=4.9758 ppl=144.9 tok/s=118121 gtok=79462400
  [transformer] step=4900 loss=4.9102 ppl=135.7 tok/s=118174 gtok=80281600
  [transformer] step=4950 loss=4.9555 ppl=141.9 tok/s=118226 gtok=81100800
  [transformer] step=5000 loss=4.9380 ppl=139.5 tok/s=118280 gtok=81920000
  [transformer] step=5050 loss=4.8783 ppl=131.4 tok/s=118331 gtok=82739200
  [transformer] step=5100 loss=4.9031 ppl=134.7 tok/s=118387 gtok=83558400
  [transformer] step=5150 loss=4.9529 ppl=141.6 tok/s=118437 gtok=84377600
  [transformer] step=5200 loss=4.8660 ppl=129.8 tok/s=118488 gtok=85196800
  [transformer] step=5250 loss=4.8847 ppl=132.3 tok/s=118538 gtok=86016000
  [transformer] step=5300 loss=4.8682 ppl=130.1 tok/s=118584 gtok=86835200
  [transformer] step=5350 loss=4.8760 ppl=131.1 tok/s=118628 gtok=87654400
  [transformer] step=5400 loss=4.8194 ppl=123.9 tok/s=118676 gtok=88473600
  [transformer] step=5450 loss=4.8621 ppl=129.3 tok/s=118721 gtok=89292800
  [transformer] step=5500 loss=4.8228 ppl=124.3 tok/s=118769 gtok=90112000
  [transformer] step=5550 loss=4.8308 ppl=125.3 tok/s=118814 gtok=90931200
  [transformer] step=5600 loss=4.8252 ppl=124.6 tok/s=118852 gtok=91750400
  [transformer] step=5650 loss=4.8206 ppl=124.0 tok/s=118878 gtok=92569600
  [transformer] step=5700 loss=4.8274 ppl=124.9 tok/s=118924 gtok=93388800
  [transformer] step=5750 loss=4.7762 ppl=118.7 tok/s=118970 gtok=94208000
  [transformer] step=5800 loss=4.8106 ppl=122.8 tok/s=119014 gtok=95027200
  [transformer] step=5850 loss=4.7945 ppl=120.8 tok/s=119058 gtok=95846400
  [transformer] step=5900 loss=4.7830 ppl=119.5 tok/s=119101 gtok=96665600
  [transformer] step=5950 loss=4.7784 ppl=118.9 tok/s=119133 gtok=97484800
  [transformer] step=6000 loss=4.7984 ppl=121.3 tok/s=119169 gtok=98304000
  [transformer] step=6050 loss=4.7479 ppl=115.3 tok/s=119122 gtok=99123200
  [transformer] step=6100 loss=4.7555 ppl=116.2 tok/s=119159 gtok=99942400
  [transformer] step=6150 loss=4.7158 ppl=111.7 tok/s=119194 gtok=100761600
  [transformer] step=6200 loss=4.7683 ppl=117.7 tok/s=119227 gtok=101580800
  [transformer] step=6250 loss=4.7027 ppl=110.2 tok/s=119270 gtok=102400000
  [transformer] step=6300 loss=4.6573 ppl=105.4 tok/s=119309 gtok=103219200
  [transformer] step=6350 loss=4.7078 ppl=110.8 tok/s=119345 gtok=104038400
  [transformer] step=6400 loss=4.7070 ppl=110.7 tok/s=119371 gtok=104857600
  [transformer] step=6450 loss=4.7254 ppl=112.8 tok/s=119410 gtok=105676800
  [transformer] step=6500 loss=4.6674 ppl=106.4 tok/s=119439 gtok=106496000
  [transformer] step=6550 loss=4.6341 ppl=102.9 tok/s=119470 gtok=107315200
  [transformer] step=6600 loss=4.6436 ppl=103.9 tok/s=119505 gtok=108134400
  [transformer] step=6650 loss=4.6807 ppl=107.8 tok/s=119532 gtok=108953600
  [transformer] step=6700 loss=4.6896 ppl=108.8 tok/s=119564 gtok=109772800
  [transformer] step=6750 loss=4.6527 ppl=104.9 tok/s=119592 gtok=110592000
  [transformer] step=6800 loss=4.6264 ppl=102.2 tok/s=119617 gtok=111411200
  [transformer] step=6850 loss=4.6129 ppl=100.8 tok/s=119649 gtok=112230400
  [transformer] step=6900 loss=4.6198 ppl=101.5 tok/s=119679 gtok=113049600
  [transformer] step=6950 loss=4.5855 ppl=98.1 tok/s=119710 gtok=113868800
  [transformer] step=7000 loss=4.5767 ppl=97.2 tok/s=119743 gtok=114688000
  [transformer] step=7050 loss=4.6127 ppl=100.8 tok/s=119768 gtok=115507200
  [transformer] step=7100 loss=4.6357 ppl=103.1 tok/s=119793 gtok=116326400
  [transformer] step=7150 loss=4.5862 ppl=98.1 tok/s=119820 gtok=117145600
  [transformer] step=7200 loss=4.6021 ppl=99.7 tok/s=119848 gtok=117964800
  [transformer] step=7250 loss=4.5872 ppl=98.2 tok/s=119871 gtok=118784000
  [transformer] step=7300 loss=4.5636 ppl=95.9 tok/s=119899 gtok=119603200
  [transformer] step=7350 loss=4.5933 ppl=98.8 tok/s=119916 gtok=120422400
  [transformer] step=7400 loss=4.5663 ppl=96.2 tok/s=119924 gtok=121241600
  [transformer] step=7450 loss=4.5862 ppl=98.1 tok/s=119944 gtok=122060800
  [transformer] step=7500 loss=4.5792 ppl=97.4 tok/s=119970 gtok=122880000
  [transformer] step=7550 loss=4.5289 ppl=92.7 tok/s=119998 gtok=123699200
  [transformer] step=7600 loss=4.5582 ppl=95.4 tok/s=120018 gtok=124518400
  [transformer] step=7650 loss=4.5266 ppl=92.4 tok/s=120047 gtok=125337600
  [transformer] step=7700 loss=4.5276 ppl=92.5 tok/s=120073 gtok=126156800
  [transformer] step=7750 loss=4.5208 ppl=91.9 tok/s=120097 gtok=126976000
  [transformer] step=7800 loss=4.5286 ppl=92.6 tok/s=120120 gtok=127795200
  [transformer] step=7850 loss=4.4908 ppl=89.2 tok/s=120141 gtok=128614400
  [transformer] step=7900 loss=4.5014 ppl=90.1 tok/s=120164 gtok=129433600
  [transformer] step=7950 loss=4.5188 ppl=91.7 tok/s=120189 gtok=130252800
  [transformer] step=8000 loss=4.5421 ppl=93.9 tok/s=120210 gtok=131072000
  [transformer] step=8050 loss=4.5047 ppl=90.4 tok/s=120158 gtok=131891200
  [transformer] step=8100 loss=4.4322 ppl=84.1 tok/s=120182 gtok=132710400
  [transformer] step=8150 loss=4.5159 ppl=91.5 tok/s=120207 gtok=133529600
  [transformer] step=8200 loss=4.4772 ppl=88.0 tok/s=120232 gtok=134348800
  [transformer] step=8250 loss=4.4952 ppl=89.6 tok/s=120253 gtok=135168000
  [transformer] step=8300 loss=4.4783 ppl=88.1 tok/s=120274 gtok=135987200
  [transformer] step=8350 loss=4.4616 ppl=86.6 tok/s=120300 gtok=136806400
  [transformer] step=8400 loss=4.4801 ppl=88.2 tok/s=120327 gtok=137625600
  [transformer] step=8450 loss=4.4971 ppl=89.8 tok/s=120347 gtok=138444800
  [transformer] step=8500 loss=4.4650 ppl=86.9 tok/s=120360 gtok=139264000
  [transformer] step=8550 loss=4.4685 ppl=87.2 tok/s=120376 gtok=140083200
  [transformer] step=8600 loss=4.4743 ppl=87.7 tok/s=120394 gtok=140902400
  [transformer] step=8650 loss=4.4668 ppl=87.1 tok/s=120414 gtok=141721600
  [transformer] step=8700 loss=4.4693 ppl=87.3 tok/s=120432 gtok=142540800
  [transformer] step=8750 loss=4.4117 ppl=82.4 tok/s=120449 gtok=143360000
  [transformer] step=8800 loss=4.4509 ppl=85.7 tok/s=120469 gtok=144179200
  [transformer] step=8850 loss=4.4183 ppl=83.0 tok/s=120488 gtok=144998400
  [transformer] step=8900 loss=4.4371 ppl=84.5 tok/s=120507 gtok=145817600
  [transformer] step=8950 loss=4.4109 ppl=82.3 tok/s=120529 gtok=146636800
  [transformer] step=9000 loss=4.3910 ppl=80.7 tok/s=120546 gtok=147456000
  [transformer] step=9050 loss=4.4479 ppl=85.4 tok/s=120565 gtok=148275200
  [transformer] step=9100 loss=4.4087 ppl=82.2 tok/s=120580 gtok=149094400
  [transformer] step=9150 loss=4.4279 ppl=83.8 tok/s=120593 gtok=149913600
  [transformer] step=9200 loss=4.3755 ppl=79.5 tok/s=120605 gtok=150732800
  [transformer] step=9250 loss=4.3932 ppl=80.9 tok/s=120621 gtok=151552000
  [transformer] step=9300 loss=4.4497 ppl=85.6 tok/s=120638 gtok=152371200
  [transformer] step=9350 loss=4.3959 ppl=81.1 tok/s=120652 gtok=153190400
  [transformer] step=9400 loss=4.4152 ppl=82.7 tok/s=120669 gtok=154009600
  [transformer] step=9450 loss=4.3789 ppl=79.7 tok/s=120687 gtok=154828800
  [transformer] step=9500 loss=4.3632 ppl=78.5 tok/s=120705 gtok=155648000
  [transformer] step=9550 loss=4.4003 ppl=81.5 tok/s=120721 gtok=156467200
  [transformer] step=9600 loss=4.3533 ppl=77.7 tok/s=120736 gtok=157286400
  [transformer] step=9650 loss=4.3453 ppl=77.1 tok/s=120753 gtok=158105600
  [transformer] step=9700 loss=4.3952 ppl=81.1 tok/s=120769 gtok=158924800
  [transformer] step=9750 loss=4.3553 ppl=77.9 tok/s=120782 gtok=159744000
  [transformer] step=9800 loss=4.3755 ppl=79.5 tok/s=120796 gtok=160563200
  [transformer] step=9850 loss=4.3851 ppl=80.2 tok/s=120811 gtok=161382400
  [transformer] step=9900 loss=4.3258 ppl=75.6 tok/s=120824 gtok=162201600
  [transformer] step=9950 loss=4.3522 ppl=77.6 tok/s=120839 gtok=163020800
  [transformer] step=10000 loss=4.3541 ppl=77.8 tok/s=120849 gtok=163840000
  [transformer] step=10050 loss=4.3409 ppl=76.8 tok/s=120814 gtok=164659200
  [transformer] step=10100 loss=4.3207 ppl=75.2 tok/s=120828 gtok=165478400
  [transformer] step=10150 loss=4.3741 ppl=79.4 tok/s=120843 gtok=166297600
  [transformer] step=10200 loss=4.3322 ppl=76.1 tok/s=120857 gtok=167116800
  [transformer] step=10250 loss=4.3440 ppl=77.0 tok/s=120871 gtok=167936000
  [transformer] step=10300 loss=4.3211 ppl=75.3 tok/s=120885 gtok=168755200
  [transformer] step=10350 loss=4.3091 ppl=74.4 tok/s=120898 gtok=169574400
  [transformer] step=10400 loss=4.3255 ppl=75.6 tok/s=120910 gtok=170393600
  [transformer] step=10450 loss=4.3155 ppl=74.9 tok/s=120918 gtok=171212800
  [transformer] step=10500 loss=4.3129 ppl=74.7 tok/s=120921 gtok=172032000
  [transformer] step=10550 loss=4.2578 ppl=70.7 tok/s=120935 gtok=172851200
  [transformer] step=10600 loss=4.3524 ppl=77.7 tok/s=120946 gtok=173670400
  [transformer] step=10650 loss=4.3810 ppl=79.9 tok/s=120953 gtok=174489600
  [transformer] step=10700 loss=4.3142 ppl=74.8 tok/s=120972 gtok=175308800
  [transformer] step=10750 loss=4.3317 ppl=76.1 tok/s=120986 gtok=176128000
  [transformer] step=10800 loss=4.3129 ppl=74.7 tok/s=121000 gtok=176947200
  [transformer] step=10850 loss=4.3083 ppl=74.3 tok/s=121015 gtok=177766400
  [transformer] step=10900 loss=4.3215 ppl=75.3 tok/s=121032 gtok=178585600
  [transformer] step=10950 loss=4.3049 ppl=74.1 tok/s=121046 gtok=179404800
  [transformer] step=11000 loss=4.2834 ppl=72.5 tok/s=121059 gtok=180224000
  [transformer] step=11050 loss=4.2949 ppl=73.3 tok/s=121070 gtok=181043200
  [transformer] step=11100 loss=4.3342 ppl=76.3 tok/s=121079 gtok=181862400
  [transformer] step=11150 loss=4.2682 ppl=71.4 tok/s=121088 gtok=182681600
  [transformer] step=11200 loss=4.3458 ppl=77.2 tok/s=121101 gtok=183500800
  [transformer] step=11250 loss=4.3050 ppl=74.1 tok/s=121114 gtok=184320000
  [transformer] step=11300 loss=4.3306 ppl=76.0 tok/s=121126 gtok=185139200
  [transformer] step=11350 loss=4.2767 ppl=72.0 tok/s=121139 gtok=185958400
  [transformer] step=11400 loss=4.2782 ppl=72.1 tok/s=121144 gtok=186777600
  [transformer] step=11450 loss=4.2625 ppl=71.0 tok/s=121154 gtok=187596800
  [transformer] step=11500 loss=4.2744 ppl=71.8 tok/s=121165 gtok=188416000
  [transformer] step=11550 loss=4.2396 ppl=69.4 tok/s=121177 gtok=189235200
  [transformer] step=11600 loss=4.2616 ppl=70.9 tok/s=121187 gtok=190054400
  [transformer] step=11650 loss=4.2485 ppl=70.0 tok/s=121198 gtok=190873600
  [transformer] step=11700 loss=4.2230 ppl=68.2 tok/s=121199 gtok=191692800
  [transformer] step=11750 loss=4.2724 ppl=71.7 tok/s=121203 gtok=192512000
  [transformer] step=11800 loss=4.2757 ppl=71.9 tok/s=121213 gtok=193331200
  [transformer] step=11850 loss=4.2371 ppl=69.2 tok/s=121222 gtok=194150400
  [transformer] step=11900 loss=4.2610 ppl=70.9 tok/s=121233 gtok=194969600
  [transformer] step=11950 loss=4.2794 ppl=72.2 tok/s=121244 gtok=195788800
  [transformer] step=12000 loss=4.2815 ppl=72.4 tok/s=121256 gtok=196608000
  [transformer] step=12050 loss=4.2196 ppl=68.0 tok/s=121224 gtok=197427200
  [transformer] step=12100 loss=4.2176 ppl=67.9 tok/s=121233 gtok=198246400
  [transformer] step=12150 loss=4.2279 ppl=68.6 tok/s=121243 gtok=199065600
  [transformer] step=12200 loss=4.2096 ppl=67.3 tok/s=121252 gtok=199884800
  [transformer] step=12250 loss=4.2344 ppl=69.0 tok/s=121259 gtok=200704000
  [transformer] step=12300 loss=4.2266 ppl=68.5 tok/s=121271 gtok=201523200
  [transformer] step=12350 loss=4.2723 ppl=71.7 tok/s=121281 gtok=202342400
  [transformer] step=12400 loss=4.2684 ppl=71.4 tok/s=121290 gtok=203161600
  [transformer] step=12450 loss=4.2500 ppl=70.1 tok/s=121298 gtok=203980800
  [transformer] step=12500 loss=4.2892 ppl=72.9 tok/s=121305 gtok=204800000
  [transformer] step=12550 loss=4.2690 ppl=71.4 tok/s=121314 gtok=205619200
  [transformer] step=12600 loss=4.2534 ppl=70.3 tok/s=121325 gtok=206438400
  [transformer] step=12650 loss=4.1977 ppl=66.5 tok/s=121335 gtok=207257600
  [transformer] step=12700 loss=4.2348 ppl=69.0 tok/s=121346 gtok=208076800
  [transformer] step=12750 loss=4.2098 ppl=67.3 tok/s=121356 gtok=208896000
  [transformer] step=12800 loss=4.2078 ppl=67.2 tok/s=121364 gtok=209715200
  [transformer] step=12850 loss=4.2088 ppl=67.3 tok/s=121373 gtok=210534400
  [transformer] step=12900 loss=4.1964 ppl=66.4 tok/s=121381 gtok=211353600
  [transformer] step=12950 loss=4.2329 ppl=68.9 tok/s=121380 gtok=212172800
  [transformer] step=13000 loss=4.2404 ppl=69.4 tok/s=121389 gtok=212992000
  [transformer] step=13050 loss=4.1818 ppl=65.5 tok/s=121397 gtok=213811200
  [transformer] step=13100 loss=4.2471 ppl=69.9 tok/s=121400 gtok=214630400
  [transformer] step=13150 loss=4.2147 ppl=67.7 tok/s=121401 gtok=215449600
  [transformer] step=13200 loss=4.2102 ppl=67.4 tok/s=121408 gtok=216268800
  [transformer] step=13250 loss=4.2277 ppl=68.6 tok/s=121416 gtok=217088000
  [transformer] step=13300 loss=4.1785 ppl=65.3 tok/s=121424 gtok=217907200
  [transformer] step=13350 loss=4.1896 ppl=66.0 tok/s=121434 gtok=218726400
  [transformer] step=13400 loss=4.2022 ppl=66.8 tok/s=121442 gtok=219545600
  [transformer] step=13450 loss=4.2258 ppl=68.4 tok/s=121449 gtok=220364800
  [transformer] step=13500 loss=4.2155 ppl=67.7 tok/s=121454 gtok=221184000
  [transformer] step=13550 loss=4.2203 ppl=68.1 tok/s=121461 gtok=222003200
  [transformer] step=13600 loss=4.2074 ppl=67.2 tok/s=121467 gtok=222822400
  [transformer] step=13650 loss=4.1704 ppl=64.7 tok/s=121472 gtok=223641600
  [transformer] step=13700 loss=4.1832 ppl=65.6 tok/s=121478 gtok=224460800
  [transformer] step=13750 loss=4.2098 ppl=67.3 tok/s=121483 gtok=225280000
  [transformer] step=13800 loss=4.2004 ppl=66.7 tok/s=121490 gtok=226099200
  [transformer] step=13850 loss=4.1586 ppl=64.0 tok/s=121499 gtok=226918400
  [transformer] step=13900 loss=4.2087 ppl=67.3 tok/s=121507 gtok=227737600
  [transformer] step=13950 loss=4.1510 ppl=63.5 tok/s=121514 gtok=228556800
  [transformer] step=14000 loss=4.1751 ppl=65.0 tok/s=121519 gtok=229376000
  [transformer] step=14050 loss=4.1434 ppl=63.0 tok/s=121485 gtok=230195200
  [transformer] step=14100 loss=4.1682 ppl=64.6 tok/s=121489 gtok=231014400
  [transformer] step=14150 loss=4.1554 ppl=63.8 tok/s=121494 gtok=231833600
  [transformer] step=14200 loss=4.1665 ppl=64.5 tok/s=121499 gtok=232652800
  [transformer] step=14250 loss=4.1922 ppl=66.2 tok/s=121503 gtok=233472000
  [transformer] step=14300 loss=4.1760 ppl=65.1 tok/s=121509 gtok=234291200
  [transformer] step=14350 loss=4.1663 ppl=64.5 tok/s=121514 gtok=235110400
  [transformer] step=14400 loss=4.1956 ppl=66.4 tok/s=121520 gtok=235929600
  [transformer] step=14450 loss=4.1783 ppl=65.3 tok/s=121524 gtok=236748800
  [transformer] step=14500 loss=4.1534 ppl=63.7 tok/s=121532 gtok=237568000
  [transformer] step=14550 loss=4.1330 ppl=62.4 tok/s=121539 gtok=238387200
  [transformer] step=14600 loss=4.1715 ppl=64.8 tok/s=121545 gtok=239206400
  [transformer] step=14650 loss=4.1242 ppl=61.8 tok/s=121551 gtok=240025600
  [transformer] step=14700 loss=4.1689 ppl=64.6 tok/s=121558 gtok=240844800
  [transformer] step=14750 loss=4.1831 ppl=65.6 tok/s=121565 gtok=241664000
  [transformer] step=14800 loss=4.1186 ppl=61.5 tok/s=121571 gtok=242483200
  [transformer] step=14850 loss=4.1350 ppl=62.5 tok/s=121578 gtok=243302400
  [transformer] step=14900 loss=4.1763 ppl=65.1 tok/s=121583 gtok=244121600
  [transformer] step=14950 loss=4.1426 ppl=63.0 tok/s=121588 gtok=244940800
  [transformer] step=15000 loss=4.1509 ppl=63.5 tok/s=121592 gtok=245760000
  [transformer] step=15050 loss=4.1552 ppl=63.8 tok/s=121596 gtok=246579200
  [transformer] step=15100 loss=4.1086 ppl=60.9 tok/s=121606 gtok=247398400
  [transformer] step=15150 loss=4.0993 ppl=60.3 tok/s=121611 gtok=248217600
  [transformer] step=15200 loss=4.0902 ppl=59.8 tok/s=121618 gtok=249036800
  [transformer] step=15250 loss=4.1536 ppl=63.7 tok/s=121624 gtok=249856000
  [transformer] step=15300 loss=4.1040 ppl=60.6 tok/s=121630 gtok=250675200
  [transformer] step=15350 loss=4.0958 ppl=60.1 tok/s=121627 gtok=251494400
  [transformer] step=15400 loss=4.1727 ppl=64.9 tok/s=121630 gtok=252313600
  [transformer] step=15450 loss=4.1261 ppl=61.9 tok/s=121637 gtok=253132800
  [transformer] step=15500 loss=4.1255 ppl=61.9 tok/s=121640 gtok=253952000
  [transformer] step=15550 loss=4.1238 ppl=61.8 tok/s=121645 gtok=254771200
  [transformer] step=15600 loss=4.0984 ppl=60.2 tok/s=121651 gtok=255590400
  [transformer] step=15650 loss=4.1151 ppl=61.3 tok/s=121657 gtok=256409600
  [transformer] step=15700 loss=4.1280 ppl=62.1 tok/s=121663 gtok=257228800
  [transformer] step=15750 loss=4.1441 ppl=63.1 tok/s=121670 gtok=258048000
  [transformer] step=15800 loss=4.1116 ppl=61.0 tok/s=121676 gtok=258867200
  [transformer] step=15850 loss=4.0867 ppl=59.5 tok/s=121682 gtok=259686400
  [transformer] step=15900 loss=4.1067 ppl=60.7 tok/s=121689 gtok=260505600
  [transformer] step=15950 loss=4.1176 ppl=61.4 tok/s=121693 gtok=261324800
  [transformer] step=16000 loss=4.1080 ppl=60.8 tok/s=121697 gtok=262144000
  [transformer] step=16050 loss=4.1237 ppl=61.8 tok/s=121670 gtok=262963200
  [transformer] step=16100 loss=4.1522 ppl=63.6 tok/s=121675 gtok=263782400
  [transformer] step=16150 loss=4.1059 ppl=60.7 tok/s=121680 gtok=264601600
  [transformer] step=16200 loss=4.0940 ppl=60.0 tok/s=121685 gtok=265420800
  [transformer] step=16250 loss=4.1260 ppl=61.9 tok/s=121690 gtok=266240000
  [transformer] step=16300 loss=4.1081 ppl=60.8 tok/s=121694 gtok=267059200
  [transformer] step=16350 loss=4.0659 ppl=58.3 tok/s=121700 gtok=267878400
  [transformer] step=16400 loss=4.1206 ppl=61.6 tok/s=121706 gtok=268697600
  [transformer] step=16450 loss=4.1102 ppl=61.0 tok/s=121712 gtok=269516800
  [transformer] step=16500 loss=4.1178 ppl=61.4 tok/s=121720 gtok=270336000
  [transformer] step=16550 loss=4.0980 ppl=60.2 tok/s=121728 gtok=271155200
  [transformer] step=16600 loss=4.0822 ppl=59.3 tok/s=121733 gtok=271974400
  [transformer] step=16650 loss=4.1279 ppl=62.0 tok/s=121738 gtok=272793600
  [transformer] step=16700 loss=4.1146 ppl=61.2 tok/s=121741 gtok=273612800
  [transformer] step=16750 loss=4.1165 ppl=61.3 tok/s=121745 gtok=274432000
  [transformer] step=16800 loss=4.1162 ppl=61.3 tok/s=121751 gtok=275251200
  [transformer] step=16850 loss=4.1531 ppl=63.6 tok/s=121753 gtok=276070400
  [transformer] step=16900 loss=4.1214 ppl=61.6 tok/s=121753 gtok=276889600
  [transformer] step=16950 loss=4.0695 ppl=58.5 tok/s=121755 gtok=277708800
  [transformer] step=17000 loss=4.0904 ppl=59.8 tok/s=121760 gtok=278528000
  [transformer] step=17050 loss=4.1034 ppl=60.5 tok/s=121766 gtok=279347200
  [transformer] step=17100 loss=4.1427 ppl=63.0 tok/s=121769 gtok=280166400
  [transformer] step=17150 loss=4.0670 ppl=58.4 tok/s=121770 gtok=280985600
  [transformer] step=17200 loss=4.1402 ppl=62.8 tok/s=121774 gtok=281804800
  [transformer] step=17250 loss=4.0718 ppl=58.7 tok/s=121779 gtok=282624000
  [transformer] step=17300 loss=4.1007 ppl=60.4 tok/s=121784 gtok=283443200
  [transformer] step=17350 loss=4.1075 ppl=60.8 tok/s=121789 gtok=284262400
  [transformer] step=17400 loss=4.0725 ppl=58.7 tok/s=121792 gtok=285081600
  [transformer] step=17450 loss=4.0915 ppl=59.8 tok/s=121796 gtok=285900800
  [transformer] step=17500 loss=4.0141 ppl=55.4 tok/s=121799 gtok=286720000
  [transformer] step=17550 loss=4.0552 ppl=57.7 tok/s=121804 gtok=287539200
  [transformer] step=17600 loss=4.0673 ppl=58.4 tok/s=121810 gtok=288358400
  [transformer] step=17650 loss=4.0772 ppl=59.0 tok/s=121815 gtok=289177600
  [transformer] step=17700 loss=4.0546 ppl=57.7 tok/s=121819 gtok=289996800
  [transformer] step=17750 loss=4.0601 ppl=58.0 tok/s=121824 gtok=290816000
  [transformer] step=17800 loss=4.0961 ppl=60.1 tok/s=121820 gtok=291635200
  [transformer] step=17850 loss=4.0764 ppl=58.9 tok/s=121824 gtok=292454400
  [transformer] step=17900 loss=4.0244 ppl=55.9 tok/s=121827 gtok=293273600
  [transformer] step=17950 loss=4.1148 ppl=61.2 tok/s=121831 gtok=294092800
  [transformer] step=18000 loss=4.0632 ppl=58.2 tok/s=121833 gtok=294912000
  [transformer] step=18050 loss=4.0065 ppl=55.0 tok/s=121808 gtok=295731200
  [transformer] step=18100 loss=4.0346 ppl=56.5 tok/s=121812 gtok=296550400
  [transformer] step=18150 loss=4.0646 ppl=58.2 tok/s=121816 gtok=297369600
  [transformer] step=18200 loss=4.0252 ppl=56.0 tok/s=121820 gtok=298188800
  [transformer] step=18250 loss=4.0425 ppl=57.0 tok/s=121820 gtok=299008000
  [transformer] step=18300 loss=4.0369 ppl=56.7 tok/s=121829 gtok=299827200
  [transformer] step=18350 loss=4.0525 ppl=57.5 tok/s=121836 gtok=300646400
  [transformer] step=18400 loss=4.0438 ppl=57.0 tok/s=121843 gtok=301465600
  [transformer] step=18450 loss=4.0168 ppl=55.5 tok/s=121853 gtok=302284800
  [transformer] step=18500 loss=4.0822 ppl=59.3 tok/s=121864 gtok=303104000
  [transformer] step=18550 loss=4.0611 ppl=58.0 tok/s=121872 gtok=303923200
  [transformer] step=18600 loss=4.0175 ppl=55.6 tok/s=121880 gtok=304742400
  [transformer] step=18650 loss=4.0295 ppl=56.2 tok/s=121886 gtok=305561600
  [transformer] step=18700 loss=4.0136 ppl=55.3 tok/s=121891 gtok=306380800
  [transformer] step=18750 loss=4.0716 ppl=58.7 tok/s=121897 gtok=307200000
  [transformer] step=18800 loss=4.0101 ppl=55.2 tok/s=121903 gtok=308019200
  [transformer] step=18850 loss=4.0046 ppl=54.9 tok/s=121909 gtok=308838400
  [transformer] step=18900 loss=4.0666 ppl=58.4 tok/s=121917 gtok=309657600
  [transformer] step=18950 loss=4.0104 ppl=55.2 tok/s=121925 gtok=310476800
  [transformer] step=19000 loss=4.0264 ppl=56.1 tok/s=121933 gtok=311296000
  [transformer] step=19050 loss=3.9904 ppl=54.1 tok/s=121939 gtok=312115200
  [transformer] step=19100 loss=4.0201 ppl=55.7 tok/s=121945 gtok=312934400
  [transformer] step=19150 loss=4.0156 ppl=55.5 tok/s=121953 gtok=313753600
  [transformer] step=19200 loss=4.0251 ppl=56.0 tok/s=121959 gtok=314572800
  [transformer] step=19250 loss=4.0310 ppl=56.3 tok/s=121964 gtok=315392000
  [transformer] step=19300 loss=4.0106 ppl=55.2 tok/s=121969 gtok=316211200
  [transformer] step=19350 loss=4.0242 ppl=55.9 tok/s=121972 gtok=317030400
  [transformer] step=19400 loss=4.0545 ppl=57.7 tok/s=121979 gtok=317849600
  [transformer] step=19450 loss=4.0297 ppl=56.2 tok/s=121985 gtok=318668800
  [transformer] step=19500 loss=4.0307 ppl=56.3 tok/s=121992 gtok=319488000
  [transformer] step=19550 loss=4.0415 ppl=56.9 tok/s=121997 gtok=320307200
  [transformer] step=19600 loss=3.9816 ppl=53.6 tok/s=122002 gtok=321126400
  [transformer] step=19650 loss=3.9876 ppl=53.9 tok/s=122010 gtok=321945600
  [transformer] step=19700 loss=4.0287 ppl=56.2 tok/s=122016 gtok=322764800
  [transformer] step=19750 loss=3.9782 ppl=53.4 tok/s=122021 gtok=323584000
  [transformer] step=19800 loss=4.0280 ppl=56.1 tok/s=122026 gtok=324403200
  [transformer] step=19850 loss=3.9506 ppl=52.0 tok/s=122031 gtok=325222400
  [transformer] step=19900 loss=4.0244 ppl=55.9 tok/s=122035 gtok=326041600
  [transformer] step=19950 loss=4.0148 ppl=55.4 tok/s=122039 gtok=326860800
  [transformer] step=20000 loss=4.0383 ppl=56.7 tok/s=122041 gtok=327680000
  [transformer] step=20050 loss=4.0348 ppl=56.5 tok/s=122018 gtok=328499200
  [transformer] step=20100 loss=4.0483 ppl=57.3 tok/s=122019 gtok=329318400
  [transformer] step=20150 loss=4.0321 ppl=56.4 tok/s=122023 gtok=330137600
  [transformer] step=20200 loss=3.9739 ppl=53.2 tok/s=122022 gtok=330956800
  [transformer] step=20250 loss=4.0261 ppl=56.0 tok/s=122029 gtok=331776000
  [transformer] step=20300 loss=4.0296 ppl=56.2 tok/s=122034 gtok=332595200
  [transformer] step=20350 loss=4.0050 ppl=54.9 tok/s=122040 gtok=333414400
  [transformer] step=20400 loss=4.0166 ppl=55.5 tok/s=122046 gtok=334233600
  [transformer] step=20450 loss=4.0318 ppl=56.4 tok/s=122052 gtok=335052800
  [transformer] step=20500 loss=3.9853 ppl=53.8 tok/s=122056 gtok=335872000
  [transformer] step=20550 loss=4.0052 ppl=54.9 tok/s=122059 gtok=336691200
  [transformer] step=20600 loss=4.0147 ppl=55.4 tok/s=122061 gtok=337510400
  [transformer] step=20650 loss=4.0005 ppl=54.6 tok/s=122065 gtok=338329600
  [transformer] step=20700 loss=4.0004 ppl=54.6 tok/s=122070 gtok=339148800
  [transformer] step=20750 loss=3.9987 ppl=54.5 tok/s=122073 gtok=339968000
  [transformer] step=20800 loss=4.0038 ppl=54.8 tok/s=122080 gtok=340787200
  [transformer] step=20850 loss=3.9773 ppl=53.4 tok/s=122083 gtok=341606400
  [transformer] step=20900 loss=3.9736 ppl=53.2 tok/s=122087 gtok=342425600
  [transformer] step=20950 loss=3.9979 ppl=54.5 tok/s=122091 gtok=343244800
  [transformer] step=21000 loss=4.0031 ppl=54.8 tok/s=122094 gtok=344064000
  [transformer] step=21050 loss=4.0028 ppl=54.8 tok/s=122099 gtok=344883200
  [transformer] step=21100 loss=3.9778 ppl=53.4 tok/s=122104 gtok=345702400
  [transformer] step=21150 loss=4.0131 ppl=55.3 tok/s=122106 gtok=346521600
  [transformer] step=21200 loss=3.9860 ppl=53.8 tok/s=122108 gtok=347340800
  [transformer] step=21250 loss=4.0058 ppl=54.9 tok/s=122110 gtok=348160000
  [transformer] step=21300 loss=3.9812 ppl=53.6 tok/s=122112 gtok=348979200
  [transformer] step=21350 loss=3.9661 ppl=52.8 tok/s=122113 gtok=349798400
  [transformer] step=21400 loss=3.9692 ppl=52.9 tok/s=122116 gtok=350617600
  [transformer] step=21450 loss=4.0048 ppl=54.9 tok/s=122120 gtok=351436800
  [transformer] step=21500 loss=3.9332 ppl=51.1 tok/s=122125 gtok=352256000
  [transformer] step=21550 loss=3.9689 ppl=52.9 tok/s=122128 gtok=353075200
  [transformer] step=21600 loss=3.9974 ppl=54.5 tok/s=122131 gtok=353894400
  [transformer] step=21650 loss=3.9564 ppl=52.3 tok/s=122133 gtok=354713600
  [transformer] step=21700 loss=3.9696 ppl=53.0 tok/s=122134 gtok=355532800
  [transformer] step=21750 loss=3.9585 ppl=52.4 tok/s=122136 gtok=356352000
  [transformer] step=21800 loss=3.9333 ppl=51.1 tok/s=122138 gtok=357171200
  [transformer] step=21850 loss=3.9749 ppl=53.2 tok/s=122141 gtok=357990400
  [transformer] step=21900 loss=3.9525 ppl=52.1 tok/s=122145 gtok=358809600
  [transformer] step=21950 loss=3.9700 ppl=53.0 tok/s=122148 gtok=359628800
  [transformer] step=22000 loss=3.9681 ppl=52.9 tok/s=122152 gtok=360448000
  [transformer] step=22050 loss=3.9642 ppl=52.7 tok/s=122134 gtok=361267200
  [transformer] step=22100 loss=3.9900 ppl=54.1 tok/s=122138 gtok=362086400
  [transformer] step=22150 loss=4.0212 ppl=55.8 tok/s=122143 gtok=362905600
  [transformer] step=22200 loss=4.0077 ppl=55.0 tok/s=122148 gtok=363724800
  [transformer] step=22250 loss=4.0140 ppl=55.4 tok/s=122151 gtok=364544000
  [transformer] step=22300 loss=3.9494 ppl=51.9 tok/s=122154 gtok=365363200
  [transformer] step=22350 loss=3.9496 ppl=51.9 tok/s=122158 gtok=366182400
  [transformer] step=22400 loss=3.9358 ppl=51.2 tok/s=122161 gtok=367001600
  [transformer] step=22450 loss=3.9640 ppl=52.7 tok/s=122164 gtok=367820800
  [transformer] step=22500 loss=4.0130 ppl=55.3 tok/s=122165 gtok=368640000
  [transformer] step=22550 loss=3.9878 ppl=53.9 tok/s=122165 gtok=369459200
  [transformer] step=22600 loss=3.9222 ppl=50.5 tok/s=122169 gtok=370278400
  [transformer] step=22650 loss=4.0151 ppl=55.4 tok/s=122173 gtok=371097600
  [transformer] step=22700 loss=3.9661 ppl=52.8 tok/s=122173 gtok=371916800
  [transformer] step=22750 loss=3.9457 ppl=51.7 tok/s=122178 gtok=372736000
  [transformer] step=22800 loss=3.9478 ppl=51.8 tok/s=122182 gtok=373555200
  [transformer] step=22850 loss=3.9367 ppl=51.2 tok/s=122187 gtok=374374400
  [transformer] step=22900 loss=3.9468 ppl=51.8 tok/s=122190 gtok=375193600
  [transformer] step=22950 loss=3.9569 ppl=52.3 tok/s=122191 gtok=376012800
  [transformer] step=23000 loss=3.9844 ppl=53.8 tok/s=122190 gtok=376832000
  [transformer] step=23050 loss=3.9915 ppl=54.1 tok/s=122191 gtok=377651200
  [transformer] step=23100 loss=3.9801 ppl=53.5 tok/s=122193 gtok=378470400
  [transformer] step=23150 loss=3.9625 ppl=52.6 tok/s=122195 gtok=379289600
  [transformer] step=23200 loss=3.9418 ppl=51.5 tok/s=122198 gtok=380108800
  [transformer] step=23250 loss=3.9814 ppl=53.6 tok/s=122201 gtok=380928000
  [transformer] step=23300 loss=3.9525 ppl=52.1 tok/s=122202 gtok=381747200
  [transformer] step=23350 loss=3.9078 ppl=49.8 tok/s=122206 gtok=382566400
  [transformer] step=23400 loss=3.9012 ppl=49.5 tok/s=122211 gtok=383385600
  [transformer] step=23450 loss=3.9600 ppl=52.5 tok/s=122215 gtok=384204800
  [transformer] step=23500 loss=3.9761 ppl=53.3 tok/s=122218 gtok=385024000
  [transformer] step=23550 loss=3.9197 ppl=50.4 tok/s=122223 gtok=385843200
  [transformer] step=23600 loss=3.9582 ppl=52.4 tok/s=122225 gtok=386662400
  [transformer] step=23650 loss=3.9359 ppl=51.2 tok/s=122228 gtok=387481600
  [transformer] step=23700 loss=3.9389 ppl=51.4 tok/s=122231 gtok=388300800
  [transformer] step=23750 loss=3.9571 ppl=52.3 tok/s=122233 gtok=389120000
  [transformer] step=23800 loss=3.9281 ppl=50.8 tok/s=122237 gtok=389939200
  [transformer] step=23850 loss=3.9038 ppl=49.6 tok/s=122239 gtok=390758400
  [transformer] step=23900 loss=3.9295 ppl=50.9 tok/s=122243 gtok=391577600
  [transformer] step=23950 loss=3.9499 ppl=51.9 tok/s=122247 gtok=392396800
  [transformer] step=24000 loss=3.9501 ppl=51.9 tok/s=122251 gtok=393216000
  [transformer] step=24050 loss=3.9419 ppl=51.5 tok/s=122234 gtok=394035200
  [transformer] step=24100 loss=3.9304 ppl=50.9 tok/s=122238 gtok=394854400
  [transformer] step=24150 loss=3.9168 ppl=50.2 tok/s=122242 gtok=395673600
  [transformer] step=24200 loss=3.9160 ppl=50.2 tok/s=122246 gtok=396492800
  [transformer] step=24250 loss=3.9479 ppl=51.8 tok/s=122248 gtok=397312000
  [transformer] step=24300 loss=3.9245 ppl=50.6 tok/s=122251 gtok=398131200
  [transformer] step=24350 loss=3.9763 ppl=53.3 tok/s=122253 gtok=398950400
  [transformer] step=24400 loss=3.9594 ppl=52.4 tok/s=122256 gtok=399769600
  [transformer] step=24450 loss=3.9202 ppl=50.4 tok/s=122259 gtok=400588800
  [transformer] step=24500 loss=3.9566 ppl=52.3 tok/s=122263 gtok=401408000
  [transformer] step=24550 loss=3.9815 ppl=53.6 tok/s=122266 gtok=402227200
  [transformer] step=24600 loss=3.8877 ppl=48.8 tok/s=122269 gtok=403046400
  [transformer] step=24650 loss=3.9486 ppl=51.9 tok/s=122272 gtok=403865600
  [transformer] step=24700 loss=3.9299 ppl=50.9 tok/s=122276 gtok=404684800
  [transformer] step=24750 loss=3.9399 ppl=51.4 tok/s=122280 gtok=405504000
  [transformer] step=24800 loss=3.9520 ppl=52.0 tok/s=122283 gtok=406323200
  [transformer] step=24850 loss=3.9224 ppl=50.5 tok/s=122286 gtok=407142400
  [transformer] step=24900 loss=3.9149 ppl=50.1 tok/s=122288 gtok=407961600
  [transformer] step=24950 loss=3.9294 ppl=50.9 tok/s=122291 gtok=408780800
  [transformer] step=25000 loss=3.9525 ppl=52.1 tok/s=122293 gtok=409600000
  [transformer] step=25050 loss=3.9391 ppl=51.4 tok/s=122295 gtok=410419200
  [transformer] step=25100 loss=3.8971 ppl=49.3 tok/s=122294 gtok=411238400
  [transformer] step=25150 loss=3.9004 ppl=49.4 tok/s=122296 gtok=412057600
  [transformer] step=25200 loss=3.9148 ppl=50.1 tok/s=122298 gtok=412876800
  [transformer] step=25250 loss=3.9581 ppl=52.4 tok/s=122300 gtok=413696000
  [transformer] step=25300 loss=3.8940 ppl=49.1 tok/s=122303 gtok=414515200
  [transformer] step=25350 loss=3.9183 ppl=50.3 tok/s=122306 gtok=415334400
  [transformer] step=25400 loss=3.8900 ppl=48.9 tok/s=122310 gtok=416153600
  [transformer] step=25450 loss=3.8947 ppl=49.1 tok/s=122313 gtok=416972800
  [transformer] step=25500 loss=3.9409 ppl=51.5 tok/s=122318 gtok=417792000
  [transformer] step=25550 loss=3.9052 ppl=49.7 tok/s=122319 gtok=418611200
  [transformer] step=25600 loss=3.9032 ppl=49.6 tok/s=122320 gtok=419430400
  [transformer] step=25650 loss=3.9274 ppl=50.8 tok/s=122320 gtok=420249600
  [transformer] step=25700 loss=3.9392 ppl=51.4 tok/s=122321 gtok=421068800
  [transformer] step=25750 loss=3.9187 ppl=50.3 tok/s=122323 gtok=421888000
  [transformer] step=25800 loss=3.9005 ppl=49.4 tok/s=122325 gtok=422707200
  [transformer] step=25850 loss=3.8916 ppl=49.0 tok/s=122328 gtok=423526400
  [transformer] step=25900 loss=3.9121 ppl=50.0 tok/s=122329 gtok=424345600
  [transformer] step=25950 loss=3.8491 ppl=47.0 tok/s=122330 gtok=425164800
  [transformer] step=26000 loss=3.9548 ppl=52.2 tok/s=122331 gtok=425984000
  [transformer] step=26050 loss=3.8968 ppl=49.2 tok/s=122311 gtok=426803200
  [transformer] step=26100 loss=3.9074 ppl=49.8 tok/s=122311 gtok=427622400
  [transformer] step=26150 loss=3.8835 ppl=48.6 tok/s=122310 gtok=428441600
  [transformer] step=26200 loss=3.9321 ppl=51.0 tok/s=122309 gtok=429260800
  [transformer] step=26250 loss=3.8839 ppl=48.6 tok/s=122306 gtok=430080000
  [transformer] step=26300 loss=3.9227 ppl=50.5 tok/s=122305 gtok=430899200
  [transformer] step=26350 loss=3.8798 ppl=48.4 tok/s=122303 gtok=431718400
  [transformer] step=26400 loss=3.9282 ppl=50.8 tok/s=122302 gtok=432537600
  [transformer] step=26450 loss=3.8671 ppl=47.8 tok/s=122301 gtok=433356800
  [transformer] step=26500 loss=3.8862 ppl=48.7 tok/s=122302 gtok=434176000
  [transformer] step=26550 loss=3.8924 ppl=49.0 tok/s=122302 gtok=434995200
  [transformer] step=26600 loss=3.9309 ppl=51.0 tok/s=122303 gtok=435814400
  [transformer] step=26650 loss=3.9144 ppl=50.1 tok/s=122304 gtok=436633600
  [transformer] step=26700 loss=3.9026 ppl=49.5 tok/s=122304 gtok=437452800
  [transformer] step=26750 loss=3.9532 ppl=52.1 tok/s=122305 gtok=438272000
  [transformer] step=26800 loss=3.9463 ppl=51.7 tok/s=122304 gtok=439091200
  [transformer] step=26850 loss=3.9142 ppl=50.1 tok/s=122303 gtok=439910400
  [transformer] step=26900 loss=3.8664 ppl=47.8 tok/s=122306 gtok=440729600
  [transformer] step=26950 loss=3.9032 ppl=49.6 tok/s=122308 gtok=441548800
  [transformer] step=27000 loss=3.9117 ppl=50.0 tok/s=122310 gtok=442368000
  [transformer] step=27050 loss=3.8807 ppl=48.5 tok/s=122312 gtok=443187200
  [transformer] step=27100 loss=3.9182 ppl=50.3 tok/s=122316 gtok=444006400
  [transformer] step=27150 loss=3.8781 ppl=48.3 tok/s=122319 gtok=444825600
  [transformer] step=27200 loss=3.8835 ppl=48.6 tok/s=122322 gtok=445644800
  [transformer] step=27250 loss=3.8918 ppl=49.0 tok/s=122325 gtok=446464000
  [transformer] step=27300 loss=3.8838 ppl=48.6 tok/s=122328 gtok=447283200
  [transformer] step=27350 loss=3.8830 ppl=48.6 tok/s=122332 gtok=448102400
  [transformer] step=27400 loss=3.8849 ppl=48.7 tok/s=122335 gtok=448921600
  [transformer] step=27450 loss=3.8482 ppl=46.9 tok/s=122337 gtok=449740800
  [transformer] step=27500 loss=3.9186 ppl=50.3 tok/s=122340 gtok=450560000
  [transformer] step=27550 loss=3.8948 ppl=49.1 tok/s=122342 gtok=451379200
  [transformer] step=27600 loss=3.8415 ppl=46.6 tok/s=122340 gtok=452198400
  [transformer] step=27650 loss=3.9057 ppl=49.7 tok/s=122342 gtok=453017600
  [transformer] step=27700 loss=3.8693 ppl=47.9 tok/s=122343 gtok=453836800
  [transformer] step=27750 loss=3.8514 ppl=47.1 tok/s=122346 gtok=454656000
  [transformer] step=27800 loss=3.8909 ppl=49.0 tok/s=122348 gtok=455475200
  [transformer] step=27850 loss=3.9126 ppl=50.0 tok/s=122350 gtok=456294400
  [transformer] step=27900 loss=3.8463 ppl=46.8 tok/s=122352 gtok=457113600
  [transformer] step=27950 loss=3.8917 ppl=49.0 tok/s=122356 gtok=457932800
  [transformer] step=28000 loss=3.8803 ppl=48.4 tok/s=122357 gtok=458752000
  [transformer] step=28050 loss=3.8821 ppl=48.5 tok/s=122340 gtok=459571200
  [transformer] step=28100 loss=3.8925 ppl=49.0 tok/s=122342 gtok=460390400
  [transformer] step=28150 loss=3.8998 ppl=49.4 tok/s=122343 gtok=461209600
  [transformer] step=28200 loss=3.8806 ppl=48.5 tok/s=122344 gtok=462028800
  [transformer] step=28250 loss=3.9134 ppl=50.1 tok/s=122346 gtok=462848000
  [transformer] step=28300 loss=3.8684 ppl=47.9 tok/s=122346 gtok=463667200
  [transformer] step=28350 loss=3.8983 ppl=49.3 tok/s=122347 gtok=464486400
  [transformer] step=28400 loss=3.8549 ppl=47.2 tok/s=122349 gtok=465305600
  [transformer] step=28450 loss=3.8573 ppl=47.3 tok/s=122351 gtok=466124800
  [transformer] step=28500 loss=3.8471 ppl=46.9 tok/s=122353 gtok=466944000
  [transformer] step=28550 loss=3.8701 ppl=47.9 tok/s=122356 gtok=467763200
  [transformer] step=28600 loss=3.8722 ppl=48.0 tok/s=122359 gtok=468582400
  [transformer] step=28650 loss=3.8917 ppl=49.0 tok/s=122361 gtok=469401600
  [transformer] step=28700 loss=3.8854 ppl=48.7 tok/s=122363 gtok=470220800
  [transformer] step=28750 loss=3.8955 ppl=49.2 tok/s=122365 gtok=471040000
  [transformer] step=28800 loss=3.8714 ppl=48.0 tok/s=122367 gtok=471859200
  [transformer] step=28850 loss=3.9024 ppl=49.5 tok/s=122368 gtok=472678400
  [transformer] step=28900 loss=3.8740 ppl=48.1 tok/s=122370 gtok=473497600
  [transformer] step=28950 loss=3.8891 ppl=48.9 tok/s=122370 gtok=474316800
  [transformer] step=29000 loss=3.8700 ppl=47.9 tok/s=122372 gtok=475136000
  [transformer] step=29050 loss=3.8840 ppl=48.6 tok/s=122374 gtok=475955200
  [transformer] step=29100 loss=3.8607 ppl=47.5 tok/s=122375 gtok=476774400
  [transformer] step=29150 loss=3.8729 ppl=48.1 tok/s=122378 gtok=477593600
  [transformer] step=29200 loss=3.8554 ppl=47.2 tok/s=122379 gtok=478412800
  [transformer] step=29250 loss=3.8620 ppl=47.6 tok/s=122381 gtok=479232000
  [transformer] step=29300 loss=3.8517 ppl=47.1 tok/s=122383 gtok=480051200
  [transformer] step=29350 loss=3.8684 ppl=47.9 tok/s=122383 gtok=480870400
  [transformer] step=29400 loss=3.8607 ppl=47.5 tok/s=122384 gtok=481689600
  [transformer] step=29450 loss=3.8840 ppl=48.6 tok/s=122385 gtok=482508800
  [transformer] step=29500 loss=3.8526 ppl=47.1 tok/s=122386 gtok=483328000
  [transformer] step=29550 loss=3.8673 ppl=47.8 tok/s=122387 gtok=484147200
  [transformer] step=29600 loss=3.8573 ppl=47.3 tok/s=122387 gtok=484966400
  [transformer] step=29650 loss=3.8544 ppl=47.2 tok/s=122388 gtok=485785600
  [transformer] step=29700 loss=3.8762 ppl=48.2 tok/s=122390 gtok=486604800
  [transformer] step=29750 loss=3.8754 ppl=48.2 tok/s=122391 gtok=487424000
  [transformer] step=29800 loss=3.8848 ppl=48.7 tok/s=122393 gtok=488243200
  [transformer] step=29850 loss=3.8194 ppl=45.6 tok/s=122397 gtok=489062400
  [transformer] step=29900 loss=3.8875 ppl=48.8 tok/s=122400 gtok=489881600
  [transformer] step=29950 loss=3.8615 ppl=47.5 tok/s=122402 gtok=490700800
  [transformer] step=30000 loss=3.8652 ppl=47.7 tok/s=122404 gtok=491520000
  [transformer] step=30050 loss=3.8649 ppl=47.7 tok/s=122384 gtok=492339200
  [transformer] step=30100 loss=3.9014 ppl=49.5 tok/s=122385 gtok=493158400
  [transformer] step=30150 loss=3.9103 ppl=49.9 tok/s=122386 gtok=493977600
  [transformer] step=30200 loss=3.8701 ppl=47.9 tok/s=122387 gtok=494796800
  [transformer] step=30250 loss=3.8969 ppl=49.3 tok/s=122389 gtok=495616000
  [transformer] step=30300 loss=3.8503 ppl=47.0 tok/s=122391 gtok=496435200
  [transformer] step=30350 loss=3.8174 ppl=45.5 tok/s=122395 gtok=497254400
  [transformer] step=30400 loss=3.8375 ppl=46.4 tok/s=122397 gtok=498073600
  [transformer] step=30450 loss=3.8275 ppl=45.9 tok/s=122402 gtok=498892800
  [transformer] step=30500 loss=3.8931 ppl=49.1 tok/s=122405 gtok=499712000
  [transformer] step=30550 loss=3.8346 ppl=46.3 tok/s=122406 gtok=500531200
  [transformer] step=30600 loss=3.8750 ppl=48.2 tok/s=122408 gtok=501350400
  [transformer] step=30650 loss=3.8751 ppl=48.2 tok/s=122410 gtok=502169600
  [transformer] step=30700 loss=3.8532 ppl=47.1 tok/s=122411 gtok=502988800
  [transformer] step=30750 loss=3.8814 ppl=48.5 tok/s=122413 gtok=503808000
  [transformer] step=30800 loss=3.8230 ppl=45.7 tok/s=122415 gtok=504627200
  [transformer] step=30850 loss=3.8570 ppl=47.3 tok/s=122415 gtok=505446400
  [transformer] step=30900 loss=3.8943 ppl=49.1 tok/s=122417 gtok=506265600
  [transformer] step=30950 loss=3.8575 ppl=47.3 tok/s=122419 gtok=507084800
  [transformer] step=31000 loss=3.8932 ppl=49.1 tok/s=122422 gtok=507904000
  [transformer] step=31050 loss=3.8354 ppl=46.3 tok/s=122425 gtok=508723200
  [transformer] step=31100 loss=3.8317 ppl=46.1 tok/s=122425 gtok=509542400
  [transformer] step=31150 loss=3.8347 ppl=46.3 tok/s=122426 gtok=510361600
  [transformer] step=31200 loss=3.8329 ppl=46.2 tok/s=122428 gtok=511180800
  [transformer] step=31250 loss=3.8806 ppl=48.5 tok/s=122430 gtok=512000000
  [transformer] step=31300 loss=3.8592 ppl=47.4 tok/s=122432 gtok=512819200
  [transformer] step=31350 loss=3.8412 ppl=46.6 tok/s=122433 gtok=513638400
  [transformer] step=31400 loss=3.8562 ppl=47.3 tok/s=122434 gtok=514457600
  [transformer] step=31450 loss=3.8610 ppl=47.5 tok/s=122436 gtok=515276800
  [transformer] step=31500 loss=3.8807 ppl=48.5 tok/s=122437 gtok=516096000
  [transformer] step=31550 loss=3.8228 ppl=45.7 tok/s=122440 gtok=516915200
  [transformer] step=31600 loss=3.8382 ppl=46.4 tok/s=122444 gtok=517734400
  [transformer] step=31650 loss=3.8141 ppl=45.3 tok/s=122446 gtok=518553600
  [transformer] step=31700 loss=3.8310 ppl=46.1 tok/s=122449 gtok=519372800
  [transformer] step=31750 loss=3.8615 ppl=47.5 tok/s=122451 gtok=520192000
  [transformer] step=31800 loss=3.7980 ppl=44.6 tok/s=122451 gtok=521011200
  [transformer] step=31850 loss=3.8234 ppl=45.8 tok/s=122451 gtok=521830400
  [transformer] step=31900 loss=3.8080 ppl=45.1 tok/s=122451 gtok=522649600
  [transformer] step=31950 loss=3.8111 ppl=45.2 tok/s=122454 gtok=523468800
  [transformer] step=32000 loss=3.8165 ppl=45.4 tok/s=122454 gtok=524288000
  [transformer] step=32050 loss=3.8142 ppl=45.3 tok/s=122440 gtok=525107200
  [transformer] step=32100 loss=3.8396 ppl=46.5 tok/s=122441 gtok=525926400
  [transformer] step=32150 loss=3.8091 ppl=45.1 tok/s=122442 gtok=526745600
  [transformer] step=32200 loss=3.7869 ppl=44.1 tok/s=122444 gtok=527564800
  [transformer] step=32250 loss=3.8113 ppl=45.2 tok/s=122445 gtok=528384000
  [transformer] step=32300 loss=3.8210 ppl=45.7 tok/s=122448 gtok=529203200
  [transformer] step=32350 loss=3.8026 ppl=44.8 tok/s=122450 gtok=530022400
  [transformer] step=32400 loss=3.8211 ppl=45.7 tok/s=122452 gtok=530841600
  [transformer] step=32450 loss=3.8035 ppl=44.9 tok/s=122454 gtok=531660800
  [transformer] step=32500 loss=3.8340 ppl=46.2 tok/s=122452 gtok=532480000
  [transformer] step=32550 loss=3.8777 ppl=48.3 tok/s=122453 gtok=533299200
  [transformer] step=32600 loss=3.8098 ppl=45.1 tok/s=122454 gtok=534118400
  [transformer] step=32650 loss=3.8134 ppl=45.3 tok/s=122456 gtok=534937600
  [transformer] step=32700 loss=3.8336 ppl=46.2 tok/s=122459 gtok=535756800
  [transformer] step=32750 loss=3.8335 ppl=46.2 tok/s=122460 gtok=536576000
  [transformer] step=32800 loss=3.8752 ppl=48.2 tok/s=122463 gtok=537395200
  [transformer] step=32850 loss=3.8013 ppl=44.8 tok/s=122465 gtok=538214400
  [transformer] step=32900 loss=3.8346 ppl=46.3 tok/s=122467 gtok=539033600
  [transformer] step=32950 loss=3.8085 ppl=45.1 tok/s=122468 gtok=539852800
  [transformer] step=33000 loss=3.8394 ppl=46.5 tok/s=122470 gtok=540672000
  [transformer] step=33050 loss=3.8221 ppl=45.7 tok/s=122470 gtok=541491200
  [transformer] step=33100 loss=3.8059 ppl=45.0 tok/s=122471 gtok=542310400
  [transformer] step=33150 loss=3.8341 ppl=46.3 tok/s=122474 gtok=543129600
  [transformer] step=33200 loss=3.8357 ppl=46.3 tok/s=122474 gtok=543948800
  [transformer] step=33250 loss=3.8497 ppl=47.0 tok/s=122474 gtok=544768000
  [transformer] step=33300 loss=3.8205 ppl=45.6 tok/s=122476 gtok=545587200
  [transformer] step=33350 loss=3.7647 ppl=43.2 tok/s=122477 gtok=546406400
  [transformer] step=33400 loss=3.7754 ppl=43.6 tok/s=122478 gtok=547225600
  [transformer] step=33450 loss=3.8538 ppl=47.2 tok/s=122479 gtok=548044800
  [transformer] step=33500 loss=3.8351 ppl=46.3 tok/s=122481 gtok=548864000
  [transformer] step=33550 loss=3.8377 ppl=46.4 tok/s=122481 gtok=549683200
  [transformer] step=33600 loss=3.8232 ppl=45.7 tok/s=122484 gtok=550502400
  [transformer] step=33650 loss=3.8062 ppl=45.0 tok/s=122485 gtok=551321600
  [transformer] step=33700 loss=3.8038 ppl=44.9 tok/s=122487 gtok=552140800
  [transformer] step=33750 loss=3.8265 ppl=45.9 tok/s=122488 gtok=552960000
  [transformer] step=33800 loss=3.7906 ppl=44.3 tok/s=122489 gtok=553779200
  [transformer] step=33850 loss=3.8223 ppl=45.7 tok/s=122489 gtok=554598400
  [transformer] step=33900 loss=3.8321 ppl=46.2 tok/s=122489 gtok=555417600
  [transformer] step=33950 loss=3.8626 ppl=47.6 tok/s=122491 gtok=556236800
  [transformer] step=34000 loss=3.7741 ppl=43.6 tok/s=122493 gtok=557056000
  [transformer] step=34050 loss=3.8285 ppl=46.0 tok/s=122479 gtok=557875200
  [transformer] step=34100 loss=3.8042 ppl=44.9 tok/s=122480 gtok=558694400
  [transformer] step=34150 loss=3.8064 ppl=45.0 tok/s=122482 gtok=559513600
  [transformer] step=34200 loss=3.7516 ppl=42.6 tok/s=122486 gtok=560332800
  [transformer] step=34250 loss=3.8251 ppl=45.8 tok/s=122488 gtok=561152000
  [transformer] step=34300 loss=3.8279 ppl=46.0 tok/s=122491 gtok=561971200
  [transformer] step=34350 loss=3.8039 ppl=44.9 tok/s=122492 gtok=562790400
  [transformer] step=34400 loss=3.8673 ppl=47.8 tok/s=122492 gtok=563609600
  [transformer] step=34450 loss=3.8274 ppl=45.9 tok/s=122493 gtok=564428800
  [transformer] step=34500 loss=3.8133 ppl=45.3 tok/s=122494 gtok=565248000
  [transformer] step=34550 loss=3.8253 ppl=45.8 tok/s=122495 gtok=566067200
  [transformer] step=34600 loss=3.8095 ppl=45.1 tok/s=122496 gtok=566886400
  [transformer] step=34650 loss=3.7615 ppl=43.0 tok/s=122498 gtok=567705600
  [transformer] step=34700 loss=3.7980 ppl=44.6 tok/s=122499 gtok=568524800
  [transformer] step=34750 loss=3.7890 ppl=44.2 tok/s=122500 gtok=569344000
  [transformer] step=34800 loss=3.7673 ppl=43.3 tok/s=122501 gtok=570163200
  [transformer] step=34850 loss=3.8167 ppl=45.5 tok/s=122503 gtok=570982400
  [transformer] step=34900 loss=3.8165 ppl=45.4 tok/s=122502 gtok=571801600
  [transformer] step=34950 loss=3.7676 ppl=43.3 tok/s=122502 gtok=572620800
  [transformer] step=35000 loss=3.8291 ppl=46.0 tok/s=122504 gtok=573440000
  [transformer] step=35050 loss=3.7872 ppl=44.1 tok/s=122503 gtok=574259200
  [transformer] step=35100 loss=3.7995 ppl=44.7 tok/s=122503 gtok=575078400
  [transformer] step=35150 loss=3.8084 ppl=45.1 tok/s=122504 gtok=575897600
  [transformer] step=35200 loss=3.8010 ppl=44.7 tok/s=122505 gtok=576716800
  [transformer] step=35250 loss=3.7930 ppl=44.4 tok/s=122506 gtok=577536000
  [transformer] step=35300 loss=3.8107 ppl=45.2 tok/s=122505 gtok=578355200
  [transformer] step=35350 loss=3.7871 ppl=44.1 tok/s=122507 gtok=579174400
  [transformer] step=35400 loss=3.8304 ppl=46.1 tok/s=122508 gtok=579993600
  [transformer] step=35450 loss=3.7917 ppl=44.3 tok/s=122508 gtok=580812800
  [transformer] step=35500 loss=3.8093 ppl=45.1 tok/s=122510 gtok=581632000
  [transformer] step=35550 loss=3.8058 ppl=45.0 tok/s=122512 gtok=582451200
  [transformer] step=35600 loss=3.7395 ppl=42.1 tok/s=122514 gtok=583270400
  [transformer] step=35650 loss=3.7937 ppl=44.4 tok/s=122515 gtok=584089600
  [transformer] step=35700 loss=3.7482 ppl=42.4 tok/s=122516 gtok=584908800
  [transformer] step=35750 loss=3.7740 ppl=43.6 tok/s=122517 gtok=585728000
  [transformer] step=35800 loss=3.8388 ppl=46.5 tok/s=122517 gtok=586547200
  [transformer] step=35850 loss=3.7958 ppl=44.5 tok/s=122518 gtok=587366400
  [transformer] step=35900 loss=3.7946 ppl=44.5 tok/s=122518 gtok=588185600
  [transformer] step=35950 loss=3.7794 ppl=43.8 tok/s=122519 gtok=589004800
  [transformer] step=36000 loss=3.7959 ppl=44.5 tok/s=122519 gtok=589824000
  [transformer] step=36050 loss=3.8025 ppl=44.8 tok/s=122504 gtok=590643200
  [transformer] step=36100 loss=3.7894 ppl=44.2 tok/s=122504 gtok=591462400
  [transformer] step=36150 loss=3.7923 ppl=44.4 tok/s=122503 gtok=592281600
  [transformer] step=36200 loss=3.8060 ppl=45.0 tok/s=122504 gtok=593100800
  [transformer] step=36250 loss=3.8134 ppl=45.3 tok/s=122504 gtok=593920000
  [transformer] step=36300 loss=3.7967 ppl=44.6 tok/s=122503 gtok=594739200
  [transformer] step=36350 loss=3.8264 ppl=45.9 tok/s=122504 gtok=595558400
  [transformer] step=36400 loss=3.7942 ppl=44.4 tok/s=122503 gtok=596377600
  [transformer] step=36450 loss=3.8093 ppl=45.1 tok/s=122505 gtok=597196800
  [transformer] step=36500 loss=3.8276 ppl=46.0 tok/s=122506 gtok=598016000
  [transformer] step=36550 loss=3.8039 ppl=44.9 tok/s=122507 gtok=598835200
  [transformer] step=36600 loss=3.7898 ppl=44.2 tok/s=122509 gtok=599654400
  [transformer] step=36650 loss=3.7958 ppl=44.5 tok/s=122510 gtok=600473600
  [transformer] step=36700 loss=3.7471 ppl=42.4 tok/s=122512 gtok=601292800
  [transformer] step=36750 loss=3.7643 ppl=43.1 tok/s=122514 gtok=602112000
  [transformer] step=36800 loss=3.7640 ppl=43.1 tok/s=122514 gtok=602931200
  [transformer] step=36850 loss=3.7886 ppl=44.2 tok/s=122516 gtok=603750400
  [transformer] step=36900 loss=3.7715 ppl=43.4 tok/s=122518 gtok=604569600
  [transformer] step=36950 loss=3.7643 ppl=43.1 tok/s=122518 gtok=605388800
  [transformer] step=37000 loss=3.7760 ppl=43.6 tok/s=122519 gtok=606208000
  [transformer] step=37050 loss=3.7801 ppl=43.8 tok/s=122518 gtok=607027200
  [transformer] step=37100 loss=3.8108 ppl=45.2 tok/s=122517 gtok=607846400
  [transformer] step=37150 loss=3.7842 ppl=44.0 tok/s=122517 gtok=608665600
  [transformer] step=37200 loss=3.8185 ppl=45.5 tok/s=122517 gtok=609484800
  [transformer] step=37250 loss=3.7734 ppl=43.5 tok/s=122518 gtok=610304000
  [transformer] step=37300 loss=3.7800 ppl=43.8 tok/s=122518 gtok=611123200
  [transformer] step=37350 loss=3.7951 ppl=44.5 tok/s=122517 gtok=611942400
  [transformer] step=37400 loss=3.7551 ppl=42.7 tok/s=122519 gtok=612761600
  [transformer] step=37450 loss=3.7495 ppl=42.5 tok/s=122521 gtok=613580800
  [transformer] step=37500 loss=3.7358 ppl=41.9 tok/s=122522 gtok=614400000
  [transformer] step=37550 loss=3.7687 ppl=43.3 tok/s=122523 gtok=615219200
  [transformer] step=37600 loss=3.8245 ppl=45.8 tok/s=122525 gtok=616038400
  [transformer] step=37650 loss=3.7871 ppl=44.1 tok/s=122525 gtok=616857600
  [transformer] step=37700 loss=3.8106 ppl=45.2 tok/s=122525 gtok=617676800
  [transformer] step=37750 loss=3.7917 ppl=44.3 tok/s=122526 gtok=618496000
  [transformer] step=37800 loss=3.8026 ppl=44.8 tok/s=122526 gtok=619315200
  [transformer] step=37850 loss=3.8329 ppl=46.2 tok/s=122526 gtok=620134400
  [transformer] step=37900 loss=3.7905 ppl=44.3 tok/s=122527 gtok=620953600
  [transformer] step=37950 loss=3.8105 ppl=45.2 tok/s=122529 gtok=621772800
  [transformer] step=38000 loss=3.7277 ppl=41.6 tok/s=122529 gtok=622592000
  [transformer] step=38050 loss=3.7800 ppl=43.8 tok/s=122518 gtok=623411200
  [transformer] step=38100 loss=3.7990 ppl=44.7 tok/s=122520 gtok=624230400
  [transformer] step=38150 loss=3.7670 ppl=43.3 tok/s=122521 gtok=625049600
  [transformer] step=38200 loss=3.8038 ppl=44.9 tok/s=122523 gtok=625868800
  [transformer] step=38250 loss=3.8005 ppl=44.7 tok/s=122523 gtok=626688000
  [transformer] step=38300 loss=3.7703 ppl=43.4 tok/s=122523 gtok=627507200
  [transformer] step=38350 loss=3.7934 ppl=44.4 tok/s=122524 gtok=628326400
  [transformer] step=38400 loss=3.8016 ppl=44.8 tok/s=122524 gtok=629145600
  [transformer] step=38450 loss=3.8200 ppl=45.6 tok/s=122526 gtok=629964800
  [transformer] step=38500 loss=3.7887 ppl=44.2 tok/s=122527 gtok=630784000
  [transformer] step=38550 loss=3.7555 ppl=42.8 tok/s=122529 gtok=631603200
  [transformer] step=38600 loss=3.7930 ppl=44.4 tok/s=122530 gtok=632422400
  [transformer] step=38650 loss=3.8126 ppl=45.3 tok/s=122532 gtok=633241600
  [transformer] step=38700 loss=3.7786 ppl=43.8 tok/s=122534 gtok=634060800
  [transformer] step=38750 loss=3.7492 ppl=42.5 tok/s=122535 gtok=634880000
  [transformer] step=38800 loss=3.7395 ppl=42.1 tok/s=122536 gtok=635699200
  [transformer] step=38850 loss=3.7536 ppl=42.7 tok/s=122538 gtok=636518400
  [transformer] step=38900 loss=3.7940 ppl=44.4 tok/s=122538 gtok=637337600
  [transformer] step=38950 loss=3.8071 ppl=45.0 tok/s=122538 gtok=638156800
  [transformer] step=39000 loss=3.7949 ppl=44.5 tok/s=122537 gtok=638976000
  [transformer] step=39050 loss=3.7819 ppl=43.9 tok/s=122537 gtok=639795200
  [transformer] step=39100 loss=3.7903 ppl=44.3 tok/s=122538 gtok=640614400
  [transformer] step=39150 loss=3.7642 ppl=43.1 tok/s=122538 gtok=641433600
  [transformer] step=39200 loss=3.7861 ppl=44.1 tok/s=122539 gtok=642252800
  [transformer] step=39250 loss=3.7841 ppl=44.0 tok/s=122539 gtok=643072000
  [transformer] step=39300 loss=3.7743 ppl=43.6 tok/s=122539 gtok=643891200
  [transformer] step=39350 loss=3.8050 ppl=44.9 tok/s=122539 gtok=644710400
  [transformer] step=39400 loss=3.7467 ppl=42.4 tok/s=122539 gtok=645529600
  [transformer] step=39450 loss=3.7771 ppl=43.7 tok/s=122540 gtok=646348800
  [transformer] step=39500 loss=3.7851 ppl=44.0 tok/s=122541 gtok=647168000
  [transformer] step=39550 loss=3.7573 ppl=42.8 tok/s=122543 gtok=647987200
  [transformer] step=39600 loss=3.7585 ppl=42.9 tok/s=122544 gtok=648806400
  [transformer] step=39650 loss=3.8064 ppl=45.0 tok/s=122545 gtok=649625600
  [transformer] step=39700 loss=3.7870 ppl=44.1 tok/s=122546 gtok=650444800
  [transformer] step=39750 loss=3.7826 ppl=43.9 tok/s=122547 gtok=651264000
  [transformer] step=39800 loss=3.7875 ppl=44.1 tok/s=122546 gtok=652083200
  [transformer] step=39850 loss=3.7879 ppl=44.2 tok/s=122547 gtok=652902400
  [transformer] step=39900 loss=3.7540 ppl=42.7 tok/s=122549 gtok=653721600
  [transformer] step=39950 loss=3.7457 ppl=42.3 tok/s=122551 gtok=654540800
  [transformer] step=40000 loss=3.7606 ppl=43.0 tok/s=122551 gtok=655360000
  [transformer] step=40050 loss=3.7462 ppl=42.4 tok/s=122540 gtok=656179200
  [transformer] step=40100 loss=3.7256 ppl=41.5 tok/s=122542 gtok=656998400
  [transformer] step=40150 loss=3.7488 ppl=42.5 tok/s=122541 gtok=657817600
  [transformer] step=40200 loss=3.7390 ppl=42.1 tok/s=122542 gtok=658636800
  [transformer] step=40250 loss=3.7284 ppl=41.6 tok/s=122542 gtok=659456000
  [transformer] step=40300 loss=3.7318 ppl=41.8 tok/s=122543 gtok=660275200
  [transformer] step=40350 loss=3.7437 ppl=42.3 tok/s=122544 gtok=661094400
  [transformer] step=40400 loss=3.7915 ppl=44.3 tok/s=122544 gtok=661913600
  [transformer] step=40450 loss=3.7749 ppl=43.6 tok/s=122546 gtok=662732800
  [transformer] step=40500 loss=3.7351 ppl=41.9 tok/s=122547 gtok=663552000
  [transformer] step=40550 loss=3.7471 ppl=42.4 tok/s=122548 gtok=664371200
  [transformer] step=40600 loss=3.7470 ppl=42.4 tok/s=122550 gtok=665190400
  [transformer] step=40650 loss=3.7386 ppl=42.0 tok/s=122551 gtok=666009600
  [transformer] step=40700 loss=3.7323 ppl=41.8 tok/s=122552 gtok=666828800
  [transformer] step=40750 loss=3.7264 ppl=41.5 tok/s=122554 gtok=667648000
  [transformer] step=40800 loss=3.7819 ppl=43.9 tok/s=122554 gtok=668467200
  [transformer] step=40850 loss=3.7651 ppl=43.2 tok/s=122554 gtok=669286400
  [transformer] step=40900 loss=3.7333 ppl=41.8 tok/s=122555 gtok=670105600
  [transformer] step=40950 loss=3.7703 ppl=43.4 tok/s=122556 gtok=670924800
  [transformer] step=41000 loss=3.7263 ppl=41.5 tok/s=122557 gtok=671744000
  [transformer] step=41050 loss=3.8102 ppl=45.2 tok/s=122559 gtok=672563200
  [transformer] step=41100 loss=3.7799 ppl=43.8 tok/s=122561 gtok=673382400
  [transformer] step=41150 loss=3.7938 ppl=44.4 tok/s=122562 gtok=674201600
  [transformer] step=41200 loss=3.7313 ppl=41.7 tok/s=122563 gtok=675020800
  [transformer] step=41250 loss=3.7532 ppl=42.7 tok/s=122563 gtok=675840000
  [transformer] step=41300 loss=3.7843 ppl=44.0 tok/s=122564 gtok=676659200
  [transformer] step=41350 loss=3.7712 ppl=43.4 tok/s=122566 gtok=677478400
  [transformer] step=41400 loss=3.7337 ppl=41.8 tok/s=122566 gtok=678297600
  [transformer] step=41450 loss=3.7757 ppl=43.6 tok/s=122566 gtok=679116800
  [transformer] step=41500 loss=3.7282 ppl=41.6 tok/s=122567 gtok=679936000
  [transformer] step=41550 loss=3.7757 ppl=43.6 tok/s=122568 gtok=680755200
  [transformer] step=41600 loss=3.7406 ppl=42.1 tok/s=122568 gtok=681574400
  [transformer] step=41650 loss=3.7516 ppl=42.6 tok/s=122567 gtok=682393600
  [transformer] step=41700 loss=3.7570 ppl=42.8 tok/s=122566 gtok=683212800
  [transformer] step=41750 loss=3.7462 ppl=42.4 tok/s=122564 gtok=684032000
  [transformer] step=41800 loss=3.7755 ppl=43.6 tok/s=122565 gtok=684851200
  [transformer] step=41850 loss=3.7487 ppl=42.5 tok/s=122566 gtok=685670400
  [transformer] step=41900 loss=3.7289 ppl=41.6 tok/s=122566 gtok=686489600
  [transformer] step=41950 loss=3.7542 ppl=42.7 tok/s=122567 gtok=687308800
  [transformer] step=42000 loss=3.7335 ppl=41.8 tok/s=122564 gtok=688128000
  [transformer] step=42050 loss=3.7774 ppl=43.7 tok/s=122550 gtok=688947200
  [transformer] step=42100 loss=3.7752 ppl=43.6 tok/s=122548 gtok=689766400
  [transformer] step=42150 loss=3.7666 ppl=43.2 tok/s=122546 gtok=690585600
  [transformer] step=42200 loss=3.6947 ppl=40.2 tok/s=122542 gtok=691404800
  [transformer] step=42250 loss=3.7360 ppl=41.9 tok/s=122541 gtok=692224000
  [transformer] step=42300 loss=3.7332 ppl=41.8 tok/s=122540 gtok=693043200
  [transformer] step=42350 loss=3.7660 ppl=43.2 tok/s=122539 gtok=693862400
  [transformer] step=42400 loss=3.7325 ppl=41.8 tok/s=122540 gtok=694681600
  [transformer] step=42450 loss=3.6913 ppl=40.1 tok/s=122540 gtok=695500800
  [transformer] step=42500 loss=3.7301 ppl=41.7 tok/s=122541 gtok=696320000
  [transformer] step=42550 loss=3.7562 ppl=42.8 tok/s=122542 gtok=697139200
  [transformer] step=42600 loss=3.7690 ppl=43.3 tok/s=122541 gtok=697958400
  [transformer] step=42650 loss=3.7186 ppl=41.2 tok/s=122540 gtok=698777600
  [transformer] step=42700 loss=3.7298 ppl=41.7 tok/s=122540 gtok=699596800
  [transformer] step=42750 loss=3.7242 ppl=41.4 tok/s=122541 gtok=700416000
  [transformer] step=42800 loss=3.7276 ppl=41.6 tok/s=122540 gtok=701235200
  [transformer] step=42850 loss=3.7547 ppl=42.7 tok/s=122540 gtok=702054400
  [transformer] step=42900 loss=3.7498 ppl=42.5 tok/s=122541 gtok=702873600
  [transformer] step=42950 loss=3.7687 ppl=43.3 tok/s=122541 gtok=703692800
  [transformer] step=43000 loss=3.7648 ppl=43.2 tok/s=122542 gtok=704512000
  [transformer] step=43050 loss=3.7361 ppl=41.9 tok/s=122543 gtok=705331200
  [transformer] step=43100 loss=3.7380 ppl=42.0 tok/s=122545 gtok=706150400
  [transformer] step=43150 loss=3.7346 ppl=41.9 tok/s=122546 gtok=706969600
  [transformer] step=43200 loss=3.7148 ppl=41.1 tok/s=122546 gtok=707788800
  [transformer] step=43250 loss=3.7330 ppl=41.8 tok/s=122546 gtok=708608000
  [transformer] step=43300 loss=3.6991 ppl=40.4 tok/s=122547 gtok=709427200
  [transformer] step=43350 loss=3.7442 ppl=42.3 tok/s=122547 gtok=710246400
  [transformer] step=43400 loss=3.6980 ppl=40.4 tok/s=122548 gtok=711065600
  [transformer] step=43450 loss=3.7760 ppl=43.6 tok/s=122548 gtok=711884800
  [transformer] step=43500 loss=3.7773 ppl=43.7 tok/s=122549 gtok=712704000
  [transformer] step=43550 loss=3.7359 ppl=41.9 tok/s=122550 gtok=713523200
  [transformer] step=43600 loss=3.7641 ppl=43.1 tok/s=122551 gtok=714342400
  [transformer] step=43650 loss=3.7072 ppl=40.7 tok/s=122551 gtok=715161600
  [transformer] step=43700 loss=3.7173 ppl=41.2 tok/s=122552 gtok=715980800
  [transformer] step=43750 loss=3.7123 ppl=40.9 tok/s=122553 gtok=716800000
  [transformer] step=43800 loss=3.7201 ppl=41.3 tok/s=122554 gtok=717619200
  [transformer] step=43850 loss=3.6916 ppl=40.1 tok/s=122555 gtok=718438400
  [transformer] step=43900 loss=3.7528 ppl=42.6 tok/s=122556 gtok=719257600
  [transformer] step=43950 loss=3.7324 ppl=41.8 tok/s=122558 gtok=720076800
  [transformer] step=44000 loss=3.7208 ppl=41.3 tok/s=122558 gtok=720896000
  [transformer] step=44050 loss=3.7304 ppl=41.7 tok/s=122547 gtok=721715200
  [transformer] step=44100 loss=3.6851 ppl=39.9 tok/s=122547 gtok=722534400
  [transformer] step=44150 loss=3.7410 ppl=42.1 tok/s=122548 gtok=723353600
  [transformer] step=44200 loss=3.7119 ppl=40.9 tok/s=122549 gtok=724172800
  [transformer] step=44250 loss=3.7138 ppl=41.0 tok/s=122549 gtok=724992000
  [transformer] step=44300 loss=3.7464 ppl=42.4 tok/s=122550 gtok=725811200
  [transformer] step=44350 loss=3.7266 ppl=41.5 tok/s=122551 gtok=726630400
  [transformer] step=44400 loss=3.7215 ppl=41.3 tok/s=122551 gtok=727449600
  [transformer] step=44450 loss=3.7402 ppl=42.1 tok/s=122553 gtok=728268800
  [transformer] step=44500 loss=3.7236 ppl=41.4 tok/s=122553 gtok=729088000
  [transformer] step=44550 loss=3.6901 ppl=40.0 tok/s=122554 gtok=729907200
  [transformer] step=44600 loss=3.7396 ppl=42.1 tok/s=122554 gtok=730726400
  [transformer] step=44650 loss=3.7291 ppl=41.6 tok/s=122552 gtok=731545600
  [transformer] step=44700 loss=3.7531 ppl=42.7 tok/s=122551 gtok=732364800
  [transformer] step=44750 loss=3.7113 ppl=40.9 tok/s=122552 gtok=733184000
  [transformer] step=44800 loss=3.7510 ppl=42.6 tok/s=122552 gtok=734003200
  [transformer] step=44850 loss=3.7038 ppl=40.6 tok/s=122552 gtok=734822400
  [transformer] step=44900 loss=3.7501 ppl=42.5 tok/s=122553 gtok=735641600
  [transformer] step=44950 loss=3.7541 ppl=42.7 tok/s=122555 gtok=736460800
  [transformer] step=45000 loss=3.7344 ppl=41.9 tok/s=122556 gtok=737280000
  [transformer] step=45050 loss=3.7223 ppl=41.4 tok/s=122557 gtok=738099200
  [transformer] step=45100 loss=3.6912 ppl=40.1 tok/s=122559 gtok=738918400
  [transformer] step=45150 loss=3.7212 ppl=41.3 tok/s=122561 gtok=739737600
  [transformer] step=45200 loss=3.7197 ppl=41.3 tok/s=122562 gtok=740556800
  [transformer] step=45250 loss=3.7378 ppl=42.0 tok/s=122563 gtok=741376000
  [transformer] step=45300 loss=3.6903 ppl=40.1 tok/s=122563 gtok=742195200
  [transformer] step=45350 loss=3.7325 ppl=41.8 tok/s=122564 gtok=743014400
  [transformer] step=45400 loss=3.7203 ppl=41.3 tok/s=122565 gtok=743833600
  [transformer] step=45450 loss=3.7547 ppl=42.7 tok/s=122567 gtok=744652800
  [transformer] step=45500 loss=3.6875 ppl=39.9 tok/s=122568 gtok=745472000
  [transformer] step=45550 loss=3.7851 ppl=44.0 tok/s=122569 gtok=746291200
  [transformer] step=45600 loss=3.7400 ppl=42.1 tok/s=122570 gtok=747110400
  [transformer] step=45650 loss=3.7303 ppl=41.7 tok/s=122571 gtok=747929600
  [transformer] step=45700 loss=3.6781 ppl=39.6 tok/s=122572 gtok=748748800
  [transformer] step=45750 loss=3.6932 ppl=40.2 tok/s=122574 gtok=749568000
  [transformer] step=45800 loss=3.6974 ppl=40.3 tok/s=122575 gtok=750387200
  [transformer] step=45850 loss=3.7226 ppl=41.4 tok/s=122578 gtok=751206400
  [transformer] step=45900 loss=3.7395 ppl=42.1 tok/s=122578 gtok=752025600
  [transformer] step=45950 loss=3.7266 ppl=41.5 tok/s=122579 gtok=752844800
  [transformer] step=46000 loss=3.7120 ppl=40.9 tok/s=122579 gtok=753664000
  [transformer] step=46050 loss=3.7652 ppl=43.2 tok/s=122569 gtok=754483200
  [transformer] step=46100 loss=3.7143 ppl=41.0 tok/s=122570 gtok=755302400
  [transformer] step=46150 loss=3.6988 ppl=40.4 tok/s=122570 gtok=756121600
  [transformer] step=46200 loss=3.7415 ppl=42.2 tok/s=122571 gtok=756940800
  [transformer] step=46250 loss=3.7201 ppl=41.3 tok/s=122571 gtok=757760000
  [transformer] step=46300 loss=3.7141 ppl=41.0 tok/s=122571 gtok=758579200
  [transformer] step=46350 loss=3.7241 ppl=41.4 tok/s=122571 gtok=759398400
  [transformer] step=46400 loss=3.7105 ppl=40.9 tok/s=122570 gtok=760217600
  [transformer] step=46450 loss=3.7339 ppl=41.8 tok/s=122570 gtok=761036800
  [transformer] step=46500 loss=3.7225 ppl=41.4 tok/s=122570 gtok=761856000
  [transformer] step=46550 loss=3.7345 ppl=41.9 tok/s=122571 gtok=762675200
  [transformer] step=46600 loss=3.7072 ppl=40.7 tok/s=122570 gtok=763494400
  [transformer] step=46650 loss=3.7114 ppl=40.9 tok/s=122571 gtok=764313600
  [transformer] step=46700 loss=3.7166 ppl=41.1 tok/s=122573 gtok=765132800
  [transformer] step=46750 loss=3.7338 ppl=41.8 tok/s=122574 gtok=765952000
  [transformer] step=46800 loss=3.7682 ppl=43.3 tok/s=122575 gtok=766771200
  [transformer] step=46850 loss=3.7596 ppl=42.9 tok/s=122575 gtok=767590400
  [transformer] step=46900 loss=3.7211 ppl=41.3 tok/s=122576 gtok=768409600
  [transformer] step=46950 loss=3.7040 ppl=40.6 tok/s=122577 gtok=769228800
  [transformer] step=47000 loss=3.6830 ppl=39.8 tok/s=122578 gtok=770048000
  [transformer] step=47050 loss=3.7027 ppl=40.6 tok/s=122579 gtok=770867200
  [transformer] step=47100 loss=3.7153 ppl=41.1 tok/s=122578 gtok=771686400
  [transformer] step=47150 loss=3.7034 ppl=40.6 tok/s=122579 gtok=772505600
  [transformer] step=47200 loss=3.7425 ppl=42.2 tok/s=122580 gtok=773324800
  [transformer] step=47250 loss=3.7107 ppl=40.9 tok/s=122580 gtok=774144000
  [transformer] step=47300 loss=3.7433 ppl=42.2 tok/s=122581 gtok=774963200
  [transformer] step=47350 loss=3.7461 ppl=42.4 tok/s=122582 gtok=775782400
  [transformer] step=47400 loss=3.6889 ppl=40.0 tok/s=122583 gtok=776601600
  [transformer] step=47450 loss=3.7510 ppl=42.6 tok/s=122585 gtok=777420800
  [transformer] step=47500 loss=3.7251 ppl=41.5 tok/s=122586 gtok=778240000
  [transformer] step=47550 loss=3.6970 ppl=40.3 tok/s=122588 gtok=779059200
  [transformer] step=47600 loss=3.6690 ppl=39.2 tok/s=122589 gtok=779878400
  [transformer] step=47650 loss=3.6961 ppl=40.3 tok/s=122590 gtok=780697600
  [transformer] step=47700 loss=3.7141 ppl=41.0 tok/s=122591 gtok=781516800
  [transformer] step=47750 loss=3.7277 ppl=41.6 tok/s=122592 gtok=782336000
  [transformer] step=47800 loss=3.7454 ppl=42.3 tok/s=122593 gtok=783155200
  [transformer] step=47850 loss=3.7585 ppl=42.9 tok/s=122594 gtok=783974400
  [transformer] step=47900 loss=3.7265 ppl=41.5 tok/s=122594 gtok=784793600
  [transformer] step=47950 loss=3.7596 ppl=42.9 tok/s=122594 gtok=785612800
  [transformer] step=48000 loss=3.7166 ppl=41.1 tok/s=122595 gtok=786432000
  [transformer] step=48050 loss=3.7067 ppl=40.7 tok/s=122584 gtok=787251200
  [transformer] step=48100 loss=3.7250 ppl=41.5 tok/s=122586 gtok=788070400
  [transformer] step=48150 loss=3.7242 ppl=41.4 tok/s=122587 gtok=788889600
  [transformer] step=48200 loss=3.7417 ppl=42.2 tok/s=122588 gtok=789708800
  [transformer] step=48250 loss=3.7038 ppl=40.6 tok/s=122589 gtok=790528000
  [transformer] step=48300 loss=3.6404 ppl=38.1 tok/s=122590 gtok=791347200
  [transformer] step=48350 loss=3.7000 ppl=40.4 tok/s=122591 gtok=792166400
  [transformer] step=48400 loss=3.7070 ppl=40.7 tok/s=122592 gtok=792985600
  [transformer] step=48450 loss=3.6973 ppl=40.3 tok/s=122593 gtok=793804800
  [transformer] step=48500 loss=3.7202 ppl=41.3 tok/s=122593 gtok=794624000
  [transformer] step=48550 loss=3.7113 ppl=40.9 tok/s=122594 gtok=795443200
  [transformer] step=48600 loss=3.7366 ppl=42.0 tok/s=122593 gtok=796262400
  [transformer] step=48650 loss=3.7275 ppl=41.6 tok/s=122593 gtok=797081600
  [transformer] step=48700 loss=3.6850 ppl=39.8 tok/s=122594 gtok=797900800
  [transformer] step=48750 loss=3.7069 ppl=40.7 tok/s=122595 gtok=798720000
  [transformer] step=48800 loss=3.7385 ppl=42.0 tok/s=122596 gtok=799539200
  [transformer] step=48850 loss=3.6869 ppl=39.9 tok/s=122597 gtok=800358400
  [transformer] step=48900 loss=3.6938 ppl=40.2 tok/s=122598 gtok=801177600
  [transformer] step=48950 loss=3.7049 ppl=40.6 tok/s=122599 gtok=801996800
  [transformer] step=49000 loss=3.7326 ppl=41.8 tok/s=122600 gtok=802816000
  [transformer] step=49050 loss=3.7030 ppl=40.6 tok/s=122601 gtok=803635200
  [transformer] step=49100 loss=3.7302 ppl=41.7 tok/s=122602 gtok=804454400
  [transformer] step=49150 loss=3.7102 ppl=40.9 tok/s=122603 gtok=805273600
  [transformer] step=49200 loss=3.6826 ppl=39.8 tok/s=122604 gtok=806092800
  [transformer] step=49250 loss=3.7388 ppl=42.0 tok/s=122605 gtok=806912000
  [transformer] step=49300 loss=3.6535 ppl=38.6 tok/s=122606 gtok=807731200
  [transformer] step=49350 loss=3.7114 ppl=40.9 tok/s=122607 gtok=808550400
  [transformer] step=49400 loss=3.7133 ppl=41.0 tok/s=122608 gtok=809369600
  [transformer] step=49450 loss=3.7214 ppl=41.3 tok/s=122609 gtok=810188800
  [transformer] step=49500 loss=3.6813 ppl=39.7 tok/s=122610 gtok=811008000
  [transformer] step=49550 loss=3.6593 ppl=38.8 tok/s=122608 gtok=811827200
  [transformer] step=49600 loss=3.6813 ppl=39.7 tok/s=122609 gtok=812646400
  [transformer] step=49650 loss=3.7162 ppl=41.1 tok/s=122610 gtok=813465600
  [transformer] step=49700 loss=3.7321 ppl=41.8 tok/s=122611 gtok=814284800
  [transformer] step=49750 loss=3.6904 ppl=40.1 tok/s=122612 gtok=815104000
  [transformer] step=49800 loss=3.6950 ppl=40.2 tok/s=122614 gtok=815923200
  [transformer] step=49850 loss=3.6714 ppl=39.3 tok/s=122614 gtok=816742400
  [transformer] step=49900 loss=3.7224 ppl=41.4 tok/s=122615 gtok=817561600
  [transformer] step=49950 loss=3.7050 ppl=40.6 tok/s=122615 gtok=818380800
  [transformer] step=50000 loss=3.6949 ppl=40.2 tok/s=122615 gtok=819200000
  [transformer] step=50050 loss=3.6958 ppl=40.3 tok/s=122605 gtok=820019200
  [transformer] step=50100 loss=3.6664 ppl=39.1 tok/s=122607 gtok=820838400
  [transformer] step=50150 loss=3.7029 ppl=40.6 tok/s=122607 gtok=821657600
  [transformer] step=50200 loss=3.6852 ppl=39.9 tok/s=122608 gtok=822476800
  [transformer] step=50250 loss=3.6797 ppl=39.6 tok/s=122609 gtok=823296000
  [transformer] step=50300 loss=3.6733 ppl=39.4 tok/s=122611 gtok=824115200
  [transformer] step=50350 loss=3.6985 ppl=40.4 tok/s=122612 gtok=824934400
  [transformer] step=50400 loss=3.7351 ppl=41.9 tok/s=122613 gtok=825753600
  [transformer] step=50450 loss=3.6992 ppl=40.4 tok/s=122614 gtok=826572800
  [transformer] step=50500 loss=3.6937 ppl=40.2 tok/s=122614 gtok=827392000
  [transformer] step=50550 loss=3.6729 ppl=39.4 tok/s=122615 gtok=828211200
  [transformer] step=50600 loss=3.7455 ppl=42.3 tok/s=122615 gtok=829030400
  [transformer] step=50650 loss=3.7324 ppl=41.8 tok/s=122615 gtok=829849600
  [transformer] step=50700 loss=3.7162 ppl=41.1 tok/s=122616 gtok=830668800
  [transformer] step=50750 loss=3.7035 ppl=40.6 tok/s=122617 gtok=831488000
  [transformer] step=50800 loss=3.6985 ppl=40.4 tok/s=122618 gtok=832307200
  [transformer] step=50850 loss=3.7559 ppl=42.8 tok/s=122619 gtok=833126400
  [transformer] step=50900 loss=3.6802 ppl=39.7 tok/s=122620 gtok=833945600
  [transformer] step=50950 loss=3.6789 ppl=39.6 tok/s=122621 gtok=834764800
  [transformer] step=51000 loss=3.6481 ppl=38.4 tok/s=122622 gtok=835584000
  [transformer] step=51050 loss=3.6984 ppl=40.4 tok/s=122622 gtok=836403200
  [transformer] step=51100 loss=3.6732 ppl=39.4 tok/s=122623 gtok=837222400
  [transformer] step=51150 loss=3.7205 ppl=41.3 tok/s=122624 gtok=838041600
  [transformer] step=51200 loss=3.7247 ppl=41.5 tok/s=122625 gtok=838860800
  [transformer] step=51250 loss=3.6937 ppl=40.2 tok/s=122626 gtok=839680000
  [transformer] step=51300 loss=3.7183 ppl=41.2 tok/s=122628 gtok=840499200
  [transformer] step=51350 loss=3.7187 ppl=41.2 tok/s=122629 gtok=841318400
  [transformer] step=51400 loss=3.7019 ppl=40.5 tok/s=122630 gtok=842137600
  [transformer] step=51450 loss=3.6863 ppl=39.9 tok/s=122631 gtok=842956800
  [transformer] step=51500 loss=3.7124 ppl=41.0 tok/s=122633 gtok=843776000
  [transformer] step=51550 loss=3.7058 ppl=40.7 tok/s=122633 gtok=844595200
  [transformer] step=51600 loss=3.7195 ppl=41.2 tok/s=122635 gtok=845414400
  [transformer] step=51650 loss=3.7492 ppl=42.5 tok/s=122635 gtok=846233600
  [transformer] step=51700 loss=3.7008 ppl=40.5 tok/s=122636 gtok=847052800
  [transformer] step=51750 loss=3.7062 ppl=40.7 tok/s=122636 gtok=847872000
  [transformer] step=51800 loss=3.6907 ppl=40.1 tok/s=122637 gtok=848691200
  [transformer] step=51850 loss=3.7078 ppl=40.8 tok/s=122638 gtok=849510400
  [transformer] step=51900 loss=3.6985 ppl=40.4 tok/s=122639 gtok=850329600
  [transformer] step=51950 loss=3.6822 ppl=39.7 tok/s=122640 gtok=851148800
  [transformer] step=52000 loss=3.7238 ppl=41.4 tok/s=122639 gtok=851968000
  [transformer] step=52050 loss=3.6955 ppl=40.3 tok/s=122630 gtok=852787200
  [transformer] step=52100 loss=3.6929 ppl=40.2 tok/s=122632 gtok=853606400
  [transformer] step=52150 loss=3.6997 ppl=40.4 tok/s=122632 gtok=854425600
  [transformer] step=52200 loss=3.7005 ppl=40.5 tok/s=122632 gtok=855244800
  [transformer] step=52250 loss=3.7015 ppl=40.5 tok/s=122632 gtok=856064000
  [transformer] step=52300 loss=3.7115 ppl=40.9 tok/s=122632 gtok=856883200
  [transformer] step=52350 loss=3.7071 ppl=40.7 tok/s=122632 gtok=857702400
  [transformer] step=52400 loss=3.7023 ppl=40.5 tok/s=122632 gtok=858521600
  [transformer] step=52450 loss=3.7262 ppl=41.5 tok/s=122633 gtok=859340800
  [transformer] step=52500 loss=3.7337 ppl=41.8 tok/s=122634 gtok=860160000
  [transformer] step=52550 loss=3.7630 ppl=43.1 tok/s=122635 gtok=860979200
  [transformer] step=52600 loss=3.7300 ppl=41.7 tok/s=122636 gtok=861798400
  [transformer] step=52650 loss=3.7185 ppl=41.2 tok/s=122637 gtok=862617600
  [transformer] step=52700 loss=3.6784 ppl=39.6 tok/s=122637 gtok=863436800
  [transformer] step=52750 loss=3.6635 ppl=39.0 tok/s=122638 gtok=864256000
  [transformer] step=52800 loss=3.6820 ppl=39.7 tok/s=122639 gtok=865075200
  [transformer] step=52850 loss=3.6970 ppl=40.3 tok/s=122640 gtok=865894400
  [transformer] step=52900 loss=3.7297 ppl=41.7 tok/s=122640 gtok=866713600
  [transformer] step=52950 loss=3.7122 ppl=40.9 tok/s=122641 gtok=867532800
  [transformer] step=53000 loss=3.7287 ppl=41.6 tok/s=122641 gtok=868352000
  [transformer] step=53050 loss=3.7297 ppl=41.7 tok/s=122642 gtok=869171200
  [transformer] step=53100 loss=3.7314 ppl=41.7 tok/s=122642 gtok=869990400
  [transformer] step=53150 loss=3.7512 ppl=42.6 tok/s=122644 gtok=870809600
  [transformer] step=53200 loss=3.6835 ppl=39.8 tok/s=122644 gtok=871628800
  [transformer] step=53250 loss=3.7621 ppl=43.0 tok/s=122646 gtok=872448000
  [transformer] step=53300 loss=3.7172 ppl=41.2 tok/s=122647 gtok=873267200
  [transformer] step=53350 loss=3.7077 ppl=40.8 tok/s=122648 gtok=874086400
  [transformer] step=53400 loss=3.6566 ppl=38.7 tok/s=122649 gtok=874905600
  [transformer] step=53450 loss=3.6491 ppl=38.4 tok/s=122651 gtok=875724800
  [transformer] step=53500 loss=3.7091 ppl=40.8 tok/s=122652 gtok=876544000
  [transformer] step=53550 loss=3.7308 ppl=41.7 tok/s=122652 gtok=877363200
  [transformer] step=53600 loss=3.6692 ppl=39.2 tok/s=122653 gtok=878182400
  [transformer] step=53650 loss=3.6897 ppl=40.0 tok/s=122653 gtok=879001600
  [transformer] step=53700 loss=3.7067 ppl=40.7 tok/s=122654 gtok=879820800
  [transformer] step=53750 loss=3.6714 ppl=39.3 tok/s=122655 gtok=880640000
  [transformer] step=53800 loss=3.6740 ppl=39.4 tok/s=122656 gtok=881459200
  [transformer] step=53850 loss=3.7097 ppl=40.8 tok/s=122657 gtok=882278400
  [transformer] step=53900 loss=3.7139 ppl=41.0 tok/s=122658 gtok=883097600
  [transformer] step=53950 loss=3.6993 ppl=40.4 tok/s=122659 gtok=883916800
  [transformer] step=54000 loss=3.6883 ppl=40.0 tok/s=122659 gtok=884736000
  [transformer] step=54050 loss=3.7239 ppl=41.4 tok/s=122650 gtok=885555200
  [transformer] step=54100 loss=3.7023 ppl=40.5 tok/s=122651 gtok=886374400
  [transformer] step=54150 loss=3.7300 ppl=41.7 tok/s=122651 gtok=887193600
  [transformer] step=54200 loss=3.7266 ppl=41.5 tok/s=122652 gtok=888012800
  [transformer] step=54250 loss=3.7163 ppl=41.1 tok/s=122653 gtok=888832000
  [transformer] step=54300 loss=3.7318 ppl=41.8 tok/s=122653 gtok=889651200
  [transformer] step=54350 loss=3.7147 ppl=41.0 tok/s=122653 gtok=890470400
  [transformer] step=54400 loss=3.7116 ppl=40.9 tok/s=122652 gtok=891289600
  [transformer] step=54450 loss=3.7136 ppl=41.0 tok/s=122653 gtok=892108800
  [transformer] step=54500 loss=3.7248 ppl=41.5 tok/s=122654 gtok=892928000
  [transformer] step=54550 loss=3.7155 ppl=41.1 tok/s=122654 gtok=893747200
  [transformer] step=54600 loss=3.6879 ppl=40.0 tok/s=122655 gtok=894566400
  [transformer] step=54650 loss=3.6491 ppl=38.4 tok/s=122656 gtok=895385600
  [transformer] step=54700 loss=3.6711 ppl=39.3 tok/s=122656 gtok=896204800
  [transformer] step=54750 loss=3.7266 ppl=41.5 tok/s=122657 gtok=897024000
  [transformer] step=54800 loss=3.7225 ppl=41.4 tok/s=122658 gtok=897843200
  [transformer] step=54850 loss=3.7443 ppl=42.3 tok/s=122659 gtok=898662400
  [transformer] step=54900 loss=3.6684 ppl=39.2 tok/s=122659 gtok=899481600
  [transformer] step=54950 loss=3.7056 ppl=40.7 tok/s=122660 gtok=900300800
  [transformer] step=55000 loss=3.6628 ppl=39.0 tok/s=122661 gtok=901120000
  [transformer] step=55050 loss=3.7038 ppl=40.6 tok/s=122661 gtok=901939200
  [transformer] step=55100 loss=3.6890 ppl=40.0 tok/s=122662 gtok=902758400
  [transformer] step=55150 loss=3.6889 ppl=40.0 tok/s=122663 gtok=903577600
  [transformer] step=55200 loss=3.7080 ppl=40.8 tok/s=122664 gtok=904396800
  [transformer] step=55250 loss=3.6757 ppl=39.5 tok/s=122665 gtok=905216000
  [transformer] step=55300 loss=3.6672 ppl=39.1 tok/s=122666 gtok=906035200
  [transformer] step=55350 loss=3.6785 ppl=39.6 tok/s=122666 gtok=906854400
  [transformer] step=55400 loss=3.7183 ppl=41.2 tok/s=122667 gtok=907673600
  [transformer] step=55450 loss=3.7078 ppl=40.8 tok/s=122668 gtok=908492800
  [transformer] step=55500 loss=3.6663 ppl=39.1 tok/s=122668 gtok=909312000
  [transformer] step=55550 loss=3.6987 ppl=40.4 tok/s=122667 gtok=910131200
  [transformer] step=55600 loss=3.6883 ppl=40.0 tok/s=122667 gtok=910950400
  [transformer] step=55650 loss=3.7063 ppl=40.7 tok/s=122667 gtok=911769600
  [transformer] step=55700 loss=3.7129 ppl=41.0 tok/s=122668 gtok=912588800
  [transformer] step=55750 loss=3.6618 ppl=38.9 tok/s=122668 gtok=913408000
  [transformer] step=55800 loss=3.6770 ppl=39.5 tok/s=122669 gtok=914227200
  [transformer] step=55850 loss=3.7296 ppl=41.7 tok/s=122669 gtok=915046400
  [transformer] step=55900 loss=3.6751 ppl=39.5 tok/s=122668 gtok=915865600
  [transformer] step=55950 loss=3.6819 ppl=39.7 tok/s=122667 gtok=916684800
  [transformer] step=56000 loss=3.6875 ppl=39.9 tok/s=122668 gtok=917504000
  [transformer] step=56050 loss=3.6686 ppl=39.2 tok/s=122660 gtok=918323200
  [transformer] step=56100 loss=3.6992 ppl=40.4 tok/s=122660 gtok=919142400
  [transformer] step=56150 loss=3.7062 ppl=40.7 tok/s=122660 gtok=919961600
  [transformer] step=56200 loss=3.6862 ppl=39.9 tok/s=122660 gtok=920780800
  [transformer] step=56250 loss=3.6978 ppl=40.4 tok/s=122659 gtok=921600000
  [transformer] step=56300 loss=3.7006 ppl=40.5 tok/s=122660 gtok=922419200
  [transformer] step=56350 loss=3.6860 ppl=39.9 tok/s=122660 gtok=923238400
  [transformer] step=56400 loss=3.7013 ppl=40.5 tok/s=122661 gtok=924057600
  [transformer] step=56450 loss=3.7063 ppl=40.7 tok/s=122662 gtok=924876800
  [transformer] step=56500 loss=3.6937 ppl=40.2 tok/s=122662 gtok=925696000
  [transformer] step=56550 loss=3.6713 ppl=39.3 tok/s=122663 gtok=926515200
  [transformer] step=56600 loss=3.6714 ppl=39.3 tok/s=122663 gtok=927334400
  [transformer] step=56650 loss=3.6776 ppl=39.6 tok/s=122663 gtok=928153600
  [transformer] step=56700 loss=3.6938 ppl=40.2 tok/s=122664 gtok=928972800
  [transformer] step=56750 loss=3.6826 ppl=39.7 tok/s=122665 gtok=929792000
  [transformer] step=56800 loss=3.6909 ppl=40.1 tok/s=122662 gtok=930611200
  [transformer] step=56850 loss=3.6809 ppl=39.7 tok/s=122662 gtok=931430400
  [transformer] step=56900 loss=3.7560 ppl=42.8 tok/s=122662 gtok=932249600
  [transformer] step=56950 loss=3.6947 ppl=40.2 tok/s=122661 gtok=933068800
  [transformer] step=57000 loss=3.6766 ppl=39.5 tok/s=122661 gtok=933888000
  [transformer] step=57050 loss=3.6915 ppl=40.1 tok/s=122662 gtok=934707200
  [transformer] step=57100 loss=3.6550 ppl=38.7 tok/s=122662 gtok=935526400
  [transformer] step=57150 loss=3.7017 ppl=40.5 tok/s=122663 gtok=936345600
  [transformer] step=57200 loss=3.6584 ppl=38.8 tok/s=122663 gtok=937164800
  [transformer] step=57250 loss=3.6983 ppl=40.4 tok/s=122661 gtok=937984000
  [transformer] step=57300 loss=3.7096 ppl=40.8 tok/s=122663 gtok=938803200
  [transformer] step=57350 loss=3.6975 ppl=40.3 tok/s=122664 gtok=939622400
  [transformer] step=57400 loss=3.7024 ppl=40.5 tok/s=122664 gtok=940441600
  [transformer] step=57450 loss=3.6682 ppl=39.2 tok/s=122664 gtok=941260800
  [transformer] step=57500 loss=3.7099 ppl=40.9 tok/s=122664 gtok=942080000
  [transformer] step=57550 loss=3.6596 ppl=38.8 tok/s=122665 gtok=942899200
  [transformer] step=57600 loss=3.6967 ppl=40.3 tok/s=122666 gtok=943718400
  [transformer] step=57650 loss=3.6703 ppl=39.3 tok/s=122667 gtok=944537600
  [transformer] step=57700 loss=3.7073 ppl=40.7 tok/s=122667 gtok=945356800
  [transformer] step=57750 loss=3.6791 ppl=39.6 tok/s=122668 gtok=946176000
  [transformer] step=57800 loss=3.6780 ppl=39.6 tok/s=122668 gtok=946995200
  [transformer] step=57850 loss=3.6721 ppl=39.3 tok/s=122668 gtok=947814400
  [transformer] step=57900 loss=3.6754 ppl=39.5 tok/s=122668 gtok=948633600
  [transformer] step=57950 loss=3.6605 ppl=38.9 tok/s=122669 gtok=949452800
  [transformer] step=58000 loss=3.6990 ppl=40.4 tok/s=122669 gtok=950272000
  [transformer] step=58050 loss=3.7059 ppl=40.7 tok/s=122660 gtok=951091200
  [transformer] step=58100 loss=3.6928 ppl=40.2 tok/s=122660 gtok=951910400
  [transformer] step=58150 loss=3.7148 ppl=41.0 tok/s=122661 gtok=952729600
  [transformer] step=58200 loss=3.6858 ppl=39.9 tok/s=122661 gtok=953548800
  [transformer] step=58250 loss=3.6701 ppl=39.3 tok/s=122662 gtok=954368000
  [transformer] step=58300 loss=3.6678 ppl=39.2 tok/s=122661 gtok=955187200
  [transformer] step=58350 loss=3.6402 ppl=38.1 tok/s=122662 gtok=956006400
  [transformer] step=58400 loss=3.7069 ppl=40.7 tok/s=122662 gtok=956825600
  [transformer] step=58450 loss=3.6968 ppl=40.3 tok/s=122662 gtok=957644800
  [transformer] step=58500 loss=3.6773 ppl=39.5 tok/s=122663 gtok=958464000
  [transformer] step=58550 loss=3.6943 ppl=40.2 tok/s=122664 gtok=959283200
  [transformer] step=58600 loss=3.6410 ppl=38.1 tok/s=122664 gtok=960102400
  [transformer] step=58650 loss=3.6763 ppl=39.5 tok/s=122664 gtok=960921600
  [transformer] step=58700 loss=3.6761 ppl=39.5 tok/s=122664 gtok=961740800
  [transformer] step=58750 loss=3.6965 ppl=40.3 tok/s=122664 gtok=962560000
  [transformer] step=58800 loss=3.6963 ppl=40.3 tok/s=122664 gtok=963379200
  [transformer] step=58850 loss=3.7099 ppl=40.8 tok/s=122664 gtok=964198400
  [transformer] step=58900 loss=3.7033 ppl=40.6 tok/s=122664 gtok=965017600
  [transformer] step=58950 loss=3.6975 ppl=40.3 tok/s=122664 gtok=965836800
  [transformer] step=59000 loss=3.7001 ppl=40.5 tok/s=122664 gtok=966656000
  [transformer] step=59050 loss=3.7155 ppl=41.1 tok/s=122664 gtok=967475200
  [transformer] step=59100 loss=3.6643 ppl=39.0 tok/s=122665 gtok=968294400
  [transformer] step=59150 loss=3.6221 ppl=37.4 tok/s=122666 gtok=969113600
  [transformer] step=59200 loss=3.6785 ppl=39.6 tok/s=122665 gtok=969932800
  [transformer] step=59250 loss=3.6524 ppl=38.6 tok/s=122666 gtok=970752000
  [transformer] step=59300 loss=3.6856 ppl=39.9 tok/s=122666 gtok=971571200
  [transformer] step=59350 loss=3.6798 ppl=39.6 tok/s=122667 gtok=972390400
  [transformer] step=59400 loss=3.6605 ppl=38.9 tok/s=122668 gtok=973209600
  [transformer] step=59450 loss=3.6488 ppl=38.4 tok/s=122668 gtok=974028800
  [transformer] step=59500 loss=3.7137 ppl=41.0 tok/s=122668 gtok=974848000
  [transformer] step=59550 loss=3.6866 ppl=39.9 tok/s=122669 gtok=975667200
  [transformer] step=59600 loss=3.6896 ppl=40.0 tok/s=122669 gtok=976486400
  [transformer] step=59650 loss=3.6840 ppl=39.8 tok/s=122670 gtok=977305600
  [transformer] step=59700 loss=3.6775 ppl=39.5 tok/s=122671 gtok=978124800
  [transformer] step=59750 loss=3.7187 ppl=41.2 tok/s=122672 gtok=978944000
  [transformer] step=59800 loss=3.6996 ppl=40.4 tok/s=122673 gtok=979763200
  [transformer] step=59850 loss=3.6963 ppl=40.3 tok/s=122673 gtok=980582400
  [transformer] step=59900 loss=3.6916 ppl=40.1 tok/s=122672 gtok=981401600
  [transformer] step=59950 loss=3.6862 ppl=39.9 tok/s=122671 gtok=982220800
  [transformer] step=60000 loss=3.6743 ppl=39.4 tok/s=122670 gtok=983040000
  [transformer] step=60050 loss=3.6995 ppl=40.4 tok/s=122661 gtok=983859200
  [transformer] step=60100 loss=3.6989 ppl=40.4 tok/s=122661 gtok=984678400
  [transformer] step=60150 loss=3.7261 ppl=41.5 tok/s=122661 gtok=985497600
  [transformer] step=60200 loss=3.7045 ppl=40.6 tok/s=122662 gtok=986316800
  [transformer] step=60250 loss=3.7080 ppl=40.8 tok/s=122663 gtok=987136000
  [transformer] step=60300 loss=3.6598 ppl=38.9 tok/s=122663 gtok=987955200
  [transformer] step=60350 loss=3.6786 ppl=39.6 tok/s=122664 gtok=988774400
  [transformer] step=60400 loss=3.6857 ppl=39.9 tok/s=122665 gtok=989593600
  [transformer] step=60450 loss=3.6916 ppl=40.1 tok/s=122666 gtok=990412800
  [transformer] step=60500 loss=3.6667 ppl=39.1 tok/s=122666 gtok=991232000
  [transformer] step=60550 loss=3.6870 ppl=39.9 tok/s=122667 gtok=992051200
  [transformer] step=60600 loss=3.6769 ppl=39.5 tok/s=122667 gtok=992870400
  [transformer] step=60650 loss=3.7395 ppl=42.1 tok/s=122667 gtok=993689600
  [transformer] step=60700 loss=3.6523 ppl=38.6 tok/s=122667 gtok=994508800
  [transformer] step=60750 loss=3.7048 ppl=40.6 tok/s=122667 gtok=995328000
  [transformer] step=60800 loss=3.7204 ppl=41.3 tok/s=122667 gtok=996147200
  [transformer] step=60850 loss=3.6866 ppl=39.9 tok/s=122668 gtok=996966400
  [transformer] step=60900 loss=3.6558 ppl=38.7 tok/s=122668 gtok=997785600
  [transformer] step=60950 loss=3.6961 ppl=40.3 tok/s=122669 gtok=998604800
  [transformer] step=61000 loss=3.6808 ppl=39.7 tok/s=122670 gtok=999424000
[transformer] done tokens=1,000,001,536 wall=2.26h -> checkpoints_v11_recall_matched/transformer
terminate called without an active exception
[matched] train mamba budget=1000000000
The fast path is not available because one of `(selective_state_update, selective_scan_fn, causal_conv1d_fn, causal_conv1d_update, mamba_inner_fn)` is None. Falling back to the sequential implementation of Mamba, as use_mambapy is set to False. To install follow https://github.com/state-spaces/mamba/#installation for mamba-ssm and install the kernels library using `pip install kernels` or https://github.com/Dao-AILab/causal-conv1d for causal-conv1d. For the mamba.py backend, follow https://github.com/alxndrTL/mamba.py.
Token indices sequence length is longer than the specified maximum sequence length for this model (3479 > 1024). Running this sequence through the model will result in indexing errors
Streaming pretrain blend: sources=['fineweb', 'recall'] weights=[93.0, 3.0] edu>=3 budget=1000000000 vocab=50257 holdout_pct=5 exclude_holdout=True mix_seed=42 warmup=0 skips={'fineweb': 0, 'recall': 0}
[cache] Pretrain holdout val from .cache/v7_tokens/pretrain_holdout_v1_v50257_t500000_e3_p5.pt (500,000 tokens)
[mamba] params=129,117,696 device=cuda budget=1,000,000,000
[fineweb] local parquet stream: 15 shards under data/fineweb-edu/sample-10BT
  [mamba] step=50 loss=14.5971 ppl=2185007.4 tok/s=15 gtok=409600
  [mamba] step=100 loss=14.1737 ppl=1430715.0 tok/s=15 gtok=819200
  [mamba] step=150 loss=12.4007 ppl=242981.2 tok/s=15 gtok=1228800
  [mamba] step=200 loss=10.8121 ppl=49618.9 tok/s=15 gtok=1638400
[matched] eval transformer
  scored 20/2160 examples
  scored 40/2160 examples
  scored 60/2160 examples
  scored 80/2160 examples
  scored 100/2160 examples
  scored 120/2160 examples
  scored 140/2160 examples
  scored 160/2160 examples
  scored 180/2160 examples
  scored 200/2160 examples
  scored 220/2160 examples
  scored 240/2160 examples
  scored 260/2160 examples
  scored 280/2160 examples
  scored 300/2160 examples
  scored 320/2160 examples
  scored 340/2160 examples
  scored 360/2160 examples
  scored 380/2160 examples
  scored 400/2160 examples
  scored 420/2160 examples
  scored 440/2160 examples
  scored 460/2160 examples
  scored 480/2160 examples
  scored 500/2160 examples
  scored 520/2160 examples
  scored 540/2160 examples
  scored 560/2160 examples
  scored 580/2160 examples
  scored 600/2160 examples
  scored 620/2160 examples
  scored 640/2160 examples
  scored 660/2160 examples
  scored 680/2160 examples
  scored 700/2160 examples
  scored 720/2160 examples
  scored 740/2160 examples
  scored 760/2160 examples
  scored 780/2160 examples
  scored 800/2160 examples
  scored 820/2160 examples
  scored 840/2160 examples
  scored 860/2160 examples
  scored 880/2160 examples
  scored 900/2160 examples
  scored 920/2160 examples
  scored 940/2160 examples
  scored 960/2160 examples
  scored 980/2160 examples
  scored 1000/2160 examples
  scored 1020/2160 examples
  scored 1040/2160 examples
  scored 1060/2160 examples
  scored 1080/2160 examples
  scored 1100/2160 examples
  scored 1120/2160 examples
  scored 1140/2160 examples
  scored 1160/2160 examples
  scored 1180/2160 examples
  scored 1200/2160 examples
  scored 1220/2160 examples
  scored 1240/2160 examples
  scored 1260/2160 examples
  scored 1280/2160 examples
  scored 1300/2160 examples
  scored 1320/2160 examples
  scored 1340/2160 examples
  scored 1360/2160 examples
  scored 1380/2160 examples
  scored 1400/2160 examples
  scored 1420/2160 examples
  scored 1440/2160 examples
  scored 1460/2160 examples
  scored 1480/2160 examples
  scored 1500/2160 examples
  scored 1520/2160 examples
  scored 1540/2160 examples
  scored 1560/2160 examples
  scored 1580/2160 examples
  scored 1600/2160 examples
  scored 1620/2160 examples
  scored 1640/2160 examples
  scored 1660/2160 examples
  scored 1680/2160 examples
  scored 1700/2160 examples
  scored 1720/2160 examples
  scored 1740/2160 examples
  scored 1760/2160 examples
  scored 1780/2160 examples
  scored 1800/2160 examples
  scored 1820/2160 examples
  scored 1840/2160 examples
  scored 1860/2160 examples
  scored 1880/2160 examples
  scored 1900/2160 examples
  scored 1920/2160 examples
  scored 1940/2160 examples
  scored 1960/2160 examples
  scored 1980/2160 examples
  scored 2000/2160 examples
  scored 2020/2160 examples
  scored 2040/2160 examples
  scored 2060/2160 examples
  scored 2080/2160 examples
  scored 2100/2160 examples
  scored 2120/2160 examples
  scored 2140/2160 examples
  scored 2160/2160 examples
Results saved to logs/v11/recall_baselines/transformer_matched_behavior.json
scripts/run_recall_matched_baselines.sh: line 69: ery_steps: command not found
