[2026-08-25 12:36:35] Wall clock start: 2026-08-25 12:36:35
[2026-08-25 12:36:35] ============================================================
[2026-08-25 12:36:35]   V11: PAM with new memory dynamics
[2026-08-25 12:36:35]   Preset: v13_e3_k3_selective | Stage: lm | Dataset: pretrain_mix
[2026-08-25 12:36:35] ============================================================

[2026-08-25 12:36:35] Config: {'vocab_size': 50261, 'dim': 384, 'n_heads': 6, 'head_dim': 64, 'n_layers': 16, 'expand': 3, 'dropout': 0.1, 'max_seq_len': 2048, 'use_learned_pos': False, 'use_rope': True, 'use_gsp': True, 'fused_qkv': True, 'qk_norm': False, 'tie_weights': True, 'gradient_checkpointing': True, 'activation': 'swish', 'chunk_size': 256, 'decay_mode': 'head', 'write_mode': 'delta', 'delta_erase_gate': True, 'n_states': 3, 'delta_chunk': 128, 'state_dt_spread': 2.0, 'base_dt_bias': -4.0, 'gate_content_aware': True, 'protect_gate_bias': -3.0, 'routing_content_aware': False, 'state_compete': False, 'phase_init': 'zero', 'route_balance_lambda': 0.0, 'aux_loss_weight': 1.0, 'fused_e3': True, 'delta_key_norm': True, 'delta_erase_beta_cap': 1.0, 'delta_raw_key_readout': True, 'recompute_pam_chunks': False, 'delta_decay_factored': False, 'delta_decay_factor_min_a': 1e-06, 'gamma_floor': 0.0, 'gate_surprisal_lambda': 0.1, 'gate_surprisal_tau': 1.0, 'gate_surprisal_sign': 1.0, 'vault_state': True, 'vault_state_idx': 0, 'write_phase_address': True}
[2026-08-25 12:36:35] Memory dynamics: decay_mode=head, write_mode=delta, n_states=3, chunk_size=256
[2026-08-25 12:36:35] Batch size: 8, Epochs: 10, LR: 0.0003
[2026-08-25 12:36:35] Token budget: 500,000,000

[2026-08-25 12:36:35] Loading pretrain_mix (seq_len=2048)...
[2026-08-25 12:36:37] Streaming pretrain blend: sources=['dclm', 'fineweb', 'smoltalk2_mid', 'recall'] weights=[48.0, 48.0, 4.0, 4.0] edu>=3 budget=500000000 vocab=50261 holdout_pct=5 exclude_holdout=True mix_seed=42 warmup=10,000,000 skips={'dclm': 0, 'fineweb': 0, 'smoltalk2_mid': 0, 'recall': 0}
[2026-08-25 12:36:37] [cache] Pretrain holdout val from .cache/v7_tokens/pretrain_holdout_v1_v50261_t500000_e3_p5.pt (500,000 tokens)
[2026-08-25 12:36:38] [cache] Loaded WikiText-103 validation from .cache/v7_tokens/wikitext103_validation_v2_full_sl2048.pt (248,461 tokens)
[2026-08-25 12:36:38] Val chunks: 121
[2026-08-25 12:36:38] Val: in-distro holdout (31 batches), WikiText secondary (16 batches)
[2026-08-25 12:36:38] Train batches: streaming, Val batches: 31

[2026-08-25 12:36:39] Model parameters: {'embedding (tied)': 38600448, 'blocks': 61724512, 'norms': 768, 'lm_head': 296064, 'total': 100621792}
[2026-08-25 12:36:39] Total: 100,621,792 (100.6M)
[2026-08-25 12:36:39] Param groups: 260 tensors (100,569,856) with wd, 229 tensors (51,936) without
[2026-08-25 12:36:39] fused_ce enabled (chunked linear+CE; logits never materialized)

[2026-08-25 12:36:40] Training on cuda
[2026-08-25 12:36:40] Parameters: {'embedding (tied)': 38600448, 'blocks': 61724512, 'norms': 768, 'lm_head': 296064, 'total': 100621792}
[2026-08-25 12:36:40] Total: 100,621,792 (100.6M)
[2026-08-25 12:36:40] Epochs: 1..9999, Batches/epoch: stream
[2026-08-25 12:36:40] Periodic checkpoint: every 5000 steps -> latest.pt


[2026-08-25 12:36:40] ============================================================
[2026-08-25 12:36:40] Epoch 1/9999
[2026-08-25 12:36:40] ============================================================
[2026-08-25 12:41:11]   [block-grad step1] L0=2.496e-03 L1=2.403e-03 L2=2.369e-03 L3=2.360e-03 L4=3.153e-03 L5=5.837e-03 L6=2.312e-03 L7=2.443e-03 L8=2.492e-03 L9=2.391e-03 L10=2.817e-03 L11=2.666e-03 L12=2.327e-03 L13=2.841e-03 L14=2.489e-03 L15=2.711e-03  all-nonzero
[2026-08-25 12:41:11]   [1] 0 loss=10.9055 ppl=54475.6 lr=6.00e-07 | 60 tok/s (avg 60) ETA n/a | GPU 2.1/7.7GB | gtok=16384
[2026-08-25 12:42:41]   [1] 25 loss=10.7524 ppl=46743.7 lr=1.56e-05 | 4544 tok/s (avg 1178) ETA n/a | GPU 2.1/8.5GB | gtok=425984
[2026-08-25 12:44:13]   [1] 50 loss=10.3584 ppl=31522.0 lr=3.06e-05 | 4466 tok/s (avg 1843) ETA n/a | GPU 2.1/8.5GB | gtok=835584
[2026-08-25 12:45:45]   [1] 75 loss=9.7139 ppl=16546.4 lr=4.56e-05 | 4443 tok/s (avg 2282) ETA n/a | GPU 2.1/8.5GB | gtok=1245184
[2026-08-25 12:47:16]   [1] 100 loss=8.9266 ppl=7530.0 lr=6.06e-05 | 4490 tok/s (avg 2599) ETA n/a | GPU 2.1/8.5GB | gtok=1654784
[2026-08-25 12:48:48]   [1] 125 loss=8.1615 ppl=3503.4 lr=7.56e-05 | 4486 tok/s (avg 2835) ETA n/a | GPU 2.1/8.5GB | gtok=2064384
[2026-08-25 12:50:19]   [1] 150 loss=7.7228 ppl=2259.4 lr=9.06e-05 | 4477 tok/s (avg 3018) ETA n/a | GPU 2.1/8.5GB | gtok=2473984
[2026-08-25 12:51:50]   [1] 175 loss=7.2847 ppl=1457.8 lr=1.06e-04 | 4523 tok/s (avg 3168) ETA n/a | GPU 2.1/8.5GB | gtok=2883584
[2026-08-25 12:53:22]   [1] 200 loss=7.0205 ppl=1119.3 lr=1.21e-04 | 4422 tok/s (avg 3284) ETA n/a | GPU 2.1/8.5GB | gtok=3293184
[2026-08-25 12:54:57]   [1] 225 loss=6.8293 ppl=924.5 lr=1.36e-04 | 4333 tok/s (avg 3374) ETA n/a | GPU 2.1/8.5GB | gtok=3702784
[2026-08-25 12:56:29]   [1] 250 loss=6.8804 ppl=973.0 lr=1.51e-04 | 4457 tok/s (avg 3458) ETA n/a | GPU 2.1/8.5GB | gtok=4112384
[2026-08-25 12:58:04]   [1] 275 loss=6.9093 ppl=1001.5 lr=1.66e-04 | 4325 tok/s (avg 3522) ETA n/a | GPU 2.1/8.5GB | gtok=4521984
[2026-08-25 12:59:37]   [1] 300 loss=6.7404 ppl=845.9 lr=1.81e-04 | 4364 tok/s (avg 3579) ETA n/a | GPU 2.1/8.5GB | gtok=4931584
[2026-08-25 13:01:10]   [1] 325 loss=6.9148 ppl=1007.0 lr=1.96e-04 | 4415 tok/s (avg 3632) ETA n/a | GPU 2.1/8.5GB | gtok=5341184
[2026-08-25 13:02:44]   [1] 350 loss=6.5755 ppl=717.3 lr=2.11e-04 | 4350 tok/s (avg 3675) ETA n/a | GPU 2.1/8.5GB | gtok=5750784
[2026-08-25 13:04:24]   [1] 375 loss=6.5150 ppl=675.2 lr=2.26e-04 | 4111 tok/s (avg 3701) ETA n/a | GPU 2.1/8.5GB | gtok=6160384
[2026-08-25 13:06:03]   [1] 400 loss=6.4311 ppl=620.9 lr=2.41e-04 | 4141 tok/s (avg 3726) ETA n/a | GPU 2.1/8.5GB | gtok=6569984
[2026-08-25 13:07:42]   [1] 425 loss=6.3088 ppl=549.4 lr=2.56e-04 | 4136 tok/s (avg 3748) ETA n/a | GPU 2.1/8.5GB | gtok=6979584
[2026-08-25 13:09:19]   [1] 450 loss=6.1998 ppl=492.6 lr=2.71e-04 | 4216 tok/s (avg 3771) ETA n/a | GPU 2.1/8.5GB | gtok=7389184
[2026-08-25 13:10:57]   [1] 475 loss=6.3299 ppl=561.1 lr=2.86e-04 | 4188 tok/s (avg 3791) ETA n/a | GPU 2.1/8.5GB | gtok=7798784
[2026-08-25 13:12:35]   [1] 500 loss=6.0684 ppl=432.0 lr=3.00e-04 | 4186 tok/s (avg 3809) ETA n/a | GPU 2.1/8.5GB | gtok=8208384
[2026-08-25 13:14:12]   [1] 525 loss=6.2592 ppl=522.8 lr=3.00e-04 | 4206 tok/s (avg 3826) ETA n/a | GPU 2.1/8.5GB | gtok=8617984
[2026-08-25 13:15:48]   [1] 550 loss=6.2211 ppl=503.3 lr=3.00e-04 | 4271 tok/s (avg 3844) ETA n/a | GPU 2.1/8.5GB | gtok=9027584
[2026-08-25 13:17:20]   [1] 575 loss=6.2441 ppl=514.9 lr=3.00e-04 | 4477 tok/s (avg 3868) ETA n/a | GPU 2.1/8.5GB | gtok=9437184
[2026-08-25 13:18:52]   [1] 600 loss=5.9294 ppl=375.9 lr=3.00e-04 | 4437 tok/s (avg 3889) ETA n/a | GPU 2.1/8.5GB | gtok=9846784
[2026-08-25 13:20:43]   [1] 625 loss=5.9388 ppl=379.5 lr=3.00e-04 | 3688 tok/s (avg 3880) ETA n/a | GPU 2.1/8.5GB | gtok=10256384
[2026-08-25 13:22:15]   [1] 650 loss=5.9516 ppl=384.4 lr=3.00e-04 | 4468 tok/s (avg 3900) ETA n/a | GPU 2.1/8.5GB | gtok=10665984
[2026-08-25 13:23:47]   [1] 675 loss=5.9019 ppl=365.7 lr=3.00e-04 | 4428 tok/s (avg 3917) ETA n/a | GPU 2.1/8.5GB | gtok=11075584
[2026-08-25 13:25:19]   [1] 700 loss=6.0425 ppl=421.0 lr=3.00e-04 | 4449 tok/s (avg 3934) ETA n/a | GPU 2.1/8.5GB | gtok=11485184
[2026-08-25 13:26:51]   [1] 725 loss=5.8825 ppl=358.7 lr=3.00e-04 | 4457 tok/s (avg 3950) ETA n/a | GPU 2.1/8.5GB | gtok=11894784
[2026-08-25 13:28:26]   [1] 750 loss=5.7265 ppl=306.9 lr=3.00e-04 | 4328 tok/s (avg 3961) ETA n/a | GPU 2.1/8.5GB | gtok=12304384
[2026-08-25 13:29:58]   [1] 775 loss=5.7400 ppl=311.1 lr=3.00e-04 | 4431 tok/s (avg 3975) ETA n/a | GPU 2.1/8.5GB | gtok=12713984
[2026-08-25 13:31:36]   [1] 800 loss=5.8105 ppl=333.8 lr=3.00e-04 | 4172 tok/s (avg 3981) ETA n/a | GPU 2.1/8.5GB | gtok=13123584
[2026-08-25 13:33:16]   [1] 825 loss=5.6565 ppl=286.2 lr=3.00e-04 | 4096 tok/s (avg 3984) ETA n/a | GPU 2.1/8.5GB | gtok=13533184
[2026-08-25 13:34:55]   [1] 850 loss=5.5256 ppl=251.0 lr=3.00e-04 | 4148 tok/s (avg 3989) ETA n/a | GPU 2.1/8.5GB | gtok=13942784
[2026-08-25 13:36:32]   [1] 875 loss=5.6570 ppl=286.3 lr=3.00e-04 | 4220 tok/s (avg 3995) ETA n/a | GPU 2.1/8.5GB | gtok=14352384
[2026-08-25 13:38:08]   [1] 900 loss=5.5272 ppl=251.4 lr=3.00e-04 | 4284 tok/s (avg 4003) ETA n/a | GPU 2.1/8.5GB | gtok=14761984
[2026-08-25 13:39:44]   [1] 925 loss=5.6278 ppl=278.1 lr=3.00e-04 | 4266 tok/s (avg 4009) ETA n/a | GPU 2.1/8.5GB | gtok=15171584
[2026-08-25 13:41:16]   [1] 950 loss=5.2587 ppl=192.2 lr=3.00e-04 | 4465 tok/s (avg 4020) ETA n/a | GPU 2.1/8.5GB | gtok=15581184
[2026-08-25 13:42:47]   [1] 975 loss=5.6321 ppl=279.3 lr=3.00e-04 | 4467 tok/s (avg 4030) ETA n/a | GPU 2.1/8.5GB | gtok=15990784
[2026-08-25 13:44:19]   [1] 1000 loss=5.5946 ppl=269.0 lr=3.00e-04 | 4470 tok/s (avg 4040) ETA n/a | GPU 2.1/8.5GB | gtok=16400384
[2026-08-25 13:45:51]   [1] 1025 loss=5.4827 ppl=240.5 lr=3.00e-04 | 4455 tok/s (avg 4049) ETA n/a | GPU 2.1/8.5GB | gtok=16809984
[2026-08-25 13:47:26]   [1] 1050 loss=5.3991 ppl=221.2 lr=3.00e-04 | 4296 tok/s (avg 4055) ETA n/a | GPU 2.1/8.5GB | gtok=17219584
[2026-08-25 13:48:59]   [1] 1075 loss=5.0926 ppl=162.8 lr=3.00e-04 | 4413 tok/s (avg 4063) ETA n/a | GPU 2.1/8.5GB | gtok=17629184
[2026-08-25 13:50:32]   [1] 1100 loss=5.1950 ppl=180.4 lr=3.00e-04 | 4415 tok/s (avg 4070) ETA n/a | GPU 2.1/8.5GB | gtok=18038784
[2026-08-25 13:52:06]   [1] 1125 loss=5.3216 ppl=204.7 lr=3.00e-04 | 4356 tok/s (avg 4076) ETA n/a | GPU 2.1/8.5GB | gtok=18448384
[2026-08-25 13:53:39]   [1] 1150 loss=5.3412 ppl=208.8 lr=3.00e-04 | 4401 tok/s (avg 4083) ETA n/a | GPU 2.1/8.5GB | gtok=18857984
[2026-08-25 13:55:11]   [1] 1175 loss=5.5166 ppl=248.8 lr=3.00e-04 | 4446 tok/s (avg 4090) ETA n/a | GPU 2.1/8.5GB | gtok=19267584
[2026-08-25 13:56:42]   [1] 1200 loss=5.5922 ppl=268.3 lr=3.00e-04 | 4482 tok/s (avg 4097) ETA n/a | GPU 2.1/8.5GB | gtok=19677184
[2026-08-25 13:58:14]   [1] 1225 loss=5.3753 ppl=216.0 lr=3.00e-04 | 4468 tok/s (avg 4104) ETA n/a | GPU 2.1/8.5GB | gtok=20086784
[2026-08-25 13:59:48]   [1] 1250 loss=5.1552 ppl=173.3 lr=3.00e-04 | 4368 tok/s (avg 4109) ETA n/a | GPU 2.1/8.5GB | gtok=20496384
[2026-08-25 14:01:22]   [1] 1275 loss=5.2539 ppl=191.3 lr=3.00e-04 | 4351 tok/s (avg 4113) ETA n/a | GPU 2.1/8.5GB | gtok=20905984
[2026-08-25 14:02:56]   [1] 1300 loss=5.3411 ppl=208.7 lr=2.99e-04 | 4376 tok/s (avg 4118) ETA n/a | GPU 2.1/8.5GB | gtok=21315584
[2026-08-25 14:04:29]   [1] 1325 loss=4.7594 ppl=116.7 lr=2.99e-04 | 4380 tok/s (avg 4123) ETA n/a | GPU 2.1/8.5GB | gtok=21725184
[2026-08-25 14:06:00]   [1] 1350 loss=5.1636 ppl=174.8 lr=2.99e-04 | 4482 tok/s (avg 4129) ETA n/a | GPU 2.1/8.5GB | gtok=22134784
[2026-08-25 14:07:32]   [1] 1375 loss=5.3025 ppl=200.8 lr=2.99e-04 | 4478 tok/s (avg 4135) ETA n/a | GPU 2.1/8.5GB | gtok=22544384
[2026-08-25 14:09:04]   [1] 1400 loss=5.2620 ppl=192.9 lr=2.99e-04 | 4469 tok/s (avg 4140) ETA n/a | GPU 2.1/8.5GB | gtok=22953984
[2026-08-25 14:10:35]   [1] 1425 loss=5.1798 ppl=177.6 lr=2.99e-04 | 4475 tok/s (avg 4146) ETA n/a | GPU 2.1/8.5GB | gtok=23363584
[2026-08-25 14:12:06]   [1] 1450 loss=5.3234 ppl=205.1 lr=2.99e-04 | 4485 tok/s (avg 4151) ETA n/a | GPU 2.1/8.5GB | gtok=23773184
[2026-08-25 14:13:38]   [1] 1475 loss=5.2169 ppl=184.4 lr=2.99e-04 | 4459 tok/s (avg 4156) ETA n/a | GPU 2.1/8.5GB | gtok=24182784
[2026-08-25 14:15:10]   [1] 1500 loss=5.2978 ppl=199.9 lr=2.99e-04 | 4463 tok/s (avg 4161) ETA n/a | GPU 2.1/8.5GB | gtok=24592384
[2026-08-25 14:16:42]   [1] 1525 loss=5.1221 ppl=167.7 lr=2.99e-04 | 4459 tok/s (avg 4165) ETA n/a | GPU 2.1/8.5GB | gtok=25001984
[2026-08-25 14:18:14]   [1] 1550 loss=5.0456 ppl=155.3 lr=2.99e-04 | 4466 tok/s (avg 4170) ETA n/a | GPU 2.1/8.5GB | gtok=25411584
[2026-08-25 14:19:45]   [1] 1575 loss=4.6736 ppl=107.1 lr=2.99e-04 | 4464 tok/s (avg 4174) ETA n/a | GPU 2.1/8.5GB | gtok=25821184
[2026-08-25 14:21:17]   [1] 1600 loss=5.3093 ppl=202.2 lr=2.99e-04 | 4484 tok/s (avg 4179) ETA n/a | GPU 2.1/8.5GB | gtok=26230784
[2026-08-25 14:22:48]   [1] 1625 loss=5.0837 ppl=161.4 lr=2.99e-04 | 4485 tok/s (avg 4183) ETA n/a | GPU 2.1/8.5GB | gtok=26640384
[2026-08-25 14:24:20]   [1] 1650 loss=5.2674 ppl=193.9 lr=2.99e-04 | 4471 tok/s (avg 4187) ETA n/a | GPU 2.1/8.5GB | gtok=27049984
[2026-08-25 14:25:51]   [1] 1675 loss=5.1806 ppl=177.8 lr=2.99e-04 | 4474 tok/s (avg 4191) ETA n/a | GPU 2.1/8.5GB | gtok=27459584
[2026-08-25 14:27:23]   [1] 1700 loss=4.8344 ppl=125.8 lr=2.99e-04 | 4468 tok/s (avg 4195) ETA n/a | GPU 2.1/8.5GB | gtok=27869184
[2026-08-25 14:28:55]   [1] 1725 loss=5.0689 ppl=159.0 lr=2.99e-04 | 4468 tok/s (avg 4199) ETA n/a | GPU 2.1/8.5GB | gtok=28278784
[2026-08-25 14:30:26]   [1] 1750 loss=4.9059 ppl=135.1 lr=2.99e-04 | 4464 tok/s (avg 4202) ETA n/a | GPU 2.1/8.5GB | gtok=28688384
[2026-08-25 14:31:58]   [1] 1775 loss=5.2061 ppl=182.4 lr=2.99e-04 | 4470 tok/s (avg 4206) ETA n/a | GPU 2.1/8.5GB | gtok=29097984
[2026-08-25 14:33:30]   [1] 1800 loss=4.9848 ppl=146.2 lr=2.99e-04 | 4463 tok/s (avg 4209) ETA n/a | GPU 2.1/8.5GB | gtok=29507584
[2026-08-25 14:35:03]   [1] 1825 loss=5.1000 ppl=164.0 lr=2.99e-04 | 4385 tok/s (avg 4212) ETA n/a | GPU 2.1/8.5GB | gtok=29917184
[2026-08-25 14:36:36]   [1] 1850 loss=4.9975 ppl=148.0 lr=2.99e-04 | 4433 tok/s (avg 4214) ETA n/a | GPU 2.1/8.5GB | gtok=30326784
[2026-08-25 14:38:08]   [1] 1875 loss=4.9790 ppl=145.3 lr=2.98e-04 | 4414 tok/s (avg 4217) ETA n/a | GPU 2.1/8.5GB | gtok=30736384
[2026-08-25 14:39:41]   [1] 1900 loss=4.9650 ppl=143.3 lr=2.98e-04 | 4425 tok/s (avg 4220) ETA n/a | GPU 2.1/8.5GB | gtok=31145984
[2026-08-25 14:41:13]   [1] 1925 loss=5.0497 ppl=156.0 lr=2.98e-04 | 4443 tok/s (avg 4222) ETA n/a | GPU 2.1/8.5GB | gtok=31555584
[2026-08-25 14:42:46]   [1] 1950 loss=4.9091 ppl=135.5 lr=2.98e-04 | 4408 tok/s (avg 4225) ETA n/a | GPU 2.1/8.5GB | gtok=31965184
[2026-08-25 14:44:18]   [1] 1975 loss=4.9260 ppl=137.8 lr=2.98e-04 | 4461 tok/s (avg 4227) ETA n/a | GPU 2.1/8.5GB | gtok=32374784
[2026-08-25 14:45:49]   [1] 2000 loss=4.9869 ppl=146.5 lr=2.98e-04 | 4479 tok/s (avg 4230) ETA n/a | GPU 2.1/8.5GB | gtok=32784384
[2026-08-25 14:47:21]   [1] 2025 loss=5.1639 ppl=174.8 lr=2.98e-04 | 4457 tok/s (avg 4233) ETA n/a | GPU 2.1/8.5GB | gtok=33193984
[2026-08-25 14:48:54]   [1] 2050 loss=5.1289 ppl=168.8 lr=2.98e-04 | 4422 tok/s (avg 4235) ETA n/a | GPU 2.1/8.5GB | gtok=33603584
[2026-08-25 14:50:26]   [1] 2075 loss=4.9368 ppl=139.3 lr=2.98e-04 | 4440 tok/s (avg 4238) ETA n/a | GPU 2.1/8.5GB | gtok=34013184
[2026-08-25 14:51:58]   [1] 2100 loss=4.8576 ppl=128.7 lr=2.98e-04 | 4458 tok/s (avg 4240) ETA n/a | GPU 2.1/8.5GB | gtok=34422784
[2026-08-25 14:53:30]   [1] 2125 loss=5.0607 ppl=157.7 lr=2.98e-04 | 4459 tok/s (avg 4243) ETA n/a | GPU 2.1/8.5GB | gtok=34832384
[2026-08-25 14:55:02]   [1] 2150 loss=4.8231 ppl=124.3 lr=2.98e-04 | 4458 tok/s (avg 4245) ETA n/a | GPU 2.1/8.5GB | gtok=35241984
[2026-08-25 14:56:33]   [1] 2175 loss=4.8685 ppl=130.1 lr=2.98e-04 | 4483 tok/s (avg 4248) ETA n/a | GPU 2.1/8.5GB | gtok=35651584
[2026-08-25 14:58:05]   [1] 2200 loss=4.9040 ppl=134.8 lr=2.98e-04 | 4456 tok/s (avg 4250) ETA n/a | GPU 2.1/8.5GB | gtok=36061184
[2026-08-25 14:59:37]   [1] 2225 loss=4.9267 ppl=137.9 lr=2.98e-04 | 4457 tok/s (avg 4252) ETA n/a | GPU 2.1/8.5GB | gtok=36470784
[2026-08-25 15:01:09]   [1] 2250 loss=4.8609 ppl=129.1 lr=2.98e-04 | 4446 tok/s (avg 4254) ETA n/a | GPU 2.1/8.5GB | gtok=36880384
[2026-08-25 15:02:41]   [1] 2275 loss=4.8578 ppl=128.7 lr=2.97e-04 | 4472 tok/s (avg 4256) ETA n/a | GPU 2.1/8.5GB | gtok=37289984
[2026-08-25 15:04:12]   [1] 2300 loss=4.8702 ppl=130.3 lr=2.97e-04 | 4473 tok/s (avg 4259) ETA n/a | GPU 2.1/8.5GB | gtok=37699584
[2026-08-25 15:05:44]   [1] 2325 loss=4.9137 ppl=136.1 lr=2.97e-04 | 4482 tok/s (avg 4261) ETA n/a | GPU 2.1/8.5GB | gtok=38109184
[2026-08-25 15:07:17]   [1] 2350 loss=4.8749 ppl=131.0 lr=2.97e-04 | 4380 tok/s (avg 4262) ETA n/a | GPU 2.1/8.5GB | gtok=38518784
[2026-08-25 15:08:51]   [1] 2375 loss=4.9084 ppl=135.4 lr=2.97e-04 | 4365 tok/s (avg 4263) ETA n/a | GPU 2.1/8.5GB | gtok=38928384
[2026-08-25 15:10:26]   [1] 2400 loss=4.6743 ppl=107.2 lr=2.97e-04 | 4326 tok/s (avg 4264) ETA n/a | GPU 2.1/8.5GB | gtok=39337984
[2026-08-25 15:12:02]   [1] 2425 loss=4.7923 ppl=120.6 lr=2.97e-04 | 4247 tok/s (avg 4264) ETA n/a | GPU 2.1/8.5GB | gtok=39747584
[2026-08-25 15:13:35]   [1] 2450 loss=4.7918 ppl=120.5 lr=2.97e-04 | 4385 tok/s (avg 4265) ETA n/a | GPU 2.1/8.5GB | gtok=40157184
[2026-08-25 15:15:08]   [1] 2475 loss=4.8080 ppl=122.5 lr=2.97e-04 | 4435 tok/s (avg 4267) ETA n/a | GPU 2.1/8.5GB | gtok=40566784
[2026-08-25 15:16:40]   [1] 2500 loss=4.8349 ppl=125.8 lr=2.97e-04 | 4443 tok/s (avg 4268) ETA n/a | GPU 2.1/8.5GB | gtok=40976384
[2026-08-25 15:18:12]   [1] 2525 loss=4.8363 ppl=126.0 lr=2.97e-04 | 4436 tok/s (avg 4270) ETA n/a | GPU 2.1/8.5GB | gtok=41385984
[2026-08-25 15:19:46]   [1] 2550 loss=4.6631 ppl=106.0 lr=2.97e-04 | 4380 tok/s (avg 4271) ETA n/a | GPU 2.1/8.5GB | gtok=41795584
[2026-08-25 15:21:18]   [1] 2575 loss=4.6789 ppl=107.7 lr=2.97e-04 | 4443 tok/s (avg 4272) ETA n/a | GPU 2.1/8.5GB | gtok=42205184
[2026-08-25 15:22:50]   [1] 2600 loss=4.7726 ppl=118.2 lr=2.97e-04 | 4438 tok/s (avg 4274) ETA n/a | GPU 2.1/8.5GB | gtok=42614784
[2026-08-25 15:24:23]   [1] 2625 loss=4.9541 ppl=141.8 lr=2.96e-04 | 4432 tok/s (avg 4275) ETA n/a | GPU 2.1/8.5GB | gtok=43024384
[2026-08-25 15:25:55]   [1] 2650 loss=4.9181 ppl=136.7 lr=2.96e-04 | 4445 tok/s (avg 4277) ETA n/a | GPU 2.1/8.5GB | gtok=43433984
[2026-08-25 15:27:28]   [1] 2675 loss=4.8899 ppl=132.9 lr=2.96e-04 | 4392 tok/s (avg 4278) ETA n/a | GPU 2.1/8.5GB | gtok=43843584
[2026-08-25 15:29:02]   [1] 2700 loss=4.8483 ppl=127.5 lr=2.96e-04 | 4350 tok/s (avg 4279) ETA n/a | GPU 2.1/8.5GB | gtok=44253184
[2026-08-25 15:30:35]   [1] 2725 loss=4.6136 ppl=100.8 lr=2.96e-04 | 4430 tok/s (avg 4280) ETA n/a | GPU 2.1/8.5GB | gtok=44662784
[2026-08-25 15:32:07]   [1] 2750 loss=4.4959 ppl=89.6 lr=2.96e-04 | 4422 tok/s (avg 4281) ETA n/a | GPU 2.1/8.5GB | gtok=45072384
[2026-08-25 15:33:39]   [1] 2775 loss=4.6997 ppl=109.9 lr=2.96e-04 | 4484 tok/s (avg 4283) ETA n/a | GPU 2.1/8.5GB | gtok=45481984
[2026-08-25 15:35:10]   [1] 2800 loss=4.7266 ppl=112.9 lr=2.96e-04 | 4466 tok/s (avg 4285) ETA n/a | GPU 2.1/8.5GB | gtok=45891584
[2026-08-25 15:36:42]   [1] 2825 loss=4.7680 ppl=117.7 lr=2.96e-04 | 4453 tok/s (avg 4286) ETA n/a | GPU 2.1/8.5GB | gtok=46301184
[2026-08-25 15:38:15]   [1] 2850 loss=4.9483 ppl=140.9 lr=2.96e-04 | 4442 tok/s (avg 4287) ETA n/a | GPU 2.1/8.5GB | gtok=46710784
[2026-08-25 15:39:47]   [1] 2875 loss=4.4902 ppl=89.1 lr=2.96e-04 | 4451 tok/s (avg 4289) ETA n/a | GPU 2.1/8.5GB | gtok=47120384
[2026-08-25 15:41:19]   [1] 2900 loss=4.7355 ppl=113.9 lr=2.95e-04 | 4452 tok/s (avg 4290) ETA n/a | GPU 2.1/8.5GB | gtok=47529984
[2026-08-25 15:42:51]   [1] 2925 loss=4.9054 ppl=135.0 lr=2.95e-04 | 4434 tok/s (avg 4291) ETA n/a | GPU 2.1/8.5GB | gtok=47939584
[2026-08-25 15:44:24]   [1] 2950 loss=4.6892 ppl=108.8 lr=2.95e-04 | 4431 tok/s (avg 4292) ETA n/a | GPU 2.1/8.5GB | gtok=48349184
[2026-08-25 15:45:56]   [1] 2975 loss=3.8650 ppl=47.7 lr=2.95e-04 | 4426 tok/s (avg 4294) ETA n/a | GPU 2.1/8.5GB | gtok=48758784
[2026-08-25 15:47:29]   [1] 3000 loss=4.5821 ppl=97.7 lr=2.95e-04 | 4429 tok/s (avg 4295) ETA n/a | GPU 2.1/8.5GB | gtok=49168384
[2026-08-25 15:49:01]   [1] 3025 loss=4.7446 ppl=115.0 lr=2.95e-04 | 4436 tok/s (avg 4296) ETA n/a | GPU 2.1/8.5GB | gtok=49577984
[2026-08-25 15:50:33]   [1] 3050 loss=4.3334 ppl=76.2 lr=2.95e-04 | 4432 tok/s (avg 4297) ETA n/a | GPU 2.1/8.5GB | gtok=49987584
[2026-08-25 15:52:08]   [1] 3075 loss=4.8901 ppl=133.0 lr=2.95e-04 | 4344 tok/s (avg 4297) ETA n/a | GPU 2.1/8.5GB | gtok=50397184
[2026-08-25 15:53:40]   [1] 3100 loss=4.4190 ppl=83.0 lr=2.95e-04 | 4422 tok/s (avg 4298) ETA n/a | GPU 2.1/8.5GB | gtok=50806784
[2026-08-25 15:55:13]   [1] 3125 loss=4.3568 ppl=78.0 lr=2.95e-04 | 4435 tok/s (avg 4299) ETA n/a | GPU 2.1/8.5GB | gtok=51216384
[2026-08-25 15:56:45]   [1] 3150 loss=4.4946 ppl=89.5 lr=2.94e-04 | 4435 tok/s (avg 4300) ETA n/a | GPU 2.1/8.5GB | gtok=51625984
[2026-08-25 15:58:17]   [1] 3175 loss=4.5133 ppl=91.2 lr=2.94e-04 | 4424 tok/s (avg 4301) ETA n/a | GPU 2.1/8.5GB | gtok=52035584
[2026-08-25 15:59:50]   [1] 3200 loss=4.5416 ppl=93.8 lr=2.94e-04 | 4437 tok/s (avg 4302) ETA n/a | GPU 2.1/8.5GB | gtok=52445184
[2026-08-25 16:01:22]   [1] 3225 loss=4.4711 ppl=87.5 lr=2.94e-04 | 4435 tok/s (avg 4303) ETA n/a | GPU 2.1/8.5GB | gtok=52854784
[2026-08-25 16:02:54]   [1] 3250 loss=4.3810 ppl=79.9 lr=2.94e-04 | 4453 tok/s (avg 4304) ETA n/a | GPU 2.1/8.5GB | gtok=53264384
[2026-08-25 16:04:26]   [1] 3275 loss=4.5437 ppl=94.0 lr=2.94e-04 | 4452 tok/s (avg 4305) ETA n/a | GPU 2.1/8.5GB | gtok=53673984
[2026-08-25 16:05:58]   [1] 3300 loss=4.3061 ppl=74.1 lr=2.94e-04 | 4445 tok/s (avg 4306) ETA n/a | GPU 2.1/8.5GB | gtok=54083584
[2026-08-25 16:07:31]   [1] 3325 loss=4.5063 ppl=90.6 lr=2.94e-04 | 4426 tok/s (avg 4307) ETA n/a | GPU 2.1/8.5GB | gtok=54493184
[2026-08-25 16:09:04]   [1] 3350 loss=4.3644 ppl=78.6 lr=2.94e-04 | 4377 tok/s (avg 4308) ETA n/a | GPU 2.1/8.5GB | gtok=54902784
[2026-08-25 16:10:38]   [1] 3375 loss=4.4405 ppl=84.8 lr=2.93e-04 | 4399 tok/s (avg 4309) ETA n/a | GPU 2.1/8.5GB | gtok=55312384
[2026-08-25 16:12:11]   [1] 3400 loss=4.5861 ppl=98.1 lr=2.93e-04 | 4384 tok/s (avg 4309) ETA n/a | GPU 2.1/8.5GB | gtok=55721984
[2026-08-25 16:13:46]   [1] 3425 loss=4.3649 ppl=78.6 lr=2.93e-04 | 4315 tok/s (avg 4309) ETA n/a | GPU 2.1/8.5GB | gtok=56131584
[2026-08-25 16:15:20]   [1] 3450 loss=4.6226 ppl=101.8 lr=2.93e-04 | 4353 tok/s (avg 4309) ETA n/a | GPU 2.1/8.5GB | gtok=56541184
[2026-08-25 16:16:53]   [1] 3475 loss=4.4204 ppl=83.1 lr=2.93e-04 | 4413 tok/s (avg 4310) ETA n/a | GPU 2.1/8.5GB | gtok=56950784
[2026-08-25 16:18:26]   [1] 3500 loss=4.5453 ppl=94.2 lr=2.93e-04 | 4380 tok/s (avg 4311) ETA n/a | GPU 2.1/8.5GB | gtok=57360384
[2026-08-25 16:20:02]   [1] 3525 loss=4.6207 ppl=101.6 lr=2.93e-04 | 4301 tok/s (avg 4311) ETA n/a | GPU 2.1/8.5GB | gtok=57769984
[2026-08-25 16:21:37]   [1] 3550 loss=4.5862 ppl=98.1 lr=2.93e-04 | 4304 tok/s (avg 4311) ETA n/a | GPU 2.1/8.5GB | gtok=58179584
[2026-08-25 16:23:09]   [1] 3575 loss=4.6984 ppl=109.8 lr=2.93e-04 | 4430 tok/s (avg 4311) ETA n/a | GPU 2.1/8.5GB | gtok=58589184
[2026-08-25 16:24:41]   [1] 3600 loss=4.4722 ppl=87.6 lr=2.92e-04 | 4450 tok/s (avg 4312) ETA n/a | GPU 2.1/8.5GB | gtok=58998784
[2026-08-25 16:26:15]   [1] 3625 loss=4.6765 ppl=107.4 lr=2.92e-04 | 4363 tok/s (avg 4313) ETA n/a | GPU 2.1/8.5GB | gtok=59408384
[2026-08-25 16:27:49]   [1] 3650 loss=4.6393 ppl=103.5 lr=2.92e-04 | 4347 tok/s (avg 4313) ETA n/a | GPU 2.1/8.5GB | gtok=59817984
[2026-08-25 16:29:23]   [1] 3675 loss=4.5506 ppl=94.7 lr=2.92e-04 | 4391 tok/s (avg 4313) ETA n/a | GPU 2.1/8.5GB | gtok=60227584
[2026-08-25 16:30:55]   [1] 3700 loss=4.6910 ppl=109.0 lr=2.92e-04 | 4442 tok/s (avg 4314) ETA n/a | GPU 2.1/8.5GB | gtok=60637184
[2026-08-25 16:32:27]   [1] 3725 loss=4.6857 ppl=108.4 lr=2.92e-04 | 4422 tok/s (avg 4315) ETA n/a | GPU 2.1/8.5GB | gtok=61046784
[2026-08-25 16:34:01]   [1] 3750 loss=4.5548 ppl=95.1 lr=2.92e-04 | 4365 tok/s (avg 4315) ETA n/a | GPU 2.1/8.5GB | gtok=61456384
[2026-08-25 16:35:36]   [1] 3775 loss=4.4656 ppl=87.0 lr=2.92e-04 | 4339 tok/s (avg 4315) ETA n/a | GPU 2.1/8.5GB | gtok=61865984
[2026-08-25 16:37:10]   [1] 3800 loss=4.4124 ppl=82.5 lr=2.91e-04 | 4364 tok/s (avg 4316) ETA n/a | GPU 2.1/8.5GB | gtok=62275584
[2026-08-25 16:38:44]   [1] 3825 loss=4.7903 ppl=120.3 lr=2.91e-04 | 4353 tok/s (avg 4316) ETA n/a | GPU 2.1/8.5GB | gtok=62685184
[2026-08-25 16:40:17]   [1] 3850 loss=4.5027 ppl=90.3 lr=2.91e-04 | 4366 tok/s (avg 4316) ETA n/a | GPU 2.1/8.5GB | gtok=63094784
[2026-08-25 16:41:51]   [1] 3875 loss=4.7395 ppl=114.4 lr=2.91e-04 | 4381 tok/s (avg 4317) ETA n/a | GPU 2.1/8.5GB | gtok=63504384
[2026-08-25 16:43:26]   [1] 3900 loss=4.2412 ppl=69.5 lr=2.91e-04 | 4315 tok/s (avg 4317) ETA n/a | GPU 2.1/8.5GB | gtok=63913984
[2026-08-25 16:44:59]   [1] 3925 loss=4.7214 ppl=112.3 lr=2.91e-04 | 4386 tok/s (avg 4317) ETA n/a | GPU 2.1/8.5GB | gtok=64323584
[2026-08-25 16:46:33]   [1] 3950 loss=4.6318 ppl=102.7 lr=2.91e-04 | 4368 tok/s (avg 4317) ETA n/a | GPU 2.1/8.5GB | gtok=64733184
[2026-08-25 16:48:08]   [1] 3975 loss=4.6123 ppl=100.7 lr=2.90e-04 | 4326 tok/s (avg 4317) ETA n/a | GPU 2.1/8.5GB | gtok=65142784
[2026-08-25 16:49:42]   [1] 4000 loss=4.7223 ppl=112.4 lr=2.90e-04 | 4356 tok/s (avg 4318) ETA n/a | GPU 2.1/8.5GB | gtok=65552384
[2026-08-25 16:51:15]   [1] 4025 loss=4.6613 ppl=105.8 lr=2.90e-04 | 4389 tok/s (avg 4318) ETA n/a | GPU 2.1/8.5GB | gtok=65961984
[2026-08-25 16:52:48]   [1] 4050 loss=4.1785 ppl=65.3 lr=2.90e-04 | 4404 tok/s (avg 4319) ETA n/a | GPU 2.1/8.5GB | gtok=66371584
[2026-08-25 16:54:22]   [1] 4075 loss=4.4144 ppl=82.6 lr=2.90e-04 | 4381 tok/s (avg 4319) ETA n/a | GPU 2.1/8.5GB | gtok=66781184
[2026-08-25 16:55:55]   [1] 4100 loss=4.6309 ppl=102.6 lr=2.90e-04 | 4400 tok/s (avg 4320) ETA n/a | GPU 2.1/8.5GB | gtok=67190784
[2026-08-25 16:57:28]   [1] 4125 loss=4.4504 ppl=85.7 lr=2.90e-04 | 4373 tok/s (avg 4320) ETA n/a | GPU 2.1/8.5GB | gtok=67600384
[2026-08-25 16:59:01]   [1] 4150 loss=4.1880 ppl=65.9 lr=2.90e-04 | 4435 tok/s (avg 4321) ETA n/a | GPU 2.1/8.5GB | gtok=68009984
[2026-08-25 17:00:33]   [1] 4175 loss=4.6106 ppl=100.5 lr=2.89e-04 | 4445 tok/s (avg 4321) ETA n/a | GPU 2.1/8.5GB | gtok=68419584
[2026-08-25 17:02:06]   [1] 4200 loss=4.5100 ppl=90.9 lr=2.89e-04 | 4413 tok/s (avg 4322) ETA n/a | GPU 2.1/8.5GB | gtok=68829184
[2026-08-25 17:03:41]   [1] 4225 loss=4.4121 ppl=82.4 lr=2.89e-04 | 4320 tok/s (avg 4322) ETA n/a | GPU 2.1/8.5GB | gtok=69238784
[2026-08-25 17:05:14]   [1] 4250 loss=4.5302 ppl=92.8 lr=2.89e-04 | 4382 tok/s (avg 4322) ETA n/a | GPU 2.1/8.5GB | gtok=69648384
[2026-08-25 17:06:46]   [1] 4275 loss=4.2446 ppl=69.7 lr=2.89e-04 | 4450 tok/s (avg 4323) ETA n/a | GPU 2.1/8.5GB | gtok=70057984
[2026-08-25 17:08:18]   [1] 4300 loss=4.5658 ppl=96.1 lr=2.89e-04 | 4430 tok/s (avg 4323) ETA n/a | GPU 2.1/8.5GB | gtok=70467584
[2026-08-25 17:09:51]   [1] 4325 loss=4.2604 ppl=70.8 lr=2.89e-04 | 4437 tok/s (avg 4324) ETA n/a | GPU 2.1/8.5GB | gtok=70877184
[2026-08-25 17:11:24]   [1] 4350 loss=4.5729 ppl=96.8 lr=2.88e-04 | 4393 tok/s (avg 4325) ETA n/a | GPU 2.1/8.5GB | gtok=71286784
[2026-08-25 17:12:59]   [1] 4375 loss=4.3659 ppl=78.7 lr=2.88e-04 | 4330 tok/s (avg 4325) ETA n/a | GPU 2.1/8.5GB | gtok=71696384
[2026-08-25 17:14:37]   [1] 4400 loss=4.4301 ppl=83.9 lr=2.88e-04 | 4172 tok/s (avg 4324) ETA n/a | GPU 2.1/8.5GB | gtok=72105984
[2026-08-25 17:16:15]   [1] 4425 loss=4.5809 ppl=97.6 lr=2.88e-04 | 4181 tok/s (avg 4323) ETA n/a | GPU 2.1/8.5GB | gtok=72515584
[2026-08-25 17:17:53]   [1] 4450 loss=4.5526 ppl=94.9 lr=2.88e-04 | 4169 tok/s (avg 4322) ETA n/a | GPU 2.1/8.5GB | gtok=72925184
[2026-08-25 17:19:34]   [1] 4475 loss=4.3719 ppl=79.2 lr=2.88e-04 | 4070 tok/s (avg 4320) ETA n/a | GPU 2.1/8.5GB | gtok=73334784
[2026-08-25 17:21:11]   [1] 4500 loss=4.3784 ppl=79.7 lr=2.87e-04 | 4224 tok/s (avg 4320) ETA n/a | GPU 2.1/8.5GB | gtok=73744384
[2026-08-25 17:22:45]   [1] 4525 loss=4.6508 ppl=104.7 lr=2.87e-04 | 4323 tok/s (avg 4320) ETA n/a | GPU 2.1/8.5GB | gtok=74153984
[2026-08-25 17:24:26]   [1] 4550 loss=4.4847 ppl=88.6 lr=2.87e-04 | 4090 tok/s (avg 4319) ETA n/a | GPU 2.1/8.5GB | gtok=74563584
[2026-08-25 17:26:03]   [1] 4575 loss=3.9712 ppl=53.0 lr=2.87e-04 | 4185 tok/s (avg 4318) ETA n/a | GPU 2.1/8.5GB | gtok=74973184
[2026-08-25 17:27:36]   [1] 4600 loss=4.4018 ppl=81.6 lr=2.87e-04 | 4442 tok/s (avg 4318) ETA n/a | GPU 2.1/8.5GB | gtok=75382784
[2026-08-25 17:29:08]   [1] 4625 loss=4.6106 ppl=100.5 lr=2.87e-04 | 4416 tok/s (avg 4319) ETA n/a | GPU 2.1/8.5GB | gtok=75792384
[2026-08-25 17:30:42]   [1] 4650 loss=4.4582 ppl=86.3 lr=2.87e-04 | 4383 tok/s (avg 4319) ETA n/a | GPU 2.1/8.5GB | gtok=76201984
[2026-08-25 17:32:16]   [1] 4675 loss=4.3003 ppl=73.7 lr=2.86e-04 | 4371 tok/s (avg 4320) ETA n/a | GPU 2.1/8.5GB | gtok=76611584
[2026-08-25 17:33:49]   [1] 4700 loss=4.4055 ppl=81.9 lr=2.86e-04 | 4369 tok/s (avg 4320) ETA n/a | GPU 2.1/8.5GB | gtok=77021184
[2026-08-25 17:35:22]   [1] 4725 loss=4.4544 ppl=86.0 lr=2.86e-04 | 4423 tok/s (avg 4320) ETA n/a | GPU 2.1/8.5GB | gtok=77430784
[2026-08-25 17:36:55]   [1] 4750 loss=4.1881 ppl=65.9 lr=2.86e-04 | 4399 tok/s (avg 4321) ETA n/a | GPU 2.1/8.5GB | gtok=77840384
[2026-08-25 17:38:29]   [1] 4775 loss=4.3529 ppl=77.7 lr=2.86e-04 | 4363 tok/s (avg 4321) ETA n/a | GPU 2.1/8.5GB | gtok=78249984
[2026-08-25 17:40:05]   [1] 4800 loss=4.4939 ppl=89.5 lr=2.86e-04 | 4282 tok/s (avg 4321) ETA n/a | GPU 2.1/8.5GB | gtok=78659584
[2026-08-25 17:41:38]   [1] 4825 loss=3.8133 ppl=45.3 lr=2.85e-04 | 4401 tok/s (avg 4321) ETA n/a | GPU 2.1/8.5GB | gtok=79069184
[2026-08-25 17:43:12]   [1] 4850 loss=4.4091 ppl=82.2 lr=2.85e-04 | 4339 tok/s (avg 4321) ETA n/a | GPU 2.1/8.5GB | gtok=79478784
[2026-08-25 17:44:44]   [1] 4875 loss=4.4517 ppl=85.8 lr=2.85e-04 | 4436 tok/s (avg 4322) ETA n/a | GPU 2.1/8.5GB | gtok=79888384
[2026-08-25 17:46:19]   [1] 4900 loss=4.2931 ppl=73.2 lr=2.85e-04 | 4329 tok/s (avg 4322) ETA n/a | GPU 2.1/8.5GB | gtok=80297984
[2026-08-25 17:47:55]   [1] 4925 loss=4.3531 ppl=77.7 lr=2.85e-04 | 4246 tok/s (avg 4322) ETA n/a | GPU 2.1/8.5GB | gtok=80707584
[2026-08-25 17:49:31]   [1] 4950 loss=4.5080 ppl=90.7 lr=2.85e-04 | 4302 tok/s (avg 4321) ETA n/a | GPU 2.1/8.5GB | gtok=81117184
[2026-08-25 17:51:04]   [1] 4975 loss=4.4014 ppl=81.6 lr=2.84e-04 | 4366 tok/s (avg 4322) ETA n/a | GPU 2.1/8.5GB | gtok=81526784
[2026-08-25 17:52:38] Saved checkpoint: checkpoints_v13/500m_v13_B_recall/latest.pt
[2026-08-25 17:52:38]   [checkpoint @ step 5000, 81,920,000 tok]
[2026-08-25 17:52:41]   [1] 5000 loss=4.2871 ppl=72.8 lr=2.84e-04 | 4221 tok/s (avg 4321) ETA n/a | GPU 2.1/8.5GB | gtok=81936384
[2026-08-25 17:52:46]   [mid-epoch sample @ batch 5000, 81,936,384 tok]
[2026-08-25 17:52:46]   Prompt: In 1923, the University of
[2026-08-25 17:52:46]   Generated: In 1923, the University of Minnesota was appointed to a U.S. state legislature that was elected as vice president; he agreed on a national treaty with Congress and its legislative provisions in his law, and then passed away by the Federal government.
[2026-08-25 17:52:46] The states were all over the same line that followed in the second half of the nineteenth century, and this did not take up a step further before the Constitution had signed up by the Congress, but they were able to leave for any new Constitution in the United States, including the US
[2026-08-25 17:54:53]   [1] 5025 loss=4.0770 ppl=59.0 lr=2.84e-04 | 3122 tok/s (avg 4313) ETA n/a | GPU 2.1/8.5GB | gtok=82345984
[2026-08-25 17:57:54]   [1] 5050 loss=4.7653 ppl=117.4 lr=2.84e-04 | 2259 tok/s (avg 4294) ETA n/a | GPU 2.1/8.5GB | gtok=82755584
[2026-08-25 18:00:46]   [1] 5075 loss=4.5093 ppl=90.9 lr=2.84e-04 | 2386 tok/s (avg 4277) ETA n/a | GPU 2.1/8.5GB | gtok=83165184
[2026-08-25 18:02:22]   [1] 5100 loss=4.4999 ppl=90.0 lr=2.83e-04 | 4264 tok/s (avg 4277) ETA n/a | GPU 2.1/8.5GB | gtok=83574784
[2026-08-25 18:03:57]   [1] 5125 loss=4.3911 ppl=80.7 lr=2.83e-04 | 4281 tok/s (avg 4277) ETA n/a | GPU 2.1/8.5GB | gtok=83984384
[2026-08-25 18:05:30]   [1] 5150 loss=4.3540 ppl=77.8 lr=2.83e-04 | 4430 tok/s (avg 4277) ETA n/a | GPU 2.1/8.5GB | gtok=84393984
[2026-08-25 18:07:02]   [1] 5175 loss=4.1921 ppl=66.2 lr=2.83e-04 | 4441 tok/s (avg 4278) ETA n/a | GPU 2.1/8.5GB | gtok=84803584
[2026-08-25 18:08:40]   [1] 5200 loss=4.6347 ppl=103.0 lr=2.83e-04 | 4197 tok/s (avg 4278) ETA n/a | GPU 2.1/8.5GB | gtok=85213184
[2026-08-25 18:10:16]   [1] 5225 loss=4.4689 ppl=87.3 lr=2.83e-04 | 4251 tok/s (avg 4278) ETA n/a | GPU 2.1/8.5GB | gtok=85622784
[2026-08-25 18:11:49]   [1] 5250 loss=4.2021 ppl=66.8 lr=2.82e-04 | 4416 tok/s (avg 4278) ETA n/a | GPU 2.1/8.5GB | gtok=86032384
[2026-08-25 18:13:22]   [1] 5275 loss=4.4665 ppl=87.1 lr=2.82e-04 | 4388 tok/s (avg 4279) ETA n/a | GPU 2.1/8.5GB | gtok=86441984
[2026-08-25 18:14:58]   [1] 5300 loss=4.3375 ppl=76.5 lr=2.82e-04 | 4273 tok/s (avg 4279) ETA n/a | GPU 2.1/8.5GB | gtok=86851584
[2026-08-25 18:16:33]   [1] 5325 loss=4.3462 ppl=77.2 lr=2.82e-04 | 4308 tok/s (avg 4279) ETA n/a | GPU 2.1/8.5GB | gtok=87261184
[2026-08-25 18:18:07]   [1] 5350 loss=4.2995 ppl=73.7 lr=2.82e-04 | 4341 tok/s (avg 4279) ETA n/a | GPU 2.1/8.5GB | gtok=87670784
[2026-08-25 18:19:41]   [1] 5375 loss=4.6776 ppl=107.5 lr=2.81e-04 | 4368 tok/s (avg 4280) ETA n/a | GPU 2.1/8.5GB | gtok=88080384
[2026-08-25 18:21:15]   [1] 5400 loss=4.4766 ppl=87.9 lr=2.81e-04 | 4369 tok/s (avg 4280) ETA n/a | GPU 2.1/8.5GB | gtok=88489984
[2026-08-25 18:22:49]   [1] 5425 loss=4.4699 ppl=87.4 lr=2.81e-04 | 4361 tok/s (avg 4280) ETA n/a | GPU 2.1/8.5GB | gtok=88899584
[2026-08-25 18:24:23]   [1] 5450 loss=4.2782 ppl=72.1 lr=2.81e-04 | 4372 tok/s (avg 4281) ETA n/a | GPU 2.1/8.5GB | gtok=89309184
[2026-08-25 18:25:55]   [1] 5475 loss=4.3989 ppl=81.4 lr=2.81e-04 | 4450 tok/s (avg 4282) ETA n/a | GPU 2.1/8.5GB | gtok=89718784
[2026-08-25 18:27:27]   [1] 5500 loss=4.2451 ppl=69.8 lr=2.81e-04 | 4452 tok/s (avg 4282) ETA n/a | GPU 2.1/8.5GB | gtok=90128384
[2026-08-25 18:29:00]   [1] 5525 loss=4.3307 ppl=76.0 lr=2.80e-04 | 4389 tok/s (avg 4283) ETA n/a | GPU 2.1/8.5GB | gtok=90537984
[2026-08-25 18:30:37]   [1] 5550 loss=4.0932 ppl=59.9 lr=2.80e-04 | 4236 tok/s (avg 4283) ETA n/a | GPU 2.1/8.5GB | gtok=90947584
[2026-08-25 18:32:12]   [1] 5575 loss=4.4315 ppl=84.1 lr=2.80e-04 | 4313 tok/s (avg 4283) ETA n/a | GPU 2.1/8.5GB | gtok=91357184
[2026-08-25 18:33:46]   [1] 5600 loss=4.2979 ppl=73.5 lr=2.80e-04 | 4342 tok/s (avg 4283) ETA n/a | GPU 2.1/8.5GB | gtok=91766784
[2026-08-25 18:35:21]   [1] 5625 loss=4.2524 ppl=70.3 lr=2.80e-04 | 4319 tok/s (avg 4283) ETA n/a | GPU 2.1/8.5GB | gtok=92176384
[2026-08-25 18:36:54]   [1] 5650 loss=4.3600 ppl=78.3 lr=2.79e-04 | 4405 tok/s (avg 4284) ETA n/a | GPU 2.1/8.5GB | gtok=92585984
[2026-08-25 18:38:26]   [1] 5675 loss=3.6249 ppl=37.5 lr=2.79e-04 | 4429 tok/s (avg 4284) ETA n/a | GPU 2.1/8.5GB | gtok=92995584
[2026-08-25 18:39:59]   [1] 5700 loss=4.4917 ppl=89.3 lr=2.79e-04 | 4401 tok/s (avg 4285) ETA n/a | GPU 2.1/8.5GB | gtok=93405184
[2026-08-25 18:41:32]   [1] 5725 loss=4.4967 ppl=89.7 lr=2.79e-04 | 4423 tok/s (avg 4285) ETA n/a | GPU 2.1/8.5GB | gtok=93814784
[2026-08-25 18:43:06]   [1] 5750 loss=4.1628 ppl=64.3 lr=2.79e-04 | 4376 tok/s (avg 4286) ETA n/a | GPU 2.1/8.5GB | gtok=94224384
[2026-08-25 18:44:41]   [1] 5775 loss=4.2046 ppl=67.0 lr=2.78e-04 | 4287 tok/s (avg 4286) ETA n/a | GPU 2.1/8.5GB | gtok=94633984
[2026-08-25 18:46:14]   [1] 5800 loss=4.1265 ppl=62.0 lr=2.78e-04 | 4431 tok/s (avg 4286) ETA n/a | GPU 2.1/8.5GB | gtok=95043584
[2026-08-25 18:47:46]   [1] 5825 loss=4.4584 ppl=86.4 lr=2.78e-04 | 4422 tok/s (avg 4287) ETA n/a | GPU 2.1/8.5GB | gtok=95453184
[2026-08-25 18:49:19]   [1] 5850 loss=4.3178 ppl=75.0 lr=2.78e-04 | 4411 tok/s (avg 4287) ETA n/a | GPU 2.1/8.5GB | gtok=95862784
[2026-08-25 18:50:51]   [1] 5875 loss=4.0710 ppl=58.6 lr=2.78e-04 | 4432 tok/s (avg 4288) ETA n/a | GPU 2.1/8.5GB | gtok=96272384
[2026-08-25 18:52:24]   [1] 5900 loss=4.4521 ppl=85.8 lr=2.77e-04 | 4420 tok/s (avg 4289) ETA n/a | GPU 2.1/8.5GB | gtok=96681984
[2026-08-25 18:53:57]   [1] 5925 loss=4.5207 ppl=91.9 lr=2.77e-04 | 4395 tok/s (avg 4289) ETA n/a | GPU 2.1/8.5GB | gtok=97091584
[2026-08-25 18:55:30]   [1] 5950 loss=3.9293 ppl=50.9 lr=2.77e-04 | 4426 tok/s (avg 4290) ETA n/a | GPU 2.1/8.5GB | gtok=97501184
[2026-08-25 18:57:03]   [1] 5975 loss=4.3195 ppl=75.1 lr=2.77e-04 | 4417 tok/s (avg 4290) ETA n/a | GPU 2.1/8.5GB | gtok=97910784
[2026-08-25 18:58:35]   [1] 6000 loss=4.1954 ppl=66.4 lr=2.77e-04 | 4408 tok/s (avg 4290) ETA n/a | GPU 2.1/8.5GB | gtok=98320384
[2026-08-25 19:00:09]   [1] 6025 loss=3.8892 ppl=48.9 lr=2.76e-04 | 4384 tok/s (avg 4291) ETA n/a | GPU 2.1/8.5GB | gtok=98729984
[2026-08-25 19:01:42]   [1] 6050 loss=4.4414 ppl=84.9 lr=2.76e-04 | 4416 tok/s (avg 4291) ETA n/a | GPU 2.1/8.5GB | gtok=99139584
[2026-08-25 19:03:14]   [1] 6075 loss=4.1962 ppl=66.4 lr=2.76e-04 | 4414 tok/s (avg 4292) ETA n/a | GPU 2.1/8.5GB | gtok=99549184
[2026-08-25 19:04:47]   [1] 6100 loss=4.5973 ppl=99.2 lr=2.76e-04 | 4420 tok/s (avg 4292) ETA n/a | GPU 2.1/8.5GB | gtok=99958784
[2026-08-25 19:06:20]   [1] 6125 loss=3.8417 ppl=46.6 lr=2.76e-04 | 4403 tok/s (avg 4293) ETA n/a | GPU 2.1/8.5GB | gtok=100368384
[2026-08-25 19:07:53]   [1] 6150 loss=4.0294 ppl=56.2 lr=2.75e-04 | 4428 tok/s (avg 4293) ETA n/a | GPU 2.1/8.5GB | gtok=100777984
[2026-08-25 19:09:26]   [1] 6175 loss=4.3281 ppl=75.8 lr=2.75e-04 | 4395 tok/s (avg 4294) ETA n/a | GPU 2.1/8.5GB | gtok=101187584
[2026-08-25 19:10:58]   [1] 6200 loss=4.2002 ppl=66.7 lr=2.75e-04 | 4421 tok/s (avg 4294) ETA n/a | GPU 2.1/8.5GB | gtok=101597184
[2026-08-25 19:12:31]   [1] 6225 loss=4.3178 ppl=75.0 lr=2.75e-04 | 4425 tok/s (avg 4295) ETA n/a | GPU 2.1/8.5GB | gtok=102006784
[2026-08-25 19:14:03]   [1] 6250 loss=3.8526 ppl=47.1 lr=2.74e-04 | 4435 tok/s (avg 4295) ETA n/a | GPU 2.1/8.5GB | gtok=102416384
[2026-08-25 19:15:36]   [1] 6275 loss=4.4710 ppl=87.4 lr=2.74e-04 | 4431 tok/s (avg 4296) ETA n/a | GPU 2.1/8.5GB | gtok=102825984
[2026-08-25 19:17:09]   [1] 6300 loss=4.2249 ppl=68.4 lr=2.74e-04 | 4419 tok/s (avg 4296) ETA n/a | GPU 2.1/8.5GB | gtok=103235584
[2026-08-25 19:18:41]   [1] 6325 loss=4.3710 ppl=79.1 lr=2.74e-04 | 4426 tok/s (avg 4297) ETA n/a | GPU 2.1/8.5GB | gtok=103645184
[2026-08-25 19:20:13]   [1] 6350 loss=4.4207 ppl=83.2 lr=2.74e-04 | 4435 tok/s (avg 4297) ETA n/a | GPU 2.1/8.5GB | gtok=104054784
[2026-08-25 19:21:46]   [1] 6375 loss=4.0980 ppl=60.2 lr=2.73e-04 | 4427 tok/s (avg 4298) ETA n/a | GPU 2.1/8.5GB | gtok=104464384
[2026-08-25 19:23:18]   [1] 6400 loss=4.2646 ppl=71.1 lr=2.73e-04 | 4431 tok/s (avg 4298) ETA n/a | GPU 2.1/8.5GB | gtok=104873984
[2026-08-25 19:24:51]   [1] 6425 loss=4.1235 ppl=61.8 lr=2.73e-04 | 4427 tok/s (avg 4299) ETA n/a | GPU 2.1/8.5GB | gtok=105283584
[2026-08-25 19:26:24]   [1] 6450 loss=3.8248 ppl=45.8 lr=2.73e-04 | 4420 tok/s (avg 4299) ETA n/a | GPU 2.1/8.5GB | gtok=105693184
[2026-08-25 19:27:56]   [1] 6475 loss=4.5196 ppl=91.8 lr=2.72e-04 | 4429 tok/s (avg 4300) ETA n/a | GPU 2.1/8.5GB | gtok=106102784
[2026-08-25 19:29:29]   [1] 6500 loss=4.4235 ppl=83.4 lr=2.72e-04 | 4424 tok/s (avg 4300) ETA n/a | GPU 2.1/8.5GB | gtok=106512384
[2026-08-25 19:31:01]   [1] 6525 loss=4.3088 ppl=74.4 lr=2.72e-04 | 4422 tok/s (avg 4301) ETA n/a | GPU 2.1/8.5GB | gtok=106921984
[2026-08-25 19:32:35]   [1] 6550 loss=4.0386 ppl=56.7 lr=2.72e-04 | 4372 tok/s (avg 4301) ETA n/a | GPU 2.1/8.5GB | gtok=107331584
[2026-08-25 19:34:07]   [1] 6575 loss=4.0750 ppl=58.9 lr=2.72e-04 | 4444 tok/s (avg 4301) ETA n/a | GPU 2.1/8.5GB | gtok=107741184
[2026-08-25 19:35:39]   [1] 6600 loss=4.2683 ppl=71.4 lr=2.71e-04 | 4478 tok/s (avg 4302) ETA n/a | GPU 2.1/8.5GB | gtok=108150784
[2026-08-25 19:37:10]   [1] 6625 loss=4.4253 ppl=83.5 lr=2.71e-04 | 4471 tok/s (avg 4303) ETA n/a | GPU 2.1/8.5GB | gtok=108560384
[2026-08-25 19:38:42]   [1] 6650 loss=4.2445 ppl=69.7 lr=2.71e-04 | 4477 tok/s (avg 4303) ETA n/a | GPU 2.1/8.5GB | gtok=108969984
[2026-08-25 19:40:13]   [1] 6675 loss=4.2916 ppl=73.1 lr=2.71e-04 | 4476 tok/s (avg 4304) ETA n/a | GPU 2.1/8.5GB | gtok=109379584
[2026-08-25 19:41:45]   [1] 6700 loss=3.9582 ppl=52.4 lr=2.70e-04 | 4471 tok/s (avg 4305) ETA n/a | GPU 2.1/8.5GB | gtok=109789184
[2026-08-25 19:43:16]   [1] 6725 loss=4.3793 ppl=79.8 lr=2.70e-04 | 4472 tok/s (avg 4305) ETA n/a | GPU 2.1/8.5GB | gtok=110198784
[2026-08-25 19:44:48]   [1] 6750 loss=4.2760 ppl=72.0 lr=2.70e-04 | 4474 tok/s (avg 4306) ETA n/a | GPU 2.1/8.5GB | gtok=110608384
[2026-08-25 19:46:20]   [1] 6775 loss=4.5799 ppl=97.5 lr=2.70e-04 | 4474 tok/s (avg 4306) ETA n/a | GPU 2.1/8.5GB | gtok=111017984
[2026-08-25 19:47:51]   [1] 6800 loss=4.0447 ppl=57.1 lr=2.70e-04 | 4467 tok/s (avg 4307) ETA n/a | GPU 2.1/8.5GB | gtok=111427584
[2026-08-25 19:49:23]   [1] 6825 loss=4.3676 ppl=78.9 lr=2.69e-04 | 4470 tok/s (avg 4308) ETA n/a | GPU 2.1/8.5GB | gtok=111837184
[2026-08-25 19:50:55]   [1] 6850 loss=4.2921 ppl=73.1 lr=2.69e-04 | 4464 tok/s (avg 4308) ETA n/a | GPU 2.1/8.5GB | gtok=112246784
[2026-08-25 19:52:26]   [1] 6875 loss=4.3406 ppl=76.8 lr=2.69e-04 | 4478 tok/s (avg 4309) ETA n/a | GPU 2.1/8.5GB | gtok=112656384
[2026-08-25 19:53:58]   [1] 6900 loss=4.1559 ppl=63.8 lr=2.69e-04 | 4472 tok/s (avg 4309) ETA n/a | GPU 2.1/8.5GB | gtok=113065984
[2026-08-25 19:55:29]   [1] 6925 loss=4.3601 ppl=78.3 lr=2.68e-04 | 4477 tok/s (avg 4310) ETA n/a | GPU 2.1/8.5GB | gtok=113475584
[2026-08-25 19:57:01]   [1] 6950 loss=4.1899 ppl=66.0 lr=2.68e-04 | 4468 tok/s (avg 4310) ETA n/a | GPU 2.1/8.5GB | gtok=113885184
[2026-08-25 19:58:32]   [1] 6975 loss=4.3696 ppl=79.0 lr=2.68e-04 | 4472 tok/s (avg 4311) ETA n/a | GPU 2.1/8.5GB | gtok=114294784
[2026-08-25 20:00:04]   [1] 7000 loss=4.3027 ppl=73.9 lr=2.68e-04 | 4469 tok/s (avg 4311) ETA n/a | GPU 2.1/8.5GB | gtok=114704384
[2026-08-25 20:01:36]   [1] 7025 loss=4.5501 ppl=94.6 lr=2.67e-04 | 4473 tok/s (avg 4312) ETA n/a | GPU 2.1/8.5GB | gtok=115113984
[2026-08-25 20:03:07]   [1] 7050 loss=4.3808 ppl=79.9 lr=2.67e-04 | 4476 tok/s (avg 4313) ETA n/a | GPU 2.1/8.5GB | gtok=115523584
[2026-08-25 20:04:39]   [1] 7075 loss=4.2211 ppl=68.1 lr=2.67e-04 | 4473 tok/s (avg 4313) ETA n/a | GPU 2.1/8.5GB | gtok=115933184
[2026-08-25 20:06:10]   [1] 7100 loss=4.1183 ppl=61.5 lr=2.67e-04 | 4468 tok/s (avg 4314) ETA n/a | GPU 2.1/8.5GB | gtok=116342784
[2026-08-25 20:07:42]   [1] 7125 loss=4.2258 ppl=68.4 lr=2.66e-04 | 4471 tok/s (avg 4314) ETA n/a | GPU 2.1/8.5GB | gtok=116752384
[2026-08-25 20:09:14]   [1] 7150 loss=4.2540 ppl=70.4 lr=2.66e-04 | 4475 tok/s (avg 4315) ETA n/a | GPU 2.1/8.5GB | gtok=117161984
[2026-08-25 20:10:45]   [1] 7175 loss=4.4982 ppl=89.9 lr=2.66e-04 | 4486 tok/s (avg 4315) ETA n/a | GPU 2.1/8.5GB | gtok=117571584
[2026-08-25 20:12:16]   [1] 7200 loss=4.1652 ppl=64.4 lr=2.66e-04 | 4475 tok/s (avg 4316) ETA n/a | GPU 2.1/8.5GB | gtok=117981184
[2026-08-25 20:13:48]   [1] 7225 loss=3.8002 ppl=44.7 lr=2.65e-04 | 4477 tok/s (avg 4316) ETA n/a | GPU 2.1/8.5GB | gtok=118390784
[2026-08-25 20:15:19]   [1] 7250 loss=4.3544 ppl=77.8 lr=2.65e-04 | 4473 tok/s (avg 4317) ETA n/a | GPU 2.1/8.5GB | gtok=118800384
[2026-08-25 20:16:51]   [1] 7275 loss=4.1150 ppl=61.3 lr=2.65e-04 | 4473 tok/s (avg 4317) ETA n/a | GPU 2.1/8.5GB | gtok=119209984
[2026-08-25 20:18:23]   [1] 7300 loss=4.2703 ppl=71.5 lr=2.65e-04 | 4472 tok/s (avg 4318) ETA n/a | GPU 2.1/8.5GB | gtok=119619584
[2026-08-25 20:19:54]   [1] 7325 loss=4.1936 ppl=66.3 lr=2.64e-04 | 4480 tok/s (avg 4318) ETA n/a | GPU 2.1/8.5GB | gtok=120029184
[2026-08-25 20:21:26]   [1] 7350 loss=4.5527 ppl=94.9 lr=2.64e-04 | 4470 tok/s (avg 4319) ETA n/a | GPU 2.1/8.5GB | gtok=120438784
[2026-08-25 20:22:57]   [1] 7375 loss=4.2478 ppl=70.0 lr=2.64e-04 | 4475 tok/s (avg 4319) ETA n/a | GPU 2.1/8.5GB | gtok=120848384
[2026-08-25 20:24:29]   [1] 7400 loss=4.3183 ppl=75.1 lr=2.64e-04 | 4469 tok/s (avg 4320) ETA n/a | GPU 2.1/8.5GB | gtok=121257984
[2026-08-25 20:26:00]   [1] 7425 loss=4.4849 ppl=88.7 lr=2.63e-04 | 4479 tok/s (avg 4320) ETA n/a | GPU 2.1/8.5GB | gtok=121667584
[2026-08-25 20:27:32]   [1] 7450 loss=4.2832 ppl=72.5 lr=2.63e-04 | 4480 tok/s (avg 4321) ETA n/a | GPU 2.1/8.5GB | gtok=122077184
[2026-08-25 20:29:03]   [1] 7475 loss=4.0177 ppl=55.6 lr=2.63e-04 | 4477 tok/s (avg 4322) ETA n/a | GPU 2.1/8.5GB | gtok=122486784
[2026-08-25 20:30:35]   [1] 7500 loss=4.4445 ppl=85.2 lr=2.63e-04 | 4479 tok/s (avg 4322) ETA n/a | GPU 2.1/8.5GB | gtok=122896384
[2026-08-25 20:32:06]   [1] 7525 loss=4.4128 ppl=82.5 lr=2.62e-04 | 4472 tok/s (avg 4322) ETA n/a | GPU 2.1/8.5GB | gtok=123305984
[2026-08-25 20:33:38]   [1] 7550 loss=4.3482 ppl=77.3 lr=2.62e-04 | 4469 tok/s (avg 4323) ETA n/a | GPU 2.1/8.5GB | gtok=123715584
[2026-08-25 20:35:09]   [1] 7575 loss=4.4751 ppl=87.8 lr=2.62e-04 | 4473 tok/s (avg 4323) ETA n/a | GPU 2.1/8.5GB | gtok=124125184
[2026-08-25 20:36:41]   [1] 7600 loss=4.2592 ppl=70.8 lr=2.62e-04 | 4476 tok/s (avg 4324) ETA n/a | GPU 2.1/8.5GB | gtok=124534784
[2026-08-25 20:38:13]   [1] 7625 loss=4.2657 ppl=71.2 lr=2.61e-04 | 4471 tok/s (avg 4324) ETA n/a | GPU 2.1/8.5GB | gtok=124944384
[2026-08-25 20:39:44]   [1] 7650 loss=4.2389 ppl=69.3 lr=2.61e-04 | 4487 tok/s (avg 4325) ETA n/a | GPU 2.1/8.5GB | gtok=125353984
[2026-08-25 20:41:15]   [1] 7675 loss=4.4482 ppl=85.5 lr=2.61e-04 | 4481 tok/s (avg 4325) ETA n/a | GPU 2.1/8.5GB | gtok=125763584
[2026-08-25 20:42:47]   [1] 7700 loss=3.9998 ppl=54.6 lr=2.61e-04 | 4473 tok/s (avg 4326) ETA n/a | GPU 2.1/8.5GB | gtok=126173184
[2026-08-25 20:44:18]   [1] 7725 loss=4.3533 ppl=77.7 lr=2.60e-04 | 4476 tok/s (avg 4326) ETA n/a | GPU 2.1/8.5GB | gtok=126582784
[2026-08-25 20:45:50]   [1] 7750 loss=4.5680 ppl=96.4 lr=2.60e-04 | 4469 tok/s (avg 4327) ETA n/a | GPU 2.1/8.5GB | gtok=126992384
[2026-08-25 20:47:22]   [1] 7775 loss=4.2690 ppl=71.5 lr=2.60e-04 | 4473 tok/s (avg 4327) ETA n/a | GPU 2.1/8.5GB | gtok=127401984
[2026-08-25 20:48:53]   [1] 7800 loss=4.2512 ppl=70.2 lr=2.60e-04 | 4474 tok/s (avg 4328) ETA n/a | GPU 2.1/8.5GB | gtok=127811584
[2026-08-25 20:50:25]   [1] 7825 loss=4.2609 ppl=70.9 lr=2.59e-04 | 4467 tok/s (avg 4328) ETA n/a | GPU 2.1/8.5GB | gtok=128221184
[2026-08-25 20:51:56]   [1] 7850 loss=4.1304 ppl=62.2 lr=2.59e-04 | 4470 tok/s (avg 4329) ETA n/a | GPU 2.1/8.5GB | gtok=128630784
[2026-08-25 20:53:28]   [1] 7875 loss=4.3512 ppl=77.6 lr=2.59e-04 | 4470 tok/s (avg 4329) ETA n/a | GPU 2.1/8.5GB | gtok=129040384
[2026-08-25 20:55:00]   [1] 7900 loss=4.3820 ppl=80.0 lr=2.59e-04 | 4477 tok/s (avg 4329) ETA n/a | GPU 2.1/8.5GB | gtok=129449984
[2026-08-25 20:56:31]   [1] 7925 loss=4.0127 ppl=55.3 lr=2.58e-04 | 4475 tok/s (avg 4330) ETA n/a | GPU 2.1/8.5GB | gtok=129859584
[2026-08-25 20:58:03]   [1] 7950 loss=4.1203 ppl=61.6 lr=2.58e-04 | 4482 tok/s (avg 4330) ETA n/a | GPU 2.1/8.5GB | gtok=130269184
[2026-08-25 20:59:34]   [1] 7975 loss=4.4143 ppl=82.6 lr=2.58e-04 | 4473 tok/s (avg 4331) ETA n/a | GPU 2.1/8.5GB | gtok=130678784
[2026-08-25 21:01:06]   [1] 8000 loss=4.1385 ppl=62.7 lr=2.57e-04 | 4477 tok/s (avg 4331) ETA n/a | GPU 2.1/8.5GB | gtok=131088384
[2026-08-25 21:02:37]   [1] 8025 loss=4.4152 ppl=82.7 lr=2.57e-04 | 4478 tok/s (avg 4332) ETA n/a | GPU 2.1/8.5GB | gtok=131497984
[2026-08-25 21:04:09]   [1] 8050 loss=3.8881 ppl=48.8 lr=2.57e-04 | 4475 tok/s (avg 4332) ETA n/a | GPU 2.1/8.5GB | gtok=131907584
[2026-08-25 21:05:40]   [1] 8075 loss=4.0694 ppl=58.5 lr=2.57e-04 | 4474 tok/s (avg 4333) ETA n/a | GPU 2.1/8.5GB | gtok=132317184
[2026-08-25 21:07:12]   [1] 8100 loss=4.4759 ppl=87.9 lr=2.56e-04 | 4469 tok/s (avg 4333) ETA n/a | GPU 2.1/8.5GB | gtok=132726784
[2026-08-25 21:08:43]   [1] 8125 loss=4.4701 ppl=87.4 lr=2.56e-04 | 4473 tok/s (avg 4333) ETA n/a | GPU 2.1/8.5GB | gtok=133136384
[2026-08-25 21:10:15]   [1] 8150 loss=4.2316 ppl=68.8 lr=2.56e-04 | 4476 tok/s (avg 4334) ETA n/a | GPU 2.1/8.5GB | gtok=133545984
[2026-08-25 21:11:46]   [1] 8175 loss=4.1813 ppl=65.4 lr=2.56e-04 | 4475 tok/s (avg 4334) ETA n/a | GPU 2.1/8.5GB | gtok=133955584
[2026-08-25 21:13:18]   [1] 8200 loss=4.0124 ppl=55.3 lr=2.55e-04 | 4476 tok/s (avg 4335) ETA n/a | GPU 2.1/8.5GB | gtok=134365184
[2026-08-25 21:14:49]   [1] 8225 loss=4.2576 ppl=70.6 lr=2.55e-04 | 4476 tok/s (avg 4335) ETA n/a | GPU 2.1/8.5GB | gtok=134774784
[2026-08-25 21:16:21]   [1] 8250 loss=4.3772 ppl=79.6 lr=2.55e-04 | 4474 tok/s (avg 4335) ETA n/a | GPU 2.1/8.5GB | gtok=135184384
[2026-08-25 21:17:53]   [1] 8275 loss=4.1160 ppl=61.3 lr=2.54e-04 | 4471 tok/s (avg 4336) ETA n/a | GPU 2.1/8.5GB | gtok=135593984
[2026-08-25 21:19:24]   [1] 8300 loss=4.3504 ppl=77.5 lr=2.54e-04 | 4474 tok/s (avg 4336) ETA n/a | GPU 2.1/8.5GB | gtok=136003584
[2026-08-25 21:20:56]   [1] 8325 loss=4.1427 ppl=63.0 lr=2.54e-04 | 4472 tok/s (avg 4337) ETA n/a | GPU 2.1/8.5GB | gtok=136413184
[2026-08-25 21:22:27]   [1] 8350 loss=4.1773 ppl=65.2 lr=2.54e-04 | 4465 tok/s (avg 4337) ETA n/a | GPU 2.1/8.5GB | gtok=136822784
[2026-08-25 21:23:59]   [1] 8375 loss=4.2609 ppl=70.9 lr=2.53e-04 | 4479 tok/s (avg 4337) ETA n/a | GPU 2.1/8.5GB | gtok=137232384
[2026-08-25 21:25:31]   [1] 8400 loss=3.7935 ppl=44.4 lr=2.53e-04 | 4471 tok/s (avg 4338) ETA n/a | GPU 2.1/8.5GB | gtok=137641984
[2026-08-25 21:27:02]   [1] 8425 loss=4.3036 ppl=74.0 lr=2.53e-04 | 4475 tok/s (avg 4338) ETA n/a | GPU 2.1/8.5GB | gtok=138051584
[2026-08-25 21:28:34]   [1] 8450 loss=4.5873 ppl=98.2 lr=2.52e-04 | 4471 tok/s (avg 4339) ETA n/a | GPU 2.1/8.5GB | gtok=138461184
[2026-08-25 21:30:05]   [1] 8475 loss=3.9862 ppl=53.9 lr=2.52e-04 | 4472 tok/s (avg 4339) ETA n/a | GPU 2.1/8.5GB | gtok=138870784
[2026-08-25 21:31:37]   [1] 8500 loss=4.1998 ppl=66.7 lr=2.52e-04 | 4468 tok/s (avg 4339) ETA n/a | GPU 2.1/8.5GB | gtok=139280384
[2026-08-25 21:33:09]   [1] 8525 loss=4.1747 ppl=65.0 lr=2.52e-04 | 4467 tok/s (avg 4340) ETA n/a | GPU 2.1/8.5GB | gtok=139689984
[2026-08-25 21:34:40]   [1] 8550 loss=3.5758 ppl=35.7 lr=2.51e-04 | 4474 tok/s (avg 4340) ETA n/a | GPU 2.1/8.5GB | gtok=140099584
[2026-08-25 21:36:12]   [1] 8575 loss=4.0824 ppl=59.3 lr=2.51e-04 | 4475 tok/s (avg 4340) ETA n/a | GPU 2.1/8.5GB | gtok=140509184
[2026-08-25 21:37:43]   [1] 8600 loss=4.4076 ppl=82.1 lr=2.51e-04 | 4472 tok/s (avg 4341) ETA n/a | GPU 2.1/8.5GB | gtok=140918784
[2026-08-25 21:39:15]   [1] 8625 loss=4.5653 ppl=96.1 lr=2.51e-04 | 4482 tok/s (avg 4341) ETA n/a | GPU 2.1/8.5GB | gtok=141328384
[2026-08-25 21:40:46]   [1] 8650 loss=3.9696 ppl=53.0 lr=2.50e-04 | 4473 tok/s (avg 4342) ETA n/a | GPU 2.1/8.5GB | gtok=141737984
[2026-08-25 21:42:18]   [1] 8675 loss=4.3750 ppl=79.4 lr=2.50e-04 | 4478 tok/s (avg 4342) ETA n/a | GPU 2.1/8.5GB | gtok=142147584
[2026-08-25 21:43:49]   [1] 8700 loss=4.1063 ppl=60.7 lr=2.50e-04 | 4474 tok/s (avg 4342) ETA n/a | GPU 2.1/8.5GB | gtok=142557184
[2026-08-25 21:45:20]   [1] 8725 loss=3.8631 ppl=47.6 lr=2.49e-04 | 4493 tok/s (avg 4343) ETA n/a | GPU 2.1/8.5GB | gtok=142966784
[2026-08-25 21:46:52]   [1] 8750 loss=4.2432 ppl=69.6 lr=2.49e-04 | 4462 tok/s (avg 4343) ETA n/a | GPU 2.1/8.5GB | gtok=143376384
[2026-08-25 21:48:24]   [1] 8775 loss=4.1751 ppl=65.0 lr=2.49e-04 | 4483 tok/s (avg 4343) ETA n/a | GPU 2.1/8.5GB | gtok=143785984
[2026-08-25 21:49:55]   [1] 8800 loss=4.1892 ppl=66.0 lr=2.48e-04 | 4474 tok/s (avg 4344) ETA n/a | GPU 2.1/8.5GB | gtok=144195584
[2026-08-25 21:51:27]   [1] 8825 loss=4.1413 ppl=62.9 lr=2.48e-04 | 4474 tok/s (avg 4344) ETA n/a | GPU 2.1/8.5GB | gtok=144605184
[2026-08-25 21:52:58]   [1] 8850 loss=4.0401 ppl=56.8 lr=2.48e-04 | 4479 tok/s (avg 4345) ETA n/a | GPU 2.1/8.5GB | gtok=145014784
[2026-08-25 21:54:30]   [1] 8875 loss=4.0543 ppl=57.6 lr=2.48e-04 | 4470 tok/s (avg 4345) ETA n/a | GPU 2.1/8.5GB | gtok=145424384
[2026-08-25 21:56:01]   [1] 8900 loss=4.2926 ppl=73.2 lr=2.47e-04 | 4474 tok/s (avg 4345) ETA n/a | GPU 2.1/8.5GB | gtok=145833984
[2026-08-25 21:57:33]   [1] 8925 loss=4.3169 ppl=75.0 lr=2.47e-04 | 4474 tok/s (avg 4346) ETA n/a | GPU 2.1/8.5GB | gtok=146243584
[2026-08-25 21:59:05]   [1] 8950 loss=4.2862 ppl=72.7 lr=2.47e-04 | 4472 tok/s (avg 4346) ETA n/a | GPU 2.1/8.5GB | gtok=146653184
[2026-08-25 22:00:36]   [1] 8975 loss=4.1183 ppl=61.5 lr=2.46e-04 | 4477 tok/s (avg 4346) ETA n/a | GPU 2.1/8.5GB | gtok=147062784
[2026-08-25 22:02:07]   [1] 9000 loss=4.3346 ppl=76.3 lr=2.46e-04 | 4494 tok/s (avg 4347) ETA n/a | GPU 2.1/8.5GB | gtok=147472384
[2026-08-25 22:03:39]   [1] 9025 loss=3.9056 ppl=49.7 lr=2.46e-04 | 4480 tok/s (avg 4347) ETA n/a | GPU 2.1/8.5GB | gtok=147881984
[2026-08-25 22:05:10]   [1] 9050 loss=4.2529 ppl=70.3 lr=2.46e-04 | 4499 tok/s (avg 4347) ETA n/a | GPU 2.1/8.5GB | gtok=148291584
[2026-08-25 22:06:41]   [1] 9075 loss=4.2960 ppl=73.4 lr=2.45e-04 | 4480 tok/s (avg 4348) ETA n/a | GPU 2.1/8.5GB | gtok=148701184
[2026-08-25 22:08:13]   [1] 9100 loss=3.8313 ppl=46.1 lr=2.45e-04 | 4476 tok/s (avg 4348) ETA n/a | GPU 2.1/8.5GB | gtok=149110784
[2026-08-25 22:09:44]   [1] 9125 loss=4.0667 ppl=58.4 lr=2.45e-04 | 4485 tok/s (avg 4349) ETA n/a | GPU 2.1/8.5GB | gtok=149520384
[2026-08-25 22:11:15]   [1] 9150 loss=4.2786 ppl=72.1 lr=2.44e-04 | 4497 tok/s (avg 4349) ETA n/a | GPU 2.1/8.5GB | gtok=149929984
[2026-08-25 22:12:46]   [1] 9175 loss=4.0553 ppl=57.7 lr=2.44e-04 | 4483 tok/s (avg 4349) ETA n/a | GPU 2.1/8.5GB | gtok=150339584
[2026-08-25 22:14:18]   [1] 9200 loss=4.1772 ppl=65.2 lr=2.44e-04 | 4472 tok/s (avg 4350) ETA n/a | GPU 2.1/8.5GB | gtok=150749184
[2026-08-25 22:15:50]   [1] 9225 loss=4.1718 ppl=64.8 lr=2.43e-04 | 4473 tok/s (avg 4350) ETA n/a | GPU 2.1/8.5GB | gtok=151158784
[2026-08-25 22:17:21]   [1] 9250 loss=4.1510 ppl=63.5 lr=2.43e-04 | 4473 tok/s (avg 4350) ETA n/a | GPU 2.1/8.5GB | gtok=151568384
[2026-08-25 22:18:53]   [1] 9275 loss=3.7875 ppl=44.1 lr=2.43e-04 | 4474 tok/s (avg 4351) ETA n/a | GPU 2.1/8.5GB | gtok=151977984
[2026-08-25 22:20:24]   [1] 9300 loss=3.2430 ppl=25.6 lr=2.43e-04 | 4482 tok/s (avg 4351) ETA n/a | GPU 2.1/8.5GB | gtok=152387584
[2026-08-25 22:21:56]   [1] 9325 loss=4.1232 ppl=61.8 lr=2.42e-04 | 4474 tok/s (avg 4351) ETA n/a | GPU 2.1/8.5GB | gtok=152797184
[2026-08-25 22:23:27]   [1] 9350 loss=4.1039 ppl=60.6 lr=2.42e-04 | 4480 tok/s (avg 4352) ETA n/a | GPU 2.1/8.5GB | gtok=153206784
[2026-08-25 22:24:59]   [1] 9375 loss=4.1400 ppl=62.8 lr=2.42e-04 | 4469 tok/s (avg 4352) ETA n/a | GPU 2.1/8.5GB | gtok=153616384
[2026-08-25 22:26:30]   [1] 9400 loss=4.1933 ppl=66.2 lr=2.41e-04 | 4474 tok/s (avg 4352) ETA n/a | GPU 2.1/8.5GB | gtok=154025984
[2026-08-25 22:28:02]   [1] 9425 loss=4.1359 ppl=62.5 lr=2.41e-04 | 4466 tok/s (avg 4352) ETA n/a | GPU 2.1/8.5GB | gtok=154435584
[2026-08-25 22:29:34]   [1] 9450 loss=4.3312 ppl=76.0 lr=2.41e-04 | 4466 tok/s (avg 4353) ETA n/a | GPU 2.1/8.5GB | gtok=154845184
[2026-08-25 22:31:05]   [1] 9475 loss=4.0287 ppl=56.2 lr=2.40e-04 | 4478 tok/s (avg 4353) ETA n/a | GPU 2.1/8.5GB | gtok=155254784
[2026-08-25 22:32:37]   [1] 9500 loss=4.2562 ppl=70.5 lr=2.40e-04 | 4479 tok/s (avg 4353) ETA n/a | GPU 2.1/8.5GB | gtok=155664384
[2026-08-25 22:34:08]   [1] 9525 loss=4.2134 ppl=67.6 lr=2.40e-04 | 4480 tok/s (avg 4354) ETA n/a | GPU 2.1/8.5GB | gtok=156073984
[2026-08-25 22:35:40]   [1] 9550 loss=4.4406 ppl=84.8 lr=2.39e-04 | 4465 tok/s (avg 4354) ETA n/a | GPU 2.1/8.5GB | gtok=156483584
[2026-08-25 22:37:11]   [1] 9575 loss=4.4007 ppl=81.5 lr=2.39e-04 | 4476 tok/s (avg 4354) ETA n/a | GPU 2.1/8.5GB | gtok=156893184
[2026-08-25 22:38:43]   [1] 9600 loss=4.1490 ppl=63.4 lr=2.39e-04 | 4468 tok/s (avg 4355) ETA n/a | GPU 2.1/8.5GB | gtok=157302784
[2026-08-25 22:40:15]   [1] 9625 loss=4.1345 ppl=62.5 lr=2.39e-04 | 4471 tok/s (avg 4355) ETA n/a | GPU 2.1/8.5GB | gtok=157712384
[2026-08-25 22:41:46]   [1] 9650 loss=4.1722 ppl=64.9 lr=2.38e-04 | 4477 tok/s (avg 4355) ETA n/a | GPU 2.1/8.5GB | gtok=158121984
[2026-08-25 22:43:18]   [1] 9675 loss=4.1918 ppl=66.1 lr=2.38e-04 | 4469 tok/s (avg 4356) ETA n/a | GPU 2.1/8.5GB | gtok=158531584
[2026-08-25 22:44:49]   [1] 9700 loss=3.9689 ppl=52.9 lr=2.38e-04 | 4473 tok/s (avg 4356) ETA n/a | GPU 2.1/8.5GB | gtok=158941184
[2026-08-25 22:46:21]   [1] 9725 loss=4.2991 ppl=73.6 lr=2.37e-04 | 4470 tok/s (avg 4356) ETA n/a | GPU 2.1/8.5GB | gtok=159350784
[2026-08-25 22:47:53]   [1] 9750 loss=3.9630 ppl=52.6 lr=2.37e-04 | 4466 tok/s (avg 4356) ETA n/a | GPU 2.1/8.5GB | gtok=159760384
[2026-08-25 22:49:24]   [1] 9775 loss=4.4758 ppl=87.9 lr=2.37e-04 | 4474 tok/s (avg 4357) ETA n/a | GPU 2.1/8.5GB | gtok=160169984
[2026-08-25 22:50:56]   [1] 9800 loss=4.2425 ppl=69.6 lr=2.36e-04 | 4471 tok/s (avg 4357) ETA n/a | GPU 2.1/8.5GB | gtok=160579584
[2026-08-25 22:52:27]   [1] 9825 loss=4.5016 ppl=90.2 lr=2.36e-04 | 4469 tok/s (avg 4357) ETA n/a | GPU 2.1/8.5GB | gtok=160989184
[2026-08-25 22:53:59]   [1] 9850 loss=4.4816 ppl=88.4 lr=2.36e-04 | 4468 tok/s (avg 4357) ETA n/a | GPU 2.1/8.5GB | gtok=161398784
[2026-08-25 22:55:31]   [1] 9875 loss=4.3025 ppl=73.9 lr=2.35e-04 | 4466 tok/s (avg 4358) ETA n/a | GPU 2.1/8.5GB | gtok=161808384
[2026-08-25 22:57:02]   [1] 9900 loss=4.2781 ppl=72.1 lr=2.35e-04 | 4471 tok/s (avg 4358) ETA n/a | GPU 2.1/8.5GB | gtok=162217984
[2026-08-25 22:58:34]   [1] 9925 loss=4.1141 ppl=61.2 lr=2.35e-04 | 4482 tok/s (avg 4358) ETA n/a | GPU 2.1/8.5GB | gtok=162627584
[2026-08-25 23:00:05]   [1] 9950 loss=4.1283 ppl=62.1 lr=2.34e-04 | 4472 tok/s (avg 4359) ETA n/a | GPU 2.1/8.5GB | gtok=163037184
[2026-08-25 23:01:37]   [1] 9975 loss=4.0310 ppl=56.3 lr=2.34e-04 | 4476 tok/s (avg 4359) ETA n/a | GPU 2.1/8.5GB | gtok=163446784
[2026-08-25 23:03:06] Saved checkpoint: checkpoints_v13/500m_v13_B_recall/latest.pt
[2026-08-25 23:03:06]   [checkpoint @ step 10000, 163,840,000 tok]
[2026-08-25 23:03:10]   [1] 10000 loss=4.0448 ppl=57.1 lr=2.34e-04 | 4422 tok/s (avg 4359) ETA n/a | GPU 2.1/8.5GB | gtok=163856384
[2026-08-25 23:03:13]   [mid-epoch sample @ batch 10000, 163,856,384 tok]
[2026-08-25 23:03:13]   Prompt: In 1923, the University of
[2026-08-25 23:03:13]   Generated: In 1923, the University of Chicago was founded by Jean-Jacques Rousseau. It was also a member of the British Royal Navy in London where it began a new era of American settlement and its emergence from the early 17th century. Its first film featured on this exhibition was an iconic image for British colonial settlers along with the North Atlantic Ocean.
[2026-08-25 23:03:13] The work was published as one of the main contributors to the World War II. There were many photographs that could have been taken from the US during World War II. These images
[2026-08-25 23:05:28]   [1] 10025 loss=4.3444 ppl=77.0 lr=2.33e-04 | 2952 tok/s (avg 4354) ETA n/a | GPU 2.1/8.5GB | gtok=164265984
[2026-08-25 23:08:27]   [1] 10050 loss=4.3310 ppl=76.0 lr=2.33e-04 | 2295 tok/s (avg 4344) ETA n/a | GPU 2.1/8.5GB | gtok=164675584
[2026-08-25 23:11:06]   [1] 10075 loss=4.1207 ppl=61.6 lr=2.33e-04 | 2571 tok/s (avg 4337) ETA n/a | GPU 2.1/8.5GB | gtok=165085184
[2026-08-25 23:12:39]   [1] 10100 loss=3.9263 ppl=50.7 lr=2.33e-04 | 4430 tok/s (avg 4337) ETA n/a | GPU 2.1/8.5GB | gtok=165494784
[2026-08-25 23:14:11]   [1] 10125 loss=4.3860 ppl=80.3 lr=2.32e-04 | 4437 tok/s (avg 4337) ETA n/a | GPU 2.1/8.5GB | gtok=165904384
[2026-08-25 23:15:42]   [1] 10150 loss=4.1122 ppl=61.1 lr=2.32e-04 | 4477 tok/s (avg 4338) ETA n/a | GPU 2.1/8.5GB | gtok=166313984
[2026-08-25 23:17:14]   [1] 10175 loss=4.2318 ppl=68.8 lr=2.32e-04 | 4471 tok/s (avg 4338) ETA n/a | GPU 2.1/8.5GB | gtok=166723584
[2026-08-25 23:18:45]   [1] 10200 loss=3.6647 ppl=39.0 lr=2.31e-04 | 4476 tok/s (avg 4338) ETA n/a | GPU 2.1/8.5GB | gtok=167133184
[2026-08-25 23:20:17]   [1] 10225 loss=4.2110 ppl=67.4 lr=2.31e-04 | 4479 tok/s (avg 4339) ETA n/a | GPU 2.1/8.5GB | gtok=167542784
[2026-08-25 23:21:49]   [1] 10250 loss=4.2345 ppl=69.0 lr=2.31e-04 | 4472 tok/s (avg 4339) ETA n/a | GPU 2.1/8.5GB | gtok=167952384
[2026-08-25 23:23:20]   [1] 10275 loss=3.8551 ppl=47.2 lr=2.30e-04 | 4473 tok/s (avg 4339) ETA n/a | GPU 2.1/8.5GB | gtok=168361984
[2026-08-25 23:24:52]   [1] 10300 loss=4.2162 ppl=67.8 lr=2.30e-04 | 4479 tok/s (avg 4340) ETA n/a | GPU 2.1/8.5GB | gtok=168771584
[2026-08-25 23:26:23]   [1] 10325 loss=4.2566 ppl=70.6 lr=2.30e-04 | 4481 tok/s (avg 4340) ETA n/a | GPU 2.1/8.5GB | gtok=169181184
[2026-08-25 23:27:54]   [1] 10350 loss=3.7789 ppl=43.8 lr=2.29e-04 | 4478 tok/s (avg 4340) ETA n/a | GPU 2.1/8.5GB | gtok=169590784
[2026-08-25 23:29:26]   [1] 10375 loss=4.0602 ppl=58.0 lr=2.29e-04 | 4480 tok/s (avg 4340) ETA n/a | GPU 2.1/8.5GB | gtok=170000384
[2026-08-25 23:30:57]   [1] 10400 loss=4.0586 ppl=57.9 lr=2.29e-04 | 4477 tok/s (avg 4341) ETA n/a | GPU 2.1/8.5GB | gtok=170409984
[2026-08-25 23:32:29]   [1] 10425 loss=3.8224 ppl=45.7 lr=2.28e-04 | 4479 tok/s (avg 4341) ETA n/a | GPU 2.1/8.5GB | gtok=170819584
[2026-08-25 23:34:00]   [1] 10450 loss=4.1394 ppl=62.8 lr=2.28e-04 | 4481 tok/s (avg 4341) ETA n/a | GPU 2.1/8.5GB | gtok=171229184
[2026-08-25 23:35:32]   [1] 10475 loss=4.0715 ppl=58.6 lr=2.28e-04 | 4467 tok/s (avg 4342) ETA n/a | GPU 2.1/8.5GB | gtok=171638784
[2026-08-25 23:37:04]   [1] 10500 loss=4.2048 ppl=67.0 lr=2.27e-04 | 4469 tok/s (avg 4342) ETA n/a | GPU 2.1/8.5GB | gtok=172048384
[2026-08-25 23:38:35]   [1] 10525 loss=3.8551 ppl=47.2 lr=2.27e-04 | 4469 tok/s (avg 4342) ETA n/a | GPU 2.1/8.5GB | gtok=172457984
[2026-08-25 23:40:07]   [1] 10550 loss=3.8810 ppl=48.5 lr=2.27e-04 | 4472 tok/s (avg 4343) ETA n/a | GPU 2.1/8.5GB | gtok=172867584
[2026-08-25 23:41:38]   [1] 10575 loss=4.0165 ppl=55.5 lr=2.26e-04 | 4472 tok/s (avg 4343) ETA n/a | GPU 2.1/8.5GB | gtok=173277184
[2026-08-25 23:43:10]   [1] 10600 loss=4.0852 ppl=59.5 lr=2.26e-04 | 4472 tok/s (avg 4343) ETA n/a | GPU 2.1/8.5GB | gtok=173686784
[2026-08-25 23:44:41]   [1] 10625 loss=4.1156 ppl=61.3 lr=2.26e-04 | 4478 tok/s (avg 4344) ETA n/a | GPU 2.1/8.5GB | gtok=174096384
[2026-08-25 23:46:13]   [1] 10650 loss=4.1662 ppl=64.5 lr=2.25e-04 | 4477 tok/s (avg 4344) ETA n/a | GPU 2.1/8.5GB | gtok=174505984
[2026-08-25 23:47:45]   [1] 10675 loss=3.9051 ppl=49.7 lr=2.25e-04 | 4471 tok/s (avg 4344) ETA n/a | GPU 2.1/8.5GB | gtok=174915584
[2026-08-25 23:49:16]   [1] 10700 loss=3.7262 ppl=41.5 lr=2.25e-04 | 4480 tok/s (avg 4344) ETA n/a | GPU 2.1/8.5GB | gtok=175325184
[2026-08-25 23:50:47]   [1] 10725 loss=4.0505 ppl=57.4 lr=2.24e-04 | 4476 tok/s (avg 4345) ETA n/a | GPU 2.1/8.5GB | gtok=175734784
[2026-08-25 23:52:19]   [1] 10750 loss=4.0814 ppl=59.2 lr=2.24e-04 | 4472 tok/s (avg 4345) ETA n/a | GPU 2.1/8.5GB | gtok=176144384
[2026-08-25 23:53:50]   [1] 10775 loss=4.0580 ppl=57.9 lr=2.24e-04 | 4492 tok/s (avg 4345) ETA n/a | GPU 2.1/8.5GB | gtok=176553984
[2026-08-25 23:55:21]   [1] 10800 loss=4.0250 ppl=56.0 lr=2.23e-04 | 4491 tok/s (avg 4346) ETA n/a | GPU 2.1/8.5GB | gtok=176963584
[2026-08-25 23:56:53]   [1] 10825 loss=4.1986 ppl=66.6 lr=2.23e-04 | 4489 tok/s (avg 4346) ETA n/a | GPU 2.1/8.5GB | gtok=177373184
[2026-08-25 23:58:24]   [1] 10850 loss=4.2466 ppl=69.9 lr=2.23e-04 | 4475 tok/s (avg 4346) ETA n/a | GPU 2.1/8.5GB | gtok=177782784
[2026-08-25 23:59:55]   [1] 10875 loss=4.0872 ppl=59.6 lr=2.22e-04 | 4487 tok/s (avg 4347) ETA n/a | GPU 2.1/8.5GB | gtok=178192384
[2026-08-26 00:01:27]   [1] 10900 loss=4.1752 ppl=65.1 lr=2.22e-04 | 4467 tok/s (avg 4347) ETA n/a | GPU 2.1/8.5GB | gtok=178601984
[2026-08-26 00:02:59]   [1] 10925 loss=4.0463 ppl=57.2 lr=2.22e-04 | 4464 tok/s (avg 4347) ETA n/a | GPU 2.1/8.5GB | gtok=179011584
[2026-08-26 00:04:31]   [1] 10950 loss=4.0160 ppl=55.5 lr=2.21e-04 | 4472 tok/s (avg 4347) ETA n/a | GPU 2.1/8.5GB | gtok=179421184
[2026-08-26 00:06:02]   [1] 10975 loss=3.8686 ppl=47.9 lr=2.21e-04 | 4477 tok/s (avg 4348) ETA n/a | GPU 2.1/8.5GB | gtok=179830784
[2026-08-26 00:07:34]   [1] 11000 loss=3.6925 ppl=40.1 lr=2.21e-04 | 4477 tok/s (avg 4348) ETA n/a | GPU 2.1/8.5GB | gtok=180240384
[2026-08-26 00:09:05]   [1] 11025 loss=3.9833 ppl=53.7 lr=2.20e-04 | 4474 tok/s (avg 4348) ETA n/a | GPU 2.1/8.5GB | gtok=180649984
[2026-08-26 00:10:37]   [1] 11050 loss=4.1476 ppl=63.3 lr=2.20e-04 | 4469 tok/s (avg 4349) ETA n/a | GPU 2.1/8.5GB | gtok=181059584
[2026-08-26 00:12:08]   [1] 11075 loss=3.8572 ppl=47.3 lr=2.20e-04 | 4478 tok/s (avg 4349) ETA n/a | GPU 2.1/8.5GB | gtok=181469184
[2026-08-26 00:13:40]   [1] 11100 loss=4.2042 ppl=67.0 lr=2.19e-04 | 4471 tok/s (avg 4349) ETA n/a | GPU 2.1/8.5GB | gtok=181878784
[2026-08-26 00:15:11]   [1] 11125 loss=3.9627 ppl=52.6 lr=2.19e-04 | 4470 tok/s (avg 4349) ETA n/a | GPU 2.1/8.5GB | gtok=182288384
[2026-08-26 00:16:43]   [1] 11150 loss=4.1036 ppl=60.6 lr=2.19e-04 | 4475 tok/s (avg 4350) ETA n/a | GPU 2.1/8.5GB | gtok=182697984
[2026-08-26 00:18:14]   [1] 11175 loss=4.1541 ppl=63.7 lr=2.18e-04 | 4477 tok/s (avg 4350) ETA n/a | GPU 2.1/8.5GB | gtok=183107584
[2026-08-26 00:19:46]   [1] 11200 loss=3.9150 ppl=50.1 lr=2.18e-04 | 4477 tok/s (avg 4350) ETA n/a | GPU 2.1/8.5GB | gtok=183517184
[2026-08-26 00:21:18]   [1] 11225 loss=4.2490 ppl=70.0 lr=2.17e-04 | 4470 tok/s (avg 4350) ETA n/a | GPU 2.1/8.5GB | gtok=183926784
[2026-08-26 00:22:49]   [1] 11250 loss=4.0387 ppl=56.8 lr=2.17e-04 | 4473 tok/s (avg 4351) ETA n/a | GPU 2.1/8.5GB | gtok=184336384
[2026-08-26 00:24:21]   [1] 11275 loss=4.1677 ppl=64.6 lr=2.17e-04 | 4474 tok/s (avg 4351) ETA n/a | GPU 2.1/8.5GB | gtok=184745984
[2026-08-26 00:25:52]   [1] 11300 loss=3.4647 ppl=32.0 lr=2.16e-04 | 4477 tok/s (avg 4351) ETA n/a | GPU 2.1/8.5GB | gtok=185155584
[2026-08-26 00:27:24]   [1] 11325 loss=4.1352 ppl=62.5 lr=2.16e-04 | 4473 tok/s (avg 4351) ETA n/a | GPU 2.1/8.5GB | gtok=185565184
[2026-08-26 00:28:55]   [1] 11350 loss=4.1335 ppl=62.4 lr=2.16e-04 | 4474 tok/s (avg 4352) ETA n/a | GPU 2.1/8.5GB | gtok=185974784
[2026-08-26 00:30:27]   [1] 11375 loss=4.1126 ppl=61.1 lr=2.15e-04 | 4461 tok/s (avg 4352) ETA n/a | GPU 2.1/8.5GB | gtok=186384384
[2026-08-26 00:31:59]   [1] 11400 loss=4.0238 ppl=55.9 lr=2.15e-04 | 4476 tok/s (avg 4352) ETA n/a | GPU 2.1/8.5GB | gtok=186793984
[2026-08-26 00:33:30]   [1] 11425 loss=4.2583 ppl=70.7 lr=2.15e-04 | 4477 tok/s (avg 4353) ETA n/a | GPU 2.1/8.5GB | gtok=187203584
[2026-08-26 00:35:02]   [1] 11450 loss=4.2399 ppl=69.4 lr=2.14e-04 | 4472 tok/s (avg 4353) ETA n/a | GPU 2.1/8.5GB | gtok=187613184
[2026-08-26 00:36:33]   [1] 11475 loss=4.1863 ppl=65.8 lr=2.14e-04 | 4474 tok/s (avg 4353) ETA n/a | GPU 2.1/8.5GB | gtok=188022784
[2026-08-26 00:38:05]   [1] 11500 loss=3.8250 ppl=45.8 lr=2.14e-04 | 4468 tok/s (avg 4353) ETA n/a | GPU 2.1/8.5GB | gtok=188432384
[2026-08-26 00:39:36]   [1] 11525 loss=4.0139 ppl=55.4 lr=2.13e-04 | 4478 tok/s (avg 4354) ETA n/a | GPU 2.1/8.5GB | gtok=188841984
[2026-08-26 00:41:08]   [1] 11550 loss=4.3469 ppl=77.2 lr=2.13e-04 | 4471 tok/s (avg 4354) ETA n/a | GPU 2.1/8.5GB | gtok=189251584
[2026-08-26 00:42:40]   [1] 11575 loss=3.9143 ppl=50.1 lr=2.13e-04 | 4469 tok/s (avg 4354) ETA n/a | GPU 2.1/8.5GB | gtok=189661184
[2026-08-26 00:44:11]   [1] 11600 loss=4.2742 ppl=71.8 lr=2.12e-04 | 4470 tok/s (avg 4354) ETA n/a | GPU 2.1/8.5GB | gtok=190070784
[2026-08-26 00:45:43]   [1] 11625 loss=4.0608 ppl=58.0 lr=2.12e-04 | 4480 tok/s (avg 4355) ETA n/a | GPU 2.1/8.5GB | gtok=190480384
[2026-08-26 00:47:14]   [1] 11650 loss=4.0701 ppl=58.6 lr=2.12e-04 | 4474 tok/s (avg 4355) ETA n/a | GPU 2.1/8.5GB | gtok=190889984
[2026-08-26 00:48:46]   [1] 11675 loss=4.0701 ppl=58.6 lr=2.11e-04 | 4482 tok/s (avg 4355) ETA n/a | GPU 2.1/8.5GB | gtok=191299584
[2026-08-26 00:50:17]   [1] 11700 loss=4.2279 ppl=68.6 lr=2.11e-04 | 4477 tok/s (avg 4355) ETA n/a | GPU 2.1/8.5GB | gtok=191709184
[2026-08-26 00:51:49]   [1] 11725 loss=4.1109 ppl=61.0 lr=2.10e-04 | 4475 tok/s (avg 4356) ETA n/a | GPU 2.1/8.5GB | gtok=192118784
[2026-08-26 00:53:20]   [1] 11750 loss=4.1570 ppl=63.9 lr=2.10e-04 | 4472 tok/s (avg 4356) ETA n/a | GPU 2.1/8.5GB | gtok=192528384
[2026-08-26 00:54:52]   [1] 11775 loss=4.1012 ppl=60.4 lr=2.10e-04 | 4476 tok/s (avg 4356) ETA n/a | GPU 2.1/8.5GB | gtok=192937984
[2026-08-26 00:56:23]   [1] 11800 loss=4.2337 ppl=69.0 lr=2.09e-04 | 4472 tok/s (avg 4356) ETA n/a | GPU 2.1/8.5GB | gtok=193347584
[2026-08-26 00:57:55]   [1] 11825 loss=4.1943 ppl=66.3 lr=2.09e-04 | 4480 tok/s (avg 4357) ETA n/a | GPU 2.1/8.5GB | gtok=193757184
[2026-08-26 00:59:26]   [1] 11850 loss=3.7700 ppl=43.4 lr=2.09e-04 | 4480 tok/s (avg 4357) ETA n/a | GPU 2.1/8.5GB | gtok=194166784
[2026-08-26 01:00:58]   [1] 11875 loss=4.1044 ppl=60.6 lr=2.08e-04 | 4473 tok/s (avg 4357) ETA n/a | GPU 2.1/8.5GB | gtok=194576384
[2026-08-26 01:02:29]   [1] 11900 loss=3.8469 ppl=46.8 lr=2.08e-04 | 4472 tok/s (avg 4357) ETA n/a | GPU 2.1/8.5GB | gtok=194985984
[2026-08-26 01:04:01]   [1] 11925 loss=3.8889 ppl=48.9 lr=2.08e-04 | 4477 tok/s (avg 4357) ETA n/a | GPU 2.1/8.5GB | gtok=195395584
[2026-08-26 01:05:33]   [1] 11950 loss=3.9003 ppl=49.4 lr=2.07e-04 | 4466 tok/s (avg 4358) ETA n/a | GPU 2.1/8.5GB | gtok=195805184
[2026-08-26 01:07:04]   [1] 11975 loss=4.3038 ppl=74.0 lr=2.07e-04 | 4473 tok/s (avg 4358) ETA n/a | GPU 2.1/8.5GB | gtok=196214784
[2026-08-26 01:08:36]   [1] 12000 loss=3.8727 ppl=48.1 lr=2.07e-04 | 4467 tok/s (avg 4358) ETA n/a | GPU 2.1/8.5GB | gtok=196624384
[2026-08-26 01:10:07]   [1] 12025 loss=4.2125 ppl=67.5 lr=2.06e-04 | 4478 tok/s (avg 4358) ETA n/a | GPU 2.1/8.5GB | gtok=197033984
[2026-08-26 01:11:39]   [1] 12050 loss=4.4277 ppl=83.7 lr=2.06e-04 | 4470 tok/s (avg 4359) ETA n/a | GPU 2.1/8.5GB | gtok=197443584
[2026-08-26 01:13:11]   [1] 12075 loss=3.9211 ppl=50.5 lr=2.06e-04 | 4471 tok/s (avg 4359) ETA n/a | GPU 2.1/8.5GB | gtok=197853184
[2026-08-26 01:14:42]   [1] 12100 loss=3.8690 ppl=47.9 lr=2.05e-04 | 4472 tok/s (avg 4359) ETA n/a | GPU 2.1/8.5GB | gtok=198262784
[2026-08-26 01:16:13]   [1] 12125 loss=4.0286 ppl=56.2 lr=2.05e-04 | 4489 tok/s (avg 4359) ETA n/a | GPU 2.1/8.5GB | gtok=198672384
[2026-08-26 01:17:45]   [1] 12150 loss=3.8565 ppl=47.3 lr=2.04e-04 | 4465 tok/s (avg 4360) ETA n/a | GPU 2.1/8.5GB | gtok=199081984
[2026-08-26 01:19:17]   [1] 12175 loss=4.2145 ppl=67.7 lr=2.04e-04 | 4464 tok/s (avg 4360) ETA n/a | GPU 2.1/8.5GB | gtok=199491584
[2026-08-26 01:20:48]   [1] 12200 loss=4.0925 ppl=59.9 lr=2.04e-04 | 4476 tok/s (avg 4360) ETA n/a | GPU 2.1/8.5GB | gtok=199901184
[2026-08-26 01:22:20]   [1] 12225 loss=4.2504 ppl=70.1 lr=2.03e-04 | 4469 tok/s (avg 4360) ETA n/a | GPU 2.1/8.5GB | gtok=200310784
[2026-08-26 01:23:51]   [1] 12250 loss=3.8763 ppl=48.2 lr=2.03e-04 | 4486 tok/s (avg 4360) ETA n/a | GPU 2.1/8.5GB | gtok=200720384
[2026-08-26 01:25:23]   [1] 12275 loss=4.1633 ppl=64.3 lr=2.03e-04 | 4491 tok/s (avg 4361) ETA n/a | GPU 2.1/8.5GB | gtok=201129984
[2026-08-26 01:26:54]   [1] 12300 loss=4.2959 ppl=73.4 lr=2.02e-04 | 4481 tok/s (avg 4361) ETA n/a | GPU 2.1/8.5GB | gtok=201539584
[2026-08-26 01:28:26]   [1] 12325 loss=3.9407 ppl=51.5 lr=2.02e-04 | 4478 tok/s (avg 4361) ETA n/a | GPU 2.1/8.5GB | gtok=201949184
[2026-08-26 01:29:57]   [1] 12350 loss=4.2836 ppl=72.5 lr=2.02e-04 | 4472 tok/s (avg 4361) ETA n/a | GPU 2.1/8.5GB | gtok=202358784
[2026-08-26 01:31:29]   [1] 12375 loss=4.0427 ppl=57.0 lr=2.01e-04 | 4477 tok/s (avg 4362) ETA n/a | GPU 2.1/8.5GB | gtok=202768384
[2026-08-26 01:33:00]   [1] 12400 loss=3.9186 ppl=50.3 lr=2.01e-04 | 4477 tok/s (avg 4362) ETA n/a | GPU 2.1/8.5GB | gtok=203177984
[2026-08-26 01:34:32]   [1] 12425 loss=4.0029 ppl=54.8 lr=2.00e-04 | 4476 tok/s (avg 4362) ETA n/a | GPU 2.1/8.5GB | gtok=203587584
[2026-08-26 01:36:03]   [1] 12450 loss=3.8884 ppl=48.8 lr=2.00e-04 | 4476 tok/s (avg 4362) ETA n/a | GPU 2.1/8.5GB | gtok=203997184
[2026-08-26 01:37:35]   [1] 12475 loss=3.9013 ppl=49.5 lr=2.00e-04 | 4468 tok/s (avg 4363) ETA n/a | GPU 2.1/8.5GB | gtok=204406784
[2026-08-26 01:39:06]   [1] 12500 loss=4.1041 ppl=60.6 lr=1.99e-04 | 4468 tok/s (avg 4363) ETA n/a | GPU 2.1/8.5GB | gtok=204816384
[2026-08-26 01:40:38]   [1] 12525 loss=4.0783 ppl=59.0 lr=1.99e-04 | 4471 tok/s (avg 4363) ETA n/a | GPU 2.1/8.5GB | gtok=205225984
[2026-08-26 01:42:10]   [1] 12550 loss=3.9246 ppl=50.6 lr=1.99e-04 | 4464 tok/s (avg 4363) ETA n/a | GPU 2.1/8.5GB | gtok=205635584
[2026-08-26 01:43:42]   [1] 12575 loss=4.0232 ppl=55.9 lr=1.98e-04 | 4465 tok/s (avg 4363) ETA n/a | GPU 2.1/8.5GB | gtok=206045184
[2026-08-26 01:45:13]   [1] 12600 loss=4.0474 ppl=57.2 lr=1.98e-04 | 4471 tok/s (avg 4364) ETA n/a | GPU 2.1/8.5GB | gtok=206454784
[2026-08-26 01:46:45]   [1] 12625 loss=4.2227 ppl=68.2 lr=1.98e-04 | 4470 tok/s (avg 4364) ETA n/a | GPU 2.1/8.5GB | gtok=206864384
[2026-08-26 01:48:17]   [1] 12650 loss=3.9904 ppl=54.1 lr=1.97e-04 | 4464 tok/s (avg 4364) ETA n/a | GPU 2.1/8.5GB | gtok=207273984
[2026-08-26 01:49:48]   [1] 12675 loss=4.1728 ppl=64.9 lr=1.97e-04 | 4474 tok/s (avg 4364) ETA n/a | GPU 2.1/8.5GB | gtok=207683584
[2026-08-26 01:51:20]   [1] 12700 loss=4.1173 ppl=61.4 lr=1.96e-04 | 4463 tok/s (avg 4364) ETA n/a | GPU 2.1/8.5GB | gtok=208093184
[2026-08-26 01:52:52]   [1] 12725 loss=4.0035 ppl=54.8 lr=1.96e-04 | 4466 tok/s (avg 4365) ETA n/a | GPU 2.1/8.5GB | gtok=208502784
[2026-08-26 01:54:23]   [1] 12750 loss=3.9226 ppl=50.5 lr=1.96e-04 | 4465 tok/s (avg 4365) ETA n/a | GPU 2.1/8.5GB | gtok=208912384
[2026-08-26 01:55:55]   [1] 12775 loss=4.2019 ppl=66.8 lr=1.95e-04 | 4464 tok/s (avg 4365) ETA n/a | GPU 2.1/8.5GB | gtok=209321984
[2026-08-26 01:57:27]   [1] 12800 loss=4.1734 ppl=64.9 lr=1.95e-04 | 4470 tok/s (avg 4365) ETA n/a | GPU 2.1/8.5GB | gtok=209731584
[2026-08-26 01:58:58]   [1] 12825 loss=4.0613 ppl=58.0 lr=1.95e-04 | 4475 tok/s (avg 4365) ETA n/a | GPU 2.1/8.5GB | gtok=210141184
[2026-08-26 02:00:30]   [1] 12850 loss=4.2647 ppl=71.1 lr=1.94e-04 | 4469 tok/s (avg 4366) ETA n/a | GPU 2.1/8.5GB | gtok=210550784
[2026-08-26 02:02:02]   [1] 12875 loss=4.3136 ppl=74.7 lr=1.94e-04 | 4473 tok/s (avg 4366) ETA n/a | GPU 2.1/8.5GB | gtok=210960384
[2026-08-26 02:03:33]   [1] 12900 loss=4.1540 ppl=63.7 lr=1.93e-04 | 4474 tok/s (avg 4366) ETA n/a | GPU 2.1/8.5GB | gtok=211369984
[2026-08-26 02:05:05]   [1] 12925 loss=4.0315 ppl=56.3 lr=1.93e-04 | 4472 tok/s (avg 4366) ETA n/a | GPU 2.1/8.5GB | gtok=211779584
[2026-08-26 02:06:36]   [1] 12950 loss=4.1158 ppl=61.3 lr=1.93e-04 | 4485 tok/s (avg 4366) ETA n/a | GPU 2.1/8.5GB | gtok=212189184
[2026-08-26 02:08:08]   [1] 12975 loss=4.0278 ppl=56.1 lr=1.92e-04 | 4467 tok/s (avg 4367) ETA n/a | GPU 2.1/8.5GB | gtok=212598784
[2026-08-26 02:09:39]   [1] 13000 loss=4.2227 ppl=68.2 lr=1.92e-04 | 4462 tok/s (avg 4367) ETA n/a | GPU 2.1/8.5GB | gtok=213008384
[2026-08-26 02:11:11]   [1] 13025 loss=4.1873 ppl=65.8 lr=1.92e-04 | 4471 tok/s (avg 4367) ETA n/a | GPU 2.1/8.5GB | gtok=213417984
[2026-08-26 02:12:43]   [1] 13050 loss=4.0681 ppl=58.4 lr=1.91e-04 | 4474 tok/s (avg 4367) ETA n/a | GPU 2.1/8.5GB | gtok=213827584
[2026-08-26 02:14:14]   [1] 13075 loss=3.6879 ppl=40.0 lr=1.91e-04 | 4486 tok/s (avg 4367) ETA n/a | GPU 2.1/8.5GB | gtok=214237184
[2026-08-26 02:15:45]   [1] 13100 loss=4.0100 ppl=55.1 lr=1.91e-04 | 4492 tok/s (avg 4368) ETA n/a | GPU 2.1/8.5GB | gtok=214646784
[2026-08-26 02:17:17]   [1] 13125 loss=4.0495 ppl=57.4 lr=1.90e-04 | 4476 tok/s (avg 4368) ETA n/a | GPU 2.1/8.5GB | gtok=215056384
[2026-08-26 02:18:48]   [1] 13150 loss=4.2077 ppl=67.2 lr=1.90e-04 | 4469 tok/s (avg 4368) ETA n/a | GPU 2.1/8.5GB | gtok=215465984
[2026-08-26 02:20:20]   [1] 13175 loss=4.0899 ppl=59.7 lr=1.89e-04 | 4468 tok/s (avg 4368) ETA n/a | GPU 2.1/8.5GB | gtok=215875584
[2026-08-26 02:21:52]   [1] 13200 loss=3.9954 ppl=54.3 lr=1.89e-04 | 4469 tok/s (avg 4368) ETA n/a | GPU 2.1/8.5GB | gtok=216285184
[2026-08-26 02:23:23]   [1] 13225 loss=4.0377 ppl=56.7 lr=1.89e-04 | 4465 tok/s (avg 4369) ETA n/a | GPU 2.1/8.5GB | gtok=216694784
[2026-08-26 02:24:55]   [1] 13250 loss=4.2503 ppl=70.1 lr=1.88e-04 | 4478 tok/s (avg 4369) ETA n/a | GPU 2.1/8.5GB | gtok=217104384
[2026-08-26 02:26:26]   [1] 13275 loss=4.2358 ppl=69.1 lr=1.88e-04 | 4477 tok/s (avg 4369) ETA n/a | GPU 2.1/8.5GB | gtok=217513984
[2026-08-26 02:27:58]   [1] 13300 loss=4.0188 ppl=55.6 lr=1.88e-04 | 4472 tok/s (avg 4369) ETA n/a | GPU 2.1/8.5GB | gtok=217923584
[2026-08-26 02:29:30]   [1] 13325 loss=3.8533 ppl=47.1 lr=1.87e-04 | 4466 tok/s (avg 4369) ETA n/a | GPU 2.1/8.5GB | gtok=218333184
[2026-08-26 02:31:01]   [1] 13350 loss=4.2567 ppl=70.6 lr=1.87e-04 | 4469 tok/s (avg 4369) ETA n/a | GPU 2.1/8.5GB | gtok=218742784
[2026-08-26 02:32:33]   [1] 13375 loss=4.0495 ppl=57.4 lr=1.86e-04 | 4479 tok/s (avg 4370) ETA n/a | GPU 2.1/8.5GB | gtok=219152384
[2026-08-26 02:34:04]   [1] 13400 loss=4.1704 ppl=64.7 lr=1.86e-04 | 4469 tok/s (avg 4370) ETA n/a | GPU 2.1/8.5GB | gtok=219561984
[2026-08-26 02:35:36]   [1] 13425 loss=3.9383 ppl=51.3 lr=1.86e-04 | 4469 tok/s (avg 4370) ETA n/a | GPU 2.1/8.5GB | gtok=219971584
[2026-08-26 02:37:08]   [1] 13450 loss=4.1155 ppl=61.3 lr=1.85e-04 | 4470 tok/s (avg 4370) ETA n/a | GPU 2.1/8.5GB | gtok=220381184
[2026-08-26 02:38:39]   [1] 13475 loss=4.1968 ppl=66.5 lr=1.85e-04 | 4479 tok/s (avg 4370) ETA n/a | GPU 2.1/8.5GB | gtok=220790784
[2026-08-26 02:40:11]   [1] 13500 loss=4.2094 ppl=67.3 lr=1.85e-04 | 4467 tok/s (avg 4371) ETA n/a | GPU 2.1/8.5GB | gtok=221200384
[2026-08-26 02:41:42]   [1] 13525 loss=4.0106 ppl=55.2 lr=1.84e-04 | 4470 tok/s (avg 4371) ETA n/a | GPU 2.1/8.5GB | gtok=221609984
[2026-08-26 02:43:14]   [1] 13550 loss=3.9378 ppl=51.3 lr=1.84e-04 | 4471 tok/s (avg 4371) ETA n/a | GPU 2.1/8.5GB | gtok=222019584
[2026-08-26 02:44:46]   [1] 13575 loss=3.9473 ppl=51.8 lr=1.83e-04 | 4469 tok/s (avg 4371) ETA n/a | GPU 2.1/8.5GB | gtok=222429184
[2026-08-26 02:46:17]   [1] 13600 loss=4.0859 ppl=59.5 lr=1.83e-04 | 4475 tok/s (avg 4371) ETA n/a | GPU 2.1/8.5GB | gtok=222838784
[2026-08-26 02:47:49]   [1] 13625 loss=4.2778 ppl=72.1 lr=1.83e-04 | 4473 tok/s (avg 4371) ETA n/a | GPU 2.1/8.5GB | gtok=223248384
[2026-08-26 02:49:21]   [1] 13650 loss=4.1148 ppl=61.2 lr=1.82e-04 | 4466 tok/s (avg 4372) ETA n/a | GPU 2.1/8.5GB | gtok=223657984
[2026-08-26 02:50:52]   [1] 13675 loss=4.2200 ppl=68.0 lr=1.82e-04 | 4466 tok/s (avg 4372) ETA n/a | GPU 2.1/8.5GB | gtok=224067584
[2026-08-26 02:52:24]   [1] 13700 loss=3.4982 ppl=33.1 lr=1.82e-04 | 4471 tok/s (avg 4372) ETA n/a | GPU 2.1/8.5GB | gtok=224477184
[2026-08-26 02:53:55]   [1] 13725 loss=4.2525 ppl=70.3 lr=1.81e-04 | 4477 tok/s (avg 4372) ETA n/a | GPU 2.1/8.5GB | gtok=224886784
[2026-08-26 02:55:27]   [1] 13750 loss=4.3262 ppl=75.7 lr=1.81e-04 | 4482 tok/s (avg 4372) ETA n/a | GPU 2.1/8.5GB | gtok=225296384
[2026-08-26 02:56:58]   [1] 13775 loss=3.8864 ppl=48.7 lr=1.80e-04 | 4473 tok/s (avg 4373) ETA n/a | GPU 2.1/8.5GB | gtok=225705984
[2026-08-26 02:58:30]   [1] 13800 loss=3.8397 ppl=46.5 lr=1.80e-04 | 4470 tok/s (avg 4373) ETA n/a | GPU 2.1/8.5GB | gtok=226115584
[2026-08-26 03:00:01]   [1] 13825 loss=4.1071 ppl=60.8 lr=1.80e-04 | 4477 tok/s (avg 4373) ETA n/a | GPU 2.1/8.5GB | gtok=226525184
[2026-08-26 03:01:33]   [1] 13850 loss=3.9924 ppl=54.2 lr=1.79e-04 | 4467 tok/s (avg 4373) ETA n/a | GPU 2.1/8.5GB | gtok=226934784
[2026-08-26 03:03:05]   [1] 13875 loss=4.0900 ppl=59.7 lr=1.79e-04 | 4472 tok/s (avg 4373) ETA n/a | GPU 2.1/8.5GB | gtok=227344384
[2026-08-26 03:04:36]   [1] 13900 loss=3.8963 ppl=49.2 lr=1.79e-04 | 4478 tok/s (avg 4373) ETA n/a | GPU 2.1/8.5GB | gtok=227753984
[2026-08-26 03:06:08]   [1] 13925 loss=4.1606 ppl=64.1 lr=1.78e-04 | 4476 tok/s (avg 4374) ETA n/a | GPU 2.1/8.5GB | gtok=228163584
[2026-08-26 03:07:39]   [1] 13950 loss=4.0431 ppl=57.0 lr=1.78e-04 | 4468 tok/s (avg 4374) ETA n/a | GPU 2.1/8.5GB | gtok=228573184
[2026-08-26 03:09:10]   [1] 13975 loss=3.8586 ppl=47.4 lr=1.77e-04 | 4498 tok/s (avg 4374) ETA n/a | GPU 2.1/8.5GB | gtok=228982784
[2026-08-26 03:10:42]   [1] 14000 loss=4.0200 ppl=55.7 lr=1.77e-04 | 4476 tok/s (avg 4374) ETA n/a | GPU 2.1/8.5GB | gtok=229392384
[2026-08-26 03:12:13]   [1] 14025 loss=4.0465 ppl=57.2 lr=1.77e-04 | 4479 tok/s (avg 4374) ETA n/a | GPU 2.1/8.5GB | gtok=229801984
[2026-08-26 03:13:45]   [1] 14050 loss=3.8444 ppl=46.7 lr=1.76e-04 | 4477 tok/s (avg 4375) ETA n/a | GPU 2.1/8.5GB | gtok=230211584
[2026-08-26 03:15:16]   [1] 14075 loss=3.8574 ppl=47.3 lr=1.76e-04 | 4477 tok/s (avg 4375) ETA n/a | GPU 2.1/8.5GB | gtok=230621184
[2026-08-26 03:16:48]   [1] 14100 loss=4.3647 ppl=78.6 lr=1.75e-04 | 4454 tok/s (avg 4375) ETA n/a | GPU 2.1/8.5GB | gtok=231030784
[2026-08-26 03:18:20]   [1] 14125 loss=3.9458 ppl=51.7 lr=1.75e-04 | 4469 tok/s (avg 4375) ETA n/a | GPU 2.1/8.5GB | gtok=231440384
[2026-08-26 03:19:51]   [1] 14150 loss=3.8853 ppl=48.7 lr=1.75e-04 | 4479 tok/s (avg 4375) ETA n/a | GPU 2.1/8.5GB | gtok=231849984
[2026-08-26 03:21:23]   [1] 14175 loss=3.8653 ppl=47.7 lr=1.74e-04 | 4455 tok/s (avg 4375) ETA n/a | GPU 2.1/8.5GB | gtok=232259584
[2026-08-26 03:22:55]   [1] 14200 loss=3.8801 ppl=48.4 lr=1.74e-04 | 4478 tok/s (avg 4376) ETA n/a | GPU 2.1/8.5GB | gtok=232669184
[2026-08-26 03:24:27]   [1] 14225 loss=3.7326 ppl=41.8 lr=1.74e-04 | 4451 tok/s (avg 4376) ETA n/a | GPU 2.1/8.5GB | gtok=233078784
[2026-08-26 03:25:59]   [1] 14250 loss=4.1512 ppl=63.5 lr=1.73e-04 | 4471 tok/s (avg 4376) ETA n/a | GPU 2.1/8.5GB | gtok=233488384
[2026-08-26 03:27:30]   [1] 14275 loss=4.2571 ppl=70.6 lr=1.73e-04 | 4477 tok/s (avg 4376) ETA n/a | GPU 2.1/8.5GB | gtok=233897984
[2026-08-26 03:29:01]   [1] 14300 loss=3.9565 ppl=52.3 lr=1.72e-04 | 4481 tok/s (avg 4376) ETA n/a | GPU 2.1/8.5GB | gtok=234307584
[2026-08-26 03:30:33]   [1] 14325 loss=3.7265 ppl=41.5 lr=1.72e-04 | 4478 tok/s (avg 4376) ETA n/a | GPU 2.1/8.5GB | gtok=234717184
[2026-08-26 03:32:04]   [1] 14350 loss=3.9235 ppl=50.6 lr=1.72e-04 | 4477 tok/s (avg 4377) ETA n/a | GPU 2.1/8.5GB | gtok=235126784
[2026-08-26 03:33:36]   [1] 14375 loss=4.1967 ppl=66.5 lr=1.71e-04 | 4473 tok/s (avg 4377) ETA n/a | GPU 2.1/8.5GB | gtok=235536384
[2026-08-26 03:35:08]   [1] 14400 loss=4.1104 ppl=61.0 lr=1.71e-04 | 4461 tok/s (avg 4377) ETA n/a | GPU 2.1/8.5GB | gtok=235945984
[2026-08-26 03:36:40]   [1] 14425 loss=4.0431 ppl=57.0 lr=1.71e-04 | 4454 tok/s (avg 4377) ETA n/a | GPU 2.1/8.5GB | gtok=236355584
[2026-08-26 03:38:11]   [1] 14450 loss=3.9799 ppl=53.5 lr=1.70e-04 | 4492 tok/s (avg 4377) ETA n/a | GPU 2.1/8.5GB | gtok=236765184
[2026-08-26 03:39:42]   [1] 14475 loss=4.1264 ppl=62.0 lr=1.70e-04 | 4478 tok/s (avg 4377) ETA n/a | GPU 2.1/8.5GB | gtok=237174784
[2026-08-26 03:41:14]   [1] 14500 loss=4.0503 ppl=57.4 lr=1.69e-04 | 4469 tok/s (avg 4377) ETA n/a | GPU 2.1/8.5GB | gtok=237584384
[2026-08-26 03:42:46]   [1] 14525 loss=3.9064 ppl=49.7 lr=1.69e-04 | 4471 tok/s (avg 4378) ETA n/a | GPU 2.1/8.5GB | gtok=237993984
[2026-08-26 03:44:17]   [1] 14550 loss=3.8783 ppl=48.3 lr=1.69e-04 | 4473 tok/s (avg 4378) ETA n/a | GPU 2.1/8.5GB | gtok=238403584
[2026-08-26 03:45:49]   [1] 14575 loss=4.1152 ppl=61.3 lr=1.68e-04 | 4475 tok/s (avg 4378) ETA n/a | GPU 2.1/8.5GB | gtok=238813184
[2026-08-26 03:47:21]   [1] 14600 loss=3.6595 ppl=38.8 lr=1.68e-04 | 4463 tok/s (avg 4378) ETA n/a | GPU 2.1/8.5GB | gtok=239222784
[2026-08-26 03:48:52]   [1] 14625 loss=4.3889 ppl=80.5 lr=1.67e-04 | 4465 tok/s (avg 4378) ETA n/a | GPU 2.1/8.5GB | gtok=239632384
[2026-08-26 03:50:24]   [1] 14650 loss=4.0744 ppl=58.8 lr=1.67e-04 | 4468 tok/s (avg 4378) ETA n/a | GPU 2.1/8.5GB | gtok=240041984
[2026-08-26 03:51:55]   [1] 14675 loss=4.0116 ppl=55.2 lr=1.67e-04 | 4476 tok/s (avg 4379) ETA n/a | GPU 2.1/8.5GB | gtok=240451584
[2026-08-26 03:53:27]   [1] 14700 loss=3.9614 ppl=52.5 lr=1.66e-04 | 4481 tok/s (avg 4379) ETA n/a | GPU 2.1/8.5GB | gtok=240861184
[2026-08-26 03:54:58]   [1] 14725 loss=4.2645 ppl=71.1 lr=1.66e-04 | 4474 tok/s (avg 4379) ETA n/a | GPU 2.1/8.5GB | gtok=241270784
[2026-08-26 03:56:30]   [1] 14750 loss=3.7800 ppl=43.8 lr=1.66e-04 | 4469 tok/s (avg 4379) ETA n/a | GPU 2.1/8.5GB | gtok=241680384
[2026-08-26 03:58:02]   [1] 14775 loss=3.5038 ppl=33.2 lr=1.65e-04 | 4474 tok/s (avg 4379) ETA n/a | GPU 2.1/8.5GB | gtok=242089984
[2026-08-26 03:59:33]   [1] 14800 loss=3.9769 ppl=53.4 lr=1.65e-04 | 4477 tok/s (avg 4379) ETA n/a | GPU 2.1/8.5GB | gtok=242499584
[2026-08-26 04:01:04]   [1] 14825 loss=3.9416 ppl=51.5 lr=1.64e-04 | 4482 tok/s (avg 4380) ETA n/a | GPU 2.1/8.5GB | gtok=242909184
[2026-08-26 04:02:36]   [1] 14850 loss=4.0700 ppl=58.6 lr=1.64e-04 | 4496 tok/s (avg 4380) ETA n/a | GPU 2.1/8.5GB | gtok=243318784
[2026-08-26 04:04:07]   [1] 14875 loss=3.6355 ppl=37.9 lr=1.64e-04 | 4477 tok/s (avg 4380) ETA n/a | GPU 2.1/8.5GB | gtok=243728384
[2026-08-26 04:05:39]   [1] 14900 loss=4.0015 ppl=54.7 lr=1.63e-04 | 4477 tok/s (avg 4380) ETA n/a | GPU 2.1/8.5GB | gtok=244137984
[2026-08-26 04:07:10]   [1] 14925 loss=4.0320 ppl=56.4 lr=1.63e-04 | 4469 tok/s (avg 4380) ETA n/a | GPU 2.1/8.5GB | gtok=244547584
[2026-08-26 04:08:42]   [1] 14950 loss=4.0269 ppl=56.1 lr=1.62e-04 | 4464 tok/s (avg 4380) ETA n/a | GPU 2.1/8.5GB | gtok=244957184
[2026-08-26 04:10:14]   [1] 14975 loss=4.1191 ppl=61.5 lr=1.62e-04 | 4463 tok/s (avg 4380) ETA n/a | GPU 2.1/8.5GB | gtok=245366784
[2026-08-26 04:11:43] Saved checkpoint: checkpoints_v13/500m_v13_B_recall/latest.pt
[2026-08-26 04:11:43]   [checkpoint @ step 15000, 245,760,000 tok]
[2026-08-26 04:11:46]   [1] 15000 loss=4.0261 ppl=56.0 lr=1.62e-04 | 4426 tok/s (avg 4381) ETA n/a | GPU 2.1/8.5GB | gtok=245776384
[2026-08-26 04:11:50]   [mid-epoch sample @ batch 15000, 245,776,384 tok]
[2026-08-26 04:11:50]   Prompt: In 1923, the University of
[2026-08-26 04:11:50]   Generated: In 1923, the University of Illinois signed a report entitled “The Future of the Natural World: the History of Africa and the Fall” in 1922.
[2026-08-26 04:11:50] There was no doubt that a ‘the New World’ began its course on an issue which has been challenged by this new law. The new law also had to be established and implemented through an effort to prevent it from reaching the level of the country at least until the next two years. One day, however, it is known as the ‘Great West
[2026-08-26 04:13:22]   [1] 15025 loss=3.9491 ppl=51.9 lr=1.61e-04 | 4286 tok/s (avg 4380) ETA n/a | GPU 2.1/8.5GB | gtok=246185984
[2026-08-26 04:14:53]   [1] 15050 loss=3.9492 ppl=51.9 lr=1.61e-04 | 4479 tok/s (avg 4381) ETA n/a | GPU 2.1/8.5GB | gtok=246595584
[2026-08-26 04:16:25]   [1] 15075 loss=4.3181 ppl=75.0 lr=1.61e-04 | 4472 tok/s (avg 4381) ETA n/a | GPU 2.1/8.5GB | gtok=247005184
[2026-08-26 04:17:57]   [1] 15100 loss=3.5336 ppl=34.2 lr=1.60e-04 | 4469 tok/s (avg 4381) ETA n/a | GPU 2.1/8.5GB | gtok=247414784
[2026-08-26 04:19:28]   [1] 15125 loss=3.9775 ppl=53.4 lr=1.60e-04 | 4474 tok/s (avg 4381) ETA n/a | GPU 2.1/8.5GB | gtok=247824384
[2026-08-26 04:21:27]   [1] 15150 loss=3.9879 ppl=53.9 lr=1.59e-04 | 3440 tok/s (avg 4379) ETA n/a | GPU 2.1/8.5GB | gtok=248233984
[2026-08-26 04:24:25]   [1] 15175 loss=4.0040 ppl=54.8 lr=1.59e-04 | 2309 tok/s (avg 4373) ETA n/a | GPU 2.1/8.5GB | gtok=248643584
[2026-08-26 04:27:21]   [1] 15200 loss=4.0840 ppl=59.4 lr=1.59e-04 | 2327 tok/s (avg 4366) ETA n/a | GPU 2.1/8.5GB | gtok=249053184
[2026-08-26 04:28:53]   [1] 15225 loss=4.1157 ppl=61.3 lr=1.58e-04 | 4451 tok/s (avg 4366) ETA n/a | GPU 2.1/8.5GB | gtok=249462784
[2026-08-26 04:30:24]   [1] 15250 loss=3.6849 ppl=39.8 lr=1.58e-04 | 4472 tok/s (avg 4367) ETA n/a | GPU 2.1/8.5GB | gtok=249872384
[2026-08-26 04:31:56]   [1] 15275 loss=3.9779 ppl=53.4 lr=1.57e-04 | 4472 tok/s (avg 4367) ETA n/a | GPU 2.1/8.5GB | gtok=250281984
[2026-08-26 04:33:27]   [1] 15300 loss=4.0104 ppl=55.2 lr=1.57e-04 | 4478 tok/s (avg 4367) ETA n/a | GPU 2.1/8.5GB | gtok=250691584
[2026-08-26 04:34:59]   [1] 15325 loss=4.1131 ppl=61.1 lr=1.57e-04 | 4476 tok/s (avg 4367) ETA n/a | GPU 2.1/8.5GB | gtok=251101184
[2026-08-26 04:36:30]   [1] 15350 loss=4.0098 ppl=55.1 lr=1.56e-04 | 4477 tok/s (avg 4367) ETA n/a | GPU 2.1/8.5GB | gtok=251510784
[2026-08-26 04:38:02]   [1] 15375 loss=3.9740 ppl=53.2 lr=1.56e-04 | 4473 tok/s (avg 4367) ETA n/a | GPU 2.1/8.5GB | gtok=251920384
[2026-08-26 04:39:33]   [1] 15400 loss=4.2015 ppl=66.8 lr=1.56e-04 | 4474 tok/s (avg 4368) ETA n/a | GPU 2.1/8.5GB | gtok=252329984
[2026-08-26 04:41:05]   [1] 15425 loss=4.2609 ppl=70.9 lr=1.55e-04 | 4467 tok/s (avg 4368) ETA n/a | GPU 2.1/8.5GB | gtok=252739584
[2026-08-26 04:42:37]   [1] 15450 loss=4.1391 ppl=62.7 lr=1.55e-04 | 4474 tok/s (avg 4368) ETA n/a | GPU 2.1/8.5GB | gtok=253149184
[2026-08-26 04:44:08]   [1] 15475 loss=4.0652 ppl=58.3 lr=1.54e-04 | 4482 tok/s (avg 4368) ETA n/a | GPU 2.1/8.5GB | gtok=253558784
[2026-08-26 04:45:40]   [1] 15500 loss=4.0484 ppl=57.3 lr=1.54e-04 | 4475 tok/s (avg 4368) ETA n/a | GPU 2.1/8.5GB | gtok=253968384
[2026-08-26 04:47:11]   [1] 15525 loss=4.2451 ppl=69.8 lr=1.54e-04 | 4483 tok/s (avg 4368) ETA n/a | GPU 2.1/8.5GB | gtok=254377984
[2026-08-26 04:48:42]   [1] 15550 loss=4.1262 ppl=61.9 lr=1.53e-04 | 4476 tok/s (avg 4369) ETA n/a | GPU 2.1/8.5GB | gtok=254787584
[2026-08-26 04:50:14]   [1] 15575 loss=3.8137 ppl=45.3 lr=1.53e-04 | 4479 tok/s (avg 4369) ETA n/a | GPU 2.1/8.5GB | gtok=255197184
[2026-08-26 04:51:46]   [1] 15600 loss=4.1880 ppl=65.9 lr=1.52e-04 | 4473 tok/s (avg 4369) ETA n/a | GPU 2.1/8.5GB | gtok=255606784
[2026-08-26 04:53:17]   [1] 15625 loss=3.7960 ppl=44.5 lr=1.52e-04 | 4470 tok/s (avg 4369) ETA n/a | GPU 2.1/8.5GB | gtok=256016384
[2026-08-26 04:54:49]   [1] 15650 loss=3.9637 ppl=52.7 lr=1.52e-04 | 4470 tok/s (avg 4369) ETA n/a | GPU 2.1/8.5GB | gtok=256425984
[2026-08-26 04:56:20]   [1] 15675 loss=3.5990 ppl=36.6 lr=1.51e-04 | 4474 tok/s (avg 4369) ETA n/a | GPU 2.1/8.5GB | gtok=256835584
[2026-08-26 04:57:52]   [1] 15700 loss=4.1113 ppl=61.0 lr=1.51e-04 | 4468 tok/s (avg 4370) ETA n/a | GPU 2.1/8.5GB | gtok=257245184
[2026-08-26 04:59:24]   [1] 15725 loss=4.0091 ppl=55.1 lr=1.51e-04 | 4476 tok/s (avg 4370) ETA n/a | GPU 2.1/8.5GB | gtok=257654784
[2026-08-26 05:00:55]   [1] 15750 loss=4.1167 ppl=61.4 lr=1.50e-04 | 4476 tok/s (avg 4370) ETA n/a | GPU 2.1/8.5GB | gtok=258064384
[2026-08-26 05:02:26]   [1] 15775 loss=4.0857 ppl=59.5 lr=1.50e-04 | 4485 tok/s (avg 4370) ETA n/a | GPU 2.1/8.5GB | gtok=258473984
[2026-08-26 05:03:58]   [1] 15800 loss=4.1609 ppl=64.1 lr=1.49e-04 | 4482 tok/s (avg 4370) ETA n/a | GPU 2.1/8.5GB | gtok=258883584
[2026-08-26 05:05:29]   [1] 15825 loss=4.1565 ppl=63.8 lr=1.49e-04 | 4479 tok/s (avg 4370) ETA n/a | GPU 2.1/8.5GB | gtok=259293184
[2026-08-26 05:07:01]   [1] 15850 loss=4.1275 ppl=62.0 lr=1.49e-04 | 4485 tok/s (avg 4371) ETA n/a | GPU 2.1/8.5GB | gtok=259702784
[2026-08-26 05:08:32]   [1] 15875 loss=4.1347 ppl=62.5 lr=1.48e-04 | 4485 tok/s (avg 4371) ETA n/a | GPU 2.1/8.5GB | gtok=260112384
[2026-08-26 05:10:03]   [1] 15900 loss=3.9863 ppl=53.9 lr=1.48e-04 | 4474 tok/s (avg 4371) ETA n/a | GPU 2.1/8.5GB | gtok=260521984
[2026-08-26 05:11:35]   [1] 15925 loss=3.8911 ppl=49.0 lr=1.47e-04 | 4479 tok/s (avg 4371) ETA n/a | GPU 2.1/8.5GB | gtok=260931584
[2026-08-26 05:13:06]   [1] 15950 loss=3.6937 ppl=40.2 lr=1.47e-04 | 4481 tok/s (avg 4371) ETA n/a | GPU 2.1/8.5GB | gtok=261341184
[2026-08-26 05:14:38]   [1] 15975 loss=4.3296 ppl=75.9 lr=1.47e-04 | 4474 tok/s (avg 4371) ETA n/a | GPU 2.1/8.5GB | gtok=261750784
[2026-08-26 05:16:09]   [1] 16000 loss=4.0342 ppl=56.5 lr=1.46e-04 | 4475 tok/s (avg 4372) ETA n/a | GPU 2.1/8.5GB | gtok=262160384
[2026-08-26 05:17:41]   [1] 16025 loss=3.7979 ppl=44.6 lr=1.46e-04 | 4484 tok/s (avg 4372) ETA n/a | GPU 2.1/8.5GB | gtok=262569984
[2026-08-26 05:19:12]   [1] 16050 loss=3.9455 ppl=51.7 lr=1.45e-04 | 4471 tok/s (avg 4372) ETA n/a | GPU 2.1/8.5GB | gtok=262979584
[2026-08-26 05:20:44]   [1] 16075 loss=4.2416 ppl=69.5 lr=1.45e-04 | 4480 tok/s (avg 4372) ETA n/a | GPU 2.1/8.5GB | gtok=263389184
[2026-08-26 05:22:15]   [1] 16100 loss=4.0477 ppl=57.3 lr=1.45e-04 | 4480 tok/s (avg 4372) ETA n/a | GPU 2.1/8.5GB | gtok=263798784
[2026-08-26 05:23:47]   [1] 16125 loss=4.3064 ppl=74.2 lr=1.44e-04 | 4474 tok/s (avg 4372) ETA n/a | GPU 2.1/8.5GB | gtok=264208384
[2026-08-26 05:25:18]   [1] 16150 loss=3.9177 ppl=50.3 lr=1.44e-04 | 4475 tok/s (avg 4373) ETA n/a | GPU 2.1/8.5GB | gtok=264617984
[2026-08-26 05:26:50]   [1] 16175 loss=3.9907 ppl=54.1 lr=1.44e-04 | 4465 tok/s (avg 4373) ETA n/a | GPU 2.1/8.5GB | gtok=265027584
[2026-08-26 05:28:22]   [1] 16200 loss=4.1056 ppl=60.7 lr=1.43e-04 | 4476 tok/s (avg 4373) ETA n/a | GPU 2.1/8.5GB | gtok=265437184
[2026-08-26 05:29:53]   [1] 16225 loss=4.2287 ppl=68.6 lr=1.43e-04 | 4470 tok/s (avg 4373) ETA n/a | GPU 2.1/8.5GB | gtok=265846784
[2026-08-26 05:31:25]   [1] 16250 loss=4.0590 ppl=57.9 lr=1.42e-04 | 4480 tok/s (avg 4373) ETA n/a | GPU 2.1/8.5GB | gtok=266256384
[2026-08-26 05:32:56]   [1] 16275 loss=3.7150 ppl=41.1 lr=1.42e-04 | 4477 tok/s (avg 4373) ETA n/a | GPU 2.1/8.5GB | gtok=266665984
[2026-08-26 05:34:28]   [1] 16300 loss=4.4192 ppl=83.0 lr=1.42e-04 | 4473 tok/s (avg 4373) ETA n/a | GPU 2.1/8.5GB | gtok=267075584
[2026-08-26 05:35:59]   [1] 16325 loss=4.1421 ppl=62.9 lr=1.41e-04 | 4473 tok/s (avg 4374) ETA n/a | GPU 2.1/8.5GB | gtok=267485184
[2026-08-26 05:37:31]   [1] 16350 loss=4.0909 ppl=59.8 lr=1.41e-04 | 4478 tok/s (avg 4374) ETA n/a | GPU 2.1/8.5GB | gtok=267894784
[2026-08-26 05:39:02]   [1] 16375 loss=3.7646 ppl=43.1 lr=1.40e-04 | 4468 tok/s (avg 4374) ETA n/a | GPU 2.1/8.5GB | gtok=268304384
[2026-08-26 05:40:34]   [1] 16400 loss=3.9163 ppl=50.2 lr=1.40e-04 | 4475 tok/s (avg 4374) ETA n/a | GPU 2.1/8.5GB | gtok=268713984
[2026-08-26 05:42:05]   [1] 16425 loss=3.7695 ppl=43.4 lr=1.40e-04 | 4475 tok/s (avg 4374) ETA n/a | GPU 2.1/8.5GB | gtok=269123584
[2026-08-26 05:43:37]   [1] 16450 loss=4.0517 ppl=57.5 lr=1.39e-04 | 4473 tok/s (avg 4374) ETA n/a | GPU 2.1/8.5GB | gtok=269533184
[2026-08-26 05:45:09]   [1] 16475 loss=3.7141 ppl=41.0 lr=1.39e-04 | 4470 tok/s (avg 4374) ETA n/a | GPU 2.1/8.5GB | gtok=269942784
[2026-08-26 05:46:40]   [1] 16500 loss=3.8724 ppl=48.1 lr=1.39e-04 | 4480 tok/s (avg 4375) ETA n/a | GPU 2.1/8.5GB | gtok=270352384
[2026-08-26 05:48:12]   [1] 16525 loss=3.8760 ppl=48.2 lr=1.38e-04 | 4472 tok/s (avg 4375) ETA n/a | GPU 2.1/8.5GB | gtok=270761984
[2026-08-26 05:49:43]   [1] 16550 loss=4.1036 ppl=60.6 lr=1.38e-04 | 4476 tok/s (avg 4375) ETA n/a | GPU 2.1/8.5GB | gtok=271171584
[2026-08-26 05:51:15]   [1] 16575 loss=3.5099 ppl=33.4 lr=1.37e-04 | 4475 tok/s (avg 4375) ETA n/a | GPU 2.1/8.5GB | gtok=271581184
[2026-08-26 05:52:46]   [1] 16600 loss=3.9239 ppl=50.6 lr=1.37e-04 | 4478 tok/s (avg 4375) ETA n/a | GPU 2.1/8.5GB | gtok=271990784
[2026-08-26 05:54:18]   [1] 16625 loss=3.9199 ppl=50.4 lr=1.37e-04 | 4474 tok/s (avg 4375) ETA n/a | GPU 2.1/8.5GB | gtok=272400384
[2026-08-26 05:55:49]   [1] 16650 loss=4.2529 ppl=70.3 lr=1.36e-04 | 4481 tok/s (avg 4375) ETA n/a | GPU 2.1/8.5GB | gtok=272809984
[2026-08-26 05:57:21]   [1] 16675 loss=3.5092 ppl=33.4 lr=1.36e-04 | 4481 tok/s (avg 4376) ETA n/a | GPU 2.1/8.5GB | gtok=273219584
[2026-08-26 05:58:52]   [1] 16700 loss=3.9139 ppl=50.1 lr=1.35e-04 | 4475 tok/s (avg 4376) ETA n/a | GPU 2.1/8.5GB | gtok=273629184
[2026-08-26 06:00:24]   [1] 16725 loss=4.1132 ppl=61.1 lr=1.35e-04 | 4478 tok/s (avg 4376) ETA n/a | GPU 2.1/8.5GB | gtok=274038784
[2026-08-26 06:01:55]   [1] 16750 loss=3.9116 ppl=50.0 lr=1.35e-04 | 4473 tok/s (avg 4376) ETA n/a | GPU 2.1/8.5GB | gtok=274448384
[2026-08-26 06:03:27]   [1] 16775 loss=4.1040 ppl=60.6 lr=1.34e-04 | 4475 tok/s (avg 4376) ETA n/a | GPU 2.1/8.5GB | gtok=274857984
[2026-08-26 06:04:58]   [1] 16800 loss=3.6567 ppl=38.7 lr=1.34e-04 | 4477 tok/s (avg 4376) ETA n/a | GPU 2.1/8.5GB | gtok=275267584
[2026-08-26 06:06:30]   [1] 16825 loss=3.9269 ppl=50.7 lr=1.34e-04 | 4479 tok/s (avg 4377) ETA n/a | GPU 2.1/8.5GB | gtok=275677184
[2026-08-26 06:08:01]   [1] 16850 loss=3.9195 ppl=50.4 lr=1.33e-04 | 4466 tok/s (avg 4377) ETA n/a | GPU 2.1/8.5GB | gtok=276086784
[2026-08-26 06:09:33]   [1] 16875 loss=3.7066 ppl=40.7 lr=1.33e-04 | 4479 tok/s (avg 4377) ETA n/a | GPU 2.1/8.5GB | gtok=276496384
[2026-08-26 06:11:04]   [1] 16900 loss=3.9826 ppl=53.7 lr=1.32e-04 | 4475 tok/s (avg 4377) ETA n/a | GPU 2.1/8.5GB | gtok=276905984
[2026-08-26 06:12:36]   [1] 16925 loss=4.2014 ppl=66.8 lr=1.32e-04 | 4472 tok/s (avg 4377) ETA n/a | GPU 2.1/8.5GB | gtok=277315584
[2026-08-26 06:14:07]   [1] 16950 loss=3.7966 ppl=44.5 lr=1.32e-04 | 4481 tok/s (avg 4377) ETA n/a | GPU 2.1/8.5GB | gtok=277725184
[2026-08-26 06:15:39]   [1] 16975 loss=4.3131 ppl=74.7 lr=1.31e-04 | 4475 tok/s (avg 4377) ETA n/a | GPU 2.1/8.5GB | gtok=278134784
[2026-08-26 06:17:10]   [1] 17000 loss=4.1260 ppl=61.9 lr=1.31e-04 | 4474 tok/s (avg 4378) ETA n/a | GPU 2.1/8.5GB | gtok=278544384
[2026-08-26 06:18:42]   [1] 17025 loss=3.8011 ppl=44.7 lr=1.30e-04 | 4479 tok/s (avg 4378) ETA n/a | GPU 2.1/8.5GB | gtok=278953984
[2026-08-26 06:20:13]   [1] 17050 loss=3.8127 ppl=45.3 lr=1.30e-04 | 4473 tok/s (avg 4378) ETA n/a | GPU 2.1/8.5GB | gtok=279363584
[2026-08-26 06:21:45]   [1] 17075 loss=3.7192 ppl=41.2 lr=1.30e-04 | 4469 tok/s (avg 4378) ETA n/a | GPU 2.1/8.5GB | gtok=279773184
[2026-08-26 06:23:16]   [1] 17100 loss=3.9885 ppl=54.0 lr=1.29e-04 | 4478 tok/s (avg 4378) ETA n/a | GPU 2.1/8.5GB | gtok=280182784
[2026-08-26 06:24:48]   [1] 17125 loss=3.6895 ppl=40.0 lr=1.29e-04 | 4471 tok/s (avg 4378) ETA n/a | GPU 2.1/8.5GB | gtok=280592384
[2026-08-26 06:26:20]   [1] 17150 loss=4.1908 ppl=66.1 lr=1.29e-04 | 4475 tok/s (avg 4378) ETA n/a | GPU 2.1/8.5GB | gtok=281001984
[2026-08-26 06:27:51]   [1] 17175 loss=4.1713 ppl=64.8 lr=1.28e-04 | 4474 tok/s (avg 4378) ETA n/a | GPU 2.1/8.5GB | gtok=281411584
[2026-08-26 06:29:23]   [1] 17200 loss=3.6037 ppl=36.7 lr=1.28e-04 | 4476 tok/s (avg 4379) ETA n/a | GPU 2.1/8.5GB | gtok=281821184
[2026-08-26 06:30:55]   [1] 17225 loss=4.0536 ppl=57.6 lr=1.27e-04 | 4448 tok/s (avg 4379) ETA n/a | GPU 2.1/8.5GB | gtok=282230784
[2026-08-26 06:32:26]   [1] 17250 loss=3.8898 ppl=48.9 lr=1.27e-04 | 4475 tok/s (avg 4379) ETA n/a | GPU 2.1/8.5GB | gtok=282640384
[2026-08-26 06:33:58]   [1] 17275 loss=4.1877 ppl=65.9 lr=1.27e-04 | 4470 tok/s (avg 4379) ETA n/a | GPU 2.1/8.5GB | gtok=283049984
[2026-08-26 06:35:30]   [1] 17300 loss=4.0423 ppl=57.0 lr=1.26e-04 | 4472 tok/s (avg 4379) ETA n/a | GPU 2.1/8.5GB | gtok=283459584
[2026-08-26 06:37:01]   [1] 17325 loss=3.8674 ppl=47.8 lr=1.26e-04 | 4482 tok/s (avg 4379) ETA n/a | GPU 2.1/8.5GB | gtok=283869184
[2026-08-26 06:38:32]   [1] 17350 loss=4.0645 ppl=58.2 lr=1.26e-04 | 4478 tok/s (avg 4379) ETA n/a | GPU 2.1/8.5GB | gtok=284278784
[2026-08-26 06:40:04]   [1] 17375 loss=3.5152 ppl=33.6 lr=1.25e-04 | 4475 tok/s (avg 4380) ETA n/a | GPU 2.1/8.5GB | gtok=284688384
[2026-08-26 06:41:35]   [1] 17400 loss=4.1493 ppl=63.4 lr=1.25e-04 | 4475 tok/s (avg 4380) ETA n/a | GPU 2.1/8.5GB | gtok=285097984
[2026-08-26 06:43:07]   [1] 17425 loss=3.8749 ppl=48.2 lr=1.24e-04 | 4480 tok/s (avg 4380) ETA n/a | GPU 2.1/8.5GB | gtok=285507584
[2026-08-26 06:44:39]   [1] 17450 loss=3.9172 ppl=50.3 lr=1.24e-04 | 4465 tok/s (avg 4380) ETA n/a | GPU 2.1/8.5GB | gtok=285917184
[2026-08-26 06:46:10]   [1] 17475 loss=3.8876 ppl=48.8 lr=1.24e-04 | 4471 tok/s (avg 4380) ETA n/a | GPU 2.1/8.5GB | gtok=286326784
[2026-08-26 06:47:42]   [1] 17500 loss=3.9528 ppl=52.1 lr=1.23e-04 | 4466 tok/s (avg 4380) ETA n/a | GPU 2.1/8.5GB | gtok=286736384
[2026-08-26 06:49:14]   [1] 17525 loss=3.7511 ppl=42.6 lr=1.23e-04 | 4466 tok/s (avg 4380) ETA n/a | GPU 2.1/8.5GB | gtok=287145984
[2026-08-26 06:50:45]   [1] 17550 loss=4.1401 ppl=62.8 lr=1.22e-04 | 4473 tok/s (avg 4380) ETA n/a | GPU 2.1/8.5GB | gtok=287555584
[2026-08-26 06:52:17]   [1] 17575 loss=3.9843 ppl=53.7 lr=1.22e-04 | 4473 tok/s (avg 4381) ETA n/a | GPU 2.1/8.5GB | gtok=287965184
[2026-08-26 06:53:48]   [1] 17600 loss=3.9971 ppl=54.4 lr=1.22e-04 | 4475 tok/s (avg 4381) ETA n/a | GPU 2.1/8.5GB | gtok=288374784
[2026-08-26 06:55:20]   [1] 17625 loss=4.0406 ppl=56.9 lr=1.21e-04 | 4474 tok/s (avg 4381) ETA n/a | GPU 2.1/8.5GB | gtok=288784384
[2026-08-26 06:56:52]   [1] 17650 loss=4.0242 ppl=55.9 lr=1.21e-04 | 4471 tok/s (avg 4381) ETA n/a | GPU 2.1/8.5GB | gtok=289193984
[2026-08-26 06:58:23]   [1] 17675 loss=4.1685 ppl=64.6 lr=1.21e-04 | 4474 tok/s (avg 4381) ETA n/a | GPU 2.1/8.5GB | gtok=289603584
[2026-08-26 06:59:55]   [1] 17700 loss=4.0875 ppl=59.6 lr=1.20e-04 | 4480 tok/s (avg 4381) ETA n/a | GPU 2.1/8.5GB | gtok=290013184
[2026-08-26 07:01:26]   [1] 17725 loss=4.1133 ppl=61.1 lr=1.20e-04 | 4479 tok/s (avg 4381) ETA n/a | GPU 2.1/8.5GB | gtok=290422784
[2026-08-26 07:02:57]   [1] 17750 loss=4.3014 ppl=73.8 lr=1.19e-04 | 4482 tok/s (avg 4381) ETA n/a | GPU 2.1/8.5GB | gtok=290832384
[2026-08-26 07:04:29]   [1] 17775 loss=3.9446 ppl=51.7 lr=1.19e-04 | 4471 tok/s (avg 4382) ETA n/a | GPU 2.1/8.5GB | gtok=291241984
[2026-08-26 07:06:00]   [1] 17800 loss=3.9462 ppl=51.7 lr=1.19e-04 | 4480 tok/s (avg 4382) ETA n/a | GPU 2.1/8.5GB | gtok=291651584
[2026-08-26 07:07:32]   [1] 17825 loss=3.9800 ppl=53.5 lr=1.18e-04 | 4474 tok/s (avg 4382) ETA n/a | GPU 2.1/8.5GB | gtok=292061184
[2026-08-26 07:09:03]   [1] 17850 loss=4.0255 ppl=56.0 lr=1.18e-04 | 4478 tok/s (avg 4382) ETA n/a | GPU 2.1/8.5GB | gtok=292470784
[2026-08-26 07:10:35]   [1] 17875 loss=3.9038 ppl=49.6 lr=1.18e-04 | 4469 tok/s (avg 4382) ETA n/a | GPU 2.1/8.5GB | gtok=292880384
[2026-08-26 07:12:06]   [1] 17900 loss=4.0275 ppl=56.1 lr=1.17e-04 | 4488 tok/s (avg 4382) ETA n/a | GPU 2.1/8.5GB | gtok=293289984
[2026-08-26 07:13:38]   [1] 17925 loss=4.1322 ppl=62.3 lr=1.17e-04 | 4479 tok/s (avg 4382) ETA n/a | GPU 2.1/8.5GB | gtok=293699584
[2026-08-26 07:15:09]   [1] 17950 loss=4.0642 ppl=58.2 lr=1.16e-04 | 4482 tok/s (avg 4383) ETA n/a | GPU 2.1/8.5GB | gtok=294109184
[2026-08-26 07:16:41]   [1] 17975 loss=4.0255 ppl=56.0 lr=1.16e-04 | 4477 tok/s (avg 4383) ETA n/a | GPU 2.1/8.5GB | gtok=294518784
[2026-08-26 07:18:12]   [1] 18000 loss=3.9908 ppl=54.1 lr=1.16e-04 | 4467 tok/s (avg 4383) ETA n/a | GPU 2.1/8.5GB | gtok=294928384
[2026-08-26 07:19:44]   [1] 18025 loss=4.1218 ppl=61.7 lr=1.15e-04 | 4476 tok/s (avg 4383) ETA n/a | GPU 2.1/8.5GB | gtok=295337984
[2026-08-26 07:21:15]   [1] 18050 loss=3.8515 ppl=47.1 lr=1.15e-04 | 4487 tok/s (avg 4383) ETA n/a | GPU 2.1/8.5GB | gtok=295747584
[2026-08-26 07:22:47]   [1] 18075 loss=4.2023 ppl=66.8 lr=1.15e-04 | 4474 tok/s (avg 4383) ETA n/a | GPU 2.1/8.5GB | gtok=296157184
[2026-08-26 07:24:18]   [1] 18100 loss=3.9764 ppl=53.3 lr=1.14e-04 | 4475 tok/s (avg 4383) ETA n/a | GPU 2.1/8.5GB | gtok=296566784
[2026-08-26 07:25:50]   [1] 18125 loss=4.0878 ppl=59.6 lr=1.14e-04 | 4471 tok/s (avg 4383) ETA n/a | GPU 2.1/8.5GB | gtok=296976384
[2026-08-26 07:27:21]   [1] 18150 loss=3.9165 ppl=50.2 lr=1.13e-04 | 4479 tok/s (avg 4384) ETA n/a | GPU 2.1/8.5GB | gtok=297385984
[2026-08-26 07:28:53]   [1] 18175 loss=3.5332 ppl=34.2 lr=1.13e-04 | 4477 tok/s (avg 4384) ETA n/a | GPU 2.1/8.5GB | gtok=297795584
[2026-08-26 07:30:24]   [1] 18200 loss=3.9279 ppl=50.8 lr=1.13e-04 | 4482 tok/s (avg 4384) ETA n/a | GPU 2.1/8.5GB | gtok=298205184
[2026-08-26 07:31:56]   [1] 18225 loss=4.0150 ppl=55.4 lr=1.12e-04 | 4471 tok/s (avg 4384) ETA n/a | GPU 2.1/8.5GB | gtok=298614784
[2026-08-26 07:33:28]   [1] 18250 loss=4.1358 ppl=62.5 lr=1.12e-04 | 4464 tok/s (avg 4384) ETA n/a | GPU 2.1/8.5GB | gtok=299024384
[2026-08-26 07:34:59]   [1] 18275 loss=3.7065 ppl=40.7 lr=1.12e-04 | 4470 tok/s (avg 4384) ETA n/a | GPU 2.1/8.5GB | gtok=299433984
[2026-08-26 07:36:31]   [1] 18300 loss=3.9870 ppl=53.9 lr=1.11e-04 | 4473 tok/s (avg 4384) ETA n/a | GPU 2.1/8.5GB | gtok=299843584
[2026-08-26 07:38:02]   [1] 18325 loss=4.1422 ppl=62.9 lr=1.11e-04 | 4476 tok/s (avg 4384) ETA n/a | GPU 2.1/8.5GB | gtok=300253184
[2026-08-26 07:39:34]   [1] 18350 loss=3.6710 ppl=39.3 lr=1.10e-04 | 4474 tok/s (avg 4384) ETA n/a | GPU 2.1/8.5GB | gtok=300662784
[2026-08-26 07:41:05]   [1] 18375 loss=4.0866 ppl=59.5 lr=1.10e-04 | 4477 tok/s (avg 4385) ETA n/a | GPU 2.1/8.5GB | gtok=301072384
[2026-08-26 07:42:37]   [1] 18400 loss=4.0841 ppl=59.4 lr=1.10e-04 | 4473 tok/s (avg 4385) ETA n/a | GPU 2.1/8.5GB | gtok=301481984
[2026-08-26 07:44:08]   [1] 18425 loss=4.0073 ppl=55.0 lr=1.09e-04 | 4489 tok/s (avg 4385) ETA n/a | GPU 2.1/8.5GB | gtok=301891584
[2026-08-26 07:45:40]   [1] 18450 loss=4.2741 ppl=71.8 lr=1.09e-04 | 4475 tok/s (avg 4385) ETA n/a | GPU 2.1/8.5GB | gtok=302301184
[2026-08-26 07:47:11]   [1] 18475 loss=3.8491 ppl=47.0 lr=1.09e-04 | 4487 tok/s (avg 4385) ETA n/a | GPU 2.1/8.5GB | gtok=302710784
[2026-08-26 07:48:42]   [1] 18500 loss=3.9397 ppl=51.4 lr=1.08e-04 | 4477 tok/s (avg 4385) ETA n/a | GPU 2.1/8.5GB | gtok=303120384
[2026-08-26 07:50:14]   [1] 18525 loss=3.8520 ppl=47.1 lr=1.08e-04 | 4483 tok/s (avg 4385) ETA n/a | GPU 2.1/8.5GB | gtok=303529984
[2026-08-26 07:51:45]   [1] 18550 loss=4.0252 ppl=56.0 lr=1.07e-04 | 4485 tok/s (avg 4386) ETA n/a | GPU 2.1/8.5GB | gtok=303939584
[2026-08-26 07:53:17]   [1] 18575 loss=4.0854 ppl=59.5 lr=1.07e-04 | 4481 tok/s (avg 4386) ETA n/a | GPU 2.1/8.5GB | gtok=304349184
[2026-08-26 07:54:48]   [1] 18600 loss=4.0721 ppl=58.7 lr=1.07e-04 | 4484 tok/s (avg 4386) ETA n/a | GPU 2.1/8.5GB | gtok=304758784
[2026-08-26 07:56:19]   [1] 18625 loss=4.1532 ppl=63.6 lr=1.06e-04 | 4473 tok/s (avg 4386) ETA n/a | GPU 2.1/8.5GB | gtok=305168384
[2026-08-26 07:57:51]   [1] 18650 loss=4.1317 ppl=62.3 lr=1.06e-04 | 4474 tok/s (avg 4386) ETA n/a | GPU 2.1/8.5GB | gtok=305577984
[2026-08-26 07:59:22]   [1] 18675 loss=4.0868 ppl=59.5 lr=1.06e-04 | 4485 tok/s (avg 4386) ETA n/a | GPU 2.1/8.5GB | gtok=305987584
[2026-08-26 08:00:54]   [1] 18700 loss=4.1001 ppl=60.3 lr=1.05e-04 | 4478 tok/s (avg 4386) ETA n/a | GPU 2.1/8.5GB | gtok=306397184
[2026-08-26 08:02:25]   [1] 18725 loss=3.9619 ppl=52.6 lr=1.05e-04 | 4484 tok/s (avg 4386) ETA n/a | GPU 2.1/8.5GB | gtok=306806784
[2026-08-26 08:03:57]   [1] 18750 loss=4.2712 ppl=71.6 lr=1.05e-04 | 4474 tok/s (avg 4386) ETA n/a | GPU 2.1/8.5GB | gtok=307216384
[2026-08-26 08:05:28]   [1] 18775 loss=4.0364 ppl=56.6 lr=1.04e-04 | 4485 tok/s (avg 4387) ETA n/a | GPU 2.1/8.5GB | gtok=307625984
[2026-08-26 08:06:59]   [1] 18800 loss=4.0758 ppl=58.9 lr=1.04e-04 | 4491 tok/s (avg 4387) ETA n/a | GPU 2.1/8.5GB | gtok=308035584
[2026-08-26 08:08:31]   [1] 18825 loss=3.8587 ppl=47.4 lr=1.03e-04 | 4480 tok/s (avg 4387) ETA n/a | GPU 2.1/8.5GB | gtok=308445184
[2026-08-26 08:10:02]   [1] 18850 loss=3.9726 ppl=53.1 lr=1.03e-04 | 4481 tok/s (avg 4387) ETA n/a | GPU 2.1/8.5GB | gtok=308854784
[2026-08-26 08:11:33]   [1] 18875 loss=3.9884 ppl=54.0 lr=1.03e-04 | 4485 tok/s (avg 4387) ETA n/a | GPU 2.1/8.5GB | gtok=309264384
[2026-08-26 08:13:05]   [1] 18900 loss=3.8717 ppl=48.0 lr=1.02e-04 | 4482 tok/s (avg 4387) ETA n/a | GPU 2.1/8.5GB | gtok=309673984
[2026-08-26 08:14:36]   [1] 18925 loss=3.9395 ppl=51.4 lr=1.02e-04 | 4480 tok/s (avg 4387) ETA n/a | GPU 2.1/8.5GB | gtok=310083584
[2026-08-26 08:16:08]   [1] 18950 loss=3.9874 ppl=53.9 lr=1.02e-04 | 4474 tok/s (avg 4387) ETA n/a | GPU 2.1/8.5GB | gtok=310493184
[2026-08-26 08:17:39]   [1] 18975 loss=3.9187 ppl=50.3 lr=1.01e-04 | 4481 tok/s (avg 4388) ETA n/a | GPU 2.1/8.5GB | gtok=310902784
[2026-08-26 08:19:11]   [1] 19000 loss=4.0201 ppl=55.7 lr=1.01e-04 | 4479 tok/s (avg 4388) ETA n/a | GPU 2.1/8.5GB | gtok=311312384
[2026-08-26 08:20:42]   [1] 19025 loss=4.2792 ppl=72.2 lr=1.00e-04 | 4483 tok/s (avg 4388) ETA n/a | GPU 2.1/8.5GB | gtok=311721984
[2026-08-26 08:22:13]   [1] 19050 loss=4.1288 ppl=62.1 lr=1.00e-04 | 4483 tok/s (avg 4388) ETA n/a | GPU 2.1/8.5GB | gtok=312131584
[2026-08-26 08:23:45]   [1] 19075 loss=3.9914 ppl=54.1 lr=9.98e-05 | 4482 tok/s (avg 4388) ETA n/a | GPU 2.1/8.5GB | gtok=312541184
[2026-08-26 08:25:16]   [1] 19100 loss=4.0660 ppl=58.3 lr=9.94e-05 | 4486 tok/s (avg 4388) ETA n/a | GPU 2.1/8.5GB | gtok=312950784
[2026-08-26 08:26:47]   [1] 19125 loss=4.1072 ppl=60.8 lr=9.90e-05 | 4493 tok/s (avg 4388) ETA n/a | GPU 2.1/8.5GB | gtok=313360384
[2026-08-26 08:28:18]   [1] 19150 loss=3.6571 ppl=38.7 lr=9.87e-05 | 4502 tok/s (avg 4388) ETA n/a | GPU 2.1/8.5GB | gtok=313769984
[2026-08-26 08:29:49]   [1] 19175 loss=3.9160 ppl=50.2 lr=9.83e-05 | 4504 tok/s (avg 4389) ETA n/a | GPU 2.1/8.5GB | gtok=314179584
[2026-08-26 08:31:20]   [1] 19200 loss=3.8695 ppl=47.9 lr=9.79e-05 | 4504 tok/s (avg 4389) ETA n/a | GPU 2.1/8.5GB | gtok=314589184
[2026-08-26 08:32:51]   [1] 19225 loss=3.8402 ppl=46.5 lr=9.76e-05 | 4497 tok/s (avg 4389) ETA n/a | GPU 2.1/8.5GB | gtok=314998784
[2026-08-26 08:34:22]   [1] 19250 loss=3.6782 ppl=39.6 lr=9.72e-05 | 4497 tok/s (avg 4389) ETA n/a | GPU 2.1/8.5GB | gtok=315408384
[2026-08-26 08:35:54]   [1] 19275 loss=3.7057 ppl=40.7 lr=9.69e-05 | 4481 tok/s (avg 4389) ETA n/a | GPU 2.1/8.5GB | gtok=315817984
[2026-08-26 08:37:25]   [1] 19300 loss=4.0136 ppl=55.3 lr=9.65e-05 | 4481 tok/s (avg 4389) ETA n/a | GPU 2.1/8.5GB | gtok=316227584
[2026-08-26 08:38:56]   [1] 19325 loss=3.8482 ppl=46.9 lr=9.61e-05 | 4491 tok/s (avg 4389) ETA n/a | GPU 2.1/8.5GB | gtok=316637184
[2026-08-26 08:40:28]   [1] 19350 loss=3.8625 ppl=47.6 lr=9.58e-05 | 4484 tok/s (avg 4390) ETA n/a | GPU 2.1/8.5GB | gtok=317046784
[2026-08-26 08:41:59]   [1] 19375 loss=3.7407 ppl=42.1 lr=9.54e-05 | 4488 tok/s (avg 4390) ETA n/a | GPU 2.1/8.5GB | gtok=317456384
[2026-08-26 08:43:30]   [1] 19400 loss=3.9916 ppl=54.1 lr=9.51e-05 | 4484 tok/s (avg 4390) ETA n/a | GPU 2.1/8.5GB | gtok=317865984
[2026-08-26 08:45:02]   [1] 19425 loss=3.7124 ppl=41.0 lr=9.47e-05 | 4485 tok/s (avg 4390) ETA n/a | GPU 2.1/8.5GB | gtok=318275584
[2026-08-26 08:46:33]   [1] 19450 loss=3.8058 ppl=45.0 lr=9.43e-05 | 4477 tok/s (avg 4390) ETA n/a | GPU 2.1/8.5GB | gtok=318685184
[2026-08-26 08:48:04]   [1] 19475 loss=3.8366 ppl=46.4 lr=9.40e-05 | 4491 tok/s (avg 4390) ETA n/a | GPU 2.1/8.5GB | gtok=319094784
[2026-08-26 08:49:36]   [1] 19500 loss=3.8167 ppl=45.5 lr=9.36e-05 | 4488 tok/s (avg 4390) ETA n/a | GPU 2.1/8.5GB | gtok=319504384
[2026-08-26 08:51:07]   [1] 19525 loss=3.9893 ppl=54.0 lr=9.33e-05 | 4479 tok/s (avg 4390) ETA n/a | GPU 2.1/8.5GB | gtok=319913984
[2026-08-26 08:52:39]   [1] 19550 loss=3.5736 ppl=35.6 lr=9.29e-05 | 4474 tok/s (avg 4390) ETA n/a | GPU 2.1/8.5GB | gtok=320323584
[2026-08-26 08:54:10]   [1] 19575 loss=3.7871 ppl=44.1 lr=9.26e-05 | 4483 tok/s (avg 4391) ETA n/a | GPU 2.1/8.5GB | gtok=320733184
[2026-08-26 08:55:41]   [1] 19600 loss=3.6972 ppl=40.3 lr=9.22e-05 | 4481 tok/s (avg 4391) ETA n/a | GPU 2.1/8.5GB | gtok=321142784
[2026-08-26 08:57:13]   [1] 19625 loss=3.9216 ppl=50.5 lr=9.18e-05 | 4487 tok/s (avg 4391) ETA n/a | GPU 2.1/8.5GB | gtok=321552384
[2026-08-26 08:58:44]   [1] 19650 loss=3.6510 ppl=38.5 lr=9.15e-05 | 4480 tok/s (avg 4391) ETA n/a | GPU 2.1/8.5GB | gtok=321961984
[2026-08-26 09:00:15]   [1] 19675 loss=3.5881 ppl=36.2 lr=9.11e-05 | 4480 tok/s (avg 4391) ETA n/a | GPU 2.1/8.5GB | gtok=322371584
[2026-08-26 09:01:47]   [1] 19700 loss=3.9678 ppl=52.9 lr=9.08e-05 | 4475 tok/s (avg 4391) ETA n/a | GPU 2.1/8.5GB | gtok=322781184
[2026-08-26 09:03:18]   [1] 19725 loss=3.7344 ppl=41.9 lr=9.04e-05 | 4486 tok/s (avg 4391) ETA n/a | GPU 2.1/8.5GB | gtok=323190784
[2026-08-26 09:04:50]   [1] 19750 loss=3.8903 ppl=48.9 lr=9.01e-05 | 4481 tok/s (avg 4391) ETA n/a | GPU 2.1/8.5GB | gtok=323600384
[2026-08-26 09:06:21]   [1] 19775 loss=3.9618 ppl=52.6 lr=8.97e-05 | 4482 tok/s (avg 4391) ETA n/a | GPU 2.1/8.5GB | gtok=324009984
[2026-08-26 09:07:52]   [1] 19800 loss=4.1123 ppl=61.1 lr=8.94e-05 | 4484 tok/s (avg 4392) ETA n/a | GPU 2.1/8.5GB | gtok=324419584
[2026-08-26 09:09:24]   [1] 19825 loss=4.1354 ppl=62.5 lr=8.90e-05 | 4482 tok/s (avg 4392) ETA n/a | GPU 2.1/8.5GB | gtok=324829184
[2026-08-26 09:10:55]   [1] 19850 loss=3.8833 ppl=48.6 lr=8.87e-05 | 4472 tok/s (avg 4392) ETA n/a | GPU 2.1/8.5GB | gtok=325238784
[2026-08-26 09:12:27]   [1] 19875 loss=3.9260 ppl=50.7 lr=8.83e-05 | 4485 tok/s (avg 4392) ETA n/a | GPU 2.1/8.5GB | gtok=325648384
[2026-08-26 09:13:58]   [1] 19900 loss=4.0669 ppl=58.4 lr=8.80e-05 | 4482 tok/s (avg 4392) ETA n/a | GPU 2.1/8.5GB | gtok=326057984
[2026-08-26 09:15:30]   [1] 19925 loss=3.8901 ppl=48.9 lr=8.76e-05 | 4482 tok/s (avg 4392) ETA n/a | GPU 2.1/8.5GB | gtok=326467584
[2026-08-26 09:17:01]   [1] 19950 loss=3.9120 ppl=50.0 lr=8.73e-05 | 4487 tok/s (avg 4392) ETA n/a | GPU 2.1/8.5GB | gtok=326877184
[2026-08-26 09:18:32]   [1] 19975 loss=4.1193 ppl=61.5 lr=8.69e-05 | 4483 tok/s (avg 4392) ETA n/a | GPU 2.1/8.5GB | gtok=327286784
[2026-08-26 09:20:01] Saved checkpoint: checkpoints_v13/500m_v13_B_recall/latest.pt
[2026-08-26 09:20:01]   [checkpoint @ step 20000, 327,680,000 tok]
[2026-08-26 09:20:04]   [1] 20000 loss=3.6905 ppl=40.1 lr=8.66e-05 | 4443 tok/s (avg 4392) ETA n/a | GPU 2.1/8.5GB | gtok=327696384
[2026-08-26 09:20:08]   [mid-epoch sample @ batch 20000, 327,696,384 tok]
[2026-08-26 09:20:08]   Prompt: In 1923, the University of
[2026-08-26 09:20:08]   Generated: In 1923, the University of Virginia (US) was established in 1915. The University of Illinois (now part of Texas).
[2026-08-26 09:20:08] The University of Texas (USA), also known as the University of Pennsylvania, was one of the first to establish the University of Texas at Harvard-led research. It was also a major scientific instrument in which scientists had developed and tested new technologies to study the chemical composition of these substances.
[2026-08-26 09:20:08] A group of researchers from Texas State University in Oklahoma reported that there were no changes in the chemical composition of the
[2026-08-26 09:21:40]   [1] 20025 loss=3.9071 ppl=49.8 lr=8.62e-05 | 4289 tok/s (avg 4392) ETA n/a | GPU 2.1/8.5GB | gtok=328105984
[2026-08-26 09:23:11]   [1] 20050 loss=3.9272 ppl=50.8 lr=8.59e-05 | 4479 tok/s (avg 4392) ETA n/a | GPU 2.1/8.5GB | gtok=328515584
[2026-08-26 09:24:43]   [1] 20075 loss=4.0484 ppl=57.3 lr=8.55e-05 | 4479 tok/s (avg 4393) ETA n/a | GPU 2.1/8.5GB | gtok=328925184
[2026-08-26 09:26:14]   [1] 20100 loss=4.0136 ppl=55.3 lr=8.52e-05 | 4475 tok/s (avg 4393) ETA n/a | GPU 2.1/8.5GB | gtok=329334784
[2026-08-26 09:27:46]   [1] 20125 loss=4.0979 ppl=60.2 lr=8.48e-05 | 4474 tok/s (avg 4393) ETA n/a | GPU 2.1/8.5GB | gtok=329744384
[2026-08-26 09:29:17]   [1] 20150 loss=3.8329 ppl=46.2 lr=8.45e-05 | 4480 tok/s (avg 4393) ETA n/a | GPU 2.1/8.5GB | gtok=330153984
[2026-08-26 09:30:49]   [1] 20175 loss=3.7595 ppl=42.9 lr=8.41e-05 | 4489 tok/s (avg 4393) ETA n/a | GPU 2.1/8.5GB | gtok=330563584
[2026-08-26 09:32:20]   [1] 20200 loss=3.8023 ppl=44.8 lr=8.38e-05 | 4500 tok/s (avg 4393) ETA n/a | GPU 2.1/8.5GB | gtok=330973184
[2026-08-26 09:33:51]   [1] 20225 loss=4.0126 ppl=55.3 lr=8.34e-05 | 4495 tok/s (avg 4393) ETA n/a | GPU 2.1/8.5GB | gtok=331382784
[2026-08-26 09:35:22]   [1] 20250 loss=4.1427 ppl=63.0 lr=8.31e-05 | 4488 tok/s (avg 4393) ETA n/a | GPU 2.1/8.5GB | gtok=331792384
[2026-08-26 09:36:53]   [1] 20275 loss=3.7855 ppl=44.1 lr=8.27e-05 | 4485 tok/s (avg 4393) ETA n/a | GPU 2.1/8.5GB | gtok=332201984
[2026-08-26 09:38:25]   [1] 20300 loss=3.8778 ppl=48.3 lr=8.24e-05 | 4478 tok/s (avg 4394) ETA n/a | GPU 2.1/8.5GB | gtok=332611584
[2026-08-26 09:39:56]   [1] 20325 loss=3.9892 ppl=54.0 lr=8.20e-05 | 4486 tok/s (avg 4394) ETA n/a | GPU 2.1/8.5GB | gtok=333021184
[2026-08-26 09:41:27]   [1] 20350 loss=3.9527 ppl=52.1 lr=8.17e-05 | 4479 tok/s (avg 4394) ETA n/a | GPU 2.1/8.5GB | gtok=333430784
[2026-08-26 09:42:59]   [1] 20375 loss=3.8634 ppl=47.6 lr=8.14e-05 | 4481 tok/s (avg 4394) ETA n/a | GPU 2.1/8.5GB | gtok=333840384
[2026-08-26 09:44:30]   [1] 20400 loss=3.9267 ppl=50.7 lr=8.10e-05 | 4477 tok/s (avg 4394) ETA n/a | GPU 2.1/8.5GB | gtok=334249984
[2026-08-26 09:46:02]   [1] 20425 loss=3.9338 ppl=51.1 lr=8.07e-05 | 4477 tok/s (avg 4394) ETA n/a | GPU 2.1/8.5GB | gtok=334659584
[2026-08-26 09:47:33]   [1] 20450 loss=4.0202 ppl=55.7 lr=8.03e-05 | 4479 tok/s (avg 4394) ETA n/a | GPU 2.1/8.5GB | gtok=335069184
[2026-08-26 09:49:05]   [1] 20475 loss=3.9635 ppl=52.6 lr=8.00e-05 | 4476 tok/s (avg 4394) ETA n/a | GPU 2.1/8.5GB | gtok=335478784
[2026-08-26 09:50:36]   [1] 20500 loss=3.6975 ppl=40.3 lr=7.96e-05 | 4478 tok/s (avg 4394) ETA n/a | GPU 2.1/8.5GB | gtok=335888384
[2026-08-26 09:52:08]   [1] 20525 loss=3.7201 ppl=41.3 lr=7.93e-05 | 4487 tok/s (avg 4394) ETA n/a | GPU 2.1/8.5GB | gtok=336297984
[2026-08-26 09:53:39]   [1] 20550 loss=4.1297 ppl=62.2 lr=7.90e-05 | 4484 tok/s (avg 4395) ETA n/a | GPU 2.1/8.5GB | gtok=336707584
[2026-08-26 09:55:10]   [1] 20575 loss=4.0683 ppl=58.5 lr=7.86e-05 | 4481 tok/s (avg 4395) ETA n/a | GPU 2.1/8.5GB | gtok=337117184
[2026-08-26 09:56:42]   [1] 20600 loss=4.2155 ppl=67.7 lr=7.83e-05 | 4477 tok/s (avg 4395) ETA n/a | GPU 2.1/8.5GB | gtok=337526784
[2026-08-26 09:58:13]   [1] 20625 loss=4.1210 ppl=61.6 lr=7.79e-05 | 4474 tok/s (avg 4395) ETA n/a | GPU 2.1/8.5GB | gtok=337936384
[2026-08-26 09:59:45]   [1] 20650 loss=4.0104 ppl=55.2 lr=7.76e-05 | 4477 tok/s (avg 4395) ETA n/a | GPU 2.1/8.5GB | gtok=338345984
[2026-08-26 10:01:16]   [1] 20675 loss=3.9645 ppl=52.7 lr=7.73e-05 | 4481 tok/s (avg 4395) ETA n/a | GPU 2.1/8.5GB | gtok=338755584
[2026-08-26 10:02:48]   [1] 20700 loss=3.7723 ppl=43.5 lr=7.69e-05 | 4466 tok/s (avg 4395) ETA n/a | GPU 2.1/8.5GB | gtok=339165184
[2026-08-26 10:04:19]   [1] 20725 loss=3.9621 ppl=52.6 lr=7.66e-05 | 4479 tok/s (avg 4395) ETA n/a | GPU 2.1/8.5GB | gtok=339574784
[2026-08-26 10:05:51]   [1] 20750 loss=4.2255 ppl=68.4 lr=7.63e-05 | 4469 tok/s (avg 4395) ETA n/a | GPU 2.1/8.5GB | gtok=339984384
[2026-08-26 10:07:23]   [1] 20775 loss=4.1094 ppl=60.9 lr=7.59e-05 | 4477 tok/s (avg 4395) ETA n/a | GPU 2.1/8.5GB | gtok=340393984
[2026-08-26 10:08:54]   [1] 20800 loss=3.8335 ppl=46.2 lr=7.56e-05 | 4476 tok/s (avg 4396) ETA n/a | GPU 2.1/8.5GB | gtok=340803584
[2026-08-26 10:10:26]   [1] 20825 loss=3.8810 ppl=48.5 lr=7.52e-05 | 4474 tok/s (avg 4396) ETA n/a | GPU 2.1/8.5GB | gtok=341213184
[2026-08-26 10:11:57]   [1] 20850 loss=3.7793 ppl=43.8 lr=7.49e-05 | 4482 tok/s (avg 4396) ETA n/a | GPU 2.1/8.5GB | gtok=341622784
[2026-08-26 10:13:28]   [1] 20875 loss=3.8593 ppl=47.4 lr=7.46e-05 | 4477 tok/s (avg 4396) ETA n/a | GPU 2.1/8.5GB | gtok=342032384
[2026-08-26 10:15:00]   [1] 20900 loss=4.1916 ppl=66.1 lr=7.42e-05 | 4473 tok/s (avg 4396) ETA n/a | GPU 2.1/8.5GB | gtok=342441984
[2026-08-26 10:16:32]   [1] 20925 loss=3.9628 ppl=52.6 lr=7.39e-05 | 4473 tok/s (avg 4396) ETA n/a | GPU 2.1/8.5GB | gtok=342851584
[2026-08-26 10:18:03]   [1] 20950 loss=4.0564 ppl=57.8 lr=7.36e-05 | 4478 tok/s (avg 4396) ETA n/a | GPU 2.1/8.5GB | gtok=343261184
[2026-08-26 10:19:35]   [1] 20975 loss=3.7679 ppl=43.3 lr=7.33e-05 | 4475 tok/s (avg 4396) ETA n/a | GPU 2.1/8.5GB | gtok=343670784
[2026-08-26 10:21:06]   [1] 21000 loss=3.5896 ppl=36.2 lr=7.29e-05 | 4475 tok/s (avg 4396) ETA n/a | GPU 2.1/8.5GB | gtok=344080384
[2026-08-26 10:22:38]   [1] 21025 loss=3.9575 ppl=52.3 lr=7.26e-05 | 4483 tok/s (avg 4396) ETA n/a | GPU 2.1/8.5GB | gtok=344489984
[2026-08-26 10:24:09]   [1] 21050 loss=4.1495 ppl=63.4 lr=7.23e-05 | 4480 tok/s (avg 4396) ETA n/a | GPU 2.1/8.5GB | gtok=344899584
[2026-08-26 10:25:40]   [1] 21075 loss=4.0655 ppl=58.3 lr=7.19e-05 | 4480 tok/s (avg 4397) ETA n/a | GPU 2.1/8.5GB | gtok=345309184
[2026-08-26 10:27:12]   [1] 21100 loss=3.8530 ppl=47.1 lr=7.16e-05 | 4465 tok/s (avg 4397) ETA n/a | GPU 2.1/8.5GB | gtok=345718784
[2026-08-26 10:28:50]   [1] 21125 loss=4.0647 ppl=58.2 lr=7.13e-05 | 4175 tok/s (avg 4396) ETA n/a | GPU 2.1/8.5GB | gtok=346128384
[2026-08-26 10:30:24]   [1] 21150 loss=3.9522 ppl=52.1 lr=7.09e-05 | 4370 tok/s (avg 4396) ETA n/a | GPU 2.1/8.5GB | gtok=346537984
[2026-08-26 10:31:57]   [1] 21175 loss=4.0326 ppl=56.4 lr=7.06e-05 | 4386 tok/s (avg 4396) ETA n/a | GPU 2.1/8.5GB | gtok=346947584
[2026-08-26 10:33:34]   [1] 21200 loss=3.5641 ppl=35.3 lr=7.03e-05 | 4222 tok/s (avg 4396) ETA n/a | GPU 2.1/8.5GB | gtok=347357184
[2026-08-26 10:35:08]   [1] 21225 loss=4.1211 ppl=61.6 lr=7.00e-05 | 4357 tok/s (avg 4396) ETA n/a | GPU 2.1/8.5GB | gtok=347766784
[2026-08-26 10:36:41]   [1] 21250 loss=3.9494 ppl=51.9 lr=6.96e-05 | 4439 tok/s (avg 4396) ETA n/a | GPU 2.1/8.5GB | gtok=348176384
[2026-08-26 10:38:13]   [1] 21275 loss=4.0156 ppl=55.5 lr=6.93e-05 | 4423 tok/s (avg 4396) ETA n/a | GPU 2.1/8.5GB | gtok=348585984
[2026-08-26 10:39:46]   [1] 21300 loss=3.7578 ppl=42.9 lr=6.90e-05 | 4404 tok/s (avg 4396) ETA n/a | GPU 2.1/8.5GB | gtok=348995584
[2026-08-26 10:41:20]   [1] 21325 loss=4.1011 ppl=60.4 lr=6.87e-05 | 4345 tok/s (avg 4396) ETA n/a | GPU 2.1/8.5GB | gtok=349405184
[2026-08-26 10:42:57]   [1] 21350 loss=4.0201 ppl=55.7 lr=6.83e-05 | 4256 tok/s (avg 4396) ETA n/a | GPU 2.1/8.5GB | gtok=349814784
[2026-08-26 10:44:37]   [1] 21375 loss=4.0225 ppl=55.8 lr=6.80e-05 | 4104 tok/s (avg 4396) ETA n/a | GPU 2.1/8.5GB | gtok=350224384
[2026-08-26 10:46:14]   [1] 21400 loss=3.9591 ppl=52.4 lr=6.77e-05 | 4221 tok/s (avg 4395) ETA n/a | GPU 2.1/8.5GB | gtok=350633984
[2026-08-26 10:47:51]   [1] 21425 loss=3.7827 ppl=43.9 lr=6.74e-05 | 4219 tok/s (avg 4395) ETA n/a | GPU 2.1/8.5GB | gtok=351043584
[2026-08-26 10:49:30]   [1] 21450 loss=4.0654 ppl=58.3 lr=6.70e-05 | 4109 tok/s (avg 4395) ETA n/a | GPU 2.1/8.5GB | gtok=351453184
[2026-08-26 10:51:09]   [1] 21475 loss=3.3991 ppl=29.9 lr=6.67e-05 | 4147 tok/s (avg 4394) ETA n/a | GPU 2.1/8.5GB | gtok=351862784
[2026-08-26 10:52:49]   [1] 21500 loss=3.8114 ppl=45.2 lr=6.64e-05 | 4111 tok/s (avg 4394) ETA n/a | GPU 2.1/8.5GB | gtok=352272384
[2026-08-26 10:54:27]   [1] 21525 loss=3.7761 ppl=43.6 lr=6.61e-05 | 4183 tok/s (avg 4394) ETA n/a | GPU 2.1/8.5GB | gtok=352681984
[2026-08-26 10:56:01]   [1] 21550 loss=3.7398 ppl=42.1 lr=6.58e-05 | 4340 tok/s (avg 4394) ETA n/a | GPU 2.1/8.5GB | gtok=353091584
[2026-08-26 10:57:40]   [1] 21575 loss=3.8413 ppl=46.6 lr=6.54e-05 | 4152 tok/s (avg 4393) ETA n/a | GPU 2.1/8.5GB | gtok=353501184
[2026-08-26 10:59:23]   [1] 21600 loss=3.9861 ppl=53.8 lr=6.51e-05 | 3979 tok/s (avg 4393) ETA n/a | GPU 2.1/8.5GB | gtok=353910784
[2026-08-26 11:01:04]   [1] 21625 loss=3.7933 ppl=44.4 lr=6.48e-05 | 4048 tok/s (avg 4393) ETA n/a | GPU 2.1/8.5GB | gtok=354320384
[2026-08-26 11:02:40]   [1] 21650 loss=3.7822 ppl=43.9 lr=6.45e-05 | 4282 tok/s (avg 4392) ETA n/a | GPU 2.1/8.5GB | gtok=354729984
[2026-08-26 11:04:16]   [1] 21675 loss=4.0260 ppl=56.0 lr=6.42e-05 | 4231 tok/s (avg 4392) ETA n/a | GPU 2.1/8.5GB | gtok=355139584
[2026-08-26 11:05:54]   [1] 21700 loss=3.6306 ppl=37.7 lr=6.39e-05 | 4200 tok/s (avg 4392) ETA n/a | GPU 2.1/8.5GB | gtok=355549184
[2026-08-26 11:07:38]   [1] 21725 loss=3.9610 ppl=52.5 lr=6.35e-05 | 3942 tok/s (avg 4391) ETA n/a | GPU 2.1/8.5GB | gtok=355958784
[2026-08-26 11:09:19]   [1] 21750 loss=3.8672 ppl=47.8 lr=6.32e-05 | 4043 tok/s (avg 4391) ETA n/a | GPU 2.1/8.5GB | gtok=356368384
[2026-08-26 11:10:56]   [1] 21775 loss=3.9808 ppl=53.6 lr=6.29e-05 | 4209 tok/s (avg 4391) ETA n/a | GPU 2.1/8.5GB | gtok=356777984
[2026-08-26 11:12:29]   [1] 21800 loss=3.9499 ppl=51.9 lr=6.26e-05 | 4411 tok/s (avg 4391) ETA n/a | GPU 2.1/8.5GB | gtok=357187584
[2026-08-26 11:14:05]   [1] 21825 loss=3.8158 ppl=45.4 lr=6.23e-05 | 4276 tok/s (avg 4391) ETA n/a | GPU 2.1/8.5GB | gtok=357597184
[2026-08-26 11:15:45]   [1] 21850 loss=3.9552 ppl=52.2 lr=6.20e-05 | 4096 tok/s (avg 4390) ETA n/a | GPU 2.1/8.5GB | gtok=358006784
[2026-08-26 11:17:25]   [1] 21875 loss=4.0635 ppl=58.2 lr=6.17e-05 | 4103 tok/s (avg 4390) ETA n/a | GPU 2.1/8.5GB | gtok=358416384
[2026-08-26 11:19:05]   [1] 21900 loss=4.0071 ppl=55.0 lr=6.13e-05 | 4105 tok/s (avg 4390) ETA n/a | GPU 2.1/8.5GB | gtok=358825984
[2026-08-26 11:20:44]   [1] 21925 loss=3.7221 ppl=41.4 lr=6.10e-05 | 4120 tok/s (avg 4389) ETA n/a | GPU 2.1/8.5GB | gtok=359235584
[2026-08-26 11:22:20]   [1] 21950 loss=3.8410 ppl=46.6 lr=6.07e-05 | 4254 tok/s (avg 4389) ETA n/a | GPU 2.1/8.5GB | gtok=359645184
[2026-08-26 11:23:54]   [1] 21975 loss=4.0189 ppl=55.6 lr=6.04e-05 | 4359 tok/s (avg 4389) ETA n/a | GPU 2.1/8.5GB | gtok=360054784
[2026-08-26 11:25:33]   [1] 22000 loss=3.9206 ppl=50.4 lr=6.01e-05 | 4137 tok/s (avg 4389) ETA n/a | GPU 2.1/8.5GB | gtok=360464384
[2026-08-26 11:27:13]   [1] 22025 loss=4.0550 ppl=57.7 lr=5.98e-05 | 4098 tok/s (avg 4388) ETA n/a | GPU 2.1/8.5GB | gtok=360873984
[2026-08-26 11:28:48]   [1] 22050 loss=4.0788 ppl=59.1 lr=5.95e-05 | 4320 tok/s (avg 4388) ETA n/a | GPU 2.1/8.5GB | gtok=361283584
[2026-08-26 11:30:28]   [1] 22075 loss=3.7718 ppl=43.5 lr=5.92e-05 | 4117 tok/s (avg 4388) ETA n/a | GPU 2.1/8.5GB | gtok=361693184
[2026-08-26 11:32:07]   [1] 22100 loss=3.7516 ppl=42.6 lr=5.89e-05 | 4107 tok/s (avg 4388) ETA n/a | GPU 2.1/8.5GB | gtok=362102784
[2026-08-26 11:33:47]   [1] 22125 loss=3.9382 ppl=51.3 lr=5.86e-05 | 4100 tok/s (avg 4387) ETA n/a | GPU 2.1/8.5GB | gtok=362512384
[2026-08-26 11:35:26]   [1] 22150 loss=3.8974 ppl=49.3 lr=5.83e-05 | 4140 tok/s (avg 4387) ETA n/a | GPU 2.1/8.5GB | gtok=362921984
[2026-08-26 11:37:07]   [1] 22175 loss=3.7476 ppl=42.4 lr=5.80e-05 | 4078 tok/s (avg 4387) ETA n/a | GPU 2.1/8.5GB | gtok=363331584
[2026-08-26 11:38:47]   [1] 22200 loss=3.6199 ppl=37.3 lr=5.77e-05 | 4093 tok/s (avg 4386) ETA n/a | GPU 2.1/8.5GB | gtok=363741184
[2026-08-26 11:40:26]   [1] 22225 loss=3.8410 ppl=46.6 lr=5.73e-05 | 4113 tok/s (avg 4386) ETA n/a | GPU 2.1/8.5GB | gtok=364150784
[2026-08-26 11:42:00]   [1] 22250 loss=3.9344 ppl=51.1 lr=5.70e-05 | 4384 tok/s (avg 4386) ETA n/a | GPU 2.1/8.5GB | gtok=364560384
[2026-08-26 11:43:37]   [1] 22275 loss=4.1461 ppl=63.2 lr=5.67e-05 | 4226 tok/s (avg 4386) ETA n/a | GPU 2.1/8.5GB | gtok=364969984
[2026-08-26 11:45:17]   [1] 22300 loss=3.8216 ppl=45.7 lr=5.64e-05 | 4068 tok/s (avg 4385) ETA n/a | GPU 2.1/8.5GB | gtok=365379584
[2026-08-26 11:46:58]   [1] 22325 loss=3.8710 ppl=48.0 lr=5.61e-05 | 4080 tok/s (avg 4385) ETA n/a | GPU 2.1/8.5GB | gtok=365789184
[2026-08-26 11:48:39]   [1] 22350 loss=3.6444 ppl=38.3 lr=5.58e-05 | 4050 tok/s (avg 4385) ETA n/a | GPU 2.1/8.5GB | gtok=366198784
[2026-08-26 11:50:13]   [1] 22375 loss=3.6904 ppl=40.1 lr=5.55e-05 | 4344 tok/s (avg 4385) ETA n/a | GPU 2.1/8.5GB | gtok=366608384
[2026-08-26 11:51:51]   [1] 22400 loss=4.0326 ppl=56.4 lr=5.52e-05 | 4198 tok/s (avg 4384) ETA n/a | GPU 2.1/8.5GB | gtok=367017984
[2026-08-26 11:53:31]   [1] 22425 loss=3.8730 ppl=48.1 lr=5.49e-05 | 4090 tok/s (avg 4384) ETA n/a | GPU 2.1/8.5GB | gtok=367427584
[2026-08-26 11:55:06]   [1] 22450 loss=3.5038 ppl=33.2 lr=5.46e-05 | 4307 tok/s (avg 4384) ETA n/a | GPU 2.1/8.5GB | gtok=367837184
[2026-08-26 11:56:42]   [1] 22475 loss=3.8681 ppl=47.9 lr=5.43e-05 | 4242 tok/s (avg 4384) ETA n/a | GPU 2.1/8.5GB | gtok=368246784
[2026-08-26 11:58:22]   [1] 22500 loss=3.5171 ppl=33.7 lr=5.40e-05 | 4105 tok/s (avg 4383) ETA n/a | GPU 2.1/8.5GB | gtok=368656384
[2026-08-26 12:00:03]   [1] 22525 loss=4.1504 ppl=63.5 lr=5.37e-05 | 4075 tok/s (avg 4383) ETA n/a | GPU 2.1/8.5GB | gtok=369065984
[2026-08-26 12:01:43]   [1] 22550 loss=3.6475 ppl=38.4 lr=5.35e-05 | 4078 tok/s (avg 4383) ETA n/a | GPU 2.1/8.5GB | gtok=369475584
[2026-08-26 12:03:23]   [1] 22575 loss=3.6584 ppl=38.8 lr=5.32e-05 | 4104 tok/s (avg 4382) ETA n/a | GPU 2.1/8.5GB | gtok=369885184
[2026-08-26 12:05:03]   [1] 22600 loss=3.9988 ppl=54.5 lr=5.29e-05 | 4110 tok/s (avg 4382) ETA n/a | GPU 2.1/8.5GB | gtok=370294784
[2026-08-26 12:06:42]   [1] 22625 loss=3.7535 ppl=42.7 lr=5.26e-05 | 4108 tok/s (avg 4382) ETA n/a | GPU 2.1/8.5GB | gtok=370704384
[2026-08-26 12:08:16]   [1] 22650 loss=3.3347 ppl=28.1 lr=5.23e-05 | 4357 tok/s (avg 4382) ETA n/a | GPU 2.1/8.5GB | gtok=371113984
[2026-08-26 12:09:49]   [1] 22675 loss=4.0070 ppl=55.0 lr=5.20e-05 | 4399 tok/s (avg 4382) ETA n/a | GPU 2.1/8.5GB | gtok=371523584
[2026-08-26 12:11:23]   [1] 22700 loss=4.0737 ppl=58.8 lr=5.17e-05 | 4379 tok/s (avg 4382) ETA n/a | GPU 2.1/8.5GB | gtok=371933184
[2026-08-26 12:13:03]   [1] 22725 loss=4.0846 ppl=59.4 lr=5.14e-05 | 4097 tok/s (avg 4381) ETA n/a | GPU 2.1/8.5GB | gtok=372342784
[2026-08-26 12:14:43]   [1] 22750 loss=3.9397 ppl=51.4 lr=5.11e-05 | 4091 tok/s (avg 4381) ETA n/a | GPU 2.1/8.5GB | gtok=372752384
[2026-08-26 12:16:23]   [1] 22775 loss=4.1162 ppl=61.3 lr=5.08e-05 | 4082 tok/s (avg 4381) ETA n/a | GPU 2.1/8.5GB | gtok=373161984
[2026-08-26 12:18:01]   [1] 22800 loss=3.7925 ppl=44.4 lr=5.05e-05 | 4203 tok/s (avg 4380) ETA n/a | GPU 2.1/8.5GB | gtok=373571584
[2026-08-26 12:19:38]   [1] 22825 loss=4.1992 ppl=66.6 lr=5.02e-05 | 4233 tok/s (avg 4380) ETA n/a | GPU 2.1/8.5GB | gtok=373981184
[2026-08-26 12:21:11]   [1] 22850 loss=3.7132 ppl=41.0 lr=5.00e-05 | 4381 tok/s (avg 4380) ETA n/a | GPU 2.1/8.5GB | gtok=374390784
[2026-08-26 12:22:51]   [1] 22875 loss=3.9835 ppl=53.7 lr=4.97e-05 | 4105 tok/s (avg 4380) ETA n/a | GPU 2.1/8.5GB | gtok=374800384
[2026-08-26 12:24:30]   [1] 22900 loss=4.0992 ppl=60.3 lr=4.94e-05 | 4149 tok/s (avg 4380) ETA n/a | GPU 2.1/8.5GB | gtok=375209984
[2026-08-26 12:26:09]   [1] 22925 loss=3.7017 ppl=40.5 lr=4.91e-05 | 4135 tok/s (avg 4379) ETA n/a | GPU 2.1/8.5GB | gtok=375619584
[2026-08-26 12:27:49]   [1] 22950 loss=4.0227 ppl=55.8 lr=4.88e-05 | 4095 tok/s (avg 4379) ETA n/a | GPU 2.1/8.5GB | gtok=376029184
[2026-08-26 12:29:32]   [1] 22975 loss=4.0225 ppl=55.8 lr=4.85e-05 | 3973 tok/s (avg 4379) ETA n/a | GPU 2.1/8.5GB | gtok=376438784
[2026-08-26 12:31:14]   [1] 23000 loss=3.4418 ppl=31.2 lr=4.82e-05 | 4009 tok/s (avg 4378) ETA n/a | GPU 2.1/8.5GB | gtok=376848384
[2026-08-26 12:32:54]   [1] 23025 loss=3.9298 ppl=50.9 lr=4.80e-05 | 4118 tok/s (avg 4378) ETA n/a | GPU 2.1/8.5GB | gtok=377257984
[2026-08-26 12:34:32]   [1] 23050 loss=4.0226 ppl=55.8 lr=4.77e-05 | 4142 tok/s (avg 4378) ETA n/a | GPU 2.1/8.5GB | gtok=377667584
[2026-08-26 12:36:12]   [1] 23075 loss=3.7500 ppl=42.5 lr=4.74e-05 | 4114 tok/s (avg 4377) ETA n/a | GPU 2.1/8.5GB | gtok=378077184
[2026-08-26 12:37:53]   [1] 23100 loss=3.8373 ppl=46.4 lr=4.71e-05 | 4071 tok/s (avg 4377) ETA n/a | GPU 2.1/8.5GB | gtok=378486784
[2026-08-26 12:39:32]   [1] 23125 loss=3.8407 ppl=46.6 lr=4.68e-05 | 4107 tok/s (avg 4377) ETA n/a | GPU 2.1/8.5GB | gtok=378896384
[2026-08-26 12:41:05]   [1] 23150 loss=3.6747 ppl=39.4 lr=4.66e-05 | 4415 tok/s (avg 4377) ETA n/a | GPU 2.1/8.5GB | gtok=379305984
[2026-08-26 12:42:43]   [1] 23175 loss=3.8668 ppl=47.8 lr=4.63e-05 | 4178 tok/s (avg 4376) ETA n/a | GPU 2.1/8.5GB | gtok=379715584
[2026-08-26 12:44:21]   [1] 23200 loss=3.9407 ppl=51.5 lr=4.60e-05 | 4188 tok/s (avg 4376) ETA n/a | GPU 2.1/8.5GB | gtok=380125184
[2026-08-26 12:46:00]   [1] 23225 loss=3.8515 ppl=47.1 lr=4.57e-05 | 4136 tok/s (avg 4376) ETA n/a | GPU 2.1/8.5GB | gtok=380534784
[2026-08-26 12:47:40]   [1] 23250 loss=4.0372 ppl=56.7 lr=4.54e-05 | 4101 tok/s (avg 4376) ETA n/a | GPU 2.1/8.5GB | gtok=380944384
[2026-08-26 12:49:20]   [1] 23275 loss=4.1821 ppl=65.5 lr=4.52e-05 | 4092 tok/s (avg 4375) ETA n/a | GPU 2.1/8.5GB | gtok=381353984
[2026-08-26 12:50:56]   [1] 23300 loss=2.8562 ppl=17.4 lr=4.49e-05 | 4241 tok/s (avg 4375) ETA n/a | GPU 2.1/8.5GB | gtok=381763584
[2026-08-26 12:52:30]   [1] 23325 loss=3.7699 ppl=43.4 lr=4.46e-05 | 4365 tok/s (avg 4375) ETA n/a | GPU 2.1/8.5GB | gtok=382173184
[2026-08-26 12:54:08]   [1] 23350 loss=3.9696 ppl=53.0 lr=4.43e-05 | 4213 tok/s (avg 4375) ETA n/a | GPU 2.1/8.5GB | gtok=382582784
[2026-08-26 12:55:48]   [1] 23375 loss=3.6566 ppl=38.7 lr=4.41e-05 | 4076 tok/s (avg 4375) ETA n/a | GPU 2.1/8.5GB | gtok=382992384
[2026-08-26 12:57:28]   [1] 23400 loss=3.9677 ppl=52.9 lr=4.38e-05 | 4088 tok/s (avg 4374) ETA n/a | GPU 2.1/8.5GB | gtok=383401984
[2026-08-26 12:59:02]   [1] 23425 loss=3.6233 ppl=37.5 lr=4.35e-05 | 4370 tok/s (avg 4374) ETA n/a | GPU 2.1/8.5GB | gtok=383811584
[2026-08-26 13:00:37]   [1] 23450 loss=3.9477 ppl=51.8 lr=4.32e-05 | 4327 tok/s (avg 4374) ETA n/a | GPU 2.1/8.5GB | gtok=384221184
[2026-08-26 13:02:17]   [1] 23475 loss=3.7081 ppl=40.8 lr=4.30e-05 | 4061 tok/s (avg 4374) ETA n/a | GPU 2.1/8.5GB | gtok=384630784
[2026-08-26 13:03:57]   [1] 23500 loss=3.8174 ppl=45.5 lr=4.27e-05 | 4122 tok/s (avg 4374) ETA n/a | GPU 2.1/8.5GB | gtok=385040384
[2026-08-26 13:05:35]   [1] 23525 loss=3.6312 ppl=37.8 lr=4.24e-05 | 4176 tok/s (avg 4373) ETA n/a | GPU 2.1/8.5GB | gtok=385449984
[2026-08-26 13:07:13]   [1] 23550 loss=4.1085 ppl=60.9 lr=4.22e-05 | 4179 tok/s (avg 4373) ETA n/a | GPU 2.1/8.5GB | gtok=385859584
[2026-08-26 13:08:46]   [1] 23575 loss=4.0632 ppl=58.2 lr=4.19e-05 | 4402 tok/s (avg 4373) ETA n/a | GPU 2.1/8.5GB | gtok=386269184
[2026-08-26 13:10:19]   [1] 23600 loss=3.9095 ppl=49.9 lr=4.16e-05 | 4402 tok/s (avg 4373) ETA n/a | GPU 2.1/8.5GB | gtok=386678784
[2026-08-26 13:11:52]   [1] 23625 loss=3.9111 ppl=50.0 lr=4.14e-05 | 4411 tok/s (avg 4373) ETA n/a | GPU 2.1/8.5GB | gtok=387088384
[2026-08-26 13:13:25]   [1] 23650 loss=3.9872 ppl=53.9 lr=4.11e-05 | 4393 tok/s (avg 4373) ETA n/a | GPU 2.1/8.5GB | gtok=387497984
[2026-08-26 13:14:58]   [1] 23675 loss=3.8901 ppl=48.9 lr=4.08e-05 | 4396 tok/s (avg 4373) ETA n/a | GPU 2.1/8.5GB | gtok=387907584
[2026-08-26 13:16:32]   [1] 23700 loss=4.0651 ppl=58.3 lr=4.06e-05 | 4380 tok/s (avg 4373) ETA n/a | GPU 2.1/8.5GB | gtok=388317184
[2026-08-26 13:18:12]   [1] 23725 loss=3.5797 ppl=35.9 lr=4.03e-05 | 4098 tok/s (avg 4373) ETA n/a | GPU 2.1/8.5GB | gtok=388726784
[2026-08-26 13:19:52]   [1] 23750 loss=4.1246 ppl=61.8 lr=4.00e-05 | 4072 tok/s (avg 4373) ETA n/a | GPU 2.1/8.5GB | gtok=389136384
[2026-08-26 13:21:33]   [1] 23775 loss=3.8865 ppl=48.7 lr=3.98e-05 | 4087 tok/s (avg 4372) ETA n/a | GPU 2.1/8.5GB | gtok=389545984
[2026-08-26 13:23:13]   [1] 23800 loss=3.4222 ppl=30.6 lr=3.95e-05 | 4083 tok/s (avg 4372) ETA n/a | GPU 2.1/8.5GB | gtok=389955584
[2026-08-26 13:24:53]   [1] 23825 loss=3.6929 ppl=40.2 lr=3.93e-05 | 4098 tok/s (avg 4372) ETA n/a | GPU 2.1/8.5GB | gtok=390365184
[2026-08-26 13:26:30]   [1] 23850 loss=4.0505 ppl=57.4 lr=3.90e-05 | 4210 tok/s (avg 4372) ETA n/a | GPU 2.1/8.5GB | gtok=390774784
[2026-08-26 13:28:10]   [1] 23875 loss=3.9624 ppl=52.6 lr=3.87e-05 | 4102 tok/s (avg 4371) ETA n/a | GPU 2.1/8.5GB | gtok=391184384
[2026-08-26 13:29:49]   [1] 23900 loss=3.6141 ppl=37.1 lr=3.85e-05 | 4119 tok/s (avg 4371) ETA n/a | GPU 2.1/8.5GB | gtok=391593984
[2026-08-26 13:31:25]   [1] 23925 loss=3.9788 ppl=53.5 lr=3.82e-05 | 4306 tok/s (avg 4371) ETA n/a | GPU 2.1/8.5GB | gtok=392003584
[2026-08-26 13:33:03]   [1] 23950 loss=3.8080 ppl=45.1 lr=3.80e-05 | 4168 tok/s (avg 4371) ETA n/a | GPU 2.1/8.5GB | gtok=392413184
[2026-08-26 13:34:43]   [1] 23975 loss=4.0673 ppl=58.4 lr=3.77e-05 | 4068 tok/s (avg 4370) ETA n/a | GPU 2.1/8.5GB | gtok=392822784
[2026-08-26 13:36:24]   [1] 24000 loss=3.8886 ppl=48.8 lr=3.75e-05 | 4070 tok/s (avg 4370) ETA n/a | GPU 2.1/8.5GB | gtok=393232384
[2026-08-26 13:38:05]   [1] 24025 loss=4.1812 ppl=65.4 lr=3.72e-05 | 4057 tok/s (avg 4370) ETA n/a | GPU 2.1/8.5GB | gtok=393641984
[2026-08-26 13:39:39]   [1] 24050 loss=3.9976 ppl=54.5 lr=3.69e-05 | 4364 tok/s (avg 4370) ETA n/a | GPU 2.1/8.5GB | gtok=394051584
[2026-08-26 13:41:12]   [1] 24075 loss=3.9074 ppl=49.8 lr=3.67e-05 | 4416 tok/s (avg 4370) ETA n/a | GPU 2.1/8.5GB | gtok=394461184
[2026-08-26 13:42:45]   [1] 24100 loss=3.9935 ppl=54.2 lr=3.64e-05 | 4396 tok/s (avg 4370) ETA n/a | GPU 2.1/8.5GB | gtok=394870784
[2026-08-26 13:44:22]   [1] 24125 loss=3.7008 ppl=40.5 lr=3.62e-05 | 4196 tok/s (avg 4370) ETA n/a | GPU 2.1/8.5GB | gtok=395280384
[2026-08-26 13:46:00]   [1] 24150 loss=3.5068 ppl=33.3 lr=3.59e-05 | 4219 tok/s (avg 4369) ETA n/a | GPU 2.1/8.5GB | gtok=395689984
[2026-08-26 13:47:37]   [1] 24175 loss=3.9932 ppl=54.2 lr=3.57e-05 | 4221 tok/s (avg 4369) ETA n/a | GPU 2.1/8.5GB | gtok=396099584
[2026-08-26 13:49:13]   [1] 24200 loss=3.5012 ppl=33.2 lr=3.54e-05 | 4232 tok/s (avg 4369) ETA n/a | GPU 2.1/8.5GB | gtok=396509184
[2026-08-26 13:50:50]   [1] 24225 loss=3.7702 ppl=43.4 lr=3.52e-05 | 4222 tok/s (avg 4369) ETA n/a | GPU 2.1/8.5GB | gtok=396918784
[2026-08-26 13:52:27]   [1] 24250 loss=4.1145 ppl=61.2 lr=3.49e-05 | 4235 tok/s (avg 4369) ETA n/a | GPU 2.1/8.5GB | gtok=397328384
[2026-08-26 13:54:04]   [1] 24275 loss=4.3584 ppl=78.1 lr=3.47e-05 | 4240 tok/s (avg 4369) ETA n/a | GPU 2.1/8.5GB | gtok=397737984
[2026-08-26 13:55:38]   [1] 24300 loss=3.9464 ppl=51.7 lr=3.44e-05 | 4346 tok/s (avg 4369) ETA n/a | GPU 2.1/8.5GB | gtok=398147584
[2026-08-26 13:57:11]   [1] 24325 loss=4.0136 ppl=55.3 lr=3.42e-05 | 4399 tok/s (avg 4369) ETA n/a | GPU 2.1/8.5GB | gtok=398557184
[2026-08-26 13:58:46]   [1] 24350 loss=3.7687 ppl=43.3 lr=3.40e-05 | 4315 tok/s (avg 4369) ETA n/a | GPU 2.1/8.5GB | gtok=398966784
[2026-08-26 14:00:27]   [1] 24375 loss=3.4281 ppl=30.8 lr=3.37e-05 | 4064 tok/s (avg 4368) ETA n/a | GPU 2.1/8.5GB | gtok=399376384
[2026-08-26 14:02:06]   [1] 24400 loss=4.0608 ppl=58.0 lr=3.35e-05 | 4111 tok/s (avg 4368) ETA n/a | GPU 2.1/8.5GB | gtok=399785984
[2026-08-26 14:03:44]   [1] 24425 loss=3.8254 ppl=45.9 lr=3.32e-05 | 4201 tok/s (avg 4368) ETA n/a | GPU 2.1/8.5GB | gtok=400195584
[2026-08-26 14:05:17]   [1] 24450 loss=3.9459 ppl=51.7 lr=3.30e-05 | 4418 tok/s (avg 4368) ETA n/a | GPU 2.1/8.5GB | gtok=400605184
[2026-08-26 14:06:50]   [1] 24475 loss=3.8489 ppl=46.9 lr=3.27e-05 | 4407 tok/s (avg 4368) ETA n/a | GPU 2.1/8.5GB | gtok=401014784
[2026-08-26 14:08:22]   [1] 24500 loss=3.7222 ppl=41.4 lr=3.25e-05 | 4410 tok/s (avg 4368) ETA n/a | GPU 2.1/8.5GB | gtok=401424384
[2026-08-26 14:09:56]   [1] 24525 loss=3.8208 ppl=45.6 lr=3.23e-05 | 4379 tok/s (avg 4368) ETA n/a | GPU 2.1/8.5GB | gtok=401833984
[2026-08-26 14:11:29]   [1] 24550 loss=4.1529 ppl=63.6 lr=3.20e-05 | 4407 tok/s (avg 4368) ETA n/a | GPU 2.1/8.5GB | gtok=402243584
[2026-08-26 14:13:02]   [1] 24575 loss=3.8097 ppl=45.1 lr=3.18e-05 | 4404 tok/s (avg 4368) ETA n/a | GPU 2.1/8.5GB | gtok=402653184
[2026-08-26 14:14:35]   [1] 24600 loss=3.9254 ppl=50.7 lr=3.15e-05 | 4385 tok/s (avg 4368) ETA n/a | GPU 2.1/8.5GB | gtok=403062784
[2026-08-26 14:16:08]   [1] 24625 loss=3.5922 ppl=36.3 lr=3.13e-05 | 4411 tok/s (avg 4368) ETA n/a | GPU 2.1/8.5GB | gtok=403472384
[2026-08-26 14:17:41]   [1] 24650 loss=4.0629 ppl=58.1 lr=3.11e-05 | 4410 tok/s (avg 4368) ETA n/a | GPU 2.1/8.5GB | gtok=403881984
[2026-08-26 14:19:14]   [1] 24675 loss=4.1371 ppl=62.6 lr=3.08e-05 | 4402 tok/s (avg 4368) ETA n/a | GPU 2.1/8.5GB | gtok=404291584
[2026-08-26 14:20:47]   [1] 24700 loss=3.8886 ppl=48.8 lr=3.06e-05 | 4406 tok/s (avg 4368) ETA n/a | GPU 2.1/8.5GB | gtok=404701184
[2026-08-26 14:22:20]   [1] 24725 loss=3.8780 ppl=48.3 lr=3.04e-05 | 4411 tok/s (avg 4368) ETA n/a | GPU 2.1/8.5GB | gtok=405110784
[2026-08-26 14:23:53]   [1] 24750 loss=3.8905 ppl=48.9 lr=3.01e-05 | 4416 tok/s (avg 4368) ETA n/a | GPU 2.1/8.5GB | gtok=405520384
[2026-08-26 14:25:25]   [1] 24775 loss=3.8842 ppl=48.6 lr=2.99e-05 | 4419 tok/s (avg 4368) ETA n/a | GPU 2.1/8.5GB | gtok=405929984
[2026-08-26 14:26:58]   [1] 24800 loss=3.8331 ppl=46.2 lr=2.97e-05 | 4409 tok/s (avg 4368) ETA n/a | GPU 2.1/8.5GB | gtok=406339584
[2026-08-26 14:28:31]   [1] 24825 loss=3.6611 ppl=38.9 lr=2.94e-05 | 4411 tok/s (avg 4368) ETA n/a | GPU 2.1/8.5GB | gtok=406749184
[2026-08-26 14:30:04]   [1] 24850 loss=4.0870 ppl=59.6 lr=2.92e-05 | 4400 tok/s (avg 4368) ETA n/a | GPU 2.1/8.5GB | gtok=407158784
[2026-08-26 14:31:39]   [1] 24875 loss=4.0328 ppl=56.4 lr=2.90e-05 | 4332 tok/s (avg 4368) ETA n/a | GPU 2.1/8.5GB | gtok=407568384
[2026-08-26 14:33:12]   [1] 24900 loss=3.6636 ppl=39.0 lr=2.88e-05 | 4403 tok/s (avg 4368) ETA n/a | GPU 2.1/8.5GB | gtok=407977984
[2026-08-26 14:34:45]   [1] 24925 loss=3.8459 ppl=46.8 lr=2.85e-05 | 4394 tok/s (avg 4368) ETA n/a | GPU 2.1/8.5GB | gtok=408387584
[2026-08-26 14:36:19]   [1] 24950 loss=4.0493 ppl=57.4 lr=2.83e-05 | 4382 tok/s (avg 4368) ETA n/a | GPU 2.1/8.5GB | gtok=408797184
[2026-08-26 14:37:52]   [1] 24975 loss=3.9000 ppl=49.4 lr=2.81e-05 | 4394 tok/s (avg 4368) ETA n/a | GPU 2.1/8.5GB | gtok=409206784
[2026-08-26 14:39:22] Saved checkpoint: checkpoints_v13/500m_v13_B_recall/latest.pt
[2026-08-26 14:39:22]   [checkpoint @ step 25000, 409,600,000 tok]
[2026-08-26 14:39:25]   [1] 25000 loss=3.7847 ppl=44.0 lr=2.79e-05 | 4377 tok/s (avg 4369) ETA n/a | GPU 2.1/8.5GB | gtok=409616384
[2026-08-26 14:39:29]   [mid-epoch sample @ batch 25000, 409,616,384 tok]
[2026-08-26 14:39:29]   Prompt: In 1923, the University of
[2026-08-26 14:39:29]   Generated: In 1923, the University of Kansas and the University of Missouri entered the American Medical School.
[2026-08-26 14:39:29] When he moved to Kansas in 1818, he became a child in Kansas at a time when he was only half a year old. The children were then transferred from Kansas through Nebraska to Kansas in 1890.
[2026-08-26 14:39:29] They continued to work for more than three years.
[2026-08-26 14:39:29] After spending time on a research project that went into effect with the National Institutes of Health, the National Center for Disease Control, found that they had lost the first half of
[2026-08-26 14:41:02]   [1] 25025 loss=3.9486 ppl=51.9 lr=2.76e-05 | 4220 tok/s (avg 4368) ETA n/a | GPU 2.1/8.5GB | gtok=410025984
[2026-08-26 14:42:37]   [1] 25050 loss=3.4600 ppl=31.8 lr=2.74e-05 | 4336 tok/s (avg 4368) ETA n/a | GPU 2.1/8.5GB | gtok=410435584
[2026-08-26 14:44:11]   [1] 25075 loss=4.0227 ppl=55.9 lr=2.72e-05 | 4375 tok/s (avg 4368) ETA n/a | GPU 2.1/8.5GB | gtok=410845184
[2026-08-26 14:45:44]   [1] 25100 loss=4.0748 ppl=58.8 lr=2.70e-05 | 4393 tok/s (avg 4368) ETA n/a | GPU 2.1/8.5GB | gtok=411254784
[2026-08-26 14:47:17]   [1] 25125 loss=3.9640 ppl=52.7 lr=2.67e-05 | 4409 tok/s (avg 4368) ETA n/a | GPU 2.1/8.5GB | gtok=411664384
[2026-08-26 14:48:50]   [1] 25150 loss=3.7791 ppl=43.8 lr=2.65e-05 | 4409 tok/s (avg 4368) ETA n/a | GPU 2.1/8.5GB | gtok=412073984
[2026-08-26 14:50:23]   [1] 25175 loss=4.1812 ppl=65.4 lr=2.63e-05 | 4381 tok/s (avg 4368) ETA n/a | GPU 2.1/8.5GB | gtok=412483584
[2026-08-26 14:51:57]   [1] 25200 loss=3.7903 ppl=44.3 lr=2.61e-05 | 4360 tok/s (avg 4368) ETA n/a | GPU 2.1/8.5GB | gtok=412893184
[2026-08-26 14:53:31]   [1] 25225 loss=3.8998 ppl=49.4 lr=2.59e-05 | 4348 tok/s (avg 4368) ETA n/a | GPU 2.1/8.5GB | gtok=413302784
[2026-08-26 14:55:05]   [1] 25250 loss=3.8060 ppl=45.0 lr=2.57e-05 | 4385 tok/s (avg 4368) ETA n/a | GPU 2.1/8.5GB | gtok=413712384
[2026-08-26 14:56:38]   [1] 25275 loss=3.6937 ppl=40.2 lr=2.54e-05 | 4388 tok/s (avg 4368) ETA n/a | GPU 2.1/8.5GB | gtok=414121984
[2026-08-26 14:58:12]   [1] 25300 loss=3.7677 ppl=43.3 lr=2.52e-05 | 4359 tok/s (avg 4368) ETA n/a | GPU 2.1/8.5GB | gtok=414531584
[2026-08-26 14:59:45]   [1] 25325 loss=3.7671 ppl=43.3 lr=2.50e-05 | 4399 tok/s (avg 4368) ETA n/a | GPU 2.1/8.5GB | gtok=414941184
[2026-08-26 15:01:18]   [1] 25350 loss=3.8553 ppl=47.2 lr=2.48e-05 | 4399 tok/s (avg 4369) ETA n/a | GPU 2.1/8.5GB | gtok=415350784
[2026-08-26 15:02:52]   [1] 25375 loss=3.9011 ppl=49.5 lr=2.46e-05 | 4372 tok/s (avg 4369) ETA n/a | GPU 2.1/8.5GB | gtok=415760384
[2026-08-26 15:04:25]   [1] 25400 loss=3.8143 ppl=45.3 lr=2.44e-05 | 4395 tok/s (avg 4369) ETA n/a | GPU 2.1/8.5GB | gtok=416169984
[2026-08-26 15:05:59]   [1] 25425 loss=3.9641 ppl=52.7 lr=2.42e-05 | 4385 tok/s (avg 4369) ETA n/a | GPU 2.1/8.5GB | gtok=416579584
[2026-08-26 15:07:37]   [1] 25450 loss=3.9328 ppl=51.0 lr=2.40e-05 | 4154 tok/s (avg 4368) ETA n/a | GPU 2.1/8.5GB | gtok=416989184
[2026-08-26 15:09:17]   [1] 25475 loss=3.8897 ppl=48.9 lr=2.37e-05 | 4090 tok/s (avg 4368) ETA n/a | GPU 2.1/8.5GB | gtok=417398784
[2026-08-26 15:10:58]   [1] 25500 loss=4.0136 ppl=55.3 lr=2.35e-05 | 4073 tok/s (avg 4368) ETA n/a | GPU 2.1/8.5GB | gtok=417808384
[2026-08-26 15:12:38]   [1] 25525 loss=4.0529 ppl=57.6 lr=2.33e-05 | 4094 tok/s (avg 4367) ETA n/a | GPU 2.1/8.5GB | gtok=418217984
[2026-08-26 15:14:14]   [1] 25550 loss=4.0210 ppl=55.8 lr=2.31e-05 | 4259 tok/s (avg 4367) ETA n/a | GPU 2.1/8.5GB | gtok=418627584
[2026-08-26 15:15:46]   [1] 25575 loss=3.9747 ppl=53.2 lr=2.29e-05 | 4434 tok/s (avg 4367) ETA n/a | GPU 2.1/8.5GB | gtok=419037184
[2026-08-26 15:17:19]   [1] 25600 loss=3.8295 ppl=46.0 lr=2.27e-05 | 4400 tok/s (avg 4367) ETA n/a | GPU 2.1/8.5GB | gtok=419446784
[2026-08-26 15:18:53]   [1] 25625 loss=3.7447 ppl=42.3 lr=2.25e-05 | 4396 tok/s (avg 4367) ETA n/a | GPU 2.1/8.5GB | gtok=419856384
[2026-08-26 15:20:26]   [1] 25650 loss=3.9411 ppl=51.5 lr=2.23e-05 | 4367 tok/s (avg 4367) ETA n/a | GPU 2.1/8.5GB | gtok=420265984
[2026-08-26 15:22:04]   [1] 25675 loss=3.8862 ppl=48.7 lr=2.21e-05 | 4196 tok/s (avg 4367) ETA n/a | GPU 2.1/8.5GB | gtok=420675584
[2026-08-26 15:23:44]   [1] 25700 loss=3.9338 ppl=51.1 lr=2.19e-05 | 4114 tok/s (avg 4367) ETA n/a | GPU 2.1/8.5GB | gtok=421085184
[2026-08-26 15:25:23]   [1] 25725 loss=3.7784 ppl=43.7 lr=2.17e-05 | 4120 tok/s (avg 4367) ETA n/a | GPU 2.1/8.5GB | gtok=421494784
[2026-08-26 15:27:02]   [1] 25750 loss=4.0163 ppl=55.5 lr=2.15e-05 | 4136 tok/s (avg 4367) ETA n/a | GPU 2.1/8.5GB | gtok=421904384
[2026-08-26 15:28:43]   [1] 25775 loss=4.0060 ppl=54.9 lr=2.13e-05 | 4047 tok/s (avg 4366) ETA n/a | GPU 2.1/8.5GB | gtok=422313984
[2026-08-26 15:30:24]   [1] 25800 loss=3.8146 ppl=45.4 lr=2.11e-05 | 4065 tok/s (avg 4366) ETA n/a | GPU 2.1/8.5GB | gtok=422723584
[2026-08-26 15:32:00]   [1] 25825 loss=3.8207 ppl=45.6 lr=2.09e-05 | 4289 tok/s (avg 4366) ETA n/a | GPU 2.1/8.5GB | gtok=423133184
[2026-08-26 15:33:38]   [1] 25850 loss=3.7349 ppl=41.9 lr=2.07e-05 | 4157 tok/s (avg 4366) ETA n/a | GPU 2.1/8.5GB | gtok=423542784
[2026-08-26 15:35:13]   [1] 25875 loss=3.7853 ppl=44.1 lr=2.05e-05 | 4322 tok/s (avg 4366) ETA n/a | GPU 2.1/8.5GB | gtok=423952384
[2026-08-26 15:36:46]   [1] 25900 loss=3.9641 ppl=52.7 lr=2.03e-05 | 4389 tok/s (avg 4366) ETA n/a | GPU 2.1/8.5GB | gtok=424361984
[2026-08-26 15:38:19]   [1] 25925 loss=3.9333 ppl=51.1 lr=2.01e-05 | 4403 tok/s (avg 4366) ETA n/a | GPU 2.1/8.5GB | gtok=424771584
[2026-08-26 15:39:52]   [1] 25950 loss=4.0188 ppl=55.6 lr=1.99e-05 | 4404 tok/s (avg 4366) ETA n/a | GPU 2.1/8.5GB | gtok=425181184
[2026-08-26 15:41:25]   [1] 25975 loss=3.8522 ppl=47.1 lr=1.97e-05 | 4426 tok/s (avg 4366) ETA n/a | GPU 2.1/8.5GB | gtok=425590784
[2026-08-26 15:42:57]   [1] 26000 loss=3.8141 ppl=45.3 lr=1.96e-05 | 4426 tok/s (avg 4366) ETA n/a | GPU 2.1/8.5GB | gtok=426000384
[2026-08-26 15:44:30]   [1] 26025 loss=3.2991 ppl=27.1 lr=1.94e-05 | 4409 tok/s (avg 4366) ETA n/a | GPU 2.1/8.5GB | gtok=426409984
[2026-08-26 15:46:03]   [1] 26050 loss=3.9091 ppl=49.9 lr=1.92e-05 | 4414 tok/s (avg 4366) ETA n/a | GPU 2.1/8.5GB | gtok=426819584
[2026-08-26 15:47:35]   [1] 26075 loss=4.0122 ppl=55.3 lr=1.90e-05 | 4429 tok/s (avg 4366) ETA n/a | GPU 2.1/8.5GB | gtok=427229184
[2026-08-26 15:49:08]   [1] 26100 loss=4.0299 ppl=56.3 lr=1.88e-05 | 4403 tok/s (avg 4366) ETA n/a | GPU 2.1/8.5GB | gtok=427638784
[2026-08-26 15:50:41]   [1] 26125 loss=4.0345 ppl=56.5 lr=1.86e-05 | 4427 tok/s (avg 4366) ETA n/a | GPU 2.1/8.5GB | gtok=428048384
[2026-08-26 15:52:14]   [1] 26150 loss=3.9976 ppl=54.5 lr=1.84e-05 | 4428 tok/s (avg 4366) ETA n/a | GPU 2.1/8.5GB | gtok=428457984
[2026-08-26 15:53:51]   [1] 26175 loss=3.9549 ppl=52.2 lr=1.82e-05 | 4183 tok/s (avg 4366) ETA n/a | GPU 2.1/8.5GB | gtok=428867584
[2026-08-26 15:55:25]   [1] 26200 loss=3.1500 ppl=23.3 lr=1.81e-05 | 4370 tok/s (avg 4366) ETA n/a | GPU 2.1/8.5GB | gtok=429277184
[2026-08-26 15:56:58]   [1] 26225 loss=3.9645 ppl=52.7 lr=1.79e-05 | 4410 tok/s (avg 4366) ETA n/a | GPU 2.1/8.5GB | gtok=429686784
[2026-08-26 15:58:31]   [1] 26250 loss=3.7789 ppl=43.8 lr=1.77e-05 | 4407 tok/s (avg 4366) ETA n/a | GPU 2.1/8.5GB | gtok=430096384
[2026-08-26 16:00:04]   [1] 26275 loss=3.7890 ppl=44.2 lr=1.75e-05 | 4410 tok/s (avg 4366) ETA n/a | GPU 2.1/8.5GB | gtok=430505984
[2026-08-26 16:01:38]   [1] 26300 loss=4.0518 ppl=57.5 lr=1.73e-05 | 4349 tok/s (avg 4366) ETA n/a | GPU 2.1/8.5GB | gtok=430915584
[2026-08-26 16:03:15]   [1] 26325 loss=4.0039 ppl=54.8 lr=1.72e-05 | 4242 tok/s (avg 4366) ETA n/a | GPU 2.1/8.5GB | gtok=431325184
[2026-08-26 16:04:49]   [1] 26350 loss=4.0160 ppl=55.5 lr=1.70e-05 | 4359 tok/s (avg 4366) ETA n/a | GPU 2.1/8.5GB | gtok=431734784
[2026-08-26 16:06:23]   [1] 26375 loss=3.7175 ppl=41.2 lr=1.68e-05 | 4345 tok/s (avg 4366) ETA n/a | GPU 2.1/8.5GB | gtok=432144384
[2026-08-26 16:07:56]   [1] 26400 loss=3.8285 ppl=46.0 lr=1.66e-05 | 4376 tok/s (avg 4366) ETA n/a | GPU 2.1/8.5GB | gtok=432553984
[2026-08-26 16:09:31]   [1] 26425 loss=3.8541 ppl=47.2 lr=1.64e-05 | 4335 tok/s (avg 4366) ETA n/a | GPU 2.1/8.5GB | gtok=432963584
[2026-08-26 16:11:06]   [1] 26450 loss=3.7902 ppl=44.3 lr=1.63e-05 | 4312 tok/s (avg 4366) ETA n/a | GPU 2.1/8.5GB | gtok=433373184
[2026-08-26 16:12:43]   [1] 26475 loss=3.9007 ppl=49.4 lr=1.61e-05 | 4225 tok/s (avg 4366) ETA n/a | GPU 2.1/8.5GB | gtok=433782784
[2026-08-26 16:14:17]   [1] 26500 loss=3.8851 ppl=48.7 lr=1.59e-05 | 4361 tok/s (avg 4366) ETA n/a | GPU 2.1/8.5GB | gtok=434192384
[2026-08-26 16:15:52]   [1] 26525 loss=3.7919 ppl=44.3 lr=1.57e-05 | 4310 tok/s (avg 4366) ETA n/a | GPU 2.1/8.5GB | gtok=434601984
[2026-08-26 16:17:26]   [1] 26550 loss=3.9479 ppl=51.8 lr=1.56e-05 | 4352 tok/s (avg 4366) ETA n/a | GPU 2.1/8.5GB | gtok=435011584
[2026-08-26 16:19:00]   [1] 26575 loss=3.7856 ppl=44.1 lr=1.54e-05 | 4367 tok/s (avg 4366) ETA n/a | GPU 2.1/8.5GB | gtok=435421184
[2026-08-26 16:20:33]   [1] 26600 loss=3.7184 ppl=41.2 lr=1.52e-05 | 4385 tok/s (avg 4366) ETA n/a | GPU 2.1/8.5GB | gtok=435830784
[2026-08-26 16:22:07]   [1] 26625 loss=3.9463 ppl=51.7 lr=1.51e-05 | 4381 tok/s (avg 4366) ETA n/a | GPU 2.1/8.5GB | gtok=436240384
[2026-08-26 16:23:41]   [1] 26650 loss=4.0863 ppl=59.5 lr=1.49e-05 | 4360 tok/s (avg 4366) ETA n/a | GPU 2.1/8.5GB | gtok=436649984
[2026-08-26 16:25:15]   [1] 26675 loss=3.8142 ppl=45.3 lr=1.47e-05 | 4344 tok/s (avg 4366) ETA n/a | GPU 2.1/8.5GB | gtok=437059584
[2026-08-26 16:26:51]   [1] 26700 loss=3.6748 ppl=39.4 lr=1.46e-05 | 4281 tok/s (avg 4365) ETA n/a | GPU 2.1/8.5GB | gtok=437469184
[2026-08-26 16:28:25]   [1] 26725 loss=3.8187 ppl=45.5 lr=1.44e-05 | 4326 tok/s (avg 4365) ETA n/a | GPU 2.1/8.5GB | gtok=437878784
[2026-08-26 16:29:59]   [1] 26750 loss=3.7400 ppl=42.1 lr=1.42e-05 | 4364 tok/s (avg 4365) ETA n/a | GPU 2.1/8.5GB | gtok=438288384
[2026-08-26 16:31:37]   [1] 26775 loss=3.8107 ppl=45.2 lr=1.41e-05 | 4164 tok/s (avg 4365) ETA n/a | GPU 2.1/8.5GB | gtok=438697984
[2026-08-26 16:33:16]   [1] 26800 loss=3.6437 ppl=38.2 lr=1.39e-05 | 4141 tok/s (avg 4365) ETA n/a | GPU 2.1/8.5GB | gtok=439107584
[2026-08-26 16:34:56]   [1] 26825 loss=3.9857 ppl=53.8 lr=1.37e-05 | 4129 tok/s (avg 4365) ETA n/a | GPU 2.1/8.5GB | gtok=439517184
[2026-08-26 16:36:32]   [1] 26850 loss=3.9635 ppl=52.6 lr=1.36e-05 | 4243 tok/s (avg 4365) ETA n/a | GPU 2.1/8.5GB | gtok=439926784
[2026-08-26 16:38:09]   [1] 26875 loss=3.8687 ppl=47.9 lr=1.34e-05 | 4219 tok/s (avg 4365) ETA n/a | GPU 2.1/8.5GB | gtok=440336384
[2026-08-26 16:39:50]   [1] 26900 loss=3.5112 ppl=33.5 lr=1.33e-05 | 4054 tok/s (avg 4364) ETA n/a | GPU 2.1/8.5GB | gtok=440745984
[2026-08-26 16:41:31]   [1] 26925 loss=3.6902 ppl=40.1 lr=1.31e-05 | 4054 tok/s (avg 4364) ETA n/a | GPU 2.1/8.5GB | gtok=441155584
[2026-08-26 16:43:13]   [1] 26950 loss=3.9457 ppl=51.7 lr=1.29e-05 | 4036 tok/s (avg 4364) ETA n/a | GPU 2.1/8.5GB | gtok=441565184
[2026-08-26 16:44:55]   [1] 26975 loss=3.9007 ppl=49.4 lr=1.28e-05 | 3995 tok/s (avg 4363) ETA n/a | GPU 2.1/8.5GB | gtok=441974784
[2026-08-26 16:46:37]   [1] 27000 loss=4.0193 ppl=55.7 lr=1.26e-05 | 4016 tok/s (avg 4363) ETA n/a | GPU 2.1/8.5GB | gtok=442384384
[2026-08-26 16:48:17]   [1] 27025 loss=4.0903 ppl=59.8 lr=1.25e-05 | 4087 tok/s (avg 4363) ETA n/a | GPU 2.1/8.5GB | gtok=442793984
[2026-08-26 16:49:56]   [1] 27050 loss=3.9774 ppl=53.4 lr=1.23e-05 | 4144 tok/s (avg 4362) ETA n/a | GPU 2.1/8.5GB | gtok=443203584
[2026-08-26 16:51:29]   [1] 27075 loss=4.0085 ppl=55.1 lr=1.22e-05 | 4405 tok/s (avg 4362) ETA n/a | GPU 2.1/8.5GB | gtok=443613184
[2026-08-26 16:53:02]   [1] 27100 loss=3.7793 ppl=43.8 lr=1.20e-05 | 4400 tok/s (avg 4362) ETA n/a | GPU 2.1/8.5GB | gtok=444022784
[2026-08-26 16:54:35]   [1] 27125 loss=3.5397 ppl=34.5 lr=1.19e-05 | 4403 tok/s (avg 4362) ETA n/a | GPU 2.1/8.5GB | gtok=444432384
[2026-08-26 16:56:08]   [1] 27150 loss=4.0142 ppl=55.4 lr=1.17e-05 | 4405 tok/s (avg 4363) ETA n/a | GPU 2.1/8.5GB | gtok=444841984
[2026-08-26 16:57:41]   [1] 27175 loss=3.2928 ppl=26.9 lr=1.16e-05 | 4407 tok/s (avg 4363) ETA n/a | GPU 2.1/8.5GB | gtok=445251584
[2026-08-26 16:59:15]   [1] 27200 loss=4.0853 ppl=59.5 lr=1.14e-05 | 4386 tok/s (avg 4363) ETA n/a | GPU 2.1/8.5GB | gtok=445661184
[2026-08-26 17:00:48]   [1] 27225 loss=4.0057 ppl=54.9 lr=1.13e-05 | 4391 tok/s (avg 4363) ETA n/a | GPU 2.1/8.5GB | gtok=446070784
[2026-08-26 17:02:24]   [1] 27250 loss=3.6432 ppl=38.2 lr=1.11e-05 | 4287 tok/s (avg 4363) ETA n/a | GPU 2.1/8.5GB | gtok=446480384
[2026-08-26 17:03:58]   [1] 27275 loss=4.1056 ppl=60.7 lr=1.10e-05 | 4359 tok/s (avg 4363) ETA n/a | GPU 2.1/8.5GB | gtok=446889984
[2026-08-26 17:05:36]   [1] 27300 loss=3.8203 ppl=45.6 lr=1.08e-05 | 4176 tok/s (avg 4362) ETA n/a | GPU 2.1/8.5GB | gtok=447299584
[2026-08-26 17:07:16]   [1] 27325 loss=3.9510 ppl=52.0 lr=1.07e-05 | 4067 tok/s (avg 4362) ETA n/a | GPU 2.1/8.5GB | gtok=447709184
[2026-08-26 17:08:56]   [1] 27350 loss=3.7090 ppl=40.8 lr=1.06e-05 | 4128 tok/s (avg 4362) ETA n/a | GPU 2.1/8.5GB | gtok=448118784
[2026-08-26 17:10:30]   [1] 27375 loss=3.5621 ppl=35.2 lr=1.04e-05 | 4320 tok/s (avg 4362) ETA n/a | GPU 2.1/8.5GB | gtok=448528384
[2026-08-26 17:12:11]   [1] 27400 loss=3.9632 ppl=52.6 lr=1.03e-05 | 4079 tok/s (avg 4362) ETA n/a | GPU 2.1/8.5GB | gtok=448937984
[2026-08-26 17:13:53]   [1] 27425 loss=3.8645 ppl=47.7 lr=1.01e-05 | 4024 tok/s (avg 4361) ETA n/a | GPU 2.1/8.5GB | gtok=449347584
[2026-08-26 17:15:34]   [1] 27450 loss=3.5125 ppl=33.5 lr=9.99e-06 | 4050 tok/s (avg 4361) ETA n/a | GPU 2.1/8.5GB | gtok=449757184
[2026-08-26 17:17:15]   [1] 27475 loss=3.5297 ppl=34.1 lr=9.86e-06 | 4048 tok/s (avg 4361) ETA n/a | GPU 2.1/8.5GB | gtok=450166784
[2026-08-26 17:18:56]   [1] 27500 loss=3.8009 ppl=44.7 lr=9.72e-06 | 4052 tok/s (avg 4360) ETA n/a | GPU 2.1/8.5GB | gtok=450576384
[2026-08-26 17:20:36]   [1] 27525 loss=3.5168 ppl=33.7 lr=9.58e-06 | 4077 tok/s (avg 4360) ETA n/a | GPU 2.1/8.5GB | gtok=450985984
[2026-08-26 17:22:17]   [1] 27550 loss=3.9243 ppl=50.6 lr=9.45e-06 | 4088 tok/s (avg 4360) ETA n/a | GPU 2.1/8.5GB | gtok=451395584
[2026-08-26 17:23:56]   [1] 27575 loss=3.9606 ppl=52.5 lr=9.31e-06 | 4126 tok/s (avg 4360) ETA n/a | GPU 2.1/8.5GB | gtok=451805184
[2026-08-26 17:25:36]   [1] 27600 loss=3.4091 ppl=30.2 lr=9.18e-06 | 4088 tok/s (avg 4359) ETA n/a | GPU 2.1/8.5GB | gtok=452214784
[2026-08-26 17:27:15]   [1] 27625 loss=3.7481 ppl=42.4 lr=9.05e-06 | 4142 tok/s (avg 4359) ETA n/a | GPU 2.1/8.5GB | gtok=452624384
[2026-08-26 17:28:56]   [1] 27650 loss=3.8988 ppl=49.3 lr=8.92e-06 | 4071 tok/s (avg 4359) ETA n/a | GPU 2.1/8.5GB | gtok=453033984
[2026-08-26 17:30:34]   [1] 27675 loss=3.6344 ppl=37.9 lr=8.79e-06 | 4176 tok/s (avg 4359) ETA n/a | GPU 2.1/8.5GB | gtok=453443584
[2026-08-26 17:32:12]   [1] 27700 loss=3.7199 ppl=41.3 lr=8.66e-06 | 4164 tok/s (avg 4358) ETA n/a | GPU 2.1/8.5GB | gtok=453853184
[2026-08-26 17:33:52]   [1] 27725 loss=3.8124 ppl=45.3 lr=8.53e-06 | 4117 tok/s (avg 4358) ETA n/a | GPU 2.1/8.5GB | gtok=454262784
[2026-08-26 17:35:25]   [1] 27750 loss=3.6410 ppl=38.1 lr=8.40e-06 | 4395 tok/s (avg 4358) ETA n/a | GPU 2.1/8.5GB | gtok=454672384
[2026-08-26 17:36:59]   [1] 27775 loss=4.0093 ppl=55.1 lr=8.27e-06 | 4329 tok/s (avg 4358) ETA n/a | GPU 2.1/8.5GB | gtok=455081984
[2026-08-26 17:38:38]   [1] 27800 loss=3.7926 ppl=44.4 lr=8.15e-06 | 4167 tok/s (avg 4358) ETA n/a | GPU 2.1/8.5GB | gtok=455491584
[2026-08-26 17:40:17]   [1] 27825 loss=3.9822 ppl=53.6 lr=8.02e-06 | 4135 tok/s (avg 4358) ETA n/a | GPU 2.1/8.5GB | gtok=455901184
[2026-08-26 17:41:55]   [1] 27850 loss=3.9485 ppl=51.9 lr=7.90e-06 | 4177 tok/s (avg 4358) ETA n/a | GPU 2.1/8.5GB | gtok=456310784
[2026-08-26 17:43:36]   [1] 27875 loss=3.9930 ppl=54.2 lr=7.77e-06 | 4048 tok/s (avg 4357) ETA n/a | GPU 2.1/8.5GB | gtok=456720384
[2026-08-26 17:45:17]   [1] 27900 loss=3.9559 ppl=52.2 lr=7.65e-06 | 4076 tok/s (avg 4357) ETA n/a | GPU 2.1/8.5GB | gtok=457129984
[2026-08-26 17:46:57]   [1] 27925 loss=3.4772 ppl=32.4 lr=7.53e-06 | 4081 tok/s (avg 4357) ETA n/a | GPU 2.1/8.5GB | gtok=457539584
[2026-08-26 17:48:37]   [1] 27950 loss=4.2459 ppl=69.8 lr=7.41e-06 | 4091 tok/s (avg 4357) ETA n/a | GPU 2.1/8.5GB | gtok=457949184
[2026-08-26 17:50:14]   [1] 27975 loss=4.0760 ppl=58.9 lr=7.29e-06 | 4226 tok/s (avg 4356) ETA n/a | GPU 2.1/8.5GB | gtok=458358784
[2026-08-26 17:51:46]   [1] 28000 loss=3.7923 ppl=44.4 lr=7.17e-06 | 4427 tok/s (avg 4356) ETA n/a | GPU 2.1/8.5GB | gtok=458768384
[2026-08-26 17:53:20]   [1] 28025 loss=3.9460 ppl=51.7 lr=7.05e-06 | 4399 tok/s (avg 4357) ETA n/a | GPU 2.1/8.5GB | gtok=459177984
[2026-08-26 17:54:56]   [1] 28050 loss=3.9688 ppl=52.9 lr=6.94e-06 | 4227 tok/s (avg 4356) ETA n/a | GPU 2.1/8.5GB | gtok=459587584
[2026-08-26 17:56:32]   [1] 28075 loss=4.0939 ppl=60.0 lr=6.82e-06 | 4289 tok/s (avg 4356) ETA n/a | GPU 2.1/8.5GB | gtok=459997184
[2026-08-26 17:58:08]   [1] 28100 loss=3.9778 ppl=53.4 lr=6.71e-06 | 4258 tok/s (avg 4356) ETA n/a | GPU 2.1/8.5GB | gtok=460406784
[2026-08-26 17:59:43]   [1] 28125 loss=3.9029 ppl=49.5 lr=6.59e-06 | 4318 tok/s (avg 4356) ETA n/a | GPU 2.1/8.5GB | gtok=460816384
[2026-08-26 18:01:16]   [1] 28150 loss=4.1894 ppl=66.0 lr=6.48e-06 | 4401 tok/s (avg 4356) ETA n/a | GPU 2.1/8.5GB | gtok=461225984
[2026-08-26 18:02:49]   [1] 28175 loss=4.0527 ppl=57.6 lr=6.37e-06 | 4395 tok/s (avg 4356) ETA n/a | GPU 2.1/8.5GB | gtok=461635584
[2026-08-26 18:04:22]   [1] 28200 loss=4.1192 ppl=61.5 lr=6.26e-06 | 4396 tok/s (avg 4356) ETA n/a | GPU 2.1/8.5GB | gtok=462045184
[2026-08-26 18:05:56]   [1] 28225 loss=3.9079 ppl=49.8 lr=6.15e-06 | 4402 tok/s (avg 4356) ETA n/a | GPU 2.1/8.5GB | gtok=462454784
[2026-08-26 18:07:29]   [1] 28250 loss=3.4221 ppl=30.6 lr=6.04e-06 | 4402 tok/s (avg 4356) ETA n/a | GPU 2.1/8.5GB | gtok=462864384
[2026-08-26 18:09:02]   [1] 28275 loss=3.7581 ppl=42.9 lr=5.93e-06 | 4377 tok/s (avg 4356) ETA n/a | GPU 2.1/8.5GB | gtok=463273984
[2026-08-26 18:10:36]   [1] 28300 loss=3.9989 ppl=54.5 lr=5.83e-06 | 4367 tok/s (avg 4356) ETA n/a | GPU 2.1/8.5GB | gtok=463683584
[2026-08-26 18:12:16]   [1] 28325 loss=3.6771 ppl=39.5 lr=5.72e-06 | 4096 tok/s (avg 4356) ETA n/a | GPU 2.1/8.5GB | gtok=464093184
[2026-08-26 18:13:57]   [1] 28350 loss=3.9534 ppl=52.1 lr=5.61e-06 | 4051 tok/s (avg 4356) ETA n/a | GPU 2.1/8.5GB | gtok=464502784
[2026-08-26 18:15:37]   [1] 28375 loss=3.8586 ppl=47.4 lr=5.51e-06 | 4096 tok/s (avg 4356) ETA n/a | GPU 2.1/8.5GB | gtok=464912384
[2026-08-26 18:17:18]   [1] 28400 loss=3.6508 ppl=38.5 lr=5.41e-06 | 4066 tok/s (avg 4355) ETA n/a | GPU 2.1/8.5GB | gtok=465321984
[2026-08-26 18:18:52]   [1] 28425 loss=3.7363 ppl=41.9 lr=5.30e-06 | 4344 tok/s (avg 4355) ETA n/a | GPU 2.1/8.5GB | gtok=465731584
[2026-08-26 18:20:30]   [1] 28450 loss=4.0093 ppl=55.1 lr=5.20e-06 | 4200 tok/s (avg 4355) ETA n/a | GPU 2.1/8.5GB | gtok=466141184
[2026-08-26 18:22:05]   [1] 28475 loss=4.1163 ppl=61.3 lr=5.10e-06 | 4287 tok/s (avg 4355) ETA n/a | GPU 2.1/8.5GB | gtok=466550784
[2026-08-26 18:23:40]   [1] 28500 loss=3.9141 ppl=50.1 lr=5.00e-06 | 4320 tok/s (avg 4355) ETA n/a | GPU 2.1/8.5GB | gtok=466960384
[2026-08-26 18:25:19]   [1] 28525 loss=3.8582 ppl=47.4 lr=4.91e-06 | 4117 tok/s (avg 4355) ETA n/a | GPU 2.1/8.5GB | gtok=467369984
[2026-08-26 18:26:59]   [1] 28550 loss=3.5891 ppl=36.2 lr=4.81e-06 | 4128 tok/s (avg 4355) ETA n/a | GPU 2.1/8.5GB | gtok=467779584
[2026-08-26 18:28:40]   [1] 28575 loss=4.0010 ppl=54.7 lr=4.71e-06 | 4054 tok/s (avg 4354) ETA n/a | GPU 2.1/8.5GB | gtok=468189184
[2026-08-26 18:30:20]   [1] 28600 loss=3.4967 ppl=33.0 lr=4.62e-06 | 4075 tok/s (avg 4354) ETA n/a | GPU 2.1/8.5GB | gtok=468598784
[2026-08-26 18:32:00]   [1] 28625 loss=3.9864 ppl=53.9 lr=4.52e-06 | 4108 tok/s (avg 4354) ETA n/a | GPU 2.1/8.5GB | gtok=469008384
[2026-08-26 18:33:41]   [1] 28650 loss=3.8429 ppl=46.7 lr=4.43e-06 | 4067 tok/s (avg 4354) ETA n/a | GPU 2.1/8.5GB | gtok=469417984
[2026-08-26 18:35:21]   [1] 28675 loss=3.9294 ppl=50.9 lr=4.33e-06 | 4100 tok/s (avg 4353) ETA n/a | GPU 2.1/8.5GB | gtok=469827584
[2026-08-26 18:37:00]   [1] 28700 loss=3.6335 ppl=37.8 lr=4.24e-06 | 4120 tok/s (avg 4353) ETA n/a | GPU 2.1/8.5GB | gtok=470237184
[2026-08-26 18:38:39]   [1] 28725 loss=3.8384 ppl=46.5 lr=4.15e-06 | 4130 tok/s (avg 4353) ETA n/a | GPU 2.1/8.5GB | gtok=470646784
[2026-08-26 18:40:19]   [1] 28750 loss=3.5734 ppl=35.6 lr=4.06e-06 | 4092 tok/s (avg 4353) ETA n/a | GPU 2.1/8.5GB | gtok=471056384
[2026-08-26 18:41:58]   [1] 28775 loss=3.6146 ppl=37.1 lr=3.97e-06 | 4152 tok/s (avg 4353) ETA n/a | GPU 2.1/8.5GB | gtok=471465984
[2026-08-26 18:43:37]   [1] 28800 loss=3.4594 ppl=31.8 lr=3.89e-06 | 4112 tok/s (avg 4352) ETA n/a | GPU 2.1/8.5GB | gtok=471875584
[2026-08-26 18:45:13]   [1] 28825 loss=3.5922 ppl=36.3 lr=3.80e-06 | 4303 tok/s (avg 4352) ETA n/a | GPU 2.1/8.5GB | gtok=472285184
[2026-08-26 18:46:47]   [1] 28850 loss=4.0926 ppl=59.9 lr=3.71e-06 | 4325 tok/s (avg 4352) ETA n/a | GPU 2.1/8.5GB | gtok=472694784
[2026-08-26 18:48:24]   [1] 28875 loss=3.9031 ppl=49.6 lr=3.63e-06 | 4257 tok/s (avg 4352) ETA n/a | GPU 2.1/8.5GB | gtok=473104384
[2026-08-26 18:50:03]   [1] 28900 loss=3.9480 ppl=51.8 lr=3.54e-06 | 4126 tok/s (avg 4352) ETA n/a | GPU 2.1/8.5GB | gtok=473513984
[2026-08-26 18:51:44]   [1] 28925 loss=3.7912 ppl=44.3 lr=3.46e-06 | 4050 tok/s (avg 4352) ETA n/a | GPU 2.1/8.5GB | gtok=473923584
[2026-08-26 18:53:24]   [1] 28950 loss=3.9431 ppl=51.6 lr=3.38e-06 | 4101 tok/s (avg 4352) ETA n/a | GPU 2.1/8.5GB | gtok=474333184
[2026-08-26 18:55:04]   [1] 28975 loss=3.7296 ppl=41.7 lr=3.30e-06 | 4100 tok/s (avg 4351) ETA n/a | GPU 2.1/8.5GB | gtok=474742784
[2026-08-26 18:56:39]   [1] 29000 loss=3.8985 ppl=49.3 lr=3.22e-06 | 4309 tok/s (avg 4351) ETA n/a | GPU 2.1/8.5GB | gtok=475152384
[2026-08-26 18:58:14]   [1] 29025 loss=3.8993 ppl=49.4 lr=3.14e-06 | 4286 tok/s (avg 4351) ETA n/a | GPU 2.1/8.5GB | gtok=475561984
[2026-08-26 18:59:50]   [1] 29050 loss=3.5514 ppl=34.9 lr=3.06e-06 | 4293 tok/s (avg 4351) ETA n/a | GPU 2.1/8.5GB | gtok=475971584
[2026-08-26 19:01:29]   [1] 29075 loss=3.7866 ppl=44.1 lr=2.98e-06 | 4126 tok/s (avg 4351) ETA n/a | GPU 2.1/8.5GB | gtok=476381184
[2026-08-26 19:03:07]   [1] 29100 loss=3.6494 ppl=38.5 lr=2.91e-06 | 4194 tok/s (avg 4351) ETA n/a | GPU 2.1/8.5GB | gtok=476790784
[2026-08-26 19:04:41]   [1] 29125 loss=3.7065 ppl=40.7 lr=2.83e-06 | 4333 tok/s (avg 4351) ETA n/a | GPU 2.1/8.5GB | gtok=477200384
[2026-08-26 19:06:14]   [1] 29150 loss=3.5916 ppl=36.3 lr=2.76e-06 | 4437 tok/s (avg 4351) ETA n/a | GPU 2.1/8.5GB | gtok=477609984
[2026-08-26 19:07:46]   [1] 29175 loss=3.8630 ppl=47.6 lr=2.69e-06 | 4412 tok/s (avg 4351) ETA n/a | GPU 2.1/8.5GB | gtok=478019584
[2026-08-26 19:09:20]   [1] 29200 loss=3.6342 ppl=37.9 lr=2.61e-06 | 4375 tok/s (avg 4351) ETA n/a | GPU 2.1/8.5GB | gtok=478429184
[2026-08-26 19:10:53]   [1] 29225 loss=3.8529 ppl=47.1 lr=2.54e-06 | 4419 tok/s (avg 4351) ETA n/a | GPU 2.1/8.5GB | gtok=478838784
[2026-08-26 19:12:25]   [1] 29250 loss=3.9602 ppl=52.5 lr=2.47e-06 | 4426 tok/s (avg 4351) ETA n/a | GPU 2.1/8.5GB | gtok=479248384
[2026-08-26 19:14:01]   [1] 29275 loss=4.0083 ppl=55.1 lr=2.40e-06 | 4289 tok/s (avg 4351) ETA n/a | GPU 2.1/8.5GB | gtok=479657984
[2026-08-26 19:16:23]   [1] 29300 loss=3.9786 ppl=53.4 lr=2.33e-06 | 2873 tok/s (avg 4349) ETA n/a | GPU 2.1/8.5GB | gtok=480067584
[2026-08-26 19:19:30]   [1] 29325 loss=3.8179 ppl=45.5 lr=2.27e-06 | 2197 tok/s (avg 4345) ETA n/a | GPU 2.1/8.5GB | gtok=480477184
[2026-08-26 19:22:15]   [1] 29350 loss=3.8679 ppl=47.8 lr=2.20e-06 | 2486 tok/s (avg 4343) ETA n/a | GPU 2.1/8.5GB | gtok=480886784
[2026-08-26 19:23:52]   [1] 29375 loss=4.1207 ppl=61.6 lr=2.14e-06 | 4207 tok/s (avg 4343) ETA n/a | GPU 2.1/8.5GB | gtok=481296384
[2026-08-26 19:25:25]   [1] 29400 loss=3.9575 ppl=52.3 lr=2.07e-06 | 4401 tok/s (avg 4343) ETA n/a | GPU 2.1/8.5GB | gtok=481705984
[2026-08-26 19:26:59]   [1] 29425 loss=3.9167 ppl=50.2 lr=2.01e-06 | 4349 tok/s (avg 4343) ETA n/a | GPU 2.1/8.5GB | gtok=482115584
[2026-08-26 19:28:37]   [1] 29450 loss=3.8210 ppl=45.7 lr=1.95e-06 | 4195 tok/s (avg 4342) ETA n/a | GPU 2.1/8.5GB | gtok=482525184
[2026-08-26 19:30:13]   [1] 29475 loss=3.8887 ppl=48.8 lr=1.88e-06 | 4255 tok/s (avg 4342) ETA n/a | GPU 2.1/8.5GB | gtok=482934784
[2026-08-26 19:31:49]   [1] 29500 loss=3.6684 ppl=39.2 lr=1.82e-06 | 4281 tok/s (avg 4342) ETA n/a | GPU 2.1/8.5GB | gtok=483344384
[2026-08-26 19:33:27]   [1] 29525 loss=3.9743 ppl=53.2 lr=1.76e-06 | 4171 tok/s (avg 4342) ETA n/a | GPU 2.1/8.5GB | gtok=483753984
[2026-08-26 19:35:05]   [1] 29550 loss=3.8499 ppl=47.0 lr=1.70e-06 | 4192 tok/s (avg 4342) ETA n/a | GPU 2.1/8.5GB | gtok=484163584
[2026-08-26 19:36:42]   [1] 29575 loss=4.0140 ppl=55.4 lr=1.65e-06 | 4213 tok/s (avg 4342) ETA n/a | GPU 2.1/8.5GB | gtok=484573184
[2026-08-26 19:38:17]   [1] 29600 loss=3.6574 ppl=38.8 lr=1.59e-06 | 4327 tok/s (avg 4342) ETA n/a | GPU 2.1/8.5GB | gtok=484982784
[2026-08-26 19:39:49]   [1] 29625 loss=3.7302 ppl=41.7 lr=1.54e-06 | 4436 tok/s (avg 4342) ETA n/a | GPU 2.1/8.5GB | gtok=485392384
[2026-08-26 19:41:21]   [1] 29650 loss=3.8625 ppl=47.6 lr=1.48e-06 | 4436 tok/s (avg 4342) ETA n/a | GPU 2.1/8.5GB | gtok=485801984
[2026-08-26 19:42:54]   [1] 29675 loss=3.8656 ppl=47.7 lr=1.43e-06 | 4424 tok/s (avg 4342) ETA n/a | GPU 2.1/8.5GB | gtok=486211584
[2026-08-26 19:44:27]   [1] 29700 loss=3.8562 ppl=47.3 lr=1.37e-06 | 4420 tok/s (avg 4342) ETA n/a | GPU 2.1/8.5GB | gtok=486621184
[2026-08-26 19:45:59]   [1] 29725 loss=3.8150 ppl=45.4 lr=1.32e-06 | 4416 tok/s (avg 4342) ETA n/a | GPU 2.1/8.5GB | gtok=487030784
[2026-08-26 19:47:32]   [1] 29750 loss=3.7252 ppl=41.5 lr=1.27e-06 | 4408 tok/s (avg 4342) ETA n/a | GPU 2.1/8.5GB | gtok=487440384
[2026-08-26 19:49:05]   [1] 29775 loss=3.6994 ppl=40.4 lr=1.22e-06 | 4417 tok/s (avg 4342) ETA n/a | GPU 2.1/8.5GB | gtok=487849984
[2026-08-26 19:50:37]   [1] 29800 loss=3.7688 ppl=43.3 lr=1.17e-06 | 4465 tok/s (avg 4343) ETA n/a | GPU 2.1/8.5GB | gtok=488259584
[2026-08-26 19:52:08]   [1] 29825 loss=3.9611 ppl=52.5 lr=1.13e-06 | 4466 tok/s (avg 4343) ETA n/a | GPU 2.1/8.5GB | gtok=488669184
[2026-08-26 19:53:40]   [1] 29850 loss=3.9214 ppl=50.5 lr=1.08e-06 | 4483 tok/s (avg 4343) ETA n/a | GPU 2.1/8.5GB | gtok=489078784
[2026-08-26 19:55:12]   [1] 29875 loss=3.9524 ppl=52.1 lr=1.03e-06 | 4456 tok/s (avg 4343) ETA n/a | GPU 2.1/8.5GB | gtok=489488384
[2026-08-26 19:56:44]   [1] 29900 loss=3.9326 ppl=51.0 lr=9.89e-07 | 4455 tok/s (avg 4343) ETA n/a | GPU 2.1/8.5GB | gtok=489897984
[2026-08-26 19:58:16]   [1] 29925 loss=4.1041 ppl=60.6 lr=9.45e-07 | 4443 tok/s (avg 4343) ETA n/a | GPU 2.1/8.5GB | gtok=490307584
[2026-08-26 19:59:47]   [1] 29950 loss=3.7660 ppl=43.2 lr=9.02e-07 | 4471 tok/s (avg 4343) ETA n/a | GPU 2.1/8.5GB | gtok=490717184
[2026-08-26 20:01:19]   [1] 29975 loss=3.6906 ppl=40.1 lr=8.61e-07 | 4469 tok/s (avg 4343) ETA n/a | GPU 2.1/8.5GB | gtok=491126784
[2026-08-26 20:02:48] Saved checkpoint: checkpoints_v13/500m_v13_B_recall/latest.pt
[2026-08-26 20:02:48]   [checkpoint @ step 30000, 491,520,000 tok]
[2026-08-26 20:02:52]   [1] 30000 loss=3.4417 ppl=31.2 lr=8.20e-07 | 4423 tok/s (avg 4343) ETA n/a | GPU 2.1/8.5GB | gtok=491536384
[2026-08-26 20:02:55]   [mid-epoch sample @ batch 30000, 491,536,384 tok]
[2026-08-26 20:02:55]   Prompt: In 1923, the University of
[2026-08-26 20:02:55]   Generated: In 1923, the University of Chicago (SSA) began to focus on developing and analyzing scientific data.
[2026-08-26 20:02:55] “Our focus is not only on the design and application of statistical techniques, but also on how the data structure will be used in large-scale scientific study,” said Ringer. “We need to look at these data from a laboratory perspective. We need to compare them to that used by scientists.”
[2026-08-26 20:02:55] For instance, if you put a gene from a plant, you can put it into
[2026-08-26 20:04:27]   [1] 30025 loss=3.8856 ppl=48.7 lr=7.80e-07 | 4284 tok/s (avg 4343) ETA n/a | GPU 2.1/8.5GB | gtok=491945984
[2026-08-26 20:05:59]   [1] 30050 loss=3.9307 ppl=50.9 lr=7.41e-07 | 4474 tok/s (avg 4343) ETA n/a | GPU 2.1/8.5GB | gtok=492355584
[2026-08-26 20:07:31]   [1] 30075 loss=3.7132 ppl=41.0 lr=7.03e-07 | 4461 tok/s (avg 4343) ETA n/a | GPU 2.1/8.5GB | gtok=492765184
[2026-08-26 20:09:02]   [1] 30100 loss=3.9222 ppl=50.5 lr=6.66e-07 | 4469 tok/s (avg 4344) ETA n/a | GPU 2.1/8.5GB | gtok=493174784
[2026-08-26 20:10:34]   [1] 30125 loss=3.8454 ppl=46.8 lr=6.31e-07 | 4466 tok/s (avg 4344) ETA n/a | GPU 2.1/8.5GB | gtok=493584384
[2026-08-26 20:12:06]   [1] 30150 loss=3.8807 ppl=48.5 lr=5.96e-07 | 4463 tok/s (avg 4344) ETA n/a | GPU 2.1/8.5GB | gtok=493993984
[2026-08-26 20:13:38]   [1] 30175 loss=3.9125 ppl=50.0 lr=5.62e-07 | 4464 tok/s (avg 4344) ETA n/a | GPU 2.1/8.5GB | gtok=494403584
[2026-08-26 20:15:09]   [1] 30200 loss=3.2708 ppl=26.3 lr=5.29e-07 | 4479 tok/s (avg 4344) ETA n/a | GPU 2.1/8.5GB | gtok=494813184
[2026-08-26 20:16:41]   [1] 30225 loss=4.0203 ppl=55.7 lr=4.97e-07 | 4464 tok/s (avg 4344) ETA n/a | GPU 2.1/8.5GB | gtok=495222784
[2026-08-26 20:18:12]   [1] 30250 loss=3.8859 ppl=48.7 lr=4.66e-07 | 4472 tok/s (avg 4344) ETA n/a | GPU 2.1/8.5GB | gtok=495632384
[2026-08-26 20:19:44]   [1] 30275 loss=4.1207 ppl=61.6 lr=4.36e-07 | 4481 tok/s (avg 4344) ETA n/a | GPU 2.1/8.5GB | gtok=496041984
[2026-08-26 20:21:15]   [1] 30300 loss=3.8139 ppl=45.3 lr=4.07e-07 | 4484 tok/s (avg 4344) ETA n/a | GPU 2.1/8.5GB | gtok=496451584
[2026-08-26 20:22:47]   [1] 30325 loss=3.4522 ppl=31.6 lr=3.79e-07 | 4472 tok/s (avg 4344) ETA n/a | GPU 2.1/8.5GB | gtok=496861184
[2026-08-26 20:24:18]   [1] 30350 loss=3.6904 ppl=40.1 lr=3.52e-07 | 4467 tok/s (avg 4345) ETA n/a | GPU 2.1/8.5GB | gtok=497270784
[2026-08-26 20:25:50]   [1] 30375 loss=3.4290 ppl=30.8 lr=3.26e-07 | 4472 tok/s (avg 4345) ETA n/a | GPU 2.1/8.5GB | gtok=497680384
[2026-08-26 20:27:22]   [1] 30400 loss=4.0131 ppl=55.3 lr=3.02e-07 | 4470 tok/s (avg 4345) ETA n/a | GPU 2.1/8.5GB | gtok=498089984
[2026-08-26 20:28:53]   [1] 30425 loss=3.8866 ppl=48.7 lr=2.78e-07 | 4460 tok/s (avg 4345) ETA n/a | GPU 2.1/8.5GB | gtok=498499584
[2026-08-26 20:30:25]   [1] 30450 loss=3.9567 ppl=52.3 lr=2.55e-07 | 4470 tok/s (avg 4345) ETA n/a | GPU 2.1/8.5GB | gtok=498909184
[2026-08-26 20:31:57]   [1] 30475 loss=3.8119 ppl=45.2 lr=2.33e-07 | 4473 tok/s (avg 4345) ETA n/a | GPU 2.1/8.5GB | gtok=499318784
[2026-08-26 20:33:29]   [1] 30500 loss=3.8669 ppl=47.8 lr=2.12e-07 | 4460 tok/s (avg 4345) ETA n/a | GPU 2.1/8.5GB | gtok=499728384
[2026-08-26 20:34:30]   Token budget reached: 500,000,768 / 500,000,000
[2026-08-26 20:34:49] Epoch 1/9999 | Train Loss: 4.1790 PPL: 65.30 | 4345 tok/s | Time: 115070.4s (500,000,768 tok) | Val Loss: 3.9112 PPL: 49.96 Acc: 0.341 | Wiki PPL: 128.76 *best*
[2026-08-26 20:34:50] Saved checkpoint: checkpoints_v13/500m_v13_B_recall/best_model.pt

[2026-08-26 20:34:50] Stopping: token budget 500,000,000 reached.
[2026-08-26 20:34:50] Saved checkpoint: checkpoints_v13/500m_v13_B_recall/final_model.pt

[2026-08-26 20:34:50] Training complete (token budget)!
[2026-08-26 20:34:50] Total wall time: 115090.5s (31.97h)
[2026-08-26 20:34:50] Best Val Loss: 3.9112, Best Val PPL: 49.96

[2026-08-26 20:34:51] Wall clock end: 2026-08-26 20:34:51
