{
  "test": "binding",
  "arch": "transformer",
  "result": {
    "arch": "transformer",
    "adapter_capacity": {
      "ns": [
        1,
        5,
        9,
        13,
        17,
        21,
        25,
        29,
        33,
        37,
        41,
        45,
        49,
        53,
        57,
        61,
        64
      ],
      "accuracy": [
        1.0,
        1.0,
        1.0,
        1.0,
        1.0,
        1.0,
        1.0,
        1.0,
        1.0,
        1.0,
        1.0,
        1.0,
        1.0,
        1.0,
        1.0,
        1.0,
        1.0
      ],
      "accuracy_at_n1": 1.0,
      "accuracy_at_n64": 1.0
    },
    "theory_1_sqrt_n": [
      1.0,
      0.4472135954999579,
      0.3333333333333333,
      0.2773500981126146,
      0.24253562503633297,
      0.2182178902359924,
      0.2,
      0.18569533817705186,
      0.17407765595569785,
      0.1643989873053573,
      0.15617376188860607,
      0.14907119849998599,
      0.14285714285714285,
      0.13736056394868904,
      0.13245323570650439,
      0.12803687993289598,
      0.125
    ],
    "d": 64,
    "trials": 5
  },
  "seed": 42
}